gene,r,p_adj
aten_0.1.m1.18643.m1,8,0.082841021
aten_0.1.m1.14149.m1,-1,1
aten_0.1.m1.14149.m1,-1,1
aten_0.1.m1.12467.m1,-4,1
aten_0.1.m1.16807.m1,1,1
aten_0.1.m1.14728.m1,10,0.714891027
aten_0.1.m1.14728.m1,10,0.714891027
aten_0.1.m1.21992.m1,0,1
aten_0.1.m1.13582.m1,0,1
aten_0.1.m1.13582.m1,0,1
aten_0.1.m1.827.m1,0,1
aten_0.1.m1.17960.m1,-17,0.170510191
aten_0.1.m1.17150.m1,-7,0.919324265
aten_0.1.m1.17150.m1,-7,0.919324265
aten_0.1.m1.8050.m1,0,1
aten_0.1.m1.8050.m1,0,1
aten_0.1.m1.4867.m1,-12,0.365974035
aten_0.1.m1.21866.m1,0,1
aten_0.1.m1.21866.m1,0,1
aten_0.1.m1.14307.m1,0,1
aten_0.1.m1.23346.m1,0,1
aten_0.1.m1.5316.m1,0,1
aten_0.1.m1.32730.m1,-4,1
aten_0.1.m1.28097.m1,0,1
aten_0.1.m1.16178.m1,0,1
aten_0.1.m1.5799.m1,0,1
aten_0.1.m1.5513.m1,1,1
aten_0.1.m1.5523.m1,1,1
aten_0.1.m1.13460.m1,0,1
aten_0.1.m1.9389.m1,0,1
aten_0.1.m1.28330.m1,0,1
aten_0.1.m1.32197.m1,7,0.823946746
aten_0.1.m1.13679.m1,6,0.225787622
aten_0.1.m1.13478.m1,0,1
aten_0.1.m1.31019.m1,0,1
aten_0.1.m1.3345.m1,0,1
aten_0.1.m1.3345.m1,0,1
aten_0.1.m1.33483.m1,-25,0.020620777
aten_0.1.m1.33483.m1,-25,0.020620777
aten_0.1.m1.7188.m1,2,1
aten_0.1.m1.15578.m1,0,1
aten_0.1.m1.15578.m1,0,1
aten_0.1.m1.31218.m1,-4,1
aten_0.1.m1.17811.m1,0,1
aten_0.1.m1.5847.m1,-3,1
aten_0.1.m1.306.m1,5,1
aten_0.1.m1.24241.m1,0,1
aten_0.1.m1.24263.m1,-3,1
aten_0.1.m1.20768.m1,0,1
aten_0.1.m1.20768.m1,0,1
aten_0.1.m1.24306.m1,0,1
aten_0.1.m1.15608.m1,0,1
aten_0.1.m1.12066.m1,0,1
aten_0.1.m1.12066.m1,0,1
aten_0.1.m1.6331.m1,5,1
aten_0.1.m1.31368.m1,-9,0.566425697
aten_0.1.m1.31368.m1,-9,0.566425697
aten_0.1.m1.16735.m1,7,0.779650108
aten_0.1.m1.28558.m1,13,0.205980253
aten_0.1.m1.755.m1,1,1
aten_0.1.m1.755.m1,1,1
aten_0.1.m1.20666.m1,-1,1
aten_0.1.m1.20666.m1,-1,1
aten_0.1.m1.3681.m1,0,1
aten_0.1.m1.10903.m1,0,1
aten_0.1.m1.8061.m1,0,1
aten_0.1.m1.1656.m1,-6,0.496714564
aten_0.1.m1.1656.m1,-6,0.496714564
aten_0.1.m1.20680.m1,-6,1
aten_0.1.m1.5436.m1,-1,1
aten_0.1.m1.8191.m1,0,1
aten_0.1.m1.8191.m1,0,1
aten_0.1.m1.4726.m1,-3,0.823946746
aten_0.1.m1.23247.m1,0,1
aten_0.1.m1.32379.m1,1,1
aten_0.1.m1.10682.m1,0,1
aten_0.1.m1.5225.m1,0,1
aten_0.1.m1.16587.m1,-1,1
aten_0.1.m1.16587.m1,-1,1
aten_0.1.m1.11335.m1,0,1
aten_0.1.m1.11335.m1,0,1
aten_0.1.m1.6744.m1,0,1
aten_0.1.m1.3155.m1,10,0.758267114
aten_0.1.m1.7293.m1,4,1
aten_0.1.m1.3080.m1,31,0.001498474
aten_0.1.m1.28594.m1,6,0.958489725
aten_0.1.m1.216.m1,1,1
aten_0.1.m1.216.m1,1,1
aten_0.1.m1.16307.m1,-3,0.823946746
aten_0.1.m1.3458.m1,-18,0.035757436
aten_0.1.m1.22177.m1,0,1
aten_0.1.m1.6518.m1,-1,1
aten_0.1.m1.6518.m1,-1,1
aten_0.1.m1.33725.m1,7,0.779650108
aten_0.1.m1.13006.m1,0,1
aten_0.1.m1.13958.m1,8,0.679571511
aten_0.1.m1.13958.m1,8,0.679571511
aten_0.1.m1.33125.m1,8,0.679571511
aten_0.1.m1.32483.m1,3,1
aten_0.1.m1.24742.m1,2,1
aten_0.1.m1.17386.m1,0,1
aten_0.1.m1.25244.m1,0,1
aten_0.1.m1.5477.m1,15,0.247263243
aten_0.1.m1.13283.m1,-12,0.046715106
aten_0.1.m1.21187.m1,5,0.993433057
aten_0.1.m1.14824.m1,1,1
aten_0.1.m1.14824.m1,1,1
aten_0.1.m1.20878.m1,2,1
aten_0.1.m1.18366.m1,-23,0.000261935
aten_0.1.m1.18366.m1,-23,0.000261935
aten_0.1.m1.18723.m1,15,0.149700079
aten_0.1.m1.17790.m1,-12,0.241683309
aten_0.1.m1.19613.m1,0,1
aten_0.1.m1.13164.m1,-12,0.013692594
aten_0.1.m1.13164.m1,-12,0.013692594
aten_0.1.m1.4305.m1,5,0.358799898
aten_0.1.m1.4305.m1,5,0.358799898
aten_0.1.m1.13654.m1,-1,1
aten_0.1.m1.9978.m1,-5,1
aten_0.1.m1.10056.m1,11,0.260297624
aten_0.1.m1.6294.m1,-10,0.317102795
aten_0.1.m1.6294.m1,-10,0.317102795
aten_0.1.m1.19609.m1,0,1
aten_0.1.m1.19609.m1,0,1
aten_0.1.m1.31146.m1,0,1
aten_0.1.m1.27498.m1,3,1
aten_0.1.m1.7529.m1,-10,0.111508339
aten_0.1.m1.15359.m1,0,1
aten_0.1.m1.14582.m1,-11,0.319154092
aten_0.1.m1.33946.m1,0,1
aten_0.1.m1.33946.m1,0,1
aten_0.1.m1.8435.m1,13,0.1474446
aten_0.1.m1.8435.m1,13,0.1474446
aten_0.1.m1.5052.m1,16,0.072067257
aten_0.1.m1.17259.m1,-9,0.831973842
aten_0.1.m1.31385.m1,3,1
aten_0.1.m1.31385.m1,3,1
aten_0.1.m1.12903.m1,3,1
aten_0.1.m1.12903.m1,3,1
aten_0.1.m1.5133.m1,-14,0.373776199
aten_0.1.m1.1415.m1,0,1
aten_0.1.m1.1415.m1,0,1
aten_0.1.m1.4010.m1,-1,1
aten_0.1.m1.20124.m1,24,0.024409781
aten_0.1.m1.3937.m1,0,1
aten_0.1.m1.5944.m1,-10,0.111508339
aten_0.1.m1.5944.m1,-10,0.111508339
aten_0.1.m1.6007.m1,0,1
aten_0.1.m1.1734.m1,15,0.050481614
aten_0.1.m1.1734.m1,15,0.050481614
aten_0.1.m1.25286.m1,0,1
aten_0.1.m1.3129.m1,0,1
aten_0.1.m1.26299.m1,-3,0.823946746
aten_0.1.m1.22407.m1,0,1
aten_0.1.m1.2126.m1,0,1
aten_0.1.m1.2126.m1,0,1
aten_0.1.m1.25817.m1,0,1
aten_0.1.m1.12059.m1,0,1
aten_0.1.m1.25675.m1,13,0.458998164
aten_0.1.m1.25675.m1,13,0.458998164
aten_0.1.m1.12597.m1,0,1
aten_0.1.m1.16841.m1,0,1
aten_0.1.m1.27857.m1,12,0.433008542
aten_0.1.m1.16692.m1,-8,0.525158778
aten_0.1.m1.32398.m1,0,1
aten_0.1.m1.14722.m1,12,0.403230613
aten_0.1.m1.20589.m1,0,1
aten_0.1.m1.1577.m1,0,1
aten_0.1.m1.13117.m1,-7,0.566425697
aten_0.1.m1.9977.m1,2,1
aten_0.1.m1.5659.m1,5,1
aten_0.1.m1.5919.m1,-11,0.407410228
aten_0.1.m1.5919.m1,-11,0.407410228
aten_0.1.m1.26481.m1,0,1
aten_0.1.m1.17893.m1,-4,1
aten_0.1.m1.12669.m1,-11,0.022231772
aten_0.1.m1.2223.m1,-13,0.458998164
aten_0.1.m1.21124.m1,0,1
aten_0.1.m1.2123.m1,9,0.507749831
aten_0.1.m1.2123.m1,9,0.507749831
aten_0.1.m1.25910.m1,0,1
aten_0.1.m1.19210.m1,1,1
aten_0.1.m1.25646.m1,0,1
aten_0.1.m1.4369.m1,11,0.478947113
aten_0.1.m1.20041.m1,-1,1
aten_0.1.m1.21985.m1,0,1
aten_0.1.m1.24170.m1,-4,1
aten_0.1.m1.2787.m1,0,1
aten_0.1.m1.2787.m1,0,1
aten_0.1.m1.2428.m1,0,1
aten_0.1.m1.16365.m1,-2,1
aten_0.1.m1.11829.m1,0,1
aten_0.1.m1.11829.m1,0,1
aten_0.1.m1.10652.m1,-3,0.823946746
aten_0.1.m1.10652.m1,-3,0.823946746
aten_0.1.m1.10657.m1,-3,0.823946746
aten_0.1.m1.3547.m1,6,0.784053738
aten_0.1.m1.19463.m1,0,1
aten_0.1.m1.23529.m1,-2,1
aten_0.1.m1.23529.m1,-2,1
aten_0.1.m1.2693.m1,10,0.030051604
aten_0.1.m1.2693.m1,10,0.030051604
aten_0.1.m1.757.m1,1,1
aten_0.1.m1.27489.m1,0,1
aten_0.1.m1.21342.m1,0,1
aten_0.1.m1.12434.m1,-3,1
aten_0.1.m1.9888.m1,0,1
aten_0.1.m1.12461.m1,-8,0.525158778
aten_0.1.m1.23115.m1,-10,0.111508339
aten_0.1.m1.12606.m1,-2,1
aten_0.1.m1.12606.m1,-2,1
aten_0.1.m1.22555.m1,-7,1
aten_0.1.m1.3232.m1,0,1
aten_0.1.m1.3232.m1,0,1
aten_0.1.m1.5479.m1,8,0.484738186
aten_0.1.m1.9670.m1,0,1
aten_0.1.m1.9670.m1,0,1
aten_0.1.m1.15800.m1,-1,1
aten_0.1.m1.10821.m1,13,0.458998164
aten_0.1.m1.10821.m1,13,0.458998164
aten_0.1.m1.6671.m1,0,1
aten_0.1.m1.6671.m1,0,1
aten_0.1.m1.9595.m1,3,1
aten_0.1.m1.22768.m1,3,1
aten_0.1.m1.31740.m1,2,1
aten_0.1.m1.30498.m1,3,1
aten_0.1.m1.10746.m1,-6,1
aten_0.1.m1.10746.m1,-6,1
aten_0.1.m1.10746.m1,-6,1
aten_0.1.m1.3221.m1,0,1
aten_0.1.m1.10487.m1,0,1
aten_0.1.m1.5999.m1,4,1
aten_0.1.m1.2540.m1,0,1
aten_0.1.m1.28932.m1,0,1
aten_0.1.m1.5642.m1,0,1
aten_0.1.m1.15834.m1,0,1
aten_0.1.m1.10986.m1,-7,0.779650108
aten_0.1.m1.10986.m1,-7,0.779650108
aten_0.1.m1.7241.m1,-2,1
aten_0.1.m1.7241.m1,-2,1
aten_0.1.m1.61.m1,0,1
aten_0.1.m1.12519.m1,2,1
aten_0.1.m1.25659.m1,0,1
aten_0.1.m1.3176.m1,-16,0.009021492
aten_0.1.m1.3176.m1,-16,0.009021492
aten_0.1.m1.20358.m1,3,1
aten_0.1.m1.17897.m1,-1,1
aten_0.1.m1.17897.m1,-1,1
aten_0.1.m1.2118.m1,-2,1
aten_0.1.m1.2385.m1,10,0.745503719
aten_0.1.m1.4285.m1,0,1
aten_0.1.m1.19032.m1,-8,0.082841021
aten_0.1.m1.19032.m1,-8,0.082841021
aten_0.1.m1.4256.m1,8,0.831973842
aten_0.1.m1.4256.m1,8,0.831973842
aten_0.1.m1.6439.m1,-2,1
aten_0.1.m1.28292.m1,7,0.823946746
aten_0.1.m1.19540.m1,-10,0.111508339
aten_0.1.m1.3472.m1,1,1
aten_0.1.m1.15329.m1,1,1
aten_0.1.m1.15329.m1,1,1
aten_0.1.m1.5592.m1,2,1
aten_0.1.m1.5592.m1,2,1
aten_0.1.m1.12890.m1,0,1
aten_0.1.m1.12890.m1,0,1
aten_0.1.m1.20952.m1,0,1
aten_0.1.m1.20952.m1,0,1
aten_0.1.m1.24792.m1,0,1
aten_0.1.m1.29846.m1,0,1
aten_0.1.m1.29846.m1,0,1
aten_0.1.m1.13978.m1,0,1
aten_0.1.m1.13978.m1,0,1
aten_0.1.m1.28977.m1,-6,0.225787622
aten_0.1.m1.28977.m1,-6,0.225787622
aten_0.1.m1.15893.m1,0,1
aten_0.1.m1.15893.m1,0,1
aten_0.1.m1.28044.m1,0,1
aten_0.1.m1.28044.m1,0,1
aten_0.1.m1.23983.m1,2,1
aten_0.1.m1.21941.m1,7,0.679571511
aten_0.1.m1.13339.m1,-7,0.98617294
aten_0.1.m1.13339.m1,-7,0.98617294
aten_0.1.m1.28726.m1,0,1
aten_0.1.m1.28726.m1,0,1
aten_0.1.m1.18.m1,8,0.823946746
aten_0.1.m1.18.m1,8,0.823946746
aten_0.1.m1.20955.m1,0,1
aten_0.1.m1.5229.m1,0,1
aten_0.1.m1.1112.m1,0,1
aten_0.1.m1.10106.m1,-10,0.030051604
aten_0.1.m1.10106.m1,-10,0.030051604
aten_0.1.m1.4222.m1,0,1
aten_0.1.m1.27702.m1,0,1
aten_0.1.m1.10670.m1,15,0.315355142
aten_0.1.m1.9098.m1,0,1
aten_0.1.m1.22121.m1,-3,0.823946746
aten_0.1.m1.29815.m1,2,1
aten_0.1.m1.3477.m1,8,0.484738186
aten_0.1.m1.3477.m1,8,0.484738186
aten_0.1.m1.13248.m1,3,1
aten_0.1.m1.13248.m1,3,1
aten_0.1.m1.3795.m1,9,0.507749831
aten_0.1.m1.3794.m1,9,0.507749831
aten_0.1.m1.3155.m1,-7,0.823946746
aten_0.1.m1.19664.m1,4,1
aten_0.1.m1.12344.m1,6,1
aten_0.1.m1.12344.m1,6,1
aten_0.1.m1.9992.m1,2,1
aten_0.1.m1.32155.m1,10,0.439138548
aten_0.1.m1.1745.m1,0,1
aten_0.1.m1.32202.m1,-1,1
aten_0.1.m1.4174.m1,6,0.83694844
aten_0.1.m1.16126.m1,0,1
aten_0.1.m1.16126.m1,0,1
aten_0.1.m1.25626.m1,0,1
aten_0.1.m1.9424.m1,0,1
aten_0.1.m1.8061.m1,0,1
aten_0.1.m1.857.m1,-6,1
aten_0.1.m1.8075.m1,0,1
aten_0.1.m1.8075.m1,0,1
aten_0.1.m1.6016.m1,-8,0.525158778
aten_0.1.m1.6016.m1,-8,0.525158778
aten_0.1.m1.28300.m1,-9,0.320835368
aten_0.1.m1.33439.m1,0,1
aten_0.1.m1.21553.m1,0,1
aten_0.1.m1.18528.m1,1,1
aten_0.1.m1.6765.m1,-14,0.343044049
aten_0.1.m1.30254.m1,0,1
aten_0.1.m1.6120.m1,-8,0.525158778
aten_0.1.m1.19373.m1,0,1
aten_0.1.m1.15131.m1,-10,0.503957807
aten_0.1.m1.2113.m1,0,1
aten_0.1.m1.20279.m1,0,1
aten_0.1.m1.8719.m1,-13,0.458998164
aten_0.1.m1.8719.m1,-13,0.458998164
aten_0.1.m1.16448.m1,-11,0.650103753
aten_0.1.m1.16448.m1,-11,0.650103753
aten_0.1.m1.1801.m1,-6,1
aten_0.1.m1.24653.m1,-9,0.507749831
aten_0.1.m1.19111.m1,5,1
aten_0.1.m1.18754.m1,6,1
aten_0.1.m1.7232.m1,0,1
aten_0.1.m1.30694.m1,0,1
aten_0.1.m1.18518.m1,0,1
aten_0.1.m1.18518.m1,0,1
aten_0.1.m1.5453.m1,0,1
aten_0.1.m1.5453.m1,0,1
aten_0.1.m1.442.m1,0,1
aten_0.1.m1.12017.m1,0,1
aten_0.1.m1.24343.m1,0,1
aten_0.1.m1.24343.m1,0,1
aten_0.1.m1.9141.m1,2,1
aten_0.1.m1.9141.m1,2,1
aten_0.1.m1.14530.m1,0,1
aten_0.1.m1.21596.m1,2,1
aten_0.1.m1.31425.m1,24,0.024409781
aten_0.1.m1.13539.m1,0,1
aten_0.1.m1.13539.m1,0,1
aten_0.1.m1.17238.m1,-7,1
aten_0.1.m1.17238.m1,-7,1
aten_0.1.m1.9725.m1,0,1
aten_0.1.m1.9378.m1,0,1
aten_0.1.m1.15254.m1,-1,1
aten_0.1.m1.6464.m1,-1,1
aten_0.1.m1.28933.m1,0,1
aten_0.1.m1.22353.m1,1,1
aten_0.1.m1.33318.m1,-7,1
aten_0.1.m1.29811.m1,-12,0.287999804
aten_0.1.m1.30700.m1,0,1
aten_0.1.m1.30700.m1,0,1
aten_0.1.m1.8841.m1,5,1
aten_0.1.m1.6120.m1,-6,1
aten_0.1.m1.17555.m1,2,1
aten_0.1.m1.16836.m1,0,1
aten_0.1.m1.23830.m1,4,0.993433057
aten_0.1.m1.23830.m1,4,0.993433057
aten_0.1.m1.27746.m1,12,0.365974035
aten_0.1.m1.6399.m1,-1,1
aten_0.1.m1.12870.m1,0,1
aten_0.1.m1.4299.m1,3,0.823946746
aten_0.1.m1.17781.m1,-1,1
aten_0.1.m1.5108.m1,26,0.01117112
aten_0.1.m1.5030.m1,2,1
aten_0.1.m1.15782.m1,0,1
aten_0.1.m1.15782.m1,0,1
aten_0.1.m1.2519.m1,4,1
aten_0.1.m1.2519.m1,4,1
aten_0.1.m1.12757.m1,0,1
aten_0.1.m1.1027.m1,1,1
aten_0.1.m1.24678.m1,0,1
aten_0.1.m1.24678.m1,0,1
aten_0.1.m1.28326.m1,-3,1
aten_0.1.m1.9598.m1,0,1
aten_0.1.m1.9044.m1,0,1
aten_0.1.m1.9044.m1,0,1
aten_0.1.m1.6874.m1,2,1
aten_0.1.m1.6874.m1,2,1
aten_0.1.m1.6065.m1,11,0.478947113
aten_0.1.m1.1330.m1,8,0.679571511
aten_0.1.m1.15669.m1,0,1
aten_0.1.m1.20610.m1,1,1
aten_0.1.m1.20605.m1,1,1
aten_0.1.m1.20610.m1,1,1
aten_0.1.m1.19810.m1,0,1
aten_0.1.m1.9328.m1,0,1
aten_0.1.m1.9328.m1,0,1
aten_0.1.m1.7372.m1,-1,1
aten_0.1.m1.9837.m1,-10,0.686079772
aten_0.1.m1.20043.m1,4,1
aten_0.1.m1.20043.m1,4,1
aten_0.1.m1.6799.m1,4,1
aten_0.1.m1.6737.m1,-3,0.823946746
aten_0.1.m1.1016.m1,0,1
aten_0.1.m1.9569.m1,10,0.030051604
aten_0.1.m1.9569.m1,10,0.030051604
aten_0.1.m1.5499.m1,0,1
aten_0.1.m1.6040.m1,-10,0.239680874
aten_0.1.m1.6040.m1,-10,0.239680874
aten_0.1.m1.13407.m1,16,0.052123187
aten_0.1.m1.11030.m1,0,1
aten_0.1.m1.30734.m1,0,1
aten_0.1.m1.1492.m1,0,1
aten_0.1.m1.1492.m1,0,1
aten_0.1.m1.25195.m1,0,1
aten_0.1.m1.20847.m1,2,1
aten_0.1.m1.866.m1,0,1
aten_0.1.m1.208.m1,13,0.393059643
aten_0.1.m1.28326.m1,17,0.000649686
aten_0.1.m1.16109.m1,0,1
aten_0.1.m1.4795.m1,0,1
aten_0.1.m1.29932.m1,10,0.758267114
aten_0.1.m1.27843.m1,12,0.287999804
aten_0.1.m1.2759.m1,0,1
aten_0.1.m1.3329.m1,0,1
aten_0.1.m1.5882.m1,3,1
aten_0.1.m1.15565.m1,0,1
aten_0.1.m1.20671.m1,0,1
aten_0.1.m1.13425.m1,0,1
aten_0.1.m1.4305.m1,0,1
aten_0.1.m1.4305.m1,0,1
aten_0.1.m1.10263.m1,0,1
aten_0.1.m1.9344.m1,-1,1
aten_0.1.m1.9344.m1,-1,1
aten_0.1.m1.11282.m1,-1,1
aten_0.1.m1.20902.m1,0,1
aten_0.1.m1.20902.m1,0,1
aten_0.1.m1.28293.m1,0,1
aten_0.1.m1.24947.m1,-5,1
aten_0.1.m1.24947.m1,-5,1
aten_0.1.m1.24045.m1,-24,0.005777228
aten_0.1.m1.804.m1,0,1
aten_0.1.m1.804.m1,0,1
aten_0.1.m1.21950.m1,0,1
aten_0.1.m1.26122.m1,2,1
aten_0.1.m1.22555.m1,-17,0.065411489
aten_0.1.m1.22630.m1,0,1
aten_0.1.m1.22630.m1,0,1
aten_0.1.m1.19299.m1,0,1
aten_0.1.m1.14018.m1,0,1
aten_0.1.m1.8655.m1,0,1
aten_0.1.m1.11471.m1,-15,0.315355142
aten_0.1.m1.9832.m1,1,1
aten_0.1.m1.17408.m1,-3,0.823946746
aten_0.1.m1.17408.m1,-3,0.823946746
aten_0.1.m1.23887.m1,0,1
aten_0.1.m1.18474.m1,-26,0.002442829
aten_0.1.m1.31315.m1,-2,1
aten_0.1.m1.17739.m1,7,0.779650108
aten_0.1.m1.18697.m1,11,0.407410228
aten_0.1.m1.18697.m1,11,0.407410228
aten_0.1.m1.13254.m1,0,1
aten_0.1.m1.31255.m1,2,1
aten_0.1.m1.1278.m1,0,1
aten_0.1.m1.24377.m1,-5,1
aten_0.1.m1.10104.m1,-7,1
aten_0.1.m1.29440.m1,4,1
aten_0.1.m1.29440.m1,4,1
aten_0.1.m1.17487.m1,1,1
aten_0.1.m1.17487.m1,1,1
aten_0.1.m1.22417.m1,3,1
aten_0.1.m1.22417.m1,3,1
aten_0.1.m1.25798.m1,-4,1
aten_0.1.m1.5571.m1,11,0.319154092
aten_0.1.m1.5571.m1,11,0.319154092
aten_0.1.m1.10862.m1,-4,1
aten_0.1.m1.24835.m1,0,1
aten_0.1.m1.4721.m1,-2,1
aten_0.1.m1.32008.m1,0,1
aten_0.1.m1.32008.m1,0,1
aten_0.1.m1.8643.m1,0,1
aten_0.1.m1.2714.m1,17,0.082841021
aten_0.1.m1.2705.m1,0,1
aten_0.1.m1.2841.m1,0,1
aten_0.1.m1.2846.m1,0,1
aten_0.1.m1.2841.m1,0,1
aten_0.1.m1.15091.m1,-3,0.823946746
aten_0.1.m1.8944.m1,-19,0.025745086
aten_0.1.m1.1784.m1,5,0.686079772
aten_0.1.m1.1784.m1,5,0.686079772
aten_0.1.m1.28040.m1,0,1
aten_0.1.m1.28040.m1,0,1
aten_0.1.m1.19230.m1,0,1
aten_0.1.m1.26950.m1,0,1
aten_0.1.m1.15392.m1,8,0.912469922
aten_0.1.m1.15392.m1,8,0.912469922
aten_0.1.m1.29170.m1,-1,1
aten_0.1.m1.21177.m1,-1,1
aten_0.1.m1.21177.m1,-1,1
aten_0.1.m1.4176.m1,-10,0.030051604
aten_0.1.m1.16689.m1,-4,0.555063148
aten_0.1.m1.16689.m1,-4,0.555063148
aten_0.1.m1.16089.m1,0,1
aten_0.1.m1.9992.m1,5,1
aten_0.1.m1.2112.m1,0,1
aten_0.1.m1.2112.m1,0,1
aten_0.1.m1.14090.m1,0,1
aten_0.1.m1.16235.m1,5,0.993433057
aten_0.1.m1.19670.m1,4,1
aten_0.1.m1.10595.m1,8,0.982867425
aten_0.1.m1.6498.m1,-3,0.823946746
aten_0.1.m1.19488.m1,0,1
aten_0.1.m1.2296.m1,0,1
aten_0.1.m1.2296.m1,0,1
aten_0.1.m1.11105.m1,-14,0.288759194
aten_0.1.m1.360.m1,0,1
aten_0.1.m1.19762.m1,5,1
aten_0.1.m1.5938.m1,0,1
aten_0.1.m1.28558.m1,-11,0.235563322
aten_0.1.m1.5820.m1,0,1
aten_0.1.m1.10606.m1,-7,0.98617294
aten_0.1.m1.1781.m1,-8,0.241683309
aten_0.1.m1.23489.m1,12,0.534177892
aten_0.1.m1.19621.m1,-7,1
aten_0.1.m1.19621.m1,-7,1
aten_0.1.m1.31234.m1,0,1
aten_0.1.m1.6332.m1,13,0.205980253
aten_0.1.m1.13097.m1,11,0.658391926
aten_0.1.m1.1992.m1,-3,1
aten_0.1.m1.1992.m1,-3,1
aten_0.1.m1.3433.m1,0,1
aten_0.1.m1.20054.m1,-1,1
aten_0.1.m1.17491.m1,-1,1
aten_0.1.m1.17491.m1,-1,1
aten_0.1.m1.28864.m1,0,1
aten_0.1.m1.28653.m1,0,1
aten_0.1.m1.29.m1,4,1
aten_0.1.m1.18777.m1,0,1
aten_0.1.m1.32544.m1,0,1
aten_0.1.m1.1011.m1,-5,1
aten_0.1.m1.1011.m1,-5,1
aten_0.1.m1.1913.m1,0,1
aten_0.1.m1.1913.m1,0,1
aten_0.1.m1.30165.m1,6,0.83694844
aten_0.1.m1.26375.m1,-6,0.496714564
aten_0.1.m1.19656.m1,-8,0.811388949
aten_0.1.m1.19656.m1,-8,0.811388949
aten_0.1.m1.1035.m1,1,1
aten_0.1.m1.6370.m1,-4,1
aten_0.1.m1.6370.m1,-4,1
aten_0.1.m1.19370.m1,13,0.393059643
aten_0.1.m1.4256.m1,-9,0.170510191
aten_0.1.m1.4256.m1,-9,0.170510191
aten_0.1.m1.372.m1,0,1
aten_0.1.m1.11943.m1,7,1
aten_0.1.m1.11943.m1,7,1
aten_0.1.m1.25216.m1,-3,1
aten_0.1.m1.4935.m1,-1,1
aten_0.1.m1.16992.m1,-4,1
aten_0.1.m1.22938.m1,1,1
aten_0.1.m1.22938.m1,1,1
aten_0.1.m1.29282.m1,4,1
aten_0.1.m1.27275.m1,0,1
aten_0.1.m1.708.m1,0,1
aten_0.1.m1.18958.m1,15,0.315355142
aten_0.1.m1.31594.m1,4,1
aten_0.1.m1.11569.m1,6,1
aten_0.1.m1.4603.m1,0,1
aten_0.1.m1.4603.m1,0,1
aten_0.1.m1.13071.m1,0,1
aten_0.1.m1.13071.m1,0,1
aten_0.1.m1.6490.m1,0,1
aten_0.1.m1.6490.m1,0,1
aten_0.1.m1.21868.m1,1,1
aten_0.1.m1.23824.m1,10,0.317102795
aten_0.1.m1.27625.m1,-12,0.320835368
aten_0.1.m1.19698.m1,-3,0.823946746
aten_0.1.m1.27863.m1,5,0.358799898
aten_0.1.m1.27863.m1,5,0.358799898
aten_0.1.m1.15681.m1,8,0.484738186
aten_0.1.m1.15681.m1,8,0.484738186
aten_0.1.m1.24194.m1,5,1
aten_0.1.m1.20279.m1,0,1
aten_0.1.m1.17366.m1,0,1
aten_0.1.m1.13117.m1,12,0.433008542
aten_0.1.m1.7440.m1,-4,1
aten_0.1.m1.16890.m1,-5,1
aten_0.1.m1.16890.m1,-5,1
aten_0.1.m1.5961.m1,-1,1
aten_0.1.m1.5961.m1,-1,1
aten_0.1.m1.29437.m1,2,1
aten_0.1.m1.7985.m1,-6,1
aten_0.1.m1.1137.m1,12,0.365974035
aten_0.1.m1.6190.m1,0,1
aten_0.1.m1.6190.m1,0,1
aten_0.1.m1.6203.m1,14,0.214788226
aten_0.1.m1.11620.m1,-7,0.919324265
aten_0.1.m1.11620.m1,-7,0.919324265
aten_0.1.m1.14324.m1,0,1
aten_0.1.m1.14324.m1,0,1
aten_0.1.m1.24338.m1,-1,1
aten_0.1.m1.24338.m1,-1,1
aten_0.1.m1.667.m1,-1,1
aten_0.1.m1.667.m1,-1,1
aten_0.1.m1.32536.m1,-8,0.758267114
aten_0.1.m1.21212.m1,0,1
aten_0.1.m1.21212.m1,0,1
aten_0.1.m1.25162.m1,-4,1
aten_0.1.m1.12734.m1,8,0.758267114
aten_0.1.m1.12734.m1,8,0.758267114
aten_0.1.m1.6042.m1,4,1
aten_0.1.m1.31915.m1,0,1
aten_0.1.m1.15058.m1,5,0.686079772
aten_0.1.m1.15058.m1,5,0.686079772
aten_0.1.m1.448.m1,-7,0.823946746
aten_0.1.m1.17776.m1,-6,0.496714564
aten_0.1.m1.745.m1,0,1
aten_0.1.m1.745.m1,0,1
aten_0.1.m1.15710.m1,0,1
aten_0.1.m1.33292.m1,3,1
aten_0.1.m1.6673.m1,0,1
aten_0.1.m1.6673.m1,0,1
aten_0.1.m1.1507.m1,0,1
aten_0.1.m1.23378.m1,9,0.652288775
aten_0.1.m1.6342.m1,10,0.631590725
aten_0.1.m1.32982.m1,0,1
aten_0.1.m1.15462.m1,17,0.200047928
aten_0.1.m1.1973.m1,2,1
aten_0.1.m1.1973.m1,2,1
aten_0.1.m1.2095.m1,3,1
aten_0.1.m1.2095.m1,3,1
aten_0.1.m1.5793.m1,-14,0.278673191
aten_0.1.m1.21189.m1,10,0.030051604
aten_0.1.m1.20834.m1,2,1
aten_0.1.m1.20834.m1,2,1
aten_0.1.m1.29060.m1,-1,1
aten_0.1.m1.22383.m1,-4,1
aten_0.1.m1.3443.m1,15,0.309476867
aten_0.1.m1.3443.m1,15,0.309476867
aten_0.1.m1.14640.m1,8,0.679571511
aten_0.1.m1.11042.m1,-5,0.895693191
aten_0.1.m1.5189.m1,-4,1
aten_0.1.m1.9677.m1,-14,0.200047928
aten_0.1.m1.9677.m1,-14,0.200047928
aten_0.1.m1.19670.m1,2,1
aten_0.1.m1.4367.m1,0,1
aten_0.1.m1.10158.m1,6,0.958489725
aten_0.1.m1.10158.m1,6,0.958489725
aten_0.1.m1.12712.m1,0,1
aten_0.1.m1.12712.m1,0,1
aten_0.1.m1.23835.m1,0,1
aten_0.1.m1.25568.m1,0,1
aten_0.1.m1.1153.m1,9,0.779650108
aten_0.1.m1.1153.m1,9,0.779650108
aten_0.1.m1.16719.m1,-2,1
aten_0.1.m1.23168.m1,-7,0.679571511
aten_0.1.m1.23168.m1,-7,0.679571511
aten_0.1.m1.6291.m1,0,1
aten_0.1.m1.6291.m1,0,1
aten_0.1.m1.20337.m1,0,1
aten_0.1.m1.27351.m1,-2,1
aten_0.1.m1.24208.m1,0,1
aten_0.1.m1.14213.m1,-2,1
aten_0.1.m1.14213.m1,-2,1
aten_0.1.m1.6851.m1,0,1
aten_0.1.m1.4409.m1,5,1
aten_0.1.m1.3140.m1,0,1
aten_0.1.m1.2736.m1,5,1
aten_0.1.m1.2736.m1,5,1
aten_0.1.m1.24422.m1,12,0.119871224
aten_0.1.m1.24422.m1,12,0.119871224
aten_0.1.m1.15087.m1,6,0.784053738
aten_0.1.m1.15087.m1,6,0.784053738
aten_0.1.m1.23606.m1,0,1
aten_0.1.m1.23606.m1,0,1
aten_0.1.m1.21445.m1,-4,1
aten_0.1.m1.21445.m1,-4,1
aten_0.1.m1.28522.m1,0,1
aten_0.1.m1.19169.m1,10,0.439138548
aten_0.1.m1.19169.m1,10,0.439138548
aten_0.1.m1.27465.m1,0,1
aten_0.1.m1.10161.m1,-3,1
aten_0.1.m1.10161.m1,-3,1
aten_0.1.m1.10161.m1,-3,1
aten_0.1.m1.2062.m1,-12,0.175805049
aten_0.1.m1.2062.m1,-12,0.175805049
aten_0.1.m1.32532.m1,-3,0.823946746
aten_0.1.m1.21027.m1,-5,1
aten_0.1.m1.21027.m1,-5,1
aten_0.1.m1.1350.m1,0,1
aten_0.1.m1.1350.m1,0,1
aten_0.1.m1.6153.m1,-27,0.001448826
aten_0.1.m1.16700.m1,0,1
aten_0.1.m1.876.m1,8,0.831973842
aten_0.1.m1.22639.m1,2,1
aten_0.1.m1.16095.m1,0,1
aten_0.1.m1.1294.m1,0,1
aten_0.1.m1.1717.m1,-1,1
aten_0.1.m1.1717.m1,-1,1
aten_0.1.m1.500.m1,-3,1
aten_0.1.m1.500.m1,-3,1
aten_0.1.m1.23035.m1,4,0.779650108
aten_0.1.m1.23035.m1,4,0.779650108
aten_0.1.m1.29955.m1,-22,0.046465044
aten_0.1.m1.29955.m1,-22,0.046465044
aten_0.1.m1.20030.m1,10,0.317102795
aten_0.1.m1.20030.m1,10,0.317102795
aten_0.1.m1.1359.m1,0,1
aten_0.1.m1.27864.m1,19,0.01661715
aten_0.1.m1.3200.m1,0,1
aten_0.1.m1.26377.m1,0,1
aten_0.1.m1.28263.m1,-1,1
aten_0.1.m1.32548.m1,1,1
aten_0.1.m1.12427.m1,-8,0.652288775
aten_0.1.m1.12427.m1,-8,0.652288775
aten_0.1.m1.25843.m1,-9,0.566425697
aten_0.1.m1.1634.m1,2,1
aten_0.1.m1.8602.m1,2,1
aten_0.1.m1.8602.m1,2,1
aten_0.1.m1.12764.m1,0,1
aten_0.1.m1.24772.m1,0,1
aten_0.1.m1.24914.m1,-7,1
aten_0.1.m1.13638.m1,0,1
aten_0.1.m1.27484.m1,1,1
aten_0.1.m1.30031.m1,-5,1
aten_0.1.m1.1320.m1,11,0.478947113
aten_0.1.m1.1320.m1,11,0.478947113
aten_0.1.m1.12466.m1,0,1
aten_0.1.m1.18841.m1,-8,0.082841021
aten_0.1.m1.18824.m1,-8,0.082841021
aten_0.1.m1.16409.m1,3,1
aten_0.1.m1.815.m1,0,1
aten_0.1.m1.31432.m1,-8,0.982867425
aten_0.1.m1.31432.m1,-8,0.982867425
aten_0.1.m1.18731.m1,13,0.1474446
aten_0.1.m1.4295.m1,0,1
aten_0.1.m1.4295.m1,0,1
aten_0.1.m1.20267.m1,17,0.200047928
aten_0.1.m1.17848.m1,7,0.779650108
aten_0.1.m1.3867.m1,0,1
aten_0.1.m1.15554.m1,2,1
aten_0.1.m1.30535.m1,0,1
aten_0.1.m1.30537.m1,0,1
aten_0.1.m1.8437.m1,19,0.041567311
aten_0.1.m1.18230.m1,2,1
aten_0.1.m1.18230.m1,2,1
aten_0.1.m1.19.m1,10,0.503957807
aten_0.1.m1.28330.m1,0,1
aten_0.1.m1.11013.m1,11,0.260297624
aten_0.1.m1.19090.m1,-7,1
aten_0.1.m1.19090.m1,-7,1
aten_0.1.m1.16188.m1,0,1
aten_0.1.m1.21517.m1,0,1
aten_0.1.m1.10627.m1,0,1
aten_0.1.m1.6901.m1,-2,1
aten_0.1.m1.6901.m1,-2,1
aten_0.1.m1.2938.m1,-16,0.197376924
aten_0.1.m1.2938.m1,-16,0.197376924
aten_0.1.m1.25827.m1,-15,0.274275637
aten_0.1.m1.25827.m1,-15,0.274275637
aten_0.1.m1.25827.m1,1,1
aten_0.1.m1.27026.m1,4,1
aten_0.1.m1.27026.m1,4,1
aten_0.1.m1.22711.m1,0,1
aten_0.1.m1.22711.m1,0,1
aten_0.1.m1.30319.m1,0,1
aten_0.1.m1.3014.m1,2,1
aten_0.1.m1.3014.m1,2,1
aten_0.1.m1.2769.m1,-4,1
aten_0.1.m1.11020.m1,1,1
aten_0.1.m1.3902.m1,-17,0.065411489
aten_0.1.m1.12901.m1,0,1
aten_0.1.m1.12901.m1,0,1
aten_0.1.m1.11105.m1,-4,1
aten_0.1.m1.9159.m1,-3,1
aten_0.1.m1.9159.m1,-3,1
aten_0.1.m1.24427.m1,-7,0.851604021
aten_0.1.m1.24427.m1,-7,0.851604021
aten_0.1.m1.30112.m1,0,1
aten_0.1.m1.30112.m1,0,1
aten_0.1.m1.19090.m1,15,0.149700079
aten_0.1.m1.19090.m1,15,0.149700079
aten_0.1.m1.27509.m1,-5,1
aten_0.1.m1.27509.m1,-5,1
aten_0.1.m1.27509.m1,-1,1
aten_0.1.m1.27509.m1,-1,1
aten_0.1.m1.27205.m1,0,1
aten_0.1.m1.21190.m1,3,1
aten_0.1.m1.19581.m1,10,0.745503719
aten_0.1.m1.22394.m1,0,1
aten_0.1.m1.772.m1,14,0.086699178
aten_0.1.m1.7454.m1,0,1
aten_0.1.m1.30524.m1,0,1
aten_0.1.m1.4211.m1,-1,1
aten_0.1.m1.23570.m1,18,0.104684536
aten_0.1.m1.3038.m1,8,0.652288775
aten_0.1.m1.14010.m1,-8,0.870532016
aten_0.1.m1.14010.m1,-8,0.870532016
aten_0.1.m1.12748.m1,9,0.779650108
aten_0.1.m1.12748.m1,9,0.779650108
aten_0.1.m1.18418.m1,10,0.439138548
aten_0.1.m1.18418.m1,10,0.439138548
aten_0.1.m1.23130.m1,0,1
aten_0.1.m1.4433.m1,6,1
aten_0.1.m1.7240.m1,4,1
aten_0.1.m1.8445.m1,-3,1
aten_0.1.m1.13985.m1,0,1
aten_0.1.m1.20842.m1,2,1
aten_0.1.m1.26323.m1,10,0.707849019
aten_0.1.m1.24495.m1,1,1
aten_0.1.m1.31702.m1,-4,1
aten_0.1.m1.21596.m1,-26,0.000290949
aten_0.1.m1.12204.m1,0,1
aten_0.1.m1.26472.m1,0,1
aten_0.1.m1.5888.m1,0,1
aten_0.1.m1.5142.m1,3,1
aten_0.1.m1.5142.m1,3,1
aten_0.1.m1.632.m1,-16,0.027091399
aten_0.1.m1.291.m1,-1,1
aten_0.1.m1.27759.m1,1,1
aten_0.1.m1.27759.m1,1,1
aten_0.1.m1.24399.m1,0,1
aten_0.1.m1.29399.m1,4,1
aten_0.1.m1.14572.m1,0,1
aten_0.1.m1.3044.m1,-3,1
aten_0.1.m1.3044.m1,-3,1
aten_0.1.m1.7762.m1,4,1
aten_0.1.m1.18892.m1,-12,0.119871224
aten_0.1.m1.23393.m1,21,0.040694637
aten_0.1.m1.27759.m1,6,0.958489725
aten_0.1.m1.14180.m1,0,1
aten_0.1.m1.4617.m1,0,1
aten_0.1.m1.4617.m1,0,1
aten_0.1.m1.10604.m1,-9,0.566425697
aten_0.1.m1.18734.m1,13,0.458998164
aten_0.1.m1.18734.m1,13,0.458998164
aten_0.1.m1.17605.m1,-1,1
aten_0.1.m1.16287.m1,4,1
aten_0.1.m1.9302.m1,-2,1
aten_0.1.m1.22871.m1,2,1
aten_0.1.m1.22871.m1,2,1
aten_0.1.m1.27352.m1,-15,0.309476867
aten_0.1.m1.6584.m1,-2,1
aten_0.1.m1.6584.m1,-2,1
aten_0.1.m1.12319.m1,2,1
aten_0.1.m1.1690.m1,-2,1
aten_0.1.m1.6844.m1,-7,1
aten_0.1.m1.12107.m1,0,1
aten_0.1.m1.12107.m1,0,1
aten_0.1.m1.6583.m1,-1,1
aten_0.1.m1.15344.m1,0,1
aten_0.1.m1.13947.m1,3,1
aten_0.1.m1.13479.m1,9,0.779650108
aten_0.1.m1.21712.m1,11,0.319154092
aten_0.1.m1.22985.m1,7,0.779650108
aten_0.1.m1.22985.m1,7,0.779650108
aten_0.1.m1.13403.m1,0,1
aten_0.1.m1.18156.m1,0,1
aten_0.1.m1.18156.m1,0,1
aten_0.1.m1.611.m1,-1,1
aten_0.1.m1.1355.m1,-2,1
aten_0.1.m1.1355.m1,-2,1
aten_0.1.m1.8602.m1,-3,1
aten_0.1.m1.23637.m1,0,1
aten_0.1.m1.23637.m1,0,1
aten_0.1.m1.9137.m1,-26,0.01117112
aten_0.1.m1.23363.m1,0,1
aten_0.1.m1.8457.m1,0,1
aten_0.1.m1.31614.m1,7,0.679571511
aten_0.1.m1.25663.m1,13,0.458998164
aten_0.1.m1.14947.m1,-3,1
aten_0.1.m1.14947.m1,-3,1
aten_0.1.m1.1617.m1,-1,1
aten_0.1.m1.1617.m1,-1,1
aten_0.1.m1.1811.m1,0,1
aten_0.1.m1.6111.m1,4,1
aten_0.1.m1.2724.m1,-1,1
aten_0.1.m1.2724.m1,-1,1
aten_0.1.m1.17396.m1,0,1
aten_0.1.m1.436.m1,0,1
aten_0.1.m1.2123.m1,-1,1
aten_0.1.m1.19863.m1,0,1
aten_0.1.m1.17560.m1,0,1
aten_0.1.m1.2444.m1,-5,1
aten_0.1.m1.18731.m1,7,0.779650108
aten_0.1.m1.32841.m1,-5,0.895693191
aten_0.1.m1.27351.m1,2,1
aten_0.1.m1.33022.m1,2,1
aten_0.1.m1.4241.m1,0,1
aten_0.1.m1.29467.m1,6,0.958489725
aten_0.1.m1.21733.m1,2,1
aten_0.1.m1.27523.m1,9,0.566425697
aten_0.1.m1.27523.m1,9,0.566425697
aten_0.1.m1.22739.m1,6,0.83694844
aten_0.1.m1.18786.m1,0,1
aten_0.1.m1.11062.m1,0,1
aten_0.1.m1.28989.m1,2,1
aten_0.1.m1.18073.m1,16,0.139852502
aten_0.1.m1.19704.m1,0,1
aten_0.1.m1.16399.m1,4,1
aten_0.1.m1.29698.m1,0,1
aten_0.1.m1.1816.m1,1,1
aten_0.1.m1.1816.m1,1,1
aten_0.1.m1.21015.m1,2,1
aten_0.1.m1.19739.m1,9,0.831973842
aten_0.1.m1.32154.m1,-1,1
aten_0.1.m1.32154.m1,-1,1
aten_0.1.m1.1278.m1,2,1
aten_0.1.m1.1278.m1,2,1
aten_0.1.m1.7.m1,0,1
aten_0.1.m1.25666.m1,0,1
aten_0.1.m1.25666.m1,0,1
aten_0.1.m1.14253.m1,0,1
aten_0.1.m1.17507.m1,0,1
aten_0.1.m1.113.m1,0,1
aten_0.1.m1.24298.m1,3,1
aten_0.1.m1.27342.m1,13,0.205980253
aten_0.1.m1.7230.m1,-1,1
aten_0.1.m1.2478.m1,2,1
aten_0.1.m1.2478.m1,2,1
aten_0.1.m1.15220.m1,0,1
aten_0.1.m1.9088.m1,-3,1
aten_0.1.m1.20362.m1,5,1
aten_0.1.m1.124.m1,0,1
aten_0.1.m1.124.m1,0,1
aten_0.1.m1.4176.m1,-3,0.823946746
aten_0.1.m1.11620.m1,2,1
aten_0.1.m1.27509.m1,-7,0.779650108
aten_0.1.m1.25143.m1,-10,0.503957807
aten_0.1.m1.25143.m1,-10,0.503957807
aten_0.1.m1.9869.m1,0,1
aten_0.1.m1.3207.m1,0,1
aten_0.1.m1.12439.m1,-7,0.779650108
aten_0.1.m1.12439.m1,-7,0.779650108
aten_0.1.m1.26088.m1,-7,1
aten_0.1.m1.26088.m1,-7,1
aten_0.1.m1.988.m1,0,1
aten_0.1.m1.3407.m1,-11,0.407410228
aten_0.1.m1.3407.m1,-11,0.407410228
aten_0.1.m1.20221.m1,0,1
aten_0.1.m1.8222.m1,-7,1
aten_0.1.m1.8222.m1,-7,1
aten_0.1.m1.11232.m1,-1,1
aten_0.1.m1.11232.m1,-1,1
aten_0.1.m1.22734.m1,7,0.958489725
aten_0.1.m1.22734.m1,7,0.958489725
aten_0.1.m1.19347.m1,0,1
aten_0.1.m1.22550.m1,0,1
aten_0.1.m1.4543.m1,0,1
aten_0.1.m1.16061.m1,-4,1
aten_0.1.m1.2903.m1,-16,0.072067257
aten_0.1.m1.2903.m1,-16,0.072067257
aten_0.1.m1.1189.m1,9,0.566425697
aten_0.1.m1.1189.m1,9,0.566425697
aten_0.1.m1.26313.m1,0,1
aten_0.1.m1.26313.m1,0,1
aten_0.1.m1.19344.m1,11,0.260297624
aten_0.1.m1.19344.m1,11,0.260297624
aten_0.1.m1.16564.m1,0,1
aten_0.1.m1.33659.m1,8,0.883172472
aten_0.1.m1.33659.m1,8,0.883172472
aten_0.1.m1.31277.m1,0,1
aten_0.1.m1.31277.m1,0,1
aten_0.1.m1.10606.m1,0,1
aten_0.1.m1.30691.m1,3,0.823946746
aten_0.1.m1.1813.m1,0,1
aten_0.1.m1.1813.m1,0,1
aten_0.1.m1.17070.m1,0,1
aten_0.1.m1.2141.m1,-1,1
aten_0.1.m1.2141.m1,-1,1
aten_0.1.m1.759.m1,0,1
aten_0.1.m1.22923.m1,7,1
aten_0.1.m1.22923.m1,7,1
aten_0.1.m1.20544.m1,0,1
aten_0.1.m1.27837.m1,0,1
aten_0.1.m1.13449.m1,0,1
aten_0.1.m1.14334.m1,0,1
aten_0.1.m1.14334.m1,0,1
aten_0.1.m1.32239.m1,9,0.507749831
aten_0.1.m1.5008.m1,0,1
aten_0.1.m1.5008.m1,0,1
aten_0.1.m1.18352.m1,0,1
aten_0.1.m1.25349.m1,-2,1
aten_0.1.m1.4910.m1,2,1
aten_0.1.m1.4383.m1,0,1
aten_0.1.m1.3056.m1,0,1
aten_0.1.m1.26571.m1,-5,0.686079772
aten_0.1.m1.11058.m1,7,1
aten_0.1.m1.15431.m1,0,1
aten_0.1.m1.7997.m1,0,1
aten_0.1.m1.25544.m1,14,0.288759194
aten_0.1.m1.25544.m1,14,0.288759194
aten_0.1.m1.21308.m1,4,1
aten_0.1.m1.23827.m1,0,1
aten_0.1.m1.23827.m1,0,1
aten_0.1.m1.3654.m1,0,1
aten_0.1.m1.17518.m1,-17,0.000649686
aten_0.1.m1.17518.m1,-17,0.000649686
aten_0.1.m1.13608.m1,12,0.550791569
aten_0.1.m1.7602.m1,0,1
aten_0.1.m1.22673.m1,4,1
aten_0.1.m1.16142.m1,-3,1
aten_0.1.m1.43.m1,10,0.754414336
aten_0.1.m1.43.m1,10,0.754414336
aten_0.1.m1.31985.m1,1,1
aten_0.1.m1.31985.m1,1,1
aten_0.1.m1.6198.m1,-1,1
aten_0.1.m1.25161.m1,0,1
aten_0.1.m1.1717.m1,-13,0.458998164
aten_0.1.m1.28933.m1,0,1
aten_0.1.m1.29363.m1,-6,1
aten_0.1.m1.29363.m1,-6,1
aten_0.1.m1.17043.m1,0,1
aten_0.1.m1.21522.m1,-14,0.363096104
aten_0.1.m1.33672.m1,5,1
aten_0.1.m1.5267.m1,-11,0.650103753
aten_0.1.m1.5267.m1,-11,0.650103753
aten_0.1.m1.931.m1,0,1
aten_0.1.m1.19645.m1,-5,0.358799898
aten_0.1.m1.19645.m1,-5,0.358799898
aten_0.1.m1.29469.m1,-16,0.089528301
aten_0.1.m1.20217.m1,-5,1
aten_0.1.m1.27477.m1,-1,1
aten_0.1.m1.24619.m1,0,1
aten_0.1.m1.24619.m1,0,1
aten_0.1.m1.32878.m1,-4,1
aten_0.1.m1.9044.m1,0,1
aten_0.1.m1.9044.m1,0,1
aten_0.1.m1.9931.m1,-7,0.992876843
aten_0.1.m1.22005.m1,3,1
aten_0.1.m1.19386.m1,0,1
aten_0.1.m1.1153.m1,-6,0.225787622
aten_0.1.m1.1153.m1,-6,0.225787622
aten_0.1.m1.5896.m1,3,1
aten_0.1.m1.20045.m1,8,0.484738186
aten_0.1.m1.23363.m1,0,1
aten_0.1.m1.13176.m1,-17,0.161339034
aten_0.1.m1.13159.m1,0,1
aten_0.1.m1.17870.m1,6,0.958489725
aten_0.1.m1.1800.m1,1,1
aten_0.1.m1.1800.m1,1,1
aten_0.1.m1.10454.m1,0,1
aten_0.1.m1.13130.m1,19,0.041567311
aten_0.1.m1.27495.m1,0,1
aten_0.1.m1.25225.m1,0,1
aten_0.1.m1.15276.m1,19,0.082841021
aten_0.1.m1.15276.m1,19,0.082841021
aten_0.1.m1.9130.m1,0,1
aten_0.1.m1.9130.m1,0,1
aten_0.1.m1.17375.m1,0,1
aten_0.1.m1.18493.m1,3,1
aten_0.1.m1.18493.m1,3,1
aten_0.1.m1.19463.m1,4,1
aten_0.1.m1.19463.m1,4,1
aten_0.1.m1.27000.m1,-1,1
aten_0.1.m1.22860.m1,0,1
aten_0.1.m1.22860.m1,0,1
aten_0.1.m1.25597.m1,-1,1
aten_0.1.m1.25597.m1,-1,1
aten_0.1.m1.28240.m1,-14,0.0043086
aten_0.1.m1.14078.m1,0,1
aten_0.1.m1.4470.m1,0,1
aten_0.1.m1.6320.m1,3,1
aten_0.1.m1.32004.m1,-6,1
aten_0.1.m1.21257.m1,0,1
aten_0.1.m1.26325.m1,2,1
aten_0.1.m1.19852.m1,0,1
aten_0.1.m1.19852.m1,0,1
aten_0.1.m1.25024.m1,13,0.1474446
aten_0.1.m1.21115.m1,0,1
aten_0.1.m1.34118.m1,0,1
aten_0.1.m1.34125.m1,0,1
aten_0.1.m1.14185.m1,0,1
aten_0.1.m1.12063.m1,4,1
aten_0.1.m1.12063.m1,4,1
aten_0.1.m1.24995.m1,2,1
aten_0.1.m1.24995.m1,2,1
aten_0.1.m1.18276.m1,13,0.225787622
aten_0.1.m1.18276.m1,13,0.225787622
aten_0.1.m1.31255.m1,0,1
aten_0.1.m1.25963.m1,3,1
aten_0.1.m1.25963.m1,3,1
aten_0.1.m1.20666.m1,0,1
aten_0.1.m1.6516.m1,0,1
aten_0.1.m1.6516.m1,0,1
aten_0.1.m1.30473.m1,0,1
aten_0.1.m1.17424.m1,0,1
aten_0.1.m1.30092.m1,10,0.714891027
aten_0.1.m1.30092.m1,10,0.714891027
aten_0.1.m1.8775.m1,-1,1
aten_0.1.m1.10278.m1,0,1
aten_0.1.m1.11743.m1,0,1
aten_0.1.m1.11736.m1,0,1
aten_0.1.m1.14039.m1,-2,1
aten_0.1.m1.14039.m1,-2,1
aten_0.1.m1.237.m1,2,1
aten_0.1.m1.13315.m1,-7,0.919324265
aten_0.1.m1.2803.m1,0,1
aten_0.1.m1.24816.m1,-4,1
aten_0.1.m1.21200.m1,-7,1
aten_0.1.m1.21200.m1,-7,1
aten_0.1.m1.29466.m1,0,1
aten_0.1.m1.5992.m1,-1,1
aten_0.1.m1.5992.m1,-1,1
aten_0.1.m1.10413.m1,0,1
aten_0.1.m1.11614.m1,0,1
aten_0.1.m1.11614.m1,0,1
aten_0.1.m1.21008.m1,9,0.507749831
aten_0.1.m1.14453.m1,0,1
aten_0.1.m1.14453.m1,0,1
aten_0.1.m1.25001.m1,0,1
aten_0.1.m1.12872.m1,2,1
aten_0.1.m1.12872.m1,2,1
aten_0.1.m1.12842.m1,0,1
aten_0.1.m1.12842.m1,0,1
aten_0.1.m1.19855.m1,-10,0.030051604
aten_0.1.m1.19855.m1,-10,0.030051604
aten_0.1.m1.2462.m1,0,1
aten_0.1.m1.29813.m1,-16,0.027091399
aten_0.1.m1.29813.m1,-16,0.027091399
aten_0.1.m1.17195.m1,2,1
aten_0.1.m1.5722.m1,-3,1
aten_0.1.m1.26251.m1,0,1
aten_0.1.m1.25626.m1,-7,1
aten_0.1.m1.25626.m1,0,1
aten_0.1.m1.16897.m1,-2,1
aten_0.1.m1.16164.m1,0,1
aten_0.1.m1.12787.m1,-8,0.811388949
aten_0.1.m1.24805.m1,0,1
aten_0.1.m1.15024.m1,-1,1
aten_0.1.m1.21173.m1,-5,1
aten_0.1.m1.12352.m1,0,1
aten_0.1.m1.12352.m1,0,1
aten_0.1.m1.17197.m1,-1,1
aten_0.1.m1.33268.m1,-24,0.024409781
aten_0.1.m1.33268.m1,-24,0.024409781
aten_0.1.m1.21648.m1,7,0.823946746
aten_0.1.m1.27460.m1,-5,1
aten_0.1.m1.6647.m1,0,1
aten_0.1.m1.6642.m1,0,1
aten_0.1.m1.6647.m1,0,1
aten_0.1.m1.9871.m1,17,0.175805049
aten_0.1.m1.9871.m1,17,0.175805049
aten_0.1.m1.29680.m1,0,1
aten_0.1.m1.29680.m1,0,1
aten_0.1.m1.3629.m1,-10,0.758267114
aten_0.1.m1.6068.m1,-16,0.089528301
aten_0.1.m1.6068.m1,-16,0.089528301
aten_0.1.m1.28093.m1,-5,0.993433057
aten_0.1.m1.18558.m1,-14,0.288759194
aten_0.1.m1.799.m1,-1,1
aten_0.1.m1.19844.m1,0,1
aten_0.1.m1.19844.m1,0,1
aten_0.1.m1.23746.m1,0,1
aten_0.1.m1.12060.m1,-2,1
aten_0.1.m1.23977.m1,-4,1
aten_0.1.m1.15272.m1,0,1
aten_0.1.m1.2300.m1,-10,0.714891027
aten_0.1.m1.2300.m1,-10,0.714891027
aten_0.1.m1.20558.m1,0,1
aten_0.1.m1.20558.m1,0,1
aten_0.1.m1.33142.m1,-10,0.111508339
aten_0.1.m1.10210.m1,20,0.082841021
aten_0.1.m1.10210.m1,20,0.082841021
aten_0.1.m1.25554.m1,-12,0.119871224
aten_0.1.m1.25554.m1,-12,0.119871224
aten_0.1.m1.31734.m1,-14,0.320835368
aten_0.1.m1.31734.m1,-14,0.320835368
aten_0.1.m1.26999.m1,-14,0.200047928
aten_0.1.m1.23175.m1,4,1
aten_0.1.m1.22224.m1,14,0.358799898
aten_0.1.m1.26191.m1,4,0.779650108
aten_0.1.m1.30146.m1,7,0.823946746
aten_0.1.m1.17750.m1,0,1
aten_0.1.m1.495.m1,1,1
aten_0.1.m1.21250.m1,0,1
aten_0.1.m1.6779.m1,8,0.082841021
aten_0.1.m1.28266.m1,10,0.59504063
aten_0.1.m1.28266.m1,10,0.59504063
aten_0.1.m1.9011.m1,0,1
aten_0.1.m1.16063.m1,0,1
aten_0.1.m1.13592.m1,0,1
aten_0.1.m1.22467.m1,0,1
aten_0.1.m1.22467.m1,0,1
aten_0.1.m1.1617.m1,0,1
aten_0.1.m1.1617.m1,0,1
aten_0.1.m1.21233.m1,0,1
aten_0.1.m1.21233.m1,0,1
aten_0.1.m1.11578.m1,3,1
aten_0.1.m1.11578.m1,3,1
aten_0.1.m1.18042.m1,-17,0.030051604
aten_0.1.m1.18042.m1,-17,0.030051604
aten_0.1.m1.29385.m1,18,0.041567311
aten_0.1.m1.66.m1,-3,1
aten_0.1.m1.66.m1,-3,1
aten_0.1.m1.16663.m1,7,0.140360402
aten_0.1.m1.1131.m1,0,1
aten_0.1.m1.8500.m1,0,1
aten_0.1.m1.14453.m1,0,1
aten_0.1.m1.14453.m1,0,1
aten_0.1.m1.8453.m1,0,1
aten_0.1.m1.9813.m1,-3,0.823946746
aten_0.1.m1.348.m1,-2,1
aten_0.1.m1.14717.m1,-3,1
aten_0.1.m1.14717.m1,-3,1
aten_0.1.m1.25219.m1,3,1
aten_0.1.m1.26447.m1,0,1
aten_0.1.m1.4680.m1,0,1
aten_0.1.m1.21588.m1,4,1
aten_0.1.m1.18881.m1,0,1
aten_0.1.m1.33126.m1,0,1
aten_0.1.m1.11013.m1,2,1
aten_0.1.m1.16448.m1,4,1
aten_0.1.m1.4711.m1,0,1
aten_0.1.m1.4711.m1,0,1
aten_0.1.m1.26219.m1,10,0.707849019
aten_0.1.m1.12077.m1,4,1
aten_0.1.m1.12077.m1,4,1
aten_0.1.m1.6754.m1,0,1
aten_0.1.m1.11897.m1,-3,1
aten_0.1.m1.11897.m1,-3,1
aten_0.1.m1.6067.m1,-10,0.317102795
aten_0.1.m1.27351.m1,-1,1
aten_0.1.m1.1362.m1,0,1
aten_0.1.m1.7138.m1,-21,0.064286164
aten_0.1.m1.20820.m1,0,1
aten_0.1.m1.19450.m1,0,1
aten_0.1.m1.15711.m1,0,1
aten_0.1.m1.15711.m1,0,1
aten_0.1.m1.2615.m1,0,1
aten_0.1.m1.28596.m1,14,0.086699178
aten_0.1.m1.28596.m1,14,0.086699178
aten_0.1.m1.31255.m1,0,1
aten_0.1.m1.31255.m1,0,1
aten_0.1.m1.25252.m1,-1,1
aten_0.1.m1.11536.m1,-7,0.566425697
aten_0.1.m1.11536.m1,-7,0.566425697
aten_0.1.m1.32841.m1,7,1
aten_0.1.m1.22827.m1,-8,0.082841021
aten_0.1.m1.22827.m1,-8,0.082841021
aten_0.1.m1.4438.m1,0,1
aten_0.1.m1.9498.m1,-4,1
aten_0.1.m1.27346.m1,-7,1
aten_0.1.m1.16417.m1,-16,0.072067257
aten_0.1.m1.4276.m1,0,1
aten_0.1.m1.4276.m1,7,1
aten_0.1.m1.3551.m1,-2,1
aten_0.1.m1.26506.m1,7,1
aten_0.1.m1.30354.m1,0,1
aten_0.1.m1.12921.m1,0,1
aten_0.1.m1.20643.m1,-10,0.758267114
aten_0.1.m1.3128.m1,-10,0.239680874
aten_0.1.m1.3128.m1,-10,0.239680874
aten_0.1.m1.19013.m1,-10,0.030051604
aten_0.1.m1.19013.m1,-10,0.030051604
aten_0.1.m1.3084.m1,0,1
aten_0.1.m1.22763.m1,-7,1
aten_0.1.m1.22763.m1,-7,1
aten_0.1.m1.17235.m1,11,0.260297624
aten_0.1.m1.17235.m1,11,0.260297624
aten_0.1.m1.21904.m1,0,1
aten_0.1.m1.14731.m1,5,0.358799898
aten_0.1.m1.19230.m1,-6,0.225787622
aten_0.1.m1.5758.m1,0,1
aten_0.1.m1.1448.m1,5,1
aten_0.1.m1.4683.m1,0,1
aten_0.1.m1.8834.m1,7,0.958489725
aten_0.1.m1.3348.m1,-3,0.823946746
aten_0.1.m1.2874.m1,3,1
aten_0.1.m1.13901.m1,0,1
aten_0.1.m1.16540.m1,-5,1
aten_0.1.m1.2380.m1,-1,1
aten_0.1.m1.3505.m1,8,0.831973842
aten_0.1.m1.20757.m1,-17,0.000649686
aten_0.1.m1.14046.m1,-10,0.317102795
aten_0.1.m1.28356.m1,0,1
aten_0.1.m1.12990.m1,0,1
aten_0.1.m1.15784.m1,-18,0.035757436
aten_0.1.m1.25630.m1,0,1
aten_0.1.m1.25630.m1,0,1
aten_0.1.m1.12826.m1,-1,1
aten_0.1.m1.20267.m1,-10,0.758267114
aten_0.1.m1.20267.m1,-10,0.758267114
aten_0.1.m1.26984.m1,5,0.358799898
aten_0.1.m1.26984.m1,5,0.358799898
aten_0.1.m1.19619.m1,9,0.566425697
aten_0.1.m1.19619.m1,9,0.566425697
aten_0.1.m1.16438.m1,0,1
aten_0.1.m1.16438.m1,0,1
aten_0.1.m1.21051.m1,-1,1
aten_0.1.m1.21051.m1,-1,1
aten_0.1.m1.9172.m1,-3,1
aten_0.1.m1.1208.m1,7,0.679571511
aten_0.1.m1.13577.m1,6,0.679571511
aten_0.1.m1.13577.m1,6,0.679571511
aten_0.1.m1.10937.m1,-3,1
aten_0.1.m1.5549.m1,0,1
aten_0.1.m1.1737.m1,9,0.455944731
aten_0.1.m1.25944.m1,0,1
aten_0.1.m1.12194.m1,-8,0.241683309
aten_0.1.m1.21013.m1,0,1
aten_0.1.m1.13880.m1,0,1
aten_0.1.m1.13880.m1,0,1
aten_0.1.m1.7373.m1,1,1
aten_0.1.m1.10088.m1,0,1
aten_0.1.m1.15559.m1,0,1
aten_0.1.m1.15559.m1,0,1
aten_0.1.m1.9062.m1,-1,1
aten_0.1.m1.9062.m1,-1,1
aten_0.1.m1.1413.m1,-15,0.099579491
aten_0.1.m1.1413.m1,-15,0.099579491
aten_0.1.m1.7282.m1,2,1
aten_0.1.m1.10809.m1,0,1
aten_0.1.m1.10809.m1,0,1
aten_0.1.m1.8275.m1,7,0.679571511
aten_0.1.m1.22993.m1,0,1
aten_0.1.m1.22993.m1,0,1
aten_0.1.m1.5441.m1,9,0.686079772
aten_0.1.m1.2410.m1,19,0.074790324
aten_0.1.m1.21013.m1,-12,0.403230613
aten_0.1.m1.10260.m1,0,1
aten_0.1.m1.7235.m1,0,1
aten_0.1.m1.7235.m1,0,1
aten_0.1.m1.21529.m1,-10,0.631590725
aten_0.1.m1.3504.m1,10,0.458998164
aten_0.1.m1.28878.m1,8,0.831973842
aten_0.1.m1.9226.m1,-11,0.235563322
aten_0.1.m1.9127.m1,0,1
aten_0.1.m1.9127.m1,0,1
aten_0.1.m1.14993.m1,0,1
aten_0.1.m1.14993.m1,0,1
aten_0.1.m1.14024.m1,0,1
aten_0.1.m1.3721.m1,0,1
aten_0.1.m1.15856.m1,0,1
aten_0.1.m1.1388.m1,-1,1
aten_0.1.m1.1388.m1,-1,1
aten_0.1.m1.32519.m1,-1,1
aten_0.1.m1.2842.m1,5,1
aten_0.1.m1.22744.m1,10,0.59504063
aten_0.1.m1.22744.m1,10,0.59504063
aten_0.1.m1.32207.m1,0,1
aten_0.1.m1.32207.m1,0,1
aten_0.1.m1.1302.m1,-8,0.982867425
aten_0.1.m1.1302.m1,-8,0.982867425
aten_0.1.m1.3357.m1,-3,1
aten_0.1.m1.3357.m1,-3,1
aten_0.1.m1.22305.m1,12,0.320835368
aten_0.1.m1.32378.m1,-1,1
aten_0.1.m1.32378.m1,-1,1
aten_0.1.m1.31574.m1,-14,0.170510191
aten_0.1.m1.3851.m1,6,0.784053738
aten_0.1.m1.16409.m1,-5,0.895693191
aten_0.1.m1.15565.m1,-10,0.317102795
aten_0.1.m1.10454.m1,0,1
aten_0.1.m1.12807.m1,-7,1
aten_0.1.m1.18630.m1,0,1
aten_0.1.m1.18630.m1,0,1
aten_0.1.m1.11456.m1,-6,0.679571511
aten_0.1.m1.2228.m1,7,0.679571511
aten_0.1.m1.2990.m1,0,1
aten_0.1.m1.3711.m1,3,1
aten_0.1.m1.27726.m1,10,0.439138548
aten_0.1.m1.888.m1,12,0.458998164
aten_0.1.m1.888.m1,12,0.458998164
aten_0.1.m1.3255.m1,1,1
aten_0.1.m1.1239.m1,0,1
aten_0.1.m1.4239.m1,-7,1
aten_0.1.m1.5492.m1,-2,1
aten_0.1.m1.15058.m1,0,1
aten_0.1.m1.15058.m1,0,1
aten_0.1.m1.929.m1,-3,0.823946746
aten_0.1.m1.929.m1,-3,0.823946746
aten_0.1.m1.570.m1,15,0.197376924
aten_0.1.m1.15432.m1,-5,1
aten_0.1.m1.203.m1,-11,0.458998164
aten_0.1.m1.203.m1,-11,0.458998164
aten_0.1.m1.3637.m1,0,1
aten_0.1.m1.20035.m1,0,1
aten_0.1.m1.20035.m1,0,1
aten_0.1.m1.2213.m1,0,1
aten_0.1.m1.2213.m1,0,1
aten_0.1.m1.1026.m1,0,1
aten_0.1.m1.7873.m1,16,0.052123187
aten_0.1.m1.3793.m1,0,1
aten_0.1.m1.11043.m1,6,0.745503719
aten_0.1.m1.20541.m1,10,0.317102795
aten_0.1.m1.20541.m1,10,0.317102795
aten_0.1.m1.30219.m1,0,1
aten_0.1.m1.26811.m1,0,1
aten_0.1.m1.26811.m1,0,1
aten_0.1.m1.8637.m1,0,1
aten_0.1.m1.8637.m1,0,1
aten_0.1.m1.11723.m1,-12,0.175805049
aten_0.1.m1.11723.m1,-12,0.175805049
aten_0.1.m1.22744.m1,0,1
aten_0.1.m1.22744.m1,0,1
aten_0.1.m1.1728.m1,0,1
aten_0.1.m1.1728.m1,0,1
aten_0.1.m1.1622.m1,0,1
aten_0.1.m1.11020.m1,5,0.895693191
aten_0.1.m1.1059.m1,0,1
aten_0.1.m1.33138.m1,8,0.679571511
aten_0.1.m1.11975.m1,0,1
aten_0.1.m1.11975.m1,0,1
aten_0.1.m1.12132.m1,7,1
aten_0.1.m1.12132.m1,7,1
aten_0.1.m1.24208.m1,-11,0.407410228
aten_0.1.m1.9139.m1,-9,0.823946746
aten_0.1.m1.9139.m1,-9,0.823946746
aten_0.1.m1.31347.m1,-13,0.458998164
aten_0.1.m1.749.m1,0,1
aten_0.1.m1.26420.m1,-3,1
aten_0.1.m1.25046.m1,-3,1
aten_0.1.m1.25046.m1,-3,1
aten_0.1.m1.20702.m1,6,0.679571511
aten_0.1.m1.20702.m1,6,0.679571511
aten_0.1.m1.12121.m1,4,1
aten_0.1.m1.3323.m1,0,1
aten_0.1.m1.3323.m1,0,1
aten_0.1.m1.2627.m1,-19,0.01661715
aten_0.1.m1.5609.m1,0,1
aten_0.1.m1.6645.m1,0,1
aten_0.1.m1.6645.m1,0,1
aten_0.1.m1.9423.m1,-1,1
aten_0.1.m1.21712.m1,4,1
aten_0.1.m1.16570.m1,2,1
aten_0.1.m1.16570.m1,2,1
aten_0.1.m1.16719.m1,-2,1
aten_0.1.m1.3442.m1,-1,1
aten_0.1.m1.3494.m1,18,0.025745086
aten_0.1.m1.18982.m1,0,1
aten_0.1.m1.29140.m1,-4,1
aten_0.1.m1.3073.m1,4,1
aten_0.1.m1.24549.m1,-8,0.982867425
aten_0.1.m1.24549.m1,-8,0.982867425
aten_0.1.m1.2494.m1,0,1
aten_0.1.m1.2494.m1,0,1
aten_0.1.m1.2494.m1,0,1
aten_0.1.m1.21502.m1,2,1
aten_0.1.m1.19789.m1,-5,1
aten_0.1.m1.2647.m1,-22,0.000423812
aten_0.1.m1.23010.m1,-8,0.883172472
aten_0.1.m1.6411.m1,12,0.287999804
aten_0.1.m1.20637.m1,1,1
aten_0.1.m1.16115.m1,0,1
aten_0.1.m1.3176.m1,12,0.478947113
aten_0.1.m1.25817.m1,10,0.030051604
aten_0.1.m1.25817.m1,10,0.030051604
aten_0.1.m1.25817.m1,0,1
aten_0.1.m1.25817.m1,0,1
aten_0.1.m1.18723.m1,0,1
aten_0.1.m1.18723.m1,0,1
aten_0.1.m1.19476.m1,-3,1
aten_0.1.m1.19476.m1,-3,1
aten_0.1.m1.2557.m1,8,0.883172472
aten_0.1.m1.16710.m1,4,1
aten_0.1.m1.2824.m1,0,1
aten_0.1.m1.22407.m1,-3,0.823946746
aten_0.1.m1.19735.m1,3,1
aten_0.1.m1.12590.m1,-19,0.025745086
aten_0.1.m1.27227.m1,10,0.59504063
aten_0.1.m1.17858.m1,4,1
aten_0.1.m1.1139.m1,6,1
aten_0.1.m1.18795.m1,-1,1
aten_0.1.m1.5636.m1,0,1
aten_0.1.m1.12704.m1,4,1
aten_0.1.m1.15081.m1,-10,0.203191175
aten_0.1.m1.8022.m1,-1,1
aten_0.1.m1.22898.m1,0,1
aten_0.1.m1.11905.m1,1,1
aten_0.1.m1.29460.m1,0,1
aten_0.1.m1.14681.m1,0,1
aten_0.1.m1.26995.m1,2,1
aten_0.1.m1.26995.m1,2,1
aten_0.1.m1.19860.m1,8,0.372442947
aten_0.1.m1.19860.m1,8,0.372442947
aten_0.1.m1.22256.m1,0,1
aten_0.1.m1.22256.m1,0,1
aten_0.1.m1.10027.m1,0,1
aten_0.1.m1.20007.m1,0,1
aten_0.1.m1.21421.m1,1,1
aten_0.1.m1.32151.m1,0,1
aten_0.1.m1.21934.m1,10,0.439138548
aten_0.1.m1.9007.m1,-2,1
aten_0.1.m1.26708.m1,12,0.175805049
aten_0.1.m1.15669.m1,6,1
aten_0.1.m1.27796.m1,4,1
aten_0.1.m1.2049.m1,0,1
aten_0.1.m1.12551.m1,0,1
aten_0.1.m1.10937.m1,2,1
aten_0.1.m1.6715.m1,0,1
aten_0.1.m1.6715.m1,0,1
aten_0.1.m1.2015.m1,0,1
aten_0.1.m1.2015.m1,0,1
aten_0.1.m1.27442.m1,3,1
aten_0.1.m1.11065.m1,0,1
aten_0.1.m1.6166.m1,12,0.365974035
aten_0.1.m1.20783.m1,0,1
aten_0.1.m1.20783.m1,0,1
aten_0.1.m1.9837.m1,0,1
aten_0.1.m1.27425.m1,-17,0.116562482
aten_0.1.m1.839.m1,0,1
aten_0.1.m1.22332.m1,-4,1
aten_0.1.m1.22332.m1,-4,1
aten_0.1.m1.3940.m1,0,1
aten_0.1.m1.1756.m1,0,1
aten_0.1.m1.20203.m1,-6,0.225787622
aten_0.1.m1.21381.m1,-1,1
aten_0.1.m1.21381.m1,-1,1
aten_0.1.m1.15362.m1,2,1
aten_0.1.m1.21476.m1,0,1
aten_0.1.m1.21476.m1,0,1
aten_0.1.m1.27497.m1,1,1
aten_0.1.m1.31729.m1,0,1
aten_0.1.m1.13071.m1,7,1
aten_0.1.m1.13071.m1,7,1
aten_0.1.m1.6848.m1,0,1
aten_0.1.m1.16881.m1,0,1
aten_0.1.m1.7321.m1,0,1
aten_0.1.m1.15434.m1,-3,1
aten_0.1.m1.15434.m1,-3,1
aten_0.1.m1.372.m1,-2,1
aten_0.1.m1.19292.m1,0,1
aten_0.1.m1.29473.m1,0,1
aten_0.1.m1.19742.m1,-2,1
aten_0.1.m1.5554.m1,0,1
aten_0.1.m1.10860.m1,0,1
aten_0.1.m1.10860.m1,0,1
aten_0.1.m1.14614.m1,5,0.993433057
aten_0.1.m1.716.m1,0,1
aten_0.1.m1.716.m1,0,1
aten_0.1.m1.21177.m1,0,1
aten_0.1.m1.17402.m1,0,1
aten_0.1.m1.17402.m1,0,1
aten_0.1.m1.544.m1,2,1
aten_0.1.m1.6713.m1,2,1
aten_0.1.m1.23369.m1,-12,0.320835368
aten_0.1.m1.7628.m1,7,0.679571511
aten_0.1.m1.7628.m1,7,0.679571511
aten_0.1.m1.33874.m1,0,1
aten_0.1.m1.6227.m1,5,0.993433057
aten_0.1.m1.12191.m1,-9,0.831973842
aten_0.1.m1.12191.m1,-9,0.831973842
aten_0.1.m1.321.m1,6,0.225787622
aten_0.1.m1.10930.m1,0,1
aten_0.1.m1.10930.m1,0,1
aten_0.1.m1.24108.m1,-9,0.831973842
aten_0.1.m1.24108.m1,-9,0.831973842
aten_0.1.m1.1074.m1,0,1
aten_0.1.m1.1069.m1,0,1
aten_0.1.m1.24967.m1,1,1
aten_0.1.m1.24967.m1,1,1
aten_0.1.m1.348.m1,-8,0.484738186
aten_0.1.m1.348.m1,-8,0.484738186
aten_0.1.m1.7606.m1,-12,0.320835368
aten_0.1.m1.7606.m1,-12,0.320835368
aten_0.1.m1.24619.m1,0,1
aten_0.1.m1.24619.m1,0,1
aten_0.1.m1.16141.m1,-3,0.823946746
aten_0.1.m1.12702.m1,0,1
aten_0.1.m1.12702.m1,0,1
aten_0.1.m1.4793.m1,-7,1
aten_0.1.m1.25172.m1,-5,0.993433057
aten_0.1.m1.21246.m1,7,1
aten_0.1.m1.6352.m1,-7,0.823946746
aten_0.1.m1.17508.m1,-18,0.079406978
aten_0.1.m1.6023.m1,3,1
aten_0.1.m1.6023.m1,3,1
aten_0.1.m1.4761.m1,0,1
aten_0.1.m1.33440.m1,7,0.919324265
aten_0.1.m1.1737.m1,5,0.993433057
aten_0.1.m1.31479.m1,7,0.779650108
aten_0.1.m1.19827.m1,1,1
aten_0.1.m1.19827.m1,1,1
aten_0.1.m1.24616.m1,1,1
aten_0.1.m1.22507.m1,0,1
aten_0.1.m1.22507.m1,0,1
aten_0.1.m1.18938.m1,0,1
aten_0.1.m1.12500.m1,0,1
aten_0.1.m1.4140.m1,-5,0.895693191
aten_0.1.m1.20253.m1,-5,1
aten_0.1.m1.20132.m1,0,1
aten_0.1.m1.20132.m1,0,1
aten_0.1.m1.16852.m1,-14,0.365974035
aten_0.1.m1.20746.m1,-6,0.745503719
aten_0.1.m1.2127.m1,0,1
aten_0.1.m1.3014.m1,0,1
aten_0.1.m1.24821.m1,1,1
aten_0.1.m1.24821.m1,1,1
aten_0.1.m1.16142.m1,-1,1
aten_0.1.m1.16142.m1,-1,1
aten_0.1.m1.22772.m1,0,1
aten_0.1.m1.22772.m1,0,1
aten_0.1.m1.8951.m1,0,1
aten_0.1.m1.24840.m1,0,1
aten_0.1.m1.277.m1,0,1
aten_0.1.m1.21233.m1,9,0.758267114
aten_0.1.m1.21233.m1,9,0.758267114
aten_0.1.m1.24329.m1,-5,0.686079772
aten_0.1.m1.21514.m1,-4,0.993433057
aten_0.1.m1.33884.m1,0,1
aten_0.1.m1.9161.m1,0,1
aten_0.1.m1.22428.m1,0,1
aten_0.1.m1.22428.m1,0,1
aten_0.1.m1.22457.m1,0,1
aten_0.1.m1.17619.m1,-9,0.724154609
aten_0.1.m1.16980.m1,-17,0.000649686
aten_0.1.m1.7269.m1,-5,0.993433057
aten_0.1.m1.19992.m1,-4,1
aten_0.1.m1.19992.m1,-10,0.503957807
aten_0.1.m1.27856.m1,0,1
aten_0.1.m1.9945.m1,0,1
aten_0.1.m1.19969.m1,9,0.652288775
aten_0.1.m1.4543.m1,9,0.779650108
aten_0.1.m1.3155.m1,5,0.993433057
aten_0.1.m1.24155.m1,7,1
aten_0.1.m1.7269.m1,-17,0.030051604
aten_0.1.m1.17184.m1,0,1
aten_0.1.m1.17184.m1,0,1
aten_0.1.m1.15252.m1,-1,1
aten_0.1.m1.8551.m1,-3,1
aten_0.1.m1.611.m1,0,1
aten_0.1.m1.18479.m1,-5,1
aten_0.1.m1.26052.m1,0,1
aten_0.1.m1.476.m1,0,1
aten_0.1.m1.9466.m1,-7,0.992876843
aten_0.1.m1.25734.m1,26,0.013692594
aten_0.1.m1.26033.m1,0,1
aten_0.1.m1.22593.m1,0,1
aten_0.1.m1.25711.m1,2,1
aten_0.1.m1.25711.m1,2,1
aten_0.1.m1.6631.m1,-3,1
aten_0.1.m1.446.m1,0,1
aten_0.1.m1.21923.m1,0,1
aten_0.1.m1.29947.m1,0,1
aten_0.1.m1.15203.m1,0,1
aten_0.1.m1.15203.m1,0,1
aten_0.1.m1.33945.m1,0,1
aten_0.1.m1.33945.m1,0,1
aten_0.1.m1.3096.m1,0,1
aten_0.1.m1.3096.m1,0,1
aten_0.1.m1.32837.m1,4,1
aten_0.1.m1.23385.m1,-1,1
aten_0.1.m1.4386.m1,0,1
aten_0.1.m1.5536.m1,3,1
aten_0.1.m1.4632.m1,17,0.116562482
aten_0.1.m1.2716.m1,0,1
aten_0.1.m1.30636.m1,0,1
aten_0.1.m1.11160.m1,-7,0.779650108
aten_0.1.m1.24639.m1,-5,1
aten_0.1.m1.14805.m1,1,1
aten_0.1.m1.14805.m1,1,1
aten_0.1.m1.7850.m1,0,1
aten_0.1.m1.13394.m1,0,1
aten_0.1.m1.25544.m1,-1,1
aten_0.1.m1.7797.m1,30,0.00244442
aten_0.1.m1.14656.m1,0,1
aten_0.1.m1.14230.m1,-11,0.319154092
aten_0.1.m1.19552.m1,7,1
aten_0.1.m1.4803.m1,0,1
aten_0.1.m1.18402.m1,-15,0.295626129
aten_0.1.m1.28340.m1,-4,0.555063148
aten_0.1.m1.22581.m1,-39,1.62175678087385e-05
aten_0.1.m1.14731.m1,0,1
aten_0.1.m1.14731.m1,0,1
aten_0.1.m1.887.m1,-9,0.831973842
aten_0.1.m1.32354.m1,0,1
aten_0.1.m1.884.m1,0,1
aten_0.1.m1.3638.m1,0,1
aten_0.1.m1.29315.m1,-4,1
aten_0.1.m1.19664.m1,7,0.779650108
aten_0.1.m1.23552.m1,-1,1
aten_0.1.m1.9278.m1,0,1
aten_0.1.m1.25162.m1,1,1
aten_0.1.m1.29925.m1,12,0.365974035
aten_0.1.m1.17497.m1,6,0.958489725
aten_0.1.m1.22827.m1,-13,0.082841021
aten_0.1.m1.6857.m1,17,0.197376924
aten_0.1.m1.24985.m1,-4,1
aten_0.1.m1.22689.m1,0,1
aten_0.1.m1.13885.m1,-4,1
aten_0.1.m1.13885.m1,-4,1
aten_0.1.m1.22510.m1,11,0.526535239
aten_0.1.m1.22510.m1,11,0.526535239
aten_0.1.m1.974.m1,9,0.686079772
aten_0.1.m1.15777.m1,0,1
aten_0.1.m1.24240.m1,9,0.455944731
aten_0.1.m1.3894.m1,28,0.000118865
aten_0.1.m1.3894.m1,28,0.000118865
aten_0.1.m1.6439.m1,0,1
aten_0.1.m1.6439.m1,0,1
aten_0.1.m1.18478.m1,-21,0.056295642
aten_0.1.m1.33739.m1,0,1
aten_0.1.m1.7385.m1,0,1
aten_0.1.m1.7385.m1,0,1
aten_0.1.m1.10061.m1,17,0.132548977
aten_0.1.m1.14716.m1,-14,0.0043086
aten_0.1.m1.20794.m1,-1,1
aten_0.1.m1.20794.m1,-1,1
aten_0.1.m1.13583.m1,0,1
aten_0.1.m1.13583.m1,0,1
aten_0.1.m1.1738.m1,-12,0.365974035
aten_0.1.m1.26456.m1,0,1
aten_0.1.m1.25185.m1,-9,0.823946746
aten_0.1.m1.25185.m1,-9,0.823946746
aten_0.1.m1.4631.m1,16,0.182600938
aten_0.1.m1.21112.m1,-3,1
aten_0.1.m1.26394.m1,0,1
aten_0.1.m1.22932.m1,0,1
aten_0.1.m1.5377.m1,0,1
aten_0.1.m1.33357.m1,0,1
aten_0.1.m1.22938.m1,7,1
aten_0.1.m1.22938.m1,7,1
aten_0.1.m1.18483.m1,6,0.83694844
aten_0.1.m1.9226.m1,0,1
aten_0.1.m1.19480.m1,0,1
aten_0.1.m1.24629.m1,0,1
aten_0.1.m1.24629.m1,0,1
aten_0.1.m1.22235.m1,2,1
aten_0.1.m1.721.m1,0,1
aten_0.1.m1.3239.m1,0,1
aten_0.1.m1.14990.m1,0,1
aten_0.1.m1.14990.m1,0,1
aten_0.1.m1.24840.m1,0,1
aten_0.1.m1.17526.m1,-3,1
aten_0.1.m1.8101.m1,0,1
aten_0.1.m1.20643.m1,-7,1
aten_0.1.m1.20080.m1,-2,1
aten_0.1.m1.1339.m1,11,0.526535239
aten_0.1.m1.19021.m1,-4,1
aten_0.1.m1.28863.m1,-16,0.027091399
aten_0.1.m1.18749.m1,4,1
aten_0.1.m1.19621.m1,-12,0.119871224
aten_0.1.m1.19621.m1,-12,0.119871224
aten_0.1.m1.20279.m1,17,0.132548977
aten_0.1.m1.200.m1,0,1
aten_0.1.m1.200.m1,0,1
aten_0.1.m1.16774.m1,-14,0.31281839
aten_0.1.m1.23037.m1,0,1
aten_0.1.m1.23037.m1,0,1
aten_0.1.m1.13948.m1,-1,1
aten_0.1.m1.24776.m1,0,1
aten_0.1.m1.3277.m1,-14,0.253504701
aten_0.1.m1.3277.m1,-14,0.253504701
aten_0.1.m1.24677.m1,0,1
aten_0.1.m1.11078.m1,-2,1
aten_0.1.m1.2072.m1,-15,0.099579491
aten_0.1.m1.19281.m1,-15,0.01511376
aten_0.1.m1.19281.m1,-15,0.01511376
aten_0.1.m1.32185.m1,7,1
aten_0.1.m1.29602.m1,11,0.022231772
aten_0.1.m1.29602.m1,11,0.022231772
aten_0.1.m1.24927.m1,0,1
aten_0.1.m1.21917.m1,0,1
aten_0.1.m1.17226.m1,0,1
aten_0.1.m1.17226.m1,0,1
aten_0.1.m1.26408.m1,-5,1
aten_0.1.m1.25274.m1,-5,1
aten_0.1.m1.25274.m1,-5,1
aten_0.1.m1.29094.m1,6,0.679571511
aten_0.1.m1.29094.m1,6,0.679571511
aten_0.1.m1.21252.m1,0,1
aten_0.1.m1.5249.m1,-7,0.679571511
aten_0.1.m1.4630.m1,9,0.779650108
aten_0.1.m1.4630.m1,9,0.779650108
aten_0.1.m1.2806.m1,3,0.823946746
aten_0.1.m1.24034.m1,-4,1
aten_0.1.m1.24034.m1,-4,1
aten_0.1.m1.27799.m1,12,0.365974035
aten_0.1.m1.27799.m1,12,0.365974035
aten_0.1.m1.15046.m1,-5,0.993433057
aten_0.1.m1.10679.m1,11,0.566425697
aten_0.1.m1.10679.m1,11,0.566425697
aten_0.1.m1.3316.m1,6,1
aten_0.1.m1.3316.m1,6,1
aten_0.1.m1.10892.m1,0,1
aten_0.1.m1.12829.m1,0,1
aten_0.1.m1.272.m1,4,1
aten_0.1.m1.272.m1,4,1
aten_0.1.m1.11590.m1,0,1
aten_0.1.m1.1736.m1,-3,1
aten_0.1.m1.1736.m1,-3,1
aten_0.1.m1.11258.m1,0,1
aten_0.1.m1.5384.m1,12,0.365974035
aten_0.1.m1.6176.m1,10,0.758267114
aten_0.1.m1.15595.m1,0,1
aten_0.1.m1.16188.m1,2,1
aten_0.1.m1.27857.m1,0,1
aten_0.1.m1.9866.m1,11,0.235563322
aten_0.1.m1.9866.m1,11,0.235563322
aten_0.1.m1.17431.m1,0,1
aten_0.1.m1.17431.m1,0,1
aten_0.1.m1.16728.m1,0,1
aten_0.1.m1.18612.m1,0,1
aten_0.1.m1.18612.m1,0,1
aten_0.1.m1.11562.m1,-7,1
aten_0.1.m1.22654.m1,0,1
aten_0.1.m1.22654.m1,0,1
aten_0.1.m1.27282.m1,-4,1
aten_0.1.m1.6413.m1,0,1
aten_0.1.m1.6413.m1,0,1
aten_0.1.m1.11844.m1,0,1
aten_0.1.m1.5553.m1,0,1
aten_0.1.m1.23497.m1,0,1
aten_0.1.m1.17527.m1,-1,1
aten_0.1.m1.17527.m1,-1,1
aten_0.1.m1.8293.m1,-8,0.823946746
aten_0.1.m1.22977.m1,-10,0.111508339
aten_0.1.m1.20302.m1,2,1
aten_0.1.m1.14039.m1,-10,0.503957807
aten_0.1.m1.19744.m1,0,1
aten_0.1.m1.15805.m1,-10,0.59504063
aten_0.1.m1.5544.m1,0,1
aten_0.1.m1.24108.m1,-3,0.823946746
aten_0.1.m1.24108.m1,-3,0.823946746
aten_0.1.m1.24218.m1,-2,1
aten_0.1.m1.6552.m1,0,1
aten_0.1.m1.13880.m1,-6,1
aten_0.1.m1.13880.m1,-6,1
aten_0.1.m1.33440.m1,10,0.59504063
aten_0.1.m1.18506.m1,0,1
aten_0.1.m1.19281.m1,-7,1
aten_0.1.m1.19281.m1,-7,1
aten_0.1.m1.29582.m1,1,1
aten_0.1.m1.33307.m1,-5,1
aten_0.1.m1.9802.m1,5,0.358799898
aten_0.1.m1.27708.m1,0,1
aten_0.1.m1.25030.m1,0,1
aten_0.1.m1.23365.m1,-7,0.823946746
aten_0.1.m1.31854.m1,2,1
aten_0.1.m1.31854.m1,2,1
aten_0.1.m1.19650.m1,0,1
aten_0.1.m1.19650.m1,0,1
aten_0.1.m1.6816.m1,-6,0.496714564
aten_0.1.m1.6816.m1,-6,0.496714564
aten_0.1.m1.3645.m1,21,0.009011813
aten_0.1.m1.3645.m1,21,0.009011813
aten_0.1.m1.7653.m1,2,1
aten_0.1.m1.22328.m1,2,1
aten_0.1.m1.22328.m1,2,1
aten_0.1.m1.27349.m1,1,1
aten_0.1.m1.29813.m1,-1,1
aten_0.1.m1.29813.m1,-1,1
aten_0.1.m1.3023.m1,0,1
aten_0.1.m1.33168.m1,2,1
aten_0.1.m1.33168.m1,2,1
aten_0.1.m1.277.m1,0,1
aten_0.1.m1.7159.m1,-5,1
aten_0.1.m1.9281.m1,0,1
aten_0.1.m1.15606.m1,0,1
aten_0.1.m1.10302.m1,-2,1
aten_0.1.m1.10302.m1,-2,1
aten_0.1.m1.3080.m1,0,1
aten_0.1.m1.16099.m1,0,1
aten_0.1.m1.21616.m1,14,0.086699178
aten_0.1.m1.21626.m1,14,0.086699178
aten_0.1.m1.12731.m1,-2,1
aten_0.1.m1.2089.m1,-6,0.982867425
aten_0.1.m1.16679.m1,-1,1
aten_0.1.m1.16679.m1,-1,1
aten_0.1.m1.20071.m1,6,0.679571511
aten_0.1.m1.20071.m1,6,0.679571511
aten_0.1.m1.616.m1,-10,0.030051604
aten_0.1.m1.22891.m1,9,0.779650108
aten_0.1.m1.11864.m1,0,1
aten_0.1.m1.24652.m1,0,1
aten_0.1.m1.14353.m1,12,0.403230613
aten_0.1.m1.22626.m1,0,1
aten_0.1.m1.31131.m1,0,1
aten_0.1.m1.31131.m1,0,1
aten_0.1.m1.5950.m1,0,1
aten_0.1.m1.10439.m1,0,1
aten_0.1.m1.14284.m1,-2,1
aten_0.1.m1.19408.m1,0,1
aten_0.1.m1.28074.m1,-11,0.407410228
aten_0.1.m1.4935.m1,0,1
aten_0.1.m1.13408.m1,0,1
aten_0.1.m1.3472.m1,23,0.003931766
aten_0.1.m1.24844.m1,-11,0.319154092
aten_0.1.m1.14785.m1,-3,1
aten_0.1.m1.4364.m1,2,1
aten_0.1.m1.1637.m1,0,1
aten_0.1.m1.25626.m1,-3,1
aten_0.1.m1.25626.m1,-3,1
aten_0.1.m1.21165.m1,0,1
aten_0.1.m1.6066.m1,0,1
aten_0.1.m1.6066.m1,0,1
aten_0.1.m1.684.m1,-3,1
aten_0.1.m1.5213.m1,-3,1
aten_0.1.m1.3978.m1,5,1
aten_0.1.m1.3978.m1,5,1
aten_0.1.m1.20267.m1,-2,1
aten_0.1.m1.20267.m1,-2,1
aten_0.1.m1.33860.m1,-18,0.153157769
aten_0.1.m1.33860.m1,-18,0.153157769
aten_0.1.m1.13660.m1,-1,1
aten_0.1.m1.13660.m1,-1,1
aten_0.1.m1.33212.m1,0,1
aten_0.1.m1.33212.m1,0,1
aten_0.1.m1.22634.m1,3,1
aten_0.1.m1.4297.m1,8,0.082841021
aten_0.1.m1.4297.m1,8,0.082841021
aten_0.1.m1.110.m1,0,1
aten_0.1.m1.569.m1,0,1
aten_0.1.m1.14307.m1,-3,1
aten_0.1.m1.15997.m1,10,0.758267114
aten_0.1.m1.15997.m1,10,0.758267114
aten_0.1.m1.20085.m1,-2,1
aten_0.1.m1.8189.m1,0,1
aten_0.1.m1.4390.m1,0,1
aten_0.1.m1.4390.m1,0,1
aten_0.1.m1.16370.m1,-5,1
aten_0.1.m1.16084.m1,0,1
aten_0.1.m1.16084.m1,0,1
aten_0.1.m1.7227.m1,3,0.823946746
aten_0.1.m1.3362.m1,1,1
aten_0.1.m1.23008.m1,-4,1
aten_0.1.m1.876.m1,0,1
aten_0.1.m1.876.m1,0,1
aten_0.1.m1.19544.m1,0,1
aten_0.1.m1.30197.m1,0,1
aten_0.1.m1.19299.m1,0,1
aten_0.1.m1.14072.m1,-5,0.895693191
aten_0.1.m1.5609.m1,3,1
aten_0.1.m1.27442.m1,18,0.035757436
aten_0.1.m1.5528.m1,0,1
aten_0.1.m1.5528.m1,0,1
aten_0.1.m1.13650.m1,2,1
aten_0.1.m1.13650.m1,0,1
aten_0.1.m1.30249.m1,-2,1
aten_0.1.m1.30249.m1,-2,1
aten_0.1.m1.12344.m1,24,0.014992978
aten_0.1.m1.12344.m1,24,0.014992978
aten_0.1.m1.3547.m1,5,1
aten_0.1.m1.22704.m1,11,0.566425697
aten_0.1.m1.30992.m1,0,1
aten_0.1.m1.12333.m1,0,1
aten_0.1.m1.1342.m1,0,1
aten_0.1.m1.12540.m1,0,1
aten_0.1.m1.18697.m1,-10,0.503957807
aten_0.1.m1.12842.m1,0,1
aten_0.1.m1.12842.m1,0,1
aten_0.1.m1.19035.m1,0,1
aten_0.1.m1.21114.m1,2,1
aten_0.1.m1.21120.m1,2,1
aten_0.1.m1.3122.m1,0,1
aten_0.1.m1.14109.m1,0,1
aten_0.1.m1.25770.m1,0,1
aten_0.1.m1.25770.m1,0,1
aten_0.1.m1.4255.m1,-10,0.111508339
aten_0.1.m1.4255.m1,-10,0.111508339
aten_0.1.m1.12051.m1,7,0.679571511
aten_0.1.m1.12051.m1,-6,0.679571511
aten_0.1.m1.13577.m1,3,1
aten_0.1.m1.27777.m1,7,1
aten_0.1.m1.22903.m1,0,1
aten_0.1.m1.23374.m1,8,0.974972282
aten_0.1.m1.30051.m1,-4,1
aten_0.1.m1.32204.m1,3,0.823946746
aten_0.1.m1.15392.m1,14,0.200047928
aten_0.1.m1.15392.m1,14,0.200047928
aten_0.1.m1.12691.m1,6,1
aten_0.1.m1.1753.m1,0,1
aten_0.1.m1.24241.m1,6,0.83694844
aten_0.1.m1.11745.m1,-7,0.566425697
aten_0.1.m1.7530.m1,0,1
aten_0.1.m1.18021.m1,-1,1
aten_0.1.m1.21476.m1,0,1
aten_0.1.m1.21476.m1,0,1
aten_0.1.m1.2540.m1,0,1
aten_0.1.m1.21986.m1,-2,1
aten_0.1.m1.24122.m1,2,1
aten_0.1.m1.22429.m1,14,0.235563322
aten_0.1.m1.21462.m1,0,1
aten_0.1.m1.5570.m1,0,1
aten_0.1.m1.21021.m1,0,1
aten_0.1.m1.22307.m1,0,1
aten_0.1.m1.22307.m1,0,1
aten_0.1.m1.24979.m1,3,1
aten_0.1.m1.24979.m1,29,0.004162631
aten_0.1.m1.9678.m1,-2,1
aten_0.1.m1.4392.m1,0,1
aten_0.1.m1.4392.m1,0,1
aten_0.1.m1.10240.m1,-9,0.507749831
aten_0.1.m1.11541.m1,3,1
aten_0.1.m1.2874.m1,19,0.025745086
aten_0.1.m1.18174.m1,-6,1
aten_0.1.m1.3956.m1,6,0.496714564
aten_0.1.m1.3956.m1,6,0.496714564
aten_0.1.m1.27241.m1,0,1
aten_0.1.m1.18411.m1,5,1
aten_0.1.m1.23640.m1,12,0.550791569
aten_0.1.m1.23640.m1,12,0.550791569
aten_0.1.m1.3040.m1,0,1
aten_0.1.m1.5384.m1,-11,0.407410228
aten_0.1.m1.19406.m1,0,1
aten_0.1.m1.21267.m1,0,1
aten_0.1.m1.9228.m1,19,0.041567311
aten_0.1.m1.9228.m1,19,0.041567311
aten_0.1.m1.2029.m1,0,1
aten_0.1.m1.2025.m1,0,1
aten_0.1.m1.16707.m1,4,1
aten_0.1.m1.16707.m1,4,1
aten_0.1.m1.21262.m1,0,1
aten_0.1.m1.21262.m1,0,1
aten_0.1.m1.28025.m1,-8,0.652288775
aten_0.1.m1.12467.m1,13,0.458998164
aten_0.1.m1.29021.m1,1,1
aten_0.1.m1.2726.m1,0,1
aten_0.1.m1.9350.m1,0,1
aten_0.1.m1.19485.m1,0,1
aten_0.1.m1.1231.m1,-14,0.0043086
aten_0.1.m1.2225.m1,0,1
aten_0.1.m1.11020.m1,2,1
aten_0.1.m1.19582.m1,2,1
aten_0.1.m1.17591.m1,-3,0.823946746
aten_0.1.m1.12240.m1,0,1
aten_0.1.m1.12446.m1,-11,0.458998164
aten_0.1.m1.3867.m1,2,1
aten_0.1.m1.3867.m1,2,1
aten_0.1.m1.321.m1,0,1
aten_0.1.m1.29531.m1,0,1
aten_0.1.m1.20990.m1,-7,1
aten_0.1.m1.25276.m1,0,1
aten_0.1.m1.25276.m1,0,1
aten_0.1.m1.6838.m1,-13,0.030051604
aten_0.1.m1.25994.m1,0,1
aten_0.1.m1.11067.m1,0,1
aten_0.1.m1.28097.m1,17,0.065411489
aten_0.1.m1.6515.m1,0,1
aten_0.1.m1.15767.m1,1,1
aten_0.1.m1.15767.m1,1,1
aten_0.1.m1.13104.m1,-5,1
aten_0.1.m1.9985.m1,2,1
aten_0.1.m1.31334.m1,0,1
aten_0.1.m1.31334.m1,0,1
aten_0.1.m1.10350.m1,-19,0.041567311
aten_0.1.m1.22826.m1,-7,0.679571511
aten_0.1.m1.3919.m1,9,0.779650108
aten_0.1.m1.22966.m1,7,0.992876843
aten_0.1.m1.3252.m1,15,0.149700079
aten_0.1.m1.3252.m1,15,0.149700079
aten_0.1.m1.18687.m1,12,0.365974035
aten_0.1.m1.1992.m1,-2,1
aten_0.1.m1.12008.m1,-1,1
aten_0.1.m1.12008.m1,-1,1
aten_0.1.m1.19482.m1,2,1
aten_0.1.m1.19482.m1,2,1
aten_0.1.m1.26205.m1,12,0.320835368
aten_0.1.m1.14479.m1,0,1
aten_0.1.m1.13252.m1,3,1
aten_0.1.m1.15792.m1,6,0.679571511
aten_0.1.m1.32979.m1,0,1
aten_0.1.m1.30259.m1,0,1
aten_0.1.m1.30259.m1,0,1
aten_0.1.m1.33478.m1,-7,1
aten_0.1.m1.5151.m1,15,0.247263243
aten_0.1.m1.5151.m1,15,0.247263243
aten_0.1.m1.25675.m1,-8,0.241683309
aten_0.1.m1.25675.m1,-8,0.241683309
aten_0.1.m1.19408.m1,14,0.170510191
aten_0.1.m1.19408.m1,14,0.170510191
aten_0.1.m1.18689.m1,0,1
aten_0.1.m1.18689.m1,0,1
aten_0.1.m1.23378.m1,0,1
aten_0.1.m1.23378.m1,0,1
aten_0.1.m1.24428.m1,1,1
aten_0.1.m1.11747.m1,-3,0.823946746
aten_0.1.m1.11747.m1,-9,0.320835368
aten_0.1.m1.30720.m1,7,1
aten_0.1.m1.22815.m1,0,1
aten_0.1.m1.6343.m1,0,1
aten_0.1.m1.18481.m1,4,1
aten_0.1.m1.29508.m1,-21,0.058932477
aten_0.1.m1.31322.m1,1,1
aten_0.1.m1.22724.m1,12,0.507749831
aten_0.1.m1.22724.m1,12,0.507749831
aten_0.1.m1.363.m1,0,1
aten_0.1.m1.31313.m1,0,1
aten_0.1.m1.31267.m1,0,1
aten_0.1.m1.2187.m1,0,1
aten_0.1.m1.2190.m1,0,1
aten_0.1.m1.2187.m1,0,1
aten_0.1.m1.4609.m1,3,1
aten_0.1.m1.16426.m1,3,1
aten_0.1.m1.16426.m1,3,1
aten_0.1.m1.28101.m1,-1,1
aten_0.1.m1.28101.m1,-1,1
aten_0.1.m1.12120.m1,11,0.658391926
aten_0.1.m1.26206.m1,3,1
aten_0.1.m1.30092.m1,-2,1
aten_0.1.m1.30092.m1,-2,1
aten_0.1.m1.18471.m1,0,1
aten_0.1.m1.18471.m1,0,1
aten_0.1.m1.19390.m1,0,1
aten_0.1.m1.17390.m1,-2,1
aten_0.1.m1.17390.m1,-2,1
aten_0.1.m1.19621.m1,0,1
aten_0.1.m1.19621.m1,0,1
aten_0.1.m1.32770.m1,-14,0.235563322
aten_0.1.m1.32770.m1,-14,0.235563322
aten_0.1.m1.7606.m1,0,1
aten_0.1.m1.17851.m1,11,0.260297624
aten_0.1.m1.17851.m1,11,0.260297624
aten_0.1.m1.28894.m1,0,1
aten_0.1.m1.28894.m1,0,1
aten_0.1.m1.4572.m1,0,1
aten_0.1.m1.4572.m1,0,1
aten_0.1.m1.1795.m1,0,1
aten_0.1.m1.1219.m1,-1,1
aten_0.1.m1.19011.m1,7,0.919324265
aten_0.1.m1.20704.m1,-4,1
aten_0.1.m1.12185.m1,14,0.31281839
aten_0.1.m1.14142.m1,7,1
aten_0.1.m1.23615.m1,12,0.5400878
aten_0.1.m1.15338.m1,-7,0.779650108
aten_0.1.m1.2381.m1,0,1
aten_0.1.m1.26962.m1,5,1
aten_0.1.m1.22634.m1,0,1
aten_0.1.m1.1862.m1,8,0.95886381
aten_0.1.m1.1862.m1,8,0.95886381
aten_0.1.m1.1859.m1,8,0.95886381
aten_0.1.m1.31592.m1,0,1
aten_0.1.m1.31592.m1,0,1
aten_0.1.m1.20021.m1,1,1
aten_0.1.m1.6953.m1,8,0.831973842
aten_0.1.m1.10155.m1,14,0.31281839
aten_0.1.m1.10155.m1,14,0.31281839
aten_0.1.m1.10755.m1,21,0.020620777
aten_0.1.m1.19326.m1,19,0.090238319
aten_0.1.m1.2466.m1,-5,1
aten_0.1.m1.5316.m1,13,0.458998164
aten_0.1.m1.11620.m1,-9,0.320835368
aten_0.1.m1.11620.m1,-9,0.320835368
aten_0.1.m1.11620.m1,0,1
aten_0.1.m1.11620.m1,0,1
aten_0.1.m1.15633.m1,10,0.203191175
aten_0.1.m1.15633.m1,10,0.203191175
aten_0.1.m1.29808.m1,-5,0.895693191
aten_0.1.m1.15259.m1,7,0.992876843
aten_0.1.m1.25350.m1,0,1
aten_0.1.m1.8230.m1,0,1
aten_0.1.m1.14628.m1,-13,0.082841021
aten_0.1.m1.19302.m1,-7,0.679571511
aten_0.1.m1.4707.m1,-10,0.458998164
aten_0.1.m1.2634.m1,0,1
aten_0.1.m1.2634.m1,0,1
aten_0.1.m1.16709.m1,-3,1
aten_0.1.m1.24736.m1,-1,1
aten_0.1.m1.723.m1,7,0.992876843
aten_0.1.m1.17386.m1,0,1
aten_0.1.m1.14206.m1,5,1
aten_0.1.m1.5347.m1,-1,1
aten_0.1.m1.24944.m1,4,1
aten_0.1.m1.763.m1,-1,1
aten_0.1.m1.27771.m1,0,1
aten_0.1.m1.1192.m1,0,1
aten_0.1.m1.18358.m1,-2,1
aten_0.1.m1.18358.m1,6,1
aten_0.1.m1.6533.m1,2,1
aten_0.1.m1.6533.m1,2,1
aten_0.1.m1.21195.m1,-9,0.170510191
aten_0.1.m1.28057.m1,-16,0.072067257
aten_0.1.m1.28057.m1,-16,0.072067257
aten_0.1.m1.7836.m1,-1,1
aten_0.1.m1.17243.m1,0,1
aten_0.1.m1.10000.m1,0,1
aten_0.1.m1.12915.m1,0,1
aten_0.1.m1.1219.m1,3,0.823946746
aten_0.1.m1.8122.m1,0,1
aten_0.1.m1.22321.m1,15,0.00244442
aten_0.1.m1.28921.m1,0,1
aten_0.1.m1.28921.m1,0,1
aten_0.1.m1.12322.m1,0,1
aten_0.1.m1.12322.m1,0,1
aten_0.1.m1.18052.m1,-2,1
aten_0.1.m1.18052.m1,-2,1
aten_0.1.m1.13586.m1,0,1
aten_0.1.m1.13261.m1,0,1
aten_0.1.m1.21023.m1,0,1
aten_0.1.m1.10365.m1,-9,0.170510191
aten_0.1.m1.10365.m1,-9,0.170510191
aten_0.1.m1.7303.m1,0,1
aten_0.1.m1.7303.m1,0,1
aten_0.1.m1.1351.m1,1,1
aten_0.1.m1.1351.m1,1,1
aten_0.1.m1.33315.m1,0,1
aten_0.1.m1.33315.m1,0,1
aten_0.1.m1.27238.m1,-5,0.686079772
aten_0.1.m1.14834.m1,-10,0.631590725
aten_0.1.m1.22643.m1,-1,1
aten_0.1.m1.11839.m1,0,1
aten_0.1.m1.14112.m1,-1,1
aten_0.1.m1.14112.m1,-1,1
aten_0.1.m1.24863.m1,2,1
aten_0.1.m1.15022.m1,0,1
aten_0.1.m1.9802.m1,2,1
aten_0.1.m1.32068.m1,10,0.714891027
aten_0.1.m1.32068.m1,10,0.714891027
aten_0.1.m1.14977.m1,0,1
aten_0.1.m1.7595.m1,0,1
aten_0.1.m1.28819.m1,0,1
aten_0.1.m1.1674.m1,1,1
aten_0.1.m1.1674.m1,1,1
aten_0.1.m1.26494.m1,-17,0.116562482
aten_0.1.m1.26494.m1,-17,0.116562482
aten_0.1.m1.12666.m1,3,1
aten_0.1.m1.12666.m1,3,1
aten_0.1.m1.21147.m1,9,0.686079772
aten_0.1.m1.13255.m1,-1,1
aten_0.1.m1.7274.m1,0,1
aten_0.1.m1.7274.m1,0,1
aten_0.1.m1.19388.m1,1,1
aten_0.1.m1.19388.m1,1,1
aten_0.1.m1.27779.m1,0,1
aten_0.1.m1.27779.m1,0,1
aten_0.1.m1.6329.m1,0,1
aten_0.1.m1.6555.m1,11,0.62648178
aten_0.1.m1.6555.m1,11,0.62648178
aten_0.1.m1.5857.m1,0,1
aten_0.1.m1.5857.m1,0,1
aten_0.1.m1.3965.m1,9,0.455944731
aten_0.1.m1.21197.m1,-3,1
aten_0.1.m1.21197.m1,-3,1
aten_0.1.m1.27018.m1,7,0.679571511
aten_0.1.m1.27018.m1,7,0.679571511
aten_0.1.m1.29465.m1,0,1
aten_0.1.m1.29465.m1,0,1
aten_0.1.m1.17555.m1,-5,1
aten_0.1.m1.30248.m1,-1,1
aten_0.1.m1.14144.m1,-8,0.982867425
aten_0.1.m1.20558.m1,2,1
aten_0.1.m1.8348.m1,-19,0.115736367
aten_0.1.m1.32588.m1,0,1
aten_0.1.m1.19307.m1,1,1
aten_0.1.m1.19307.m1,1,1
aten_0.1.m1.9127.m1,0,1
aten_0.1.m1.5584.m1,0,1
aten_0.1.m1.3973.m1,5,0.358799898
aten_0.1.m1.6159.m1,-17,0.021981527
aten_0.1.m1.32991.m1,0,1
aten_0.1.m1.588.m1,-4,1
aten_0.1.m1.15699.m1,5,0.358799898
aten_0.1.m1.15699.m1,5,0.358799898
aten_0.1.m1.24863.m1,0,1
aten_0.1.m1.26953.m1,6,1
aten_0.1.m1.7994.m1,-14,0.200047928
aten_0.1.m1.7997.m1,-14,0.200047928
aten_0.1.m1.34115.m1,2,1
aten_0.1.m1.22704.m1,2,1
aten_0.1.m1.3216.m1,0,1
aten_0.1.m1.3216.m1,0,1
aten_0.1.m1.27725.m1,-10,0.758267114
aten_0.1.m1.32089.m1,-3,1
aten_0.1.m1.32089.m1,-3,1
aten_0.1.m1.13577.m1,0,1
aten_0.1.m1.22640.m1,-1,1
aten_0.1.m1.22640.m1,-1,1
aten_0.1.m1.2565.m1,2,1
aten_0.1.m1.19710.m1,0,1
aten_0.1.m1.19710.m1,0,1
aten_0.1.m1.13216.m1,-24,0.024409781
aten_0.1.m1.9834.m1,0,1
aten_0.1.m1.9834.m1,0,1
aten_0.1.m1.7244.m1,0,1
aten_0.1.m1.3348.m1,-5,1
aten_0.1.m1.9439.m1,-1,1
aten_0.1.m1.22898.m1,-1,1
aten_0.1.m1.11487.m1,-14,0.138443349
aten_0.1.m1.27886.m1,22,0.037236677
aten_0.1.m1.7144.m1,3,1
aten_0.1.m1.7144.m1,3,1
aten_0.1.m1.19564.m1,-8,0.525158778
aten_0.1.m1.416.m1,0,1
aten_0.1.m1.416.m1,0,1
aten_0.1.m1.5592.m1,0,1
aten_0.1.m1.25496.m1,-1,1
aten_0.1.m1.25496.m1,-1,1
aten_0.1.m1.16037.m1,0,1
aten_0.1.m1.7537.m1,0,1
aten_0.1.m1.7537.m1,0,1
aten_0.1.m1.5592.m1,10,0.503957807
aten_0.1.m1.5419.m1,0,1
aten_0.1.m1.5419.m1,0,1
aten_0.1.m1.493.m1,-10,0.111508339
aten_0.1.m1.493.m1,-10,0.111508339
aten_0.1.m1.19408.m1,2,1
aten_0.1.m1.19408.m1,2,1
aten_0.1.m1.19408.m1,7,1
aten_0.1.m1.19408.m1,7,1
aten_0.1.m1.14252.m1,-3,1
aten_0.1.m1.11105.m1,1,1
aten_0.1.m1.11105.m1,1,1
aten_0.1.m1.22941.m1,-7,0.679571511
aten_0.1.m1.9161.m1,-22,4.59856082099987e-05
aten_0.1.m1.9161.m1,-22,4.59856082099987e-05
aten_0.1.m1.1058.m1,0,1
aten_0.1.m1.6240.m1,22,0.024409781
aten_0.1.m1.13999.m1,-19,0.041567311
aten_0.1.m1.7226.m1,-6,0.496714564
aten_0.1.m1.2140.m1,-5,1
aten_0.1.m1.16053.m1,-14,0.253504701
aten_0.1.m1.16053.m1,-14,0.253504701
aten_0.1.m1.10115.m1,0,1
aten_0.1.m1.10115.m1,0,1
aten_0.1.m1.2931.m1,-1,1
aten_0.1.m1.2931.m1,-1,1
aten_0.1.m1.19227.m1,14,0.253504701
aten_0.1.m1.19227.m1,14,0.253504701
aten_0.1.m1.19950.m1,0,1
aten_0.1.m1.17563.m1,-10,0.317102795
aten_0.1.m1.2305.m1,0,1
aten_0.1.m1.2305.m1,0,1
aten_0.1.m1.19867.m1,-21,0.056295642
aten_0.1.m1.22903.m1,-12,0.365974035
aten_0.1.m1.16897.m1,-5,1
aten_0.1.m1.28699.m1,0,1
aten_0.1.m1.28699.m1,0,1
aten_0.1.m1.3948.m1,0,1
aten_0.1.m1.17698.m1,2,1
aten_0.1.m1.31215.m1,-1,1
aten_0.1.m1.31215.m1,-24,0.024409781
aten_0.1.m1.2968.m1,0,1
aten_0.1.m1.2968.m1,0,1
aten_0.1.m1.5529.m1,-19,0.01661715
aten_0.1.m1.5529.m1,-19,0.01661715
aten_0.1.m1.14258.m1,4,1
aten_0.1.m1.14389.m1,0,1
aten_0.1.m1.27347.m1,0,1
aten_0.1.m1.27347.m1,0,1
aten_0.1.m1.19286.m1,0,1
aten_0.1.m1.11124.m1,0,1
aten_0.1.m1.11124.m1,0,1
aten_0.1.m1.11124.m1,4,1
aten_0.1.m1.11124.m1,4,1
aten_0.1.m1.1794.m1,5,1
aten_0.1.m1.23510.m1,0,1
aten_0.1.m1.12637.m1,-6,0.745503719
aten_0.1.m1.22574.m1,-8,0.241683309
aten_0.1.m1.19503.m1,-13,0.433008542
aten_0.1.m1.9089.m1,0,1
aten_0.1.m1.6580.m1,0,1
aten_0.1.m1.18217.m1,-14,0.31281839
aten_0.1.m1.11207.m1,-8,0.982867425
aten_0.1.m1.11207.m1,-8,0.982867425
aten_0.1.m1.12425.m1,-12,0.534177892
aten_0.1.m1.3055.m1,-9,0.320835368
aten_0.1.m1.3055.m1,-9,0.320835368
aten_0.1.m1.18862.m1,-7,1
aten_0.1.m1.18862.m1,-7,1
aten_0.1.m1.15538.m1,0,1
aten_0.1.m1.3656.m1,0,1
aten_0.1.m1.3656.m1,0,1
aten_0.1.m1.26153.m1,11,0.596555899
aten_0.1.m1.26153.m1,11,0.596555899
aten_0.1.m1.31.m1,1,1
aten_0.1.m1.31.m1,1,1
aten_0.1.m1.3959.m1,-3,0.823946746
aten_0.1.m1.30427.m1,4,1
aten_0.1.m1.23830.m1,-7,0.566425697
aten_0.1.m1.10175.m1,0,1
aten_0.1.m1.10175.m1,0,1
aten_0.1.m1.1167.m1,3,0.823946746
aten_0.1.m1.1167.m1,3,0.823946746
aten_0.1.m1.15340.m1,0,1
aten_0.1.m1.15340.m1,0,1
aten_0.1.m1.5533.m1,-4,1
aten_0.1.m1.27748.m1,-24,0.024409781
aten_0.1.m1.15877.m1,23,0.018005622
aten_0.1.m1.15877.m1,23,0.018005622
aten_0.1.m1.1688.m1,0,1
aten_0.1.m1.1688.m1,0,1
aten_0.1.m1.19561.m1,-1,1
aten_0.1.m1.15.m1,14,0.138443349
aten_0.1.m1.15.m1,14,0.138443349
aten_0.1.m1.16559.m1,0,1
aten_0.1.m1.16559.m1,0,1
aten_0.1.m1.15344.m1,0,1
aten_0.1.m1.7860.m1,0,1
aten_0.1.m1.7860.m1,0,1
aten_0.1.m1.28580.m1,0,1
aten_0.1.m1.1364.m1,0,1
aten_0.1.m1.1364.m1,0,1
aten_0.1.m1.15519.m1,0,1
aten_0.1.m1.18203.m1,12,0.433008542
aten_0.1.m1.18203.m1,12,0.433008542
aten_0.1.m1.6483.m1,11,0.260297624
aten_0.1.m1.19550.m1,-24,0.022811629
aten_0.1.m1.19550.m1,-24,0.022811629
aten_0.1.m1.19810.m1,-1,1
aten_0.1.m1.16767.m1,-3,0.823946746
aten_0.1.m1.16767.m1,-3,0.823946746
aten_0.1.m1.22993.m1,0,1
aten_0.1.m1.22993.m1,0,1
aten_0.1.m1.5309.m1,-3,1
aten_0.1.m1.1964.m1,4,1
aten_0.1.m1.1960.m1,4,1
aten_0.1.m1.10301.m1,0,1
aten_0.1.m1.4388.m1,-15,0.149700079
aten_0.1.m1.6662.m1,0,1
aten_0.1.m1.11133.m1,21,0.014476039
aten_0.1.m1.11133.m1,21,0.014476039
aten_0.1.m1.20685.m1,-3,1
aten_0.1.m1.20685.m1,0,1
aten_0.1.m1.18894.m1,0,1
aten_0.1.m1.21103.m1,2,1
aten_0.1.m1.21103.m1,2,1
aten_0.1.m1.18962.m1,3,1
aten_0.1.m1.17400.m1,-5,1
aten_0.1.m1.13671.m1,-10,0.745503719
aten_0.1.m1.10002.m1,4,1
aten_0.1.m1.23664.m1,7,0.992876843
aten_0.1.m1.23664.m1,7,0.992876843
aten_0.1.m1.30203.m1,40,1.24587251181614e-05
aten_0.1.m1.25353.m1,-1,1
aten_0.1.m1.29284.m1,0,1
aten_0.1.m1.32554.m1,0,1
aten_0.1.m1.14322.m1,0,1
aten_0.1.m1.11037.m1,7,0.779650108
aten_0.1.m1.22486.m1,-20,0.064286164
aten_0.1.m1.24924.m1,-19,0.008932174
aten_0.1.m1.24924.m1,-19,0.008932174
aten_0.1.m1.11005.m1,0,1
aten_0.1.m1.20800.m1,-5,1
aten_0.1.m1.20800.m1,-5,1
aten_0.1.m1.16379.m1,7,0.851604021
aten_0.1.m1.2571.m1,-7,0.679571511
aten_0.1.m1.33966.m1,8,0.082841021
aten_0.1.m1.15203.m1,-2,1
aten_0.1.m1.15203.m1,-2,1
aten_0.1.m1.25812.m1,0,1
aten_0.1.m1.25812.m1,0,1
aten_0.1.m1.32988.m1,-7,0.566425697
aten_0.1.m1.32988.m1,-7,0.566425697
aten_0.1.m1.21218.m1,0,1
aten_0.1.m1.33907.m1,0,1
aten_0.1.m1.33907.m1,0,1
aten_0.1.m1.26348.m1,11,0.478947113
aten_0.1.m1.26348.m1,11,0.478947113
aten_0.1.m1.5996.m1,-11,0.650103753
aten_0.1.m1.5996.m1,-11,0.650103753
aten_0.1.m1.5996.m1,0,1
aten_0.1.m1.5996.m1,0,1
aten_0.1.m1.24942.m1,6,0.958489725
aten_0.1.m1.21438.m1,3,1
aten_0.1.m1.21438.m1,3,1
aten_0.1.m1.4867.m1,0,1
aten_0.1.m1.4867.m1,0,1
aten_0.1.m1.2092.m1,-6,0.496714564
aten_0.1.m1.20373.m1,11,0.526535239
aten_0.1.m1.20373.m1,11,0.526535239
aten_0.1.m1.1268.m1,17,0.030051604
aten_0.1.m1.1268.m1,17,0.030051604
aten_0.1.m1.32378.m1,9,0.455944731
aten_0.1.m1.32378.m1,9,0.455944731
aten_0.1.m1.8171.m1,-4,0.891477515
aten_0.1.m1.31735.m1,1,1
aten_0.1.m1.22467.m1,24,0.024409781
aten_0.1.m1.16685.m1,5,0.358799898
aten_0.1.m1.16685.m1,5,0.358799898
aten_0.1.m1.24360.m1,-13,0.458998164
aten_0.1.m1.26962.m1,-21,0.064286164
aten_0.1.m1.3034.m1,3,1
aten_0.1.m1.6253.m1,18,0.024409781
aten_0.1.m1.2589.m1,0,1
aten_0.1.m1.5528.m1,0,1
aten_0.1.m1.24039.m1,0,1
aten_0.1.m1.30115.m1,0,1
aten_0.1.m1.428.m1,0,1
aten_0.1.m1.428.m1,0,1
aten_0.1.m1.24179.m1,-5,0.895693191
aten_0.1.m1.4320.m1,16,0.243263141
aten_0.1.m1.7412.m1,-3,1
aten_0.1.m1.18188.m1,0,1
aten_0.1.m1.15663.m1,-5,1
aten_0.1.m1.15663.m1,-5,1
aten_0.1.m1.2482.m1,0,1
aten_0.1.m1.2482.m1,0,1
aten_0.1.m1.16006.m1,6,0.83694844
aten_0.1.m1.16006.m1,6,0.83694844
aten_0.1.m1.11351.m1,7,0.779650108
aten_0.1.m1.13413.m1,0,1
aten_0.1.m1.2658.m1,8,0.484738186
aten_0.1.m1.2658.m1,8,0.484738186
aten_0.1.m1.7518.m1,5,0.895693191
aten_0.1.m1.16536.m1,0,1
aten_0.1.m1.15716.m1,2,1
aten_0.1.m1.15716.m1,2,1
aten_0.1.m1.17026.m1,0,1
aten_0.1.m1.2827.m1,-8,0.241683309
aten_0.1.m1.9419.m1,5,0.358799898
aten_0.1.m1.16852.m1,1,1
aten_0.1.m1.6682.m1,-3,0.823946746
aten_0.1.m1.6682.m1,-3,0.823946746
aten_0.1.m1.26616.m1,13,0.225787622
aten_0.1.m1.5339.m1,0,1
aten_0.1.m1.5339.m1,0,1
aten_0.1.m1.18991.m1,-2,1
aten_0.1.m1.18991.m1,-2,1
aten_0.1.m1.19495.m1,9,0.566425697
aten_0.1.m1.19495.m1,9,0.566425697
aten_0.1.m1.15071.m1,-4,1
aten_0.1.m1.15646.m1,-3,0.823946746
aten_0.1.m1.33082.m1,0,1
aten_0.1.m1.33082.m1,0,1
aten_0.1.m1.18750.m1,-7,0.823946746
aten_0.1.m1.10801.m1,0,1
aten_0.1.m1.22704.m1,0,1
aten_0.1.m1.6200.m1,14,0.363096104
aten_0.1.m1.6200.m1,-7,1
aten_0.1.m1.9316.m1,0,1
aten_0.1.m1.9316.m1,0,1
aten_0.1.m1.5420.m1,0,1
aten_0.1.m1.23433.m1,-17,0.170510191
aten_0.1.m1.23433.m1,-17,0.170510191
aten_0.1.m1.7152.m1,11,0.62648178
aten_0.1.m1.27231.m1,-29,0.000160231
aten_0.1.m1.19127.m1,-8,0.883172472
aten_0.1.m1.19127.m1,-8,0.883172472
aten_0.1.m1.2380.m1,0,1
aten_0.1.m1.14713.m1,-8,0.831973842
aten_0.1.m1.25176.m1,5,1
aten_0.1.m1.25176.m1,5,1
aten_0.1.m1.3291.m1,19,0.01661715
aten_0.1.m1.3291.m1,19,0.01661715
aten_0.1.m1.15629.m1,-15,0.149700079
aten_0.1.m1.10933.m1,0,1
aten_0.1.m1.14573.m1,0,1
aten_0.1.m1.14573.m1,0,1
aten_0.1.m1.14552.m1,0,1
aten_0.1.m1.14552.m1,0,1
aten_0.1.m1.6191.m1,5,0.993433057
aten_0.1.m1.16637.m1,9,0.507749831
aten_0.1.m1.2092.m1,7,1
aten_0.1.m1.9669.m1,-14,0.0043086
aten_0.1.m1.10956.m1,0,1
aten_0.1.m1.10956.m1,0,1
aten_0.1.m1.29777.m1,0,1
aten_0.1.m1.7176.m1,4,1
aten_0.1.m1.31139.m1,24,0.024409781
aten_0.1.m1.32413.m1,12,0.365974035
aten_0.1.m1.12651.m1,2,1
aten_0.1.m1.12651.m1,2,1
aten_0.1.m1.26481.m1,0,1
aten_0.1.m1.10986.m1,12,0.365974035
aten_0.1.m1.10986.m1,12,0.365974035
aten_0.1.m1.24620.m1,-3,0.823946746
aten_0.1.m1.28397.m1,12,0.507749831
aten_0.1.m1.28397.m1,12,0.507749831
aten_0.1.m1.28397.m1,-3,0.823946746
aten_0.1.m1.28397.m1,-3,0.823946746
aten_0.1.m1.8087.m1,1,1
aten_0.1.m1.30402.m1,7,1
aten_0.1.m1.19722.m1,2,1
aten_0.1.m1.19388.m1,-2,1
aten_0.1.m1.19388.m1,-2,1
aten_0.1.m1.13530.m1,0,1
aten_0.1.m1.13530.m1,0,1
aten_0.1.m1.7584.m1,5,0.993433057
aten_0.1.m1.1407.m1,-3,1
aten_0.1.m1.6932.m1,-5,1
aten_0.1.m1.25595.m1,-2,1
aten_0.1.m1.31209.m1,0,1
aten_0.1.m1.21421.m1,-16,0.207547545
aten_0.1.m1.247.m1,0,1
aten_0.1.m1.247.m1,0,1
aten_0.1.m1.15641.m1,3,1
aten_0.1.m1.15641.m1,3,1
aten_0.1.m1.22508.m1,2,1
aten_0.1.m1.12215.m1,0,1
aten_0.1.m1.12215.m1,0,1
aten_0.1.m1.32458.m1,0,1
aten_0.1.m1.32458.m1,0,1
aten_0.1.m1.2097.m1,-10,0.745503719
aten_0.1.m1.13580.m1,0,1
aten_0.1.m1.13580.m1,12,0.320835368
aten_0.1.m1.1215.m1,12,0.403230613
aten_0.1.m1.21955.m1,3,1
aten_0.1.m1.21955.m1,2,1
aten_0.1.m1.18736.m1,0,1
aten_0.1.m1.5467.m1,4,1
aten_0.1.m1.3291.m1,0,1
aten_0.1.m1.7269.m1,7,0.566425697
aten_0.1.m1.7269.m1,7,0.566425697
aten_0.1.m1.17502.m1,0,1
aten_0.1.m1.5804.m1,24,0.017636864
aten_0.1.m1.21127.m1,12,0.175805049
aten_0.1.m1.6017.m1,15,0.030051604
aten_0.1.m1.5053.m1,23,0.025987655
aten_0.1.m1.12903.m1,-12,0.013692594
aten_0.1.m1.12903.m1,-12,0.013692594
aten_0.1.m1.32557.m1,0,1
aten_0.1.m1.1219.m1,3,1
aten_0.1.m1.1219.m1,0,1
aten_0.1.m1.5918.m1,-3,0.823946746
aten_0.1.m1.5918.m1,-3,0.823946746
aten_0.1.m1.32413.m1,7,0.679571511
aten_0.1.m1.14572.m1,0,1
aten_0.1.m1.14572.m1,0,1
aten_0.1.m1.5037.m1,0,1
aten_0.1.m1.11671.m1,5,1
aten_0.1.m1.11671.m1,3,1
aten_0.1.m1.16920.m1,-2,1
aten_0.1.m1.16920.m1,-2,1
aten_0.1.m1.626.m1,0,1
aten_0.1.m1.626.m1,0,1
aten_0.1.m1.1200.m1,0,1
aten_0.1.m1.1200.m1,0,1
aten_0.1.m1.4326.m1,-10,0.239680874
aten_0.1.m1.4326.m1,-10,0.239680874
aten_0.1.m1.20373.m1,-1,1
aten_0.1.m1.20373.m1,-1,1
aten_0.1.m1.16390.m1,-3,1
aten_0.1.m1.16390.m1,-3,1
aten_0.1.m1.20049.m1,-7,1
aten_0.1.m1.17480.m1,-19,0.000261935
aten_0.1.m1.17480.m1,-19,0.000261935
aten_0.1.m1.24193.m1,2,1
aten_0.1.m1.24193.m1,2,1
aten_0.1.m1.13526.m1,7,0.919324265
aten_0.1.m1.13526.m1,7,0.919324265
aten_0.1.m1.23826.m1,-7,1
aten_0.1.m1.5084.m1,1,1
aten_0.1.m1.5084.m1,1,1
aten_0.1.m1.16141.m1,0,1
aten_0.1.m1.14602.m1,1,1
aten_0.1.m1.14602.m1,1,1
aten_0.1.m1.6682.m1,-6,0.225787622
aten_0.1.m1.6682.m1,-6,0.225787622
aten_0.1.m1.31206.m1,0,1
aten_0.1.m1.31206.m1,0,1
aten_0.1.m1.20030.m1,0,1
aten_0.1.m1.20030.m1,0,1
aten_0.1.m1.32172.m1,0,1
aten_0.1.m1.32172.m1,0,1
aten_0.1.m1.9877.m1,-4,1
aten_0.1.m1.9877.m1,-4,1
aten_0.1.m1.1695.m1,1,1
aten_0.1.m1.13290.m1,-4,1
aten_0.1.m1.13972.m1,0,1
aten_0.1.m1.16662.m1,3,1
aten_0.1.m1.27705.m1,0,1
aten_0.1.m1.13906.m1,0,1
aten_0.1.m1.13906.m1,0,1
aten_0.1.m1.26432.m1,5,0.993433057
aten_0.1.m1.26432.m1,5,0.993433057
aten_0.1.m1.2733.m1,-14,0.235563322
aten_0.1.m1.7797.m1,0,1
aten_0.1.m1.7797.m1,0,1
aten_0.1.m1.8553.m1,0,1
aten_0.1.m1.21025.m1,0,1
aten_0.1.m1.2500.m1,5,1
aten_0.1.m1.2500.m1,-25,1.16717344078042e-05
aten_0.1.m1.30092.m1,-2,1
aten_0.1.m1.13651.m1,0,1
aten_0.1.m1.8516.m1,-12,0.365974035
aten_0.1.m1.10071.m1,0,1
aten_0.1.m1.10071.m1,0,1
aten_0.1.m1.3813.m1,-3,1
aten_0.1.m1.15534.m1,-1,1
aten_0.1.m1.6229.m1,4,1
aten_0.1.m1.4364.m1,1,1
aten_0.1.m1.15797.m1,0,1
aten_0.1.m1.10604.m1,-6,1
aten_0.1.m1.32810.m1,0,1
aten_0.1.m1.32810.m1,0,1
aten_0.1.m1.12191.m1,-25,0.020620777
aten_0.1.m1.29361.m1,-3,0.823946746
aten_0.1.m1.20144.m1,2,1
aten_0.1.m1.6840.m1,0,1
aten_0.1.m1.14015.m1,0,1
aten_0.1.m1.26506.m1,0,1
aten_0.1.m1.7957.m1,0,1
aten_0.1.m1.451.m1,-12,0.433008542
aten_0.1.m1.20220.m1,2,1
aten_0.1.m1.20220.m1,2,1
aten_0.1.m1.27859.m1,0,1
aten_0.1.m1.27859.m1,0,1
aten_0.1.m1.25646.m1,-18,0.065081121
aten_0.1.m1.14186.m1,24,0.024409781
aten_0.1.m1.14186.m1,24,0.024409781
aten_0.1.m1.22865.m1,2,1
aten_0.1.m1.30713.m1,-7,1
aten_0.1.m1.16422.m1,0,1
aten_0.1.m1.16422.m1,0,1
aten_0.1.m1.32085.m1,-12,0.241683309
aten_0.1.m1.6874.m1,1,1
aten_0.1.m1.6874.m1,1,1
aten_0.1.m1.17245.m1,-1,1
aten_0.1.m1.28926.m1,0,1
aten_0.1.m1.28926.m1,0,1
aten_0.1.m1.3044.m1,-9,0.320835368
aten_0.1.m1.1026.m1,0,1
aten_0.1.m1.16571.m1,0,1
aten_0.1.m1.16571.m1,0,1
aten_0.1.m1.28327.m1,-7,1
aten_0.1.m1.10101.m1,10,0.030051604
aten_0.1.m1.29819.m1,7,1
aten_0.1.m1.29814.m1,-2,1
aten_0.1.m1.8022.m1,0,1
aten_0.1.m1.8022.m1,0,1
aten_0.1.m1.19877.m1,0,1
aten_0.1.m1.26100.m1,0,1
aten_0.1.m1.26100.m1,0,1
aten_0.1.m1.19385.m1,0,1
aten_0.1.m1.19385.m1,0,1
aten_0.1.m1.25626.m1,0,1
aten_0.1.m1.25626.m1,0,1
aten_0.1.m1.32230.m1,-7,0.779650108
aten_0.1.m1.32230.m1,-7,0.779650108
aten_0.1.m1.11718.m1,0,1
aten_0.1.m1.1301.m1,0,1
aten_0.1.m1.1301.m1,0,1
aten_0.1.m1.32049.m1,-11,0.554790688
aten_0.1.m1.32049.m1,-11,0.554790688
aten_0.1.m1.15203.m1,0,1
aten_0.1.m1.15203.m1,0,1
aten_0.1.m1.17232.m1,0,1
aten_0.1.m1.30733.m1,6,0.225787622
aten_0.1.m1.905.m1,-8,0.982867425
aten_0.1.m1.17391.m1,6,1
aten_0.1.m1.17375.m1,-11,0.319154092
aten_0.1.m1.17375.m1,-11,0.319154092
aten_0.1.m1.7684.m1,6,0.679571511
aten_0.1.m1.24765.m1,15,0.099579491
aten_0.1.m1.24765.m1,15,0.099579491
aten_0.1.m1.7874.m1,-8,0.823946746
aten_0.1.m1.7874.m1,-8,0.823946746
aten_0.1.m1.7874.m1,13,0.393059643
aten_0.1.m1.7874.m1,13,0.393059643
aten_0.1.m1.32379.m1,2,1
aten_0.1.m1.23566.m1,-3,0.823946746
aten_0.1.m1.23566.m1,-3,0.823946746
aten_0.1.m1.13071.m1,-12,0.5400878
aten_0.1.m1.33725.m1,16,0.072067257
aten_0.1.m1.2719.m1,13,0.205980253
aten_0.1.m1.12899.m1,0,1
aten_0.1.m1.31331.m1,0,1
aten_0.1.m1.31834.m1,-3,1
aten_0.1.m1.32810.m1,-6,1
aten_0.1.m1.32810.m1,-6,1
aten_0.1.m1.8859.m1,0,1
aten_0.1.m1.8859.m1,-7,1
aten_0.1.m1.8859.m1,-4,1
aten_0.1.m1.26448.m1,-3,1
aten_0.1.m1.26448.m1,-3,1
aten_0.1.m1.23503.m1,0,1
aten_0.1.m1.16082.m1,0,1
aten_0.1.m1.16082.m1,-13,0.205980253
aten_0.1.m1.24796.m1,0,1
aten_0.1.m1.24802.m1,0,1
aten_0.1.m1.29526.m1,12,0.365974035
aten_0.1.m1.29526.m1,12,0.365974035
aten_0.1.m1.14938.m1,0,1
aten_0.1.m1.25353.m1,-4,1
aten_0.1.m1.25353.m1,-4,1
aten_0.1.m1.10821.m1,7,0.779650108
aten_0.1.m1.29459.m1,0,1
aten_0.1.m1.30354.m1,0,1
aten_0.1.m1.26555.m1,0,1
aten_0.1.m1.26555.m1,0,1
aten_0.1.m1.23580.m1,6,0.225787622
aten_0.1.m1.7828.m1,-15,0.287999804
aten_0.1.m1.7828.m1,-15,0.287999804
aten_0.1.m1.28418.m1,0,1
aten_0.1.m1.13238.m1,0,1
aten_0.1.m1.13238.m1,0,1
aten_0.1.m1.8527.m1,1,1
aten_0.1.m1.8527.m1,1,1
aten_0.1.m1.28811.m1,-2,1
aten_0.1.m1.4921.m1,1,1
aten_0.1.m1.4921.m1,1,1
aten_0.1.m1.5237.m1,0,1
aten_0.1.m1.5526.m1,6,1
aten_0.1.m1.33775.m1,2,1
aten_0.1.m1.7315.m1,2,1
aten_0.1.m1.10009.m1,0,1
aten_0.1.m1.532.m1,0,1
aten_0.1.m1.30132.m1,22,0.033484576
aten_0.1.m1.992.m1,0,1
aten_0.1.m1.992.m1,0,1
aten_0.1.m1.23218.m1,10,0.439138548
aten_0.1.m1.1554.m1,0,1
aten_0.1.m1.1554.m1,0,1
aten_0.1.m1.26579.m1,-8,0.758267114
aten_0.1.m1.17784.m1,-3,0.823946746
aten_0.1.m1.6468.m1,11,0.022231772
aten_0.1.m1.6468.m1,11,0.022231772
aten_0.1.m1.26962.m1,1,1
aten_0.1.m1.26962.m1,1,1
aten_0.1.m1.12059.m1,-7,1
aten_0.1.m1.3439.m1,0,1
aten_0.1.m1.3439.m1,0,1
aten_0.1.m1.11106.m1,-6,0.225787622
aten_0.1.m1.11106.m1,-6,0.225787622
aten_0.1.m1.3935.m1,0,1
aten_0.1.m1.13479.m1,17,0.189613729
aten_0.1.m1.28535.m1,3,1
aten_0.1.m1.3462.m1,0,1
aten_0.1.m1.3461.m1,-5,1
aten_0.1.m1.15094.m1,0,1
aten_0.1.m1.17206.m1,-1,1
aten_0.1.m1.17206.m1,-1,1
aten_0.1.m1.17206.m1,-1,1
aten_0.1.m1.9462.m1,-7,0.958489725
aten_0.1.m1.9462.m1,-7,0.958489725
aten_0.1.m1.31457.m1,5,1
aten_0.1.m1.16655.m1,-13,0.205980253
aten_0.1.m1.16655.m1,-13,0.205980253
aten_0.1.m1.9688.m1,0,1
aten_0.1.m1.10874.m1,0,1
aten_0.1.m1.6723.m1,-17,0.082841021
aten_0.1.m1.3554.m1,10,0.758267114
aten_0.1.m1.9030.m1,0,1
aten_0.1.m1.9030.m1,0,1
aten_0.1.m1.6704.m1,0,1
aten_0.1.m1.30914.m1,0,1
aten_0.1.m1.30914.m1,-3,0.823946746
aten_0.1.m1.848.m1,5,1
aten_0.1.m1.22812.m1,-1,1
aten_0.1.m1.4682.m1,-14,0.170510191
aten_0.1.m1.8486.m1,-1,1
aten_0.1.m1.21154.m1,-13,0.030051604
aten_0.1.m1.6846.m1,0,1
aten_0.1.m1.1492.m1,0,1
aten_0.1.m1.2986.m1,-3,1
aten_0.1.m1.4966.m1,10,0.758267114
aten_0.1.m1.30060.m1,14,0.288759194
aten_0.1.m1.32374.m1,0,1
aten_0.1.m1.32374.m1,0,1
aten_0.1.m1.635.m1,11,0.554790688
aten_0.1.m1.635.m1,11,0.554790688
aten_0.1.m1.28754.m1,-6,0.982867425
aten_0.1.m1.28754.m1,-6,0.982867425
aten_0.1.m1.17050.m1,0,1
aten_0.1.m1.17044.m1,0,1
aten_0.1.m1.1502.m1,0,1
aten_0.1.m1.1502.m1,0,1
aten_0.1.m1.6682.m1,9,0.779650108
aten_0.1.m1.6682.m1,9,0.779650108
aten_0.1.m1.2244.m1,0,1
aten_0.1.m1.2244.m1,0,1
aten_0.1.m1.5692.m1,0,1
aten_0.1.m1.5692.m1,0,1
aten_0.1.m1.5692.m1,1,1
aten_0.1.m1.5692.m1,1,1
aten_0.1.m1.33658.m1,6,1
aten_0.1.m1.31734.m1,0,1
aten_0.1.m1.6797.m1,0,1
aten_0.1.m1.867.m1,-5,1
aten_0.1.m1.3732.m1,0,1
aten_0.1.m1.3732.m1,0,1
aten_0.1.m1.3732.m1,0,1
aten_0.1.m1.19307.m1,10,0.503957807
aten_0.1.m1.19307.m1,10,0.503957807
aten_0.1.m1.13497.m1,0,1
aten_0.1.m1.77.m1,2,1
aten_0.1.m1.77.m1,2,1
aten_0.1.m1.5902.m1,-1,1
aten_0.1.m1.18705.m1,5,0.993433057
aten_0.1.m1.18705.m1,5,0.993433057
aten_0.1.m1.25532.m1,2,1
aten_0.1.m1.18881.m1,-6,0.83694844
aten_0.1.m1.138.m1,7,1
aten_0.1.m1.138.m1,7,1
aten_0.1.m1.138.m1,0,1
aten_0.1.m1.138.m1,0,1
aten_0.1.m1.138.m1,0,1
aten_0.1.m1.138.m1,0,1
aten_0.1.m1.15058.m1,-10,0.239680874
aten_0.1.m1.15058.m1,-10,0.239680874
aten_0.1.m1.15386.m1,0,1
aten_0.1.m1.22394.m1,0,1
aten_0.1.m1.19765.m1,-1,1
aten_0.1.m1.19765.m1,-1,1
aten_0.1.m1.19765.m1,-1,1
aten_0.1.m1.16090.m1,18,0.025745086
aten_0.1.m1.794.m1,-4,1
aten_0.1.m1.13412.m1,0,1
aten_0.1.m1.13412.m1,0,1
aten_0.1.m1.2067.m1,0,1
aten_0.1.m1.2067.m1,0,1
aten_0.1.m1.465.m1,6,1
aten_0.1.m1.465.m1,0,1
aten_0.1.m1.31489.m1,0,1
aten_0.1.m1.141.m1,-5,1
aten_0.1.m1.141.m1,0,1
aten_0.1.m1.29698.m1,16,0.052123187
aten_0.1.m1.29698.m1,16,0.052123187
aten_0.1.m1.33268.m1,-17,0.021981527
aten_0.1.m1.33268.m1,-17,0.021981527
aten_0.1.m1.1099.m1,3,1
aten_0.1.m1.1099.m1,3,1
aten_0.1.m1.3670.m1,-3,0.823946746
aten_0.1.m1.2828.m1,13,0.104718901
aten_0.1.m1.2828.m1,13,0.104718901
aten_0.1.m1.2957.m1,-8,0.652288775
aten_0.1.m1.11872.m1,0,1
aten_0.1.m1.4530.m1,0,1
aten_0.1.m1.4530.m1,0,1
aten_0.1.m1.24742.m1,2,1
aten_0.1.m1.24742.m1,2,1
aten_0.1.m1.4867.m1,0,1
aten_0.1.m1.4867.m1,0,1
aten_0.1.m1.3878.m1,3,1
aten_0.1.m1.3878.m1,3,1
aten_0.1.m1.30355.m1,-8,0.525158778
aten_0.1.m1.33162.m1,8,0.484738186
aten_0.1.m1.23415.m1,10,0.758267114
aten_0.1.m1.12833.m1,-16,0.009021492
aten_0.1.m1.15819.m1,0,1
aten_0.1.m1.208.m1,-1,1
aten_0.1.m1.208.m1,-1,1
aten_0.1.m1.19705.m1,-11,0.650103753
aten_0.1.m1.8217.m1,0,1
aten_0.1.m1.8217.m1,0,1
aten_0.1.m1.33212.m1,17,0.000649686
aten_0.1.m1.33212.m1,17,0.000649686
aten_0.1.m1.23619.m1,-6,0.496714564
aten_0.1.m1.23619.m1,-6,0.496714564
aten_0.1.m1.26953.m1,0,1
aten_0.1.m1.19464.m1,0,1
aten_0.1.m1.19464.m1,7,1
aten_0.1.m1.33931.m1,0,1
aten_0.1.m1.4889.m1,21,0.064286164
aten_0.1.m1.19952.m1,0,1
aten_0.1.m1.19952.m1,0,1
aten_0.1.m1.31963.m1,-2,1
aten_0.1.m1.31963.m1,-2,1
aten_0.1.m1.18174.m1,2,1
aten_0.1.m1.28567.m1,0,1
aten_0.1.m1.28567.m1,0,1
aten_0.1.m1.6168.m1,0,1
aten_0.1.m1.6825.m1,0,1
aten_0.1.m1.1392.m1,24,0.024409781
aten_0.1.m1.20828.m1,16,0.197376924
aten_0.1.m1.28838.m1,0,1
aten_0.1.m1.28838.m1,0,1
aten_0.1.m1.28838.m1,0,1
aten_0.1.m1.28838.m1,0,1
aten_0.1.m1.21596.m1,0,1
aten_0.1.m1.21596.m1,0,1
aten_0.1.m1.19908.m1,-5,0.686079772
aten_0.1.m1.5133.m1,-9,0.320835368
aten_0.1.m1.5133.m1,-9,0.320835368
aten_0.1.m1.10665.m1,2,1
aten_0.1.m1.10665.m1,-15,0.295626129
aten_0.1.m1.981.m1,-2,1
aten_0.1.m1.11227.m1,-18,0.058932477
aten_0.1.m1.11227.m1,-7,1
aten_0.1.m1.827.m1,23,0.005839742
aten_0.1.m1.33312.m1,1,1
aten_0.1.m1.33312.m1,1,1
aten_0.1.m1.27919.m1,0,1
aten_0.1.m1.16596.m1,4,1
aten_0.1.m1.12339.m1,-1,1
aten_0.1.m1.28368.m1,0,1
aten_0.1.m1.8030.m1,0,1
aten_0.1.m1.14936.m1,3,1
aten_0.1.m1.20206.m1,-17,0.000649686
aten_0.1.m1.23395.m1,-1,1
aten_0.1.m1.16025.m1,8,0.870532016
aten_0.1.m1.2310.m1,0,1
aten_0.1.m1.1783.m1,0,1
aten_0.1.m1.1783.m1,0,1
aten_0.1.m1.8152.m1,13,0.380632722
aten_0.1.m1.17435.m1,0,1
aten_0.1.m1.29082.m1,24,0.025472041
aten_0.1.m1.7142.m1,7,0.779650108
aten_0.1.m1.9237.m1,0,1
aten_0.1.m1.9237.m1,0,1
aten_0.1.m1.26457.m1,-2,1
aten_0.1.m1.1635.m1,15,0.267457663
aten_0.1.m1.1635.m1,15,0.267457663
aten_0.1.m1.22932.m1,0,1
aten_0.1.m1.22932.m1,0,1
aten_0.1.m1.19702.m1,7,1
aten_0.1.m1.19702.m1,7,1
aten_0.1.m1.20635.m1,2,1
aten_0.1.m1.30844.m1,0,1
aten_0.1.m1.12500.m1,-5,1
aten_0.1.m1.6491.m1,0,1
aten_0.1.m1.6491.m1,0,1
aten_0.1.m1.6491.m1,0,1
aten_0.1.m1.2830.m1,6,1
aten_0.1.m1.2830.m1,-23,0.031485033
aten_0.1.m1.31496.m1,0,1
aten_0.1.m1.31496.m1,0,1
aten_0.1.m1.17145.m1,0,1
aten_0.1.m1.17145.m1,0,1
aten_0.1.m1.18418.m1,7,0.140360402
aten_0.1.m1.7797.m1,0,1
aten_0.1.m1.7797.m1,0,1
aten_0.1.m1.33637.m1,16,0.119403093
aten_0.1.m1.33637.m1,16,0.119403093
aten_0.1.m1.21195.m1,-1,1
aten_0.1.m1.2526.m1,-8,0.652288775
aten_0.1.m1.19609.m1,-8,0.241683309
aten_0.1.m1.19609.m1,-8,0.241683309
aten_0.1.m1.4463.m1,0,1
aten_0.1.m1.4463.m1,0,1
aten_0.1.m1.12098.m1,8,0.525158778
aten_0.1.m1.30536.m1,0,1
aten_0.1.m1.1299.m1,-5,0.993433057
aten_0.1.m1.20116.m1,0,1
aten_0.1.m1.20116.m1,0,1
aten_0.1.m1.6189.m1,0,1
aten_0.1.m1.6195.m1,0,1
aten_0.1.m1.6189.m1,0,1
aten_0.1.m1.10966.m1,0,1
aten_0.1.m1.10966.m1,0,1
aten_0.1.m1.2744.m1,2,1
aten_0.1.m1.2744.m1,2,1
aten_0.1.m1.31412.m1,-2,1
aten_0.1.m1.31412.m1,-2,1
aten_0.1.m1.16895.m1,-2,1
aten_0.1.m1.16895.m1,-2,1
aten_0.1.m1.24974.m1,-36,1.26437542079658e-05
aten_0.1.m1.5912.m1,-11,0.022231772
aten_0.1.m1.5912.m1,-11,0.022231772
aten_0.1.m1.23092.m1,0,1
aten_0.1.m1.9324.m1,2,1
aten_0.1.m1.29966.m1,-18,0.000472761
aten_0.1.m1.29966.m1,-18,0.000472761
aten_0.1.m1.10495.m1,0,1
aten_0.1.m1.10495.m1,0,1
aten_0.1.m1.3663.m1,2,1
aten_0.1.m1.3511.m1,0,1
aten_0.1.m1.3511.m1,0,1
aten_0.1.m1.478.m1,4,1
aten_0.1.m1.478.m1,4,1
aten_0.1.m1.19576.m1,0,1
aten_0.1.m1.4739.m1,20,0.082841021
aten_0.1.m1.4739.m1,20,0.082841021
aten_0.1.m1.20073.m1,0,1
aten_0.1.m1.890.m1,-14,0.31281839
aten_0.1.m1.5421.m1,0,1
aten_0.1.m1.12377.m1,2,1
aten_0.1.m1.7695.m1,-11,0.478947113
aten_0.1.m1.4155.m1,-5,1
aten_0.1.m1.27286.m1,8,0.982867425
aten_0.1.m1.33460.m1,0,1
aten_0.1.m1.163.m1,8,0.758267114
aten_0.1.m1.1144.m1,0,1
aten_0.1.m1.10467.m1,2,1
aten_0.1.m1.10467.m1,2,1
aten_0.1.m1.10475.m1,2,1
aten_0.1.m1.16889.m1,8,0.831973842
aten_0.1.m1.16889.m1,8,0.831973842
aten_0.1.m1.12677.m1,12,0.175805049
aten_0.1.m1.3033.m1,-9,0.507749831
aten_0.1.m1.3033.m1,-9,0.507749831
aten_0.1.m1.23859.m1,0,1
aten_0.1.m1.23859.m1,0,1
aten_0.1.m1.68.m1,0,1
aten_0.1.m1.29305.m1,2,1
aten_0.1.m1.29305.m1,2,1
aten_0.1.m1.31502.m1,2,1
aten_0.1.m1.647.m1,-8,0.823946746
aten_0.1.m1.647.m1,-8,0.823946746
aten_0.1.m1.19734.m1,-1,1
aten_0.1.m1.19734.m1,-1,1
aten_0.1.m1.1087.m1,4,1
aten_0.1.m1.18237.m1,-7,0.958489725
aten_0.1.m1.31456.m1,-14,0.235563322
aten_0.1.m1.18226.m1,0,1
aten_0.1.m1.7614.m1,14,0.086699178
aten_0.1.m1.7614.m1,14,0.086699178
aten_0.1.m1.4637.m1,18,0.116562482
aten_0.1.m1.4637.m1,18,0.116562482
aten_0.1.m1.10647.m1,1,1
aten_0.1.m1.10647.m1,1,1
aten_0.1.m1.27695.m1,-6,0.496714564
aten_0.1.m1.27695.m1,-6,0.496714564
aten_0.1.m1.6551.m1,-1,1
aten_0.1.m1.6551.m1,-1,1
aten_0.1.m1.30250.m1,-3,1
aten_0.1.m1.10648.m1,-10,0.59504063
aten_0.1.m1.10648.m1,-10,0.59504063
aten_0.1.m1.10648.m1,-10,0.59504063
aten_0.1.m1.753.m1,0,1
aten_0.1.m1.31493.m1,-5,1
aten_0.1.m1.31493.m1,-5,1
aten_0.1.m1.14436.m1,1,1
aten_0.1.m1.14436.m1,1,1
aten_0.1.m1.23010.m1,-1,1
aten_0.1.m1.23010.m1,-1,1
aten_0.1.m1.5952.m1,0,1
aten_0.1.m1.30273.m1,-5,1
aten_0.1.m1.30273.m1,-5,1
aten_0.1.m1.875.m1,0,1
aten_0.1.m1.875.m1,0,1
aten_0.1.m1.5887.m1,7,0.992876843
aten_0.1.m1.27449.m1,0,1
aten_0.1.m1.27449.m1,0,1
aten_0.1.m1.18933.m1,0,1
aten_0.1.m1.18933.m1,0,1
aten_0.1.m1.14340.m1,0,1
aten_0.1.m1.7954.m1,0,1
aten_0.1.m1.9013.m1,1,1
aten_0.1.m1.24229.m1,0,1
aten_0.1.m1.24229.m1,0,1
aten_0.1.m1.17781.m1,-6,0.83694844
aten_0.1.m1.31209.m1,0,1
aten_0.1.m1.27790.m1,5,0.993433057
aten_0.1.m1.27790.m1,5,0.993433057
aten_0.1.m1.20142.m1,4,1
aten_0.1.m1.15520.m1,0,1
aten_0.1.m1.15520.m1,0,1
aten_0.1.m1.17500.m1,0,1
aten_0.1.m1.34008.m1,1,1
aten_0.1.m1.31374.m1,0,1
aten_0.1.m1.8849.m1,0,1
aten_0.1.m1.8849.m1,0,1
aten_0.1.m1.18631.m1,-5,1
aten_0.1.m1.32298.m1,0,1
aten_0.1.m1.32298.m1,0,1
aten_0.1.m1.27835.m1,20,0.065411489
aten_0.1.m1.7797.m1,0,1
aten_0.1.m1.7797.m1,0,1
aten_0.1.m1.8272.m1,0,1
aten_0.1.m1.8272.m1,0,1
aten_0.1.m1.28323.m1,0,1
aten_0.1.m1.8546.m1,-4,1
aten_0.1.m1.8550.m1,-4,1
aten_0.1.m1.8550.m1,-4,1
aten_0.1.m1.27224.m1,0,1
aten_0.1.m1.9800.m1,3,1
aten_0.1.m1.9800.m1,3,1
aten_0.1.m1.14350.m1,9,0.507749831
aten_0.1.m1.14350.m1,9,0.507749831
aten_0.1.m1.2984.m1,0,1
aten_0.1.m1.24212.m1,0,1
aten_0.1.m1.24212.m1,0,1
aten_0.1.m1.8006.m1,0,1
aten_0.1.m1.14150.m1,0,1
aten_0.1.m1.2436.m1,-12,0.241683309
aten_0.1.m1.31419.m1,0,1
aten_0.1.m1.28926.m1,0,1
aten_0.1.m1.28926.m1,0,1
aten_0.1.m1.16916.m1,5,0.358799898
aten_0.1.m1.4216.m1,-11,0.478947113
aten_0.1.m1.18439.m1,0,1
aten_0.1.m1.18439.m1,0,1
aten_0.1.m1.3962.m1,0,1
aten_0.1.m1.18829.m1,-1,1
aten_0.1.m1.18829.m1,-1,1
aten_0.1.m1.13233.m1,0,1
aten_0.1.m1.19697.m1,5,0.358799898
aten_0.1.m1.19697.m1,5,0.358799898
aten_0.1.m1.1025.m1,0,1
aten_0.1.m1.1769.m1,0,1
aten_0.1.m1.20801.m1,0,1
aten_0.1.m1.18520.m1,0,1
aten_0.1.m1.10307.m1,0,1
aten_0.1.m1.14855.m1,0,1
aten_0.1.m1.13526.m1,3,0.823946746
aten_0.1.m1.5158.m1,-4,0.891477515
aten_0.1.m1.5158.m1,-4,0.891477515
aten_0.1.m1.19747.m1,-3,1
aten_0.1.m1.19747.m1,-3,1
aten_0.1.m1.9821.m1,11,0.022231772
aten_0.1.m1.9821.m1,11,0.022231772
aten_0.1.m1.31383.m1,-3,0.823946746
aten_0.1.m1.3182.m1,7,0.679571511
aten_0.1.m1.3182.m1,7,0.679571511
aten_0.1.m1.3772.m1,2,1
aten_0.1.m1.3772.m1,2,1
aten_0.1.m1.10694.m1,0,1
aten_0.1.m1.22770.m1,4,1
aten_0.1.m1.22770.m1,4,1
aten_0.1.m1.17728.m1,0,1
aten_0.1.m1.17728.m1,0,1
aten_0.1.m1.2809.m1,1,1
aten_0.1.m1.22634.m1,0,1
aten_0.1.m1.1167.m1,0,1
aten_0.1.m1.18490.m1,-3,1
aten_0.1.m1.18490.m1,-3,1
aten_0.1.m1.26949.m1,0,1
aten_0.1.m1.26949.m1,0,1
aten_0.1.m1.28331.m1,-2,1
aten_0.1.m1.11508.m1,7,1
aten_0.1.m1.2077.m1,0,1
aten_0.1.m1.6552.m1,-1,1
aten_0.1.m1.21168.m1,3,0.823946746
aten_0.1.m1.20879.m1,10,0.745503719
aten_0.1.m1.20879.m1,10,0.745503719
aten_0.1.m1.14548.m1,0,1
aten_0.1.m1.14548.m1,0,1
aten_0.1.m1.29469.m1,-3,1
aten_0.1.m1.18487.m1,-6,0.745503719
aten_0.1.m1.11194.m1,3,1
aten_0.1.m1.11194.m1,3,1
aten_0.1.m1.15621.m1,0,1
aten_0.1.m1.15621.m1,0,1
aten_0.1.m1.866.m1,-1,1
aten_0.1.m1.27263.m1,0,1
aten_0.1.m1.27263.m1,0,1
aten_0.1.m1.7493.m1,0,1
aten_0.1.m1.7493.m1,0,1
aten_0.1.m1.1797.m1,0,1
aten_0.1.m1.1797.m1,0,1
aten_0.1.m1.10413.m1,0,1
aten_0.1.m1.9139.m1,-1,1
aten_0.1.m1.15320.m1,-8,0.525158778
aten_0.1.m1.6791.m1,-11,0.566425697
aten_0.1.m1.26369.m1,0,1
aten_0.1.m1.26369.m1,0,1
aten_0.1.m1.26369.m1,0,1
aten_0.1.m1.28585.m1,-20,0.024409781
aten_0.1.m1.28585.m1,-20,0.024409781
aten_0.1.m1.18071.m1,17,0.065411489
aten_0.1.m1.2397.m1,2,1
aten_0.1.m1.2397.m1,2,1
aten_0.1.m1.12625.m1,0,1
aten_0.1.m1.12131.m1,0,1
aten_0.1.m1.12131.m1,0,1
aten_0.1.m1.1230.m1,-8,0.241683309
aten_0.1.m1.1230.m1,-8,0.241683309
aten_0.1.m1.19099.m1,15,0.315355142
aten_0.1.m1.29587.m1,0,1
aten_0.1.m1.18477.m1,0,1
aten_0.1.m1.18477.m1,-24,0.000649686
aten_0.1.m1.6483.m1,11,0.319154092
aten_0.1.m1.11276.m1,-12,0.458998164
aten_0.1.m1.23536.m1,12,0.175805049
aten_0.1.m1.18278.m1,2,1
aten_0.1.m1.24971.m1,-9,0.566425697
aten_0.1.m1.24971.m1,-9,0.566425697
aten_0.1.m1.23452.m1,-4,0.891477515
aten_0.1.m1.22830.m1,-15,0.149700079
aten_0.1.m1.22830.m1,-15,0.149700079
aten_0.1.m1.16309.m1,0,1
aten_0.1.m1.16309.m1,0,1
aten_0.1.m1.386.m1,9,0.686079772
aten_0.1.m1.24851.m1,-1,1
aten_0.1.m1.24851.m1,-1,1
aten_0.1.m1.8221.m1,0,1
aten_0.1.m1.12191.m1,-5,0.993433057
aten_0.1.m1.12191.m1,-5,0.993433057
aten_0.1.m1.3216.m1,-1,1
aten_0.1.m1.3216.m1,-1,1
aten_0.1.m1.29307.m1,-1,1
aten_0.1.m1.29060.m1,0,1
aten_0.1.m1.22763.m1,2,1
aten_0.1.m1.22763.m1,2,1
aten_0.1.m1.12116.m1,0,1
aten_0.1.m1.7625.m1,-9,0.170510191
aten_0.1.m1.7625.m1,-9,0.170510191
aten_0.1.m1.21486.m1,0,1
aten_0.1.m1.21486.m1,0,1
aten_0.1.m1.22602.m1,0,1
aten_0.1.m1.33050.m1,0,1
aten_0.1.m1.8489.m1,6,0.371596847
aten_0.1.m1.8489.m1,6,0.371596847
aten_0.1.m1.20832.m1,-3,1
aten_0.1.m1.6891.m1,-5,0.686079772
aten_0.1.m1.20623.m1,11,0.319154092
aten_0.1.m1.20623.m1,11,0.319154092
aten_0.1.m1.3110.m1,-7,1
aten_0.1.m1.3110.m1,-7,1
aten_0.1.m1.10375.m1,-21,0.056295642
aten_0.1.m1.11336.m1,3,1
aten_0.1.m1.11336.m1,3,1
aten_0.1.m1.7371.m1,-10,0.745503719
aten_0.1.m1.1079.m1,0,1
aten_0.1.m1.3077.m1,1,1
aten_0.1.m1.24382.m1,0,1
aten_0.1.m1.14215.m1,0,1
aten_0.1.m1.30056.m1,3,1
aten_0.1.m1.3040.m1,0,1
aten_0.1.m1.3040.m1,0,1
aten_0.1.m1.8526.m1,0,1
aten_0.1.m1.24358.m1,5,1
aten_0.1.m1.24358.m1,5,1
aten_0.1.m1.5528.m1,-4,1
aten_0.1.m1.9237.m1,0,1
aten_0.1.m1.9237.m1,0,1
aten_0.1.m1.31418.m1,-1,1
aten_0.1.m1.31421.m1,-1,1
aten_0.1.m1.15058.m1,2,1
aten_0.1.m1.16242.m1,-13,0.082841021
aten_0.1.m1.3613.m1,-4,1
aten_0.1.m1.3613.m1,-4,1
aten_0.1.m1.13784.m1,-17,0.000649686
aten_0.1.m1.13784.m1,-3,1
aten_0.1.m1.3960.m1,0,1
aten_0.1.m1.689.m1,0,1
aten_0.1.m1.689.m1,0,1
aten_0.1.m1.1227.m1,0,1
aten_0.1.m1.1227.m1,0,1
aten_0.1.m1.24961.m1,0,1
aten_0.1.m1.24961.m1,0,1
aten_0.1.m1.24621.m1,7,1
aten_0.1.m1.24621.m1,7,1
aten_0.1.m1.28822.m1,7,0.919324265
aten_0.1.m1.28822.m1,7,0.919324265
aten_0.1.m1.29058.m1,10,0.503957807
aten_0.1.m1.7215.m1,-31,4.9917480999851e-05
aten_0.1.m1.3086.m1,-9,0.686079772
aten_0.1.m1.3086.m1,-9,0.686079772
aten_0.1.m1.2381.m1,0,1
aten_0.1.m1.5501.m1,-1,1
aten_0.1.m1.6464.m1,15,0.247263243
aten_0.1.m1.19546.m1,14,0.253504701
aten_0.1.m1.30886.m1,0,1
aten_0.1.m1.34109.m1,0,1
aten_0.1.m1.18227.m1,5,0.686079772
aten_0.1.m1.24803.m1,-1,1
aten_0.1.m1.24803.m1,-1,1
aten_0.1.m1.6153.m1,16,0.139852502
aten_0.1.m1.13236.m1,-1,1
aten_0.1.m1.24420.m1,0,1
aten_0.1.m1.24420.m1,-2,1
aten_0.1.m1.24430.m1,7,1
aten_0.1.m1.16872.m1,-7,1
aten_0.1.m1.32896.m1,-1,1
aten_0.1.m1.32896.m1,-1,1
aten_0.1.m1.27726.m1,0,1
aten_0.1.m1.27726.m1,0,1
aten_0.1.m1.374.m1,7,0.992876843
aten_0.1.m1.374.m1,7,0.992876843
aten_0.1.m1.20118.m1,0,1
aten_0.1.m1.10601.m1,7,0.823946746
aten_0.1.m1.10601.m1,7,0.823946746
aten_0.1.m1.30348.m1,0,1
aten_0.1.m1.30348.m1,0,1
aten_0.1.m1.30348.m1,0,1
aten_0.1.m1.17787.m1,9,0.686079772
aten_0.1.m1.25185.m1,-3,1
aten_0.1.m1.25185.m1,-3,1
aten_0.1.m1.33546.m1,-2,1
aten_0.1.m1.23970.m1,0,1
aten_0.1.m1.11675.m1,0,1
aten_0.1.m1.11675.m1,0,1
aten_0.1.m1.22149.m1,2,1
aten_0.1.m1.13356.m1,0,1
aten_0.1.m1.13356.m1,0,1
aten_0.1.m1.6710.m1,-18,0.153100412
aten_0.1.m1.1560.m1,10,0.317102795
aten_0.1.m1.1560.m1,10,0.317102795
aten_0.1.m1.13235.m1,-3,0.823946746
aten_0.1.m1.13235.m1,-3,0.823946746
aten_0.1.m1.6682.m1,-8,0.831973842
aten_0.1.m1.6682.m1,-8,0.831973842
aten_0.1.m1.17488.m1,0,1
aten_0.1.m1.33186.m1,9,0.724154609
aten_0.1.m1.1884.m1,-2,1
aten_0.1.m1.22734.m1,0,1
aten_0.1.m1.7901.m1,10,0.59504063
aten_0.1.m1.32153.m1,0,1
aten_0.1.m1.32153.m1,0,1
aten_0.1.m1.16556.m1,0,1
aten_0.1.m1.16556.m1,0,1
aten_0.1.m1.875.m1,0,1
aten_0.1.m1.875.m1,0,1
aten_0.1.m1.875.m1,0,1
aten_0.1.m1.875.m1,0,1
aten_0.1.m1.353.m1,-17,0.000649686
aten_0.1.m1.5769.m1,2,1
aten_0.1.m1.8909.m1,-1,1
aten_0.1.m1.8909.m1,-1,1
aten_0.1.m1.10168.m1,0,1
aten_0.1.m1.30459.m1,0,1
aten_0.1.m1.30459.m1,0,1
aten_0.1.m1.7487.m1,6,0.83694844
aten_0.1.m1.11743.m1,-4,1
aten_0.1.m1.23599.m1,1,1
aten_0.1.m1.28340.m1,2,1
aten_0.1.m1.22640.m1,-12,0.365974035
aten_0.1.m1.33226.m1,0,1
aten_0.1.m1.33226.m1,0,1
aten_0.1.m1.16217.m1,12,0.365974035
aten_0.1.m1.1258.m1,0,1
aten_0.1.m1.22898.m1,6,1
aten_0.1.m1.22898.m1,6,1
aten_0.1.m1.2647.m1,-8,0.372442947
aten_0.1.m1.15952.m1,0,1
aten_0.1.m1.8715.m1,1,1
aten_0.1.m1.14594.m1,0,1
aten_0.1.m1.1820.m1,-2,1
aten_0.1.m1.8269.m1,0,1
aten_0.1.m1.8269.m1,0,1
aten_0.1.m1.18940.m1,0,1
aten_0.1.m1.15385.m1,-8,0.082841021
aten_0.1.m1.15385.m1,-8,0.082841021
aten_0.1.m1.12678.m1,5,1
aten_0.1.m1.12678.m1,5,1
aten_0.1.m1.31431.m1,-17,0.000649686
aten_0.1.m1.31431.m1,-17,0.000649686
aten_0.1.m1.8061.m1,5,0.993433057
aten_0.1.m1.25600.m1,-9,0.779650108
aten_0.1.m1.21165.m1,0,1
aten_0.1.m1.32744.m1,0,1
aten_0.1.m1.23877.m1,-4,1
aten_0.1.m1.11675.m1,-7,1
aten_0.1.m1.11675.m1,-7,1
aten_0.1.m1.7215.m1,0,1
aten_0.1.m1.14170.m1,0,1
aten_0.1.m1.14170.m1,0,1
aten_0.1.m1.14486.m1,-3,1
aten_0.1.m1.14486.m1,-3,1
aten_0.1.m1.10721.m1,0,1
aten_0.1.m1.10721.m1,0,1
aten_0.1.m1.27227.m1,0,1
aten_0.1.m1.27227.m1,0,1
aten_0.1.m1.27816.m1,-3,0.823946746
aten_0.1.m1.6055.m1,0,1
aten_0.1.m1.22874.m1,4,1
aten_0.1.m1.24063.m1,19,0.082841021
aten_0.1.m1.19705.m1,7,1
aten_0.1.m1.30414.m1,-7,0.679571511
aten_0.1.m1.23830.m1,0,1
aten_0.1.m1.23830.m1,0,1
aten_0.1.m1.8985.m1,-19,0.041567311
aten_0.1.m1.8985.m1,-19,0.041567311
aten_0.1.m1.1960.m1,-1,1
aten_0.1.m1.1960.m1,-1,1
aten_0.1.m1.29674.m1,1,1
aten_0.1.m1.281.m1,12,0.365974035
aten_0.1.m1.21317.m1,23,0.005839742
aten_0.1.m1.27594.m1,10,0.745503719
aten_0.1.m1.27594.m1,10,0.745503719
aten_0.1.m1.29399.m1,-18,0.035757436
aten_0.1.m1.13878.m1,0,1
aten_0.1.m1.2952.m1,-16,0.015906006
aten_0.1.m1.2952.m1,-16,0.015906006
aten_0.1.m1.18795.m1,17,0.170510191
aten_0.1.m1.8639.m1,0,1
aten_0.1.m1.14788.m1,6,1
aten_0.1.m1.14788.m1,6,1
aten_0.1.m1.20530.m1,0,1
aten_0.1.m1.20530.m1,0,1
aten_0.1.m1.25112.m1,0,1
aten_0.1.m1.21152.m1,27,0.008565426
aten_0.1.m1.26957.m1,-5,0.686079772
aten_0.1.m1.4179.m1,-8,0.082841021
aten_0.1.m1.4564.m1,0,1
aten_0.1.m1.28057.m1,18,0.000472761
aten_0.1.m1.28057.m1,18,0.000472761
aten_0.1.m1.2397.m1,12,0.365974035
aten_0.1.m1.5627.m1,-1,1
aten_0.1.m1.24057.m1,4,1
aten_0.1.m1.22366.m1,0,1
aten_0.1.m1.1203.m1,0,1
aten_0.1.m1.21037.m1,0,1
aten_0.1.m1.4179.m1,0,1
aten_0.1.m1.26175.m1,24,0.017636864
aten_0.1.m1.26175.m1,24,0.017636864
aten_0.1.m1.25595.m1,4,0.779650108
aten_0.1.m1.21872.m1,-6,0.225787622
aten_0.1.m1.24045.m1,-2,1
aten_0.1.m1.24047.m1,4,0.779650108
aten_0.1.m1.24047.m1,4,0.779650108
aten_0.1.m1.15660.m1,-1,1
aten_0.1.m1.30347.m1,-21,0.006788949
aten_0.1.m1.30187.m1,6,1
aten_0.1.m1.30187.m1,6,1
aten_0.1.m1.30179.m1,-12,0.546216931
aten_0.1.m1.30179.m1,-12,0.546216931
aten_0.1.m1.13592.m1,0,1
aten_0.1.m1.13592.m1,0,1
aten_0.1.m1.21265.m1,-7,1
aten_0.1.m1.1375.m1,0,1
aten_0.1.m1.1375.m1,0,1
aten_0.1.m1.11695.m1,0,1
aten_0.1.m1.11695.m1,0,1
aten_0.1.m1.7378.m1,-1,1
aten_0.1.m1.7378.m1,-1,1
aten_0.1.m1.30319.m1,0,1
aten_0.1.m1.12498.m1,0,1
aten_0.1.m1.6120.m1,-3,1
aten_0.1.m1.15520.m1,5,1
aten_0.1.m1.15520.m1,5,1
aten_0.1.m1.15520.m1,0,1
aten_0.1.m1.15520.m1,0,1
aten_0.1.m1.27812.m1,-7,0.823946746
aten_0.1.m1.27811.m1,9,0.507749831
aten_0.1.m1.162.m1,-3,1
aten_0.1.m1.14294.m1,0,1
aten_0.1.m1.4479.m1,-1,1
aten_0.1.m1.15716.m1,0,1
aten_0.1.m1.15716.m1,0,1
aten_0.1.m1.29972.m1,-2,1
aten_0.1.m1.29972.m1,-2,1
aten_0.1.m1.15336.m1,13,0.065081121
aten_0.1.m1.15336.m1,13,0.065081121
aten_0.1.m1.24184.m1,0,1
aten_0.1.m1.5364.m1,10,0.714891027
aten_0.1.m1.11020.m1,0,1
aten_0.1.m1.2014.m1,-11,0.235563322
aten_0.1.m1.2014.m1,-11,0.235563322
aten_0.1.m1.19814.m1,7,1
aten_0.1.m1.19814.m1,7,1
aten_0.1.m1.11263.m1,-7,1
aten_0.1.m1.21101.m1,-1,1
aten_0.1.m1.20005.m1,-10,0.714891027
aten_0.1.m1.20005.m1,-10,0.714891027
aten_0.1.m1.10175.m1,10,0.758267114
aten_0.1.m1.17425.m1,0,1
aten_0.1.m1.27941.m1,1,1
aten_0.1.m1.27941.m1,1,1
aten_0.1.m1.14322.m1,0,1
aten_0.1.m1.16903.m1,-4,0.891477515
aten_0.1.m1.16903.m1,-4,0.891477515
aten_0.1.m1.9280.m1,0,1
aten_0.1.m1.25070.m1,14,0.086699178
aten_0.1.m1.25070.m1,14,0.086699178
aten_0.1.m1.16072.m1,-8,0.082841021
aten_0.1.m1.506.m1,-1,1
aten_0.1.m1.506.m1,-1,1
aten_0.1.m1.8335.m1,7,1
aten_0.1.m1.7270.m1,-1,1
aten_0.1.m1.18261.m1,-4,1
aten_0.1.m1.18261.m1,-4,1
aten_0.1.m1.4861.m1,0,1
aten_0.1.m1.2218.m1,-6,1
aten_0.1.m1.2218.m1,-6,1
aten_0.1.m1.16171.m1,0,1
aten_0.1.m1.16171.m1,0,1
aten_0.1.m1.8370.m1,0,1
aten_0.1.m1.31523.m1,-1,1
aten_0.1.m1.31523.m1,-1,1
aten_0.1.m1.32858.m1,2,1
aten_0.1.m1.1670.m1,7,1
aten_0.1.m1.12760.m1,-20,0.024409781
aten_0.1.m1.12760.m1,-20,0.024409781
aten_0.1.m1.24653.m1,10,0.458998164
aten_0.1.m1.33040.m1,0,1
aten_0.1.m1.33040.m1,0,1
aten_0.1.m1.28585.m1,0,1
aten_0.1.m1.28585.m1,0,1
aten_0.1.m1.32442.m1,21,0.065081121
aten_0.1.m1.32442.m1,21,0.065081121
aten_0.1.m1.9718.m1,-1,1
aten_0.1.m1.9766.m1,0,1
aten_0.1.m1.9766.m1,0,1
aten_0.1.m1.27776.m1,0,1
aten_0.1.m1.27776.m1,0,1
aten_0.1.m1.9393.m1,8,0.823946746
aten_0.1.m1.9393.m1,8,0.823946746
aten_0.1.m1.20740.m1,7,0.851604021
aten_0.1.m1.20740.m1,7,0.851604021
aten_0.1.m1.27843.m1,-9,0.507749831
aten_0.1.m1.11106.m1,-1,1
aten_0.1.m1.8521.m1,-1,1
aten_0.1.m1.8521.m1,-1,1
aten_0.1.m1.4409.m1,12,0.433008542
aten_0.1.m1.17634.m1,0,1
aten_0.1.m1.17634.m1,0,1
aten_0.1.m1.11000.m1,-4,1
aten_0.1.m1.11000.m1,-4,1
aten_0.1.m1.5642.m1,-3,0.823946746
aten_0.1.m1.26037.m1,-11,0.554790688
aten_0.1.m1.30613.m1,0,1
aten_0.1.m1.20203.m1,0,1
aten_0.1.m1.20203.m1,0,1
aten_0.1.m1.11583.m1,3,1
aten_0.1.m1.11583.m1,3,1
aten_0.1.m1.5994.m1,0,1
aten_0.1.m1.19574.m1,0,1
aten_0.1.m1.23105.m1,-3,1
aten_0.1.m1.18131.m1,0,1
aten_0.1.m1.18528.m1,5,1
aten_0.1.m1.20099.m1,0,1
aten_0.1.m1.3102.m1,0,1
aten_0.1.m1.816.m1,0,1
aten_0.1.m1.21354.m1,0,1
aten_0.1.m1.15133.m1,0,1
aten_0.1.m1.15081.m1,6,0.784053738
aten_0.1.m1.19690.m1,0,1
aten_0.1.m1.11132.m1,-7,1
aten_0.1.m1.11132.m1,-7,1
aten_0.1.m1.10754.m1,-12,0.458998164
aten_0.1.m1.17843.m1,14,0.253504701
aten_0.1.m1.17843.m1,14,0.253504701
aten_0.1.m1.17675.m1,0,1
aten_0.1.m1.25938.m1,2,1
aten_0.1.m1.12987.m1,0,1
aten_0.1.m1.12987.m1,0,1
aten_0.1.m1.25230.m1,-2,1
aten_0.1.m1.13592.m1,7,1
aten_0.1.m1.13592.m1,7,1
aten_0.1.m1.26481.m1,0,1
aten_0.1.m1.9039.m1,14,0.235563322
aten_0.1.m1.9039.m1,14,0.235563322
aten_0.1.m1.3491.m1,12,0.507749831
aten_0.1.m1.33476.m1,-6,0.745503719
aten_0.1.m1.19330.m1,-16,0.052123187
aten_0.1.m1.6329.m1,0,1
aten_0.1.m1.7266.m1,-5,1
aten_0.1.m1.7266.m1,-5,1
aten_0.1.m1.15392.m1,0,1
aten_0.1.m1.32207.m1,-5,1
aten_0.1.m1.32207.m1,-5,1
aten_0.1.m1.23619.m1,0,1
aten_0.1.m1.7549.m1,0,1
aten_0.1.m1.6498.m1,-19,0.000261935
aten_0.1.m1.4613.m1,2,1
aten_0.1.m1.2561.m1,-6,0.225787622
aten_0.1.m1.2561.m1,-6,0.225787622
aten_0.1.m1.18723.m1,0,1
aten_0.1.m1.18723.m1,0,1
aten_0.1.m1.19754.m1,0,1
aten_0.1.m1.11743.m1,0,1
aten_0.1.m1.1168.m1,0,1
aten_0.1.m1.14663.m1,0,1
aten_0.1.m1.22509.m1,-14,0.170510191
aten_0.1.m1.23218.m1,0,1
aten_0.1.m1.19748.m1,-7,1
aten_0.1.m1.15843.m1,-6,1
aten_0.1.m1.20808.m1,0,1
aten_0.1.m1.27597.m1,7,1
aten_0.1.m1.4911.m1,-5,0.895693191
aten_0.1.m1.13737.m1,-8,0.652288775
aten_0.1.m1.13737.m1,-8,0.652288775
aten_0.1.m1.6568.m1,0,1
aten_0.1.m1.6568.m1,0,1
aten_0.1.m1.24198.m1,8,0.241683309
aten_0.1.m1.1540.m1,4,1
aten_0.1.m1.22328.m1,-1,1
aten_0.1.m1.22328.m1,-1,1
aten_0.1.m1.1276.m1,3,1
aten_0.1.m1.23545.m1,0,1
aten_0.1.m1.33642.m1,-12,0.119871224
aten_0.1.m1.33642.m1,-12,0.119871224
aten_0.1.m1.1451.m1,11,0.478947113
aten_0.1.m1.26881.m1,0,1
aten_0.1.m1.26881.m1,0,1
aten_0.1.m1.6746.m1,6,1
aten_0.1.m1.2198.m1,-3,1
aten_0.1.m1.14918.m1,3,1
aten_0.1.m1.19998.m1,-9,0.170510191
aten_0.1.m1.28581.m1,19,0.025745086
aten_0.1.m1.18384.m1,0,1
aten_0.1.m1.18384.m1,10,0.030051604
aten_0.1.m1.19419.m1,-2,1
aten_0.1.m1.19419.m1,-2,1
aten_0.1.m1.9370.m1,-12,0.287999804
aten_0.1.m1.284.m1,0,1
aten_0.1.m1.284.m1,0,1
aten_0.1.m1.20027.m1,9,0.566425697
aten_0.1.m1.20027.m1,9,0.566425697
aten_0.1.m1.8171.m1,0,1
aten_0.1.m1.8171.m1,0,1
aten_0.1.m1.23035.m1,-3,1
aten_0.1.m1.10326.m1,1,1
aten_0.1.m1.23778.m1,11,0.319154092
aten_0.1.m1.23778.m1,11,0.319154092
aten_0.1.m1.23778.m1,-5,1
aten_0.1.m1.23778.m1,-5,1
aten_0.1.m1.7279.m1,-2,1
aten_0.1.m1.7279.m1,-2,1
aten_0.1.m1.29339.m1,0,1
aten_0.1.m1.29339.m1,0,1
aten_0.1.m1.32207.m1,14,0.31281839
aten_0.1.m1.32207.m1,14,0.31281839
aten_0.1.m1.1374.m1,0,1
aten_0.1.m1.1374.m1,0,1
aten_0.1.m1.10193.m1,0,1
aten_0.1.m1.3098.m1,0,1
aten_0.1.m1.18012.m1,0,1
aten_0.1.m1.18012.m1,0,1
aten_0.1.m1.6082.m1,-3,1
aten_0.1.m1.24669.m1,0,1
aten_0.1.m1.24669.m1,0,1
aten_0.1.m1.22734.m1,-8,0.982867425
aten_0.1.m1.22734.m1,-8,0.982867425
aten_0.1.m1.15638.m1,0,1
aten_0.1.m1.20336.m1,-4,0.891477515
aten_0.1.m1.20336.m1,-4,0.891477515
aten_0.1.m1.22870.m1,-27,0.008565426
aten_0.1.m1.22870.m1,-27,0.008565426
aten_0.1.m1.6196.m1,2,1
aten_0.1.m1.17438.m1,5,1
aten_0.1.m1.17438.m1,5,1
aten_0.1.m1.12212.m1,6,1
aten_0.1.m1.7497.m1,-2,1
aten_0.1.m1.17605.m1,10,0.439138548
aten_0.1.m1.1121.m1,0,1
aten_0.1.m1.27227.m1,0,1
aten_0.1.m1.27227.m1,0,1
aten_0.1.m1.12009.m1,3,1
aten_0.1.m1.12009.m1,3,1
aten_0.1.m1.21000.m1,-3,1
aten_0.1.m1.21011.m1,-3,1
aten_0.1.m1.21011.m1,-3,1
aten_0.1.m1.22012.m1,10,0.745503719
aten_0.1.m1.10210.m1,-6,1
aten_0.1.m1.10210.m1,-6,1
aten_0.1.m1.7835.m1,-11,0.407410228
aten_0.1.m1.3472.m1,0,1
aten_0.1.m1.23606.m1,0,1
aten_0.1.m1.23606.m1,0,1
aten_0.1.m1.9203.m1,2,1
aten_0.1.m1.9203.m1,2,1
aten_0.1.m1.7290.m1,0,1
aten_0.1.m1.4530.m1,-11,0.407410228
aten_0.1.m1.6520.m1,0,1
aten_0.1.m1.19441.m1,0,1
aten_0.1.m1.21027.m1,0,1
aten_0.1.m1.21027.m1,0,1
aten_0.1.m1.26033.m1,-11,0.022231772
aten_0.1.m1.15831.m1,0,1
aten_0.1.m1.30355.m1,-5,1
aten_0.1.m1.25184.m1,5,0.993433057
aten_0.1.m1.6846.m1,-1,1
aten_0.1.m1.14776.m1,22,0.0297157
aten_0.1.m1.14776.m1,22,0.0297157
aten_0.1.m1.11104.m1,0,1
aten_0.1.m1.11104.m1,0,1
aten_0.1.m1.23922.m1,0,1
aten_0.1.m1.23922.m1,0,1
aten_0.1.m1.12936.m1,-14,0.235563322
aten_0.1.m1.12936.m1,-14,0.235563322
aten_0.1.m1.13550.m1,0,1
aten_0.1.m1.13550.m1,0,1
aten_0.1.m1.13478.m1,13,0.082841021
aten_0.1.m1.4784.m1,-22,0.011408932
aten_0.1.m1.1262.m1,0,1
aten_0.1.m1.32170.m1,0,1
aten_0.1.m1.9718.m1,-8,0.082841021
aten_0.1.m1.9710.m1,0,1
aten_0.1.m1.25612.m1,1,1
aten_0.1.m1.25612.m1,1,1
aten_0.1.m1.598.m1,7,0.992876843
aten_0.1.m1.598.m1,7,0.992876843
aten_0.1.m1.598.m1,0,1
aten_0.1.m1.598.m1,0,1
aten_0.1.m1.14820.m1,0,1
aten_0.1.m1.14820.m1,0,1
aten_0.1.m1.6728.m1,-1,1
aten_0.1.m1.20327.m1,13,0.205980253
aten_0.1.m1.20327.m1,13,0.205980253
aten_0.1.m1.26949.m1,-6,1
aten_0.1.m1.26949.m1,-6,1
aten_0.1.m1.6664.m1,2,1
aten_0.1.m1.6664.m1,2,1
aten_0.1.m1.9406.m1,0,1
aten_0.1.m1.9406.m1,0,1
aten_0.1.m1.2036.m1,-24,0.024409781
aten_0.1.m1.15156.m1,-6,1
aten_0.1.m1.15156.m1,-6,1
aten_0.1.m1.33909.m1,-1,1
aten_0.1.m1.33909.m1,-1,1
aten_0.1.m1.6665.m1,5,1
aten_0.1.m1.6665.m1,5,1
aten_0.1.m1.2545.m1,6,0.958489725
aten_0.1.m1.2545.m1,6,0.958489725
aten_0.1.m1.13562.m1,20,0.046715106
aten_0.1.m1.713.m1,0,1
aten_0.1.m1.13577.m1,-19,0.041567311
aten_0.1.m1.33351.m1,0,1
aten_0.1.m1.33351.m1,0,1
aten_0.1.m1.9203.m1,0,1
aten_0.1.m1.9203.m1,0,1
aten_0.1.m1.28779.m1,0,1
aten_0.1.m1.31097.m1,0,1
aten_0.1.m1.29986.m1,4,1
aten_0.1.m1.29986.m1,4,1
aten_0.1.m1.4861.m1,15,0.149700079
aten_0.1.m1.18303.m1,-12,0.365974035
aten_0.1.m1.7800.m1,9,0.225787622
aten_0.1.m1.11275.m1,10,0.59504063
aten_0.1.m1.22912.m1,0,1
aten_0.1.m1.22912.m1,0,1
aten_0.1.m1.22912.m1,-7,1
aten_0.1.m1.22912.m1,-7,1
aten_0.1.m1.22296.m1,1,1
aten_0.1.m1.1985.m1,-4,1
aten_0.1.m1.1985.m1,-4,1
aten_0.1.m1.5419.m1,0,1
aten_0.1.m1.5419.m1,0,1
aten_0.1.m1.30253.m1,0,1
aten_0.1.m1.27202.m1,24,0.024409781
aten_0.1.m1.8720.m1,0,1
aten_0.1.m1.8720.m1,0,1
aten_0.1.m1.11037.m1,0,1
aten_0.1.m1.25925.m1,-8,0.982867425
aten_0.1.m1.9039.m1,0,1
aten_0.1.m1.25572.m1,0,1
aten_0.1.m1.25572.m1,0,1
aten_0.1.m1.3807.m1,0,1
aten_0.1.m1.3475.m1,10,0.030051604
aten_0.1.m1.25544.m1,-14,0.288759194
aten_0.1.m1.25544.m1,-14,0.288759194
aten_0.1.m1.1362.m1,-14,0.0043086
aten_0.1.m1.15201.m1,-1,1
aten_0.1.m1.15201.m1,-1,1
aten_0.1.m1.26124.m1,0,1
aten_0.1.m1.21176.m1,0,1
aten_0.1.m1.15502.m1,-4,1
aten_0.1.m1.15502.m1,-4,1
aten_0.1.m1.15537.m1,-5,1
aten_0.1.m1.26345.m1,0,1
aten_0.1.m1.26345.m1,0,1
aten_0.1.m1.9423.m1,-7,0.779650108
aten_0.1.m1.9101.m1,-14,0.320835368
aten_0.1.m1.9101.m1,-14,0.320835368
aten_0.1.m1.10142.m1,-8,0.082841021
aten_0.1.m1.10142.m1,-8,0.082841021
aten_0.1.m1.23808.m1,0,1
aten_0.1.m1.8720.m1,3,0.823946746
aten_0.1.m1.12674.m1,0,1
aten_0.1.m1.7105.m1,0,1
aten_0.1.m1.29658.m1,9,0.779650108
aten_0.1.m1.8585.m1,0,1
aten_0.1.m1.33442.m1,-3,1
aten_0.1.m1.33442.m1,-3,1
aten_0.1.m1.11152.m1,0,1
aten_0.1.m1.7244.m1,-13,0.030051604
aten_0.1.m1.7244.m1,-13,0.030051604
aten_0.1.m1.8181.m1,0,1
aten_0.1.m1.2057.m1,-2,1
aten_0.1.m1.5084.m1,16,0.052123187
aten_0.1.m1.5084.m1,5,0.358799898
aten_0.1.m1.5520.m1,-1,1
aten_0.1.m1.7339.m1,21,0.058932477
aten_0.1.m1.10782.m1,0,1
aten_0.1.m1.10782.m1,0,1
aten_0.1.m1.16196.m1,17,0.000649686
aten_0.1.m1.16196.m1,17,0.000649686
aten_0.1.m1.10960.m1,0,1
aten_0.1.m1.33571.m1,0,1
aten_0.1.m1.17979.m1,-7,1
aten_0.1.m1.17979.m1,-7,1
aten_0.1.m1.27099.m1,0,1
aten_0.1.m1.7618.m1,0,1
aten_0.1.m1.8723.m1,-10,0.458998164
aten_0.1.m1.33053.m1,7,1
aten_0.1.m1.33053.m1,7,1
aten_0.1.m1.21078.m1,10,0.745503719
aten_0.1.m1.13766.m1,0,1
aten_0.1.m1.13766.m1,0,1
aten_0.1.m1.32158.m1,3,1
aten_0.1.m1.18072.m1,0,1
aten_0.1.m1.13483.m1,4,1
aten_0.1.m1.13483.m1,4,1
aten_0.1.m1.5964.m1,0,1
aten_0.1.m1.16217.m1,0,1
aten_0.1.m1.16217.m1,0,1
aten_0.1.m1.7694.m1,-4,1
aten_0.1.m1.6329.m1,0,1
aten_0.1.m1.6336.m1,0,1
aten_0.1.m1.4301.m1,-9,0.566425697
aten_0.1.m1.33799.m1,0,1
aten_0.1.m1.2858.m1,4,0.779650108
aten_0.1.m1.2858.m1,4,0.779650108
aten_0.1.m1.3332.m1,-26,4.59856082099987e-05
aten_0.1.m1.32150.m1,-12,0.365974035
aten_0.1.m1.32150.m1,-12,0.365974035
aten_0.1.m1.32150.m1,7,1
aten_0.1.m1.14699.m1,0,1
aten_0.1.m1.14699.m1,0,1
aten_0.1.m1.13439.m1,-25,0.00244442
aten_0.1.m1.13439.m1,-7,0.958489725
aten_0.1.m1.29498.m1,9,0.831861091
aten_0.1.m1.16056.m1,15,0.111508339
aten_0.1.m1.7110.m1,0,1
aten_0.1.m1.11731.m1,-1,1
aten_0.1.m1.1451.m1,2,1
aten_0.1.m1.11861.m1,0,1
aten_0.1.m1.4688.m1,-5,0.993433057
aten_0.1.m1.10388.m1,0,1
aten_0.1.m1.9391.m1,-12,0.365974035
aten_0.1.m1.9391.m1,-12,0.365974035
aten_0.1.m1.24257.m1,7,1
aten_0.1.m1.16490.m1,0,1
aten_0.1.m1.18946.m1,-17,0.000649686
aten_0.1.m1.18946.m1,-17,0.000649686
aten_0.1.m1.27989.m1,29,1.02708361016275e-06
aten_0.1.m1.16294.m1,7,0.919324265
aten_0.1.m1.11486.m1,-3,1
aten_0.1.m1.18016.m1,0,1
aten_0.1.m1.18016.m1,0,1
aten_0.1.m1.5515.m1,12,0.5400878
aten_0.1.m1.5513.m1,2,1
aten_0.1.m1.5523.m1,2,1
aten_0.1.m1.29552.m1,-7,0.992876843
aten_0.1.m1.29552.m1,-7,0.992876843
aten_0.1.m1.24749.m1,-4,1
aten_0.1.m1.14517.m1,7,1
aten_0.1.m1.14517.m1,7,1
aten_0.1.m1.16392.m1,-11,0.458998164
aten_0.1.m1.16392.m1,-11,0.458998164
aten_0.1.m1.12604.m1,19,0.033156494
aten_0.1.m1.12605.m1,-4,1
aten_0.1.m1.10978.m1,0,1
aten_0.1.m1.10978.m1,0,1
aten_0.1.m1.31989.m1,19,0.041567311
aten_0.1.m1.4176.m1,0,1
aten_0.1.m1.4176.m1,0,1
aten_0.1.m1.29958.m1,0,1
aten_0.1.m1.9692.m1,2,1
aten_0.1.m1.9692.m1,2,1
aten_0.1.m1.4696.m1,20,0.074790324
aten_0.1.m1.22443.m1,0,1
aten_0.1.m1.29503.m1,10,0.745503719
aten_0.1.m1.29503.m1,3,0.823946746
aten_0.1.m1.10204.m1,0,1
aten_0.1.m1.10204.m1,0,1
aten_0.1.m1.25666.m1,6,0.745503719
aten_0.1.m1.25666.m1,6,0.745503719
aten_0.1.m1.1906.m1,3,1
aten_0.1.m1.10914.m1,4,1
aten_0.1.m1.29592.m1,-3,0.823946746
aten_0.1.m1.29592.m1,-3,0.823946746
aten_0.1.m1.10261.m1,-1,1
aten_0.1.m1.10155.m1,-1,1
aten_0.1.m1.10155.m1,-1,1
aten_0.1.m1.33733.m1,10,0.503957807
aten_0.1.m1.5652.m1,2,1
aten_0.1.m1.1401.m1,10,0.439138548
aten_0.1.m1.5958.m1,0,1
aten_0.1.m1.3042.m1,10,0.503957807
aten_0.1.m1.27354.m1,5,1
aten_0.1.m1.12046.m1,-5,1
aten_0.1.m1.12046.m1,-5,1
aten_0.1.m1.12039.m1,4,1
aten_0.1.m1.12039.m1,4,1
aten_0.1.m1.19485.m1,0,1
aten_0.1.m1.20203.m1,-15,0.274275637
aten_0.1.m1.20203.m1,-15,0.274275637
aten_0.1.m1.3577.m1,11,0.458998164
aten_0.1.m1.21144.m1,21,0.009011813
aten_0.1.m1.29201.m1,7,0.992876843
aten_0.1.m1.881.m1,0,1
aten_0.1.m1.881.m1,0,1
aten_0.1.m1.28539.m1,0,1
aten_0.1.m1.17501.m1,0,1
aten_0.1.m1.7908.m1,18,0.024409781
aten_0.1.m1.7908.m1,18,0.024409781
aten_0.1.m1.7908.m1,-7,1
aten_0.1.m1.7908.m1,-7,1
aten_0.1.m1.1704.m1,1,1
aten_0.1.m1.28539.m1,-21,0.058932477
aten_0.1.m1.32884.m1,-7,1
aten_0.1.m1.32884.m1,-7,1
aten_0.1.m1.6993.m1,-12,0.287999804
aten_0.1.m1.16869.m1,3,1
aten_0.1.m1.9006.m1,-4,1
aten_0.1.m1.32765.m1,24,0.024409781
aten_0.1.m1.32765.m1,24,0.024409781
aten_0.1.m1.15968.m1,0,1
aten_0.1.m1.4253.m1,0,1
aten_0.1.m1.31935.m1,0,1
aten_0.1.m1.31935.m1,0,1
aten_0.1.m1.32313.m1,10,0.59504063
aten_0.1.m1.32313.m1,10,0.59504063
aten_0.1.m1.7901.m1,5,1
aten_0.1.m1.11543.m1,12,0.365974035
aten_0.1.m1.11543.m1,12,0.365974035
aten_0.1.m1.11669.m1,-7,1
aten_0.1.m1.29305.m1,-3,1
aten_0.1.m1.9414.m1,-16,0.089528301
aten_0.1.m1.9414.m1,-16,0.089528301
aten_0.1.m1.26602.m1,0,1
aten_0.1.m1.17385.m1,-1,1
aten_0.1.m1.17385.m1,-1,1
aten_0.1.m1.20021.m1,4,1
aten_0.1.m1.16799.m1,7,0.958489725
aten_0.1.m1.16799.m1,7,0.958489725
aten_0.1.m1.21207.m1,0,1
aten_0.1.m1.1839.m1,17,0.132548977
aten_0.1.m1.18938.m1,12,0.365974035
aten_0.1.m1.30387.m1,-4,1
aten_0.1.m1.650.m1,15,0.247263243
aten_0.1.m1.650.m1,15,0.247263243
aten_0.1.m1.31530.m1,-9,0.566425697
aten_0.1.m1.31834.m1,5,1
aten_0.1.m1.22993.m1,-19,0.105466953
aten_0.1.m1.22993.m1,-19,0.105466953
aten_0.1.m1.30398.m1,0,1
aten_0.1.m1.30713.m1,0,1
aten_0.1.m1.30713.m1,0,1
aten_0.1.m1.6276.m1,0,1
aten_0.1.m1.6276.m1,0,1
aten_0.1.m1.28223.m1,0,1
aten_0.1.m1.15800.m1,-28,1.53886685524624e-06
aten_0.1.m1.9772.m1,8,0.679571511
aten_0.1.m1.16177.m1,-5,1
aten_0.1.m1.7697.m1,-4,1
aten_0.1.m1.5421.m1,0,1
aten_0.1.m1.17705.m1,3,1
aten_0.1.m1.22659.m1,0,1
aten_0.1.m1.32140.m1,-13,0.458998164
aten_0.1.m1.19586.m1,-13,0.458998164
aten_0.1.m1.30284.m1,-5,1
aten_0.1.m1.28920.m1,0,1
aten_0.1.m1.28920.m1,0,1
aten_0.1.m1.4195.m1,24,1.62175678087385e-05
aten_0.1.m1.8147.m1,-3,1
aten_0.1.m1.8147.m1,-3,1
aten_0.1.m1.5238.m1,-31,0.000649686
aten_0.1.m1.24057.m1,0,1
aten_0.1.m1.27185.m1,0,1
aten_0.1.m1.27185.m1,0,1
aten_0.1.m1.19908.m1,-6,0.496714564
aten_0.1.m1.4489.m1,-7,1
aten_0.1.m1.4489.m1,-7,1
aten_0.1.m1.28173.m1,0,1
aten_0.1.m1.11067.m1,0,1
aten_0.1.m1.26616.m1,0,1
aten_0.1.m1.22345.m1,0,1
aten_0.1.m1.17605.m1,0,1
aten_0.1.m1.30355.m1,-7,0.919324265
aten_0.1.m1.26999.m1,0,1
aten_0.1.m1.12022.m1,0,1
aten_0.1.m1.10937.m1,-2,1
aten_0.1.m1.25562.m1,0,1
aten_0.1.m1.20080.m1,0,1
aten_0.1.m1.75.m1,0,1
aten_0.1.m1.9925.m1,10,0.758267114
aten_0.1.m1.20820.m1,0,1
aten_0.1.m1.29963.m1,-18,0.000472761
aten_0.1.m1.16681.m1,10,0.758267114
aten_0.1.m1.16681.m1,10,0.758267114
aten_0.1.m1.19842.m1,-3,1
aten_0.1.m1.18535.m1,2,1
aten_0.1.m1.18535.m1,2,1
aten_0.1.m1.31296.m1,-1,1
aten_0.1.m1.18275.m1,-3,1
aten_0.1.m1.21951.m1,-4,1
aten_0.1.m1.21951.m1,-4,1
aten_0.1.m1.16066.m1,1,1
aten_0.1.m1.16066.m1,1,1
aten_0.1.m1.13251.m1,-5,1
aten_0.1.m1.32810.m1,-12,0.365974035
aten_0.1.m1.32810.m1,-12,0.365974035
aten_0.1.m1.1936.m1,-7,1
aten_0.1.m1.12292.m1,0,1
aten_0.1.m1.25291.m1,8,0.883172472
aten_0.1.m1.25291.m1,8,0.883172472
aten_0.1.m1.33026.m1,0,1
aten_0.1.m1.31313.m1,0,1
aten_0.1.m1.32328.m1,0,1
aten_0.1.m1.33031.m1,19,0.000261935
aten_0.1.m1.11614.m1,4,1
aten_0.1.m1.11614.m1,4,1
aten_0.1.m1.24143.m1,0,1
aten_0.1.m1.9278.m1,3,1
aten_0.1.m1.19126.m1,2,1
aten_0.1.m1.14732.m1,-2,1
aten_0.1.m1.18237.m1,-17,0.000649686
aten_0.1.m1.15888.m1,1,1
aten_0.1.m1.30317.m1,2,1
aten_0.1.m1.5666.m1,-17,0.082841021
aten_0.1.m1.3267.m1,0,1
aten_0.1.m1.3267.m1,0,1
aten_0.1.m1.881.m1,-16,0.072067257
aten_0.1.m1.15966.m1,0,1
aten_0.1.m1.15966.m1,0,1
aten_0.1.m1.7022.m1,0,1
aten_0.1.m1.7022.m1,0,1
aten_0.1.m1.2228.m1,4,1
aten_0.1.m1.17633.m1,0,1
aten_0.1.m1.34088.m1,0,1
aten_0.1.m1.14692.m1,-4,1
aten_0.1.m1.16413.m1,0,1
aten_0.1.m1.22004.m1,10,0.758267114
aten_0.1.m1.20867.m1,17,0.000649686
aten_0.1.m1.19312.m1,-5,1
aten_0.1.m1.19312.m1,-5,1
aten_0.1.m1.18546.m1,21,0.041567311
aten_0.1.m1.18546.m1,21,0.041567311
aten_0.1.m1.18647.m1,-5,0.895693191
aten_0.1.m1.18647.m1,-5,0.895693191
aten_0.1.m1.8685.m1,0,1
aten_0.1.m1.28865.m1,0,1
aten_0.1.m1.2360.m1,0,1
aten_0.1.m1.2360.m1,0,1
aten_0.1.m1.8180.m1,0,1
aten_0.1.m1.32551.m1,0,1
aten_0.1.m1.32551.m1,0,1
aten_0.1.m1.17032.m1,12,0.365974035
aten_0.1.m1.7139.m1,0,1
aten_0.1.m1.7139.m1,0,1
aten_0.1.m1.29565.m1,0,1
aten_0.1.m1.26939.m1,-8,0.082841021
aten_0.1.m1.26939.m1,-8,0.082841021
aten_0.1.m1.25139.m1,-4,1
aten_0.1.m1.16047.m1,0,1
aten_0.1.m1.7798.m1,0,1
aten_0.1.m1.7798.m1,0,1
aten_0.1.m1.26475.m1,-10,0.758267114
aten_0.1.m1.26475.m1,-10,0.758267114
aten_0.1.m1.15570.m1,1,1
aten_0.1.m1.21027.m1,0,1
aten_0.1.m1.21027.m1,0,1
aten_0.1.m1.4205.m1,-7,1
aten_0.1.m1.4205.m1,-7,1
aten_0.1.m1.6151.m1,-4,1
aten_0.1.m1.20142.m1,16,0.119403093
aten_0.1.m1.20307.m1,5,1
aten_0.1.m1.9203.m1,10,0.030051604
aten_0.1.m1.6626.m1,0,1
aten_0.1.m1.6626.m1,0,1
aten_0.1.m1.23809.m1,3,1
aten_0.1.m1.18508.m1,17,0.132548977
aten_0.1.m1.32801.m1,0,1
aten_0.1.m1.32801.m1,0,1
aten_0.1.m1.19427.m1,-3,0.823946746
aten_0.1.m1.19427.m1,-3,0.823946746
aten_0.1.m1.481.m1,2,1
aten_0.1.m1.26552.m1,9,0.686079772
aten_0.1.m1.29917.m1,2,1
aten_0.1.m1.28780.m1,-1,1
aten_0.1.m1.4493.m1,0,1
aten_0.1.m1.7602.m1,13,0.458998164
aten_0.1.m1.7602.m1,13,0.458998164
aten_0.1.m1.13088.m1,0,1
aten_0.1.m1.13640.m1,0,1
aten_0.1.m1.13640.m1,0,1
aten_0.1.m1.8955.m1,0,1
aten_0.1.m1.8955.m1,0,1
aten_0.1.m1.3878.m1,0,1
aten_0.1.m1.3878.m1,0,1
aten_0.1.m1.25661.m1,-17,0.000649686
aten_0.1.m1.25661.m1,-17,0.000649686
aten_0.1.m1.12706.m1,0,1
aten_0.1.m1.26571.m1,1,1
aten_0.1.m1.14069.m1,0,1
aten_0.1.m1.14069.m1,0,1
aten_0.1.m1.14069.m1,-9,0.831973842
aten_0.1.m1.14069.m1,-9,0.831973842
aten_0.1.m1.23672.m1,2,1
aten_0.1.m1.74.m1,7,0.823946746
aten_0.1.m1.7780.m1,0,1
aten_0.1.m1.32404.m1,10,0.758267114
aten_0.1.m1.32404.m1,10,0.758267114
aten_0.1.m1.11224.m1,0,1
aten_0.1.m1.6714.m1,2,1
aten_0.1.m1.1227.m1,0,1
aten_0.1.m1.1227.m1,0,1
aten_0.1.m1.20757.m1,0,1
aten_0.1.m1.967.m1,-2,1
aten_0.1.m1.25888.m1,0,1
aten_0.1.m1.25888.m1,0,1
aten_0.1.m1.28264.m1,-7,0.679571511
aten_0.1.m1.33275.m1,2,1
aten_0.1.m1.33275.m1,2,1
aten_0.1.m1.17308.m1,5,1
aten_0.1.m1.6663.m1,0,1
aten_0.1.m1.28020.m1,0,1
aten_0.1.m1.16408.m1,2,1
aten_0.1.m1.27535.m1,11,0.62648178
aten_0.1.m1.27535.m1,11,0.62648178
aten_0.1.m1.32170.m1,2,1
aten_0.1.m1.4632.m1,0,1
aten_0.1.m1.4632.m1,0,1
aten_0.1.m1.15537.m1,7,0.992876843
aten_0.1.m1.3180.m1,-8,0.652288775
aten_0.1.m1.6696.m1,1,1
aten_0.1.m1.28173.m1,-8,0.758267114
aten_0.1.m1.33920.m1,-1,1
aten_0.1.m1.33920.m1,-1,1
aten_0.1.m1.21211.m1,0,1
aten_0.1.m1.15979.m1,5,0.358799898
aten_0.1.m1.15979.m1,5,0.358799898
aten_0.1.m1.2609.m1,0,1
aten_0.1.m1.2609.m1,0,1
aten_0.1.m1.23792.m1,0,1
aten_0.1.m1.20852.m1,0,1
aten_0.1.m1.20852.m1,0,1
aten_0.1.m1.22702.m1,-1,1
aten_0.1.m1.16749.m1,-23,0.025987655
aten_0.1.m1.16749.m1,-23,0.025987655
aten_0.1.m1.11110.m1,0,1
aten_0.1.m1.28031.m1,8,0.679571511
aten_0.1.m1.16264.m1,15,0.149700079
aten_0.1.m1.27480.m1,5,1
aten_0.1.m1.14296.m1,0,1
aten_0.1.m1.24154.m1,12,0.458998164
aten_0.1.m1.24154.m1,12,0.458998164
aten_0.1.m1.20321.m1,6,1
aten_0.1.m1.24764.m1,10,0.758267114
aten_0.1.m1.24764.m1,10,0.758267114
aten_0.1.m1.22874.m1,-7,1
aten_0.1.m1.25145.m1,0,1
aten_0.1.m1.25138.m1,0,1
aten_0.1.m1.3024.m1,4,1
aten_0.1.m1.3024.m1,4,1
aten_0.1.m1.28038.m1,-25,1.16717344078042e-05
aten_0.1.m1.29763.m1,0,1
aten_0.1.m1.28778.m1,-17,0.000649686
aten_0.1.m1.32270.m1,-7,1
aten_0.1.m1.26958.m1,-8,0.082841021
aten_0.1.m1.5238.m1,0,1
aten_0.1.m1.15617.m1,8,0.831973842
aten_0.1.m1.18419.m1,0,1
aten_0.1.m1.18414.m1,0,1
aten_0.1.m1.19969.m1,-8,0.982867425
aten_0.1.m1.8807.m1,0,1
aten_0.1.m1.28520.m1,10,0.758267114
aten_0.1.m1.2797.m1,0,1
aten_0.1.m1.29463.m1,0,1
aten_0.1.m1.17787.m1,1,1
aten_0.1.m1.28766.m1,8,0.652288775
aten_0.1.m1.28766.m1,8,0.652288775
aten_0.1.m1.12763.m1,17,0.182600938
aten_0.1.m1.12761.m1,17,0.182600938
aten_0.1.m1.15209.m1,0,1
aten_0.1.m1.20569.m1,0,1
aten_0.1.m1.23607.m1,3,0.823946746
aten_0.1.m1.11576.m1,0,1
aten_0.1.m1.25389.m1,0,1
aten_0.1.m1.21363.m1,0,1
aten_0.1.m1.29976.m1,0,1
aten_0.1.m1.7793.m1,0,1
aten_0.1.m1.14073.m1,0,1
aten_0.1.m1.27898.m1,-10,0.745503719
aten_0.1.m1.4205.m1,0,1
aten_0.1.m1.4205.m1,0,1
aten_0.1.m1.9155.m1,-6,1
aten_0.1.m1.8180.m1,-1,1
aten_0.1.m1.27484.m1,-12,0.365974035
aten_0.1.m1.8939.m1,0,1
aten_0.1.m1.17202.m1,0,1
aten_0.1.m1.23792.m1,12,0.496714564
aten_0.1.m1.25201.m1,4,1
aten_0.1.m1.25201.m1,4,1
aten_0.1.m1.7044.m1,18,0.104684536
aten_0.1.m1.28452.m1,0,1
aten_0.1.m1.28119.m1,-17,0.000649686
aten_0.1.m1.14701.m1,-10,0.59504063
aten_0.1.m1.11765.m1,8,0.484738186
aten_0.1.m1.9897.m1,-23,0.025987655
aten_0.1.m1.9897.m1,-23,0.025987655
aten_0.1.m1.20024.m1,0,1
aten_0.1.m1.20024.m1,0,1
aten_0.1.m1.17724.m1,2,1
aten_0.1.m1.16345.m1,0,1
aten_0.1.m1.16345.m1,0,1
aten_0.1.m1.23646.m1,23,0.00118436
aten_0.1.m1.19705.m1,-5,0.686079772
aten_0.1.m1.28539.m1,12,0.365974035
aten_0.1.m1.21398.m1,-4,1
aten_0.1.m1.22993.m1,-15,0.315355142
aten_0.1.m1.22993.m1,-15,0.315355142
aten_0.1.m1.15409.m1,-3,0.823946746
aten_0.1.m1.15409.m1,-3,0.823946746
aten_0.1.m1.15409.m1,-20,0.046715106
aten_0.1.m1.15409.m1,-20,0.046715106
aten_0.1.m1.29469.m1,5,0.358799898
aten_0.1.m1.30702.m1,0,1
aten_0.1.m1.9030.m1,0,1
aten_0.1.m1.9030.m1,0,1
aten_0.1.m1.6019.m1,-7,0.679571511
aten_0.1.m1.16053.m1,0,1
aten_0.1.m1.16053.m1,0,1
aten_0.1.m1.3277.m1,0,1
aten_0.1.m1.3277.m1,0,1
aten_0.1.m1.22716.m1,0,1
aten_0.1.m1.10226.m1,6,0.83694844
aten_0.1.m1.11531.m1,-3,1
aten_0.1.m1.19641.m1,18,0.025745086
aten_0.1.m1.19641.m1,18,0.025745086
aten_0.1.m1.9983.m1,-4,1
aten_0.1.m1.14215.m1,0,1
aten_0.1.m1.21146.m1,-8,0.982816136
aten_0.1.m1.31156.m1,0,1
aten_0.1.m1.31156.m1,0,1
aten_0.1.m1.28528.m1,0,1
aten_0.1.m1.28528.m1,0,1
aten_0.1.m1.2871.m1,2,1
aten_0.1.m1.14151.m1,-6,1
aten_0.1.m1.988.m1,-3,0.823946746
aten_0.1.m1.24143.m1,2,1
aten_0.1.m1.33802.m1,7,1
aten_0.1.m1.19001.m1,2,1
aten_0.1.m1.19001.m1,2,1
aten_0.1.m1.19479.m1,31,2.31647949705698e-05
aten_0.1.m1.19479.m1,31,2.31647949705698e-05
aten_0.1.m1.24853.m1,4,1
aten_0.1.m1.5236.m1,0,1
aten_0.1.m1.5236.m1,0,1
aten_0.1.m1.29929.m1,0,1
aten_0.1.m1.14121.m1,0,1
aten_0.1.m1.14121.m1,0,1
aten_0.1.m1.16268.m1,2,1
aten_0.1.m1.5035.m1,-14,0.200047928
aten_0.1.m1.3404.m1,10,0.503957807
aten_0.1.m1.23748.m1,17,0.189613729
aten_0.1.m1.23748.m1,17,0.189613729
aten_0.1.m1.17103.m1,-2,1
aten_0.1.m1.27643.m1,-2,1
aten_0.1.m1.27106.m1,12,0.365974035
aten_0.1.m1.24268.m1,-7,1
aten_0.1.m1.27571.m1,3,1
aten_0.1.m1.12545.m1,0,1
aten_0.1.m1.12059.m1,11,0.105466953
aten_0.1.m1.12059.m1,11,0.105466953
aten_0.1.m1.3215.m1,0,1
aten_0.1.m1.3215.m1,0,1
aten_0.1.m1.29243.m1,10,0.503957807
aten_0.1.m1.16621.m1,-14,0.253504701
aten_0.1.m1.15081.m1,0,1
aten_0.1.m1.15081.m1,0,1
aten_0.1.m1.5076.m1,0,1
aten_0.1.m1.12123.m1,-12,0.241683309
aten_0.1.m1.9757.m1,0,1
aten_0.1.m1.1167.m1,1,1
aten_0.1.m1.7791.m1,0,1
aten_0.1.m1.7791.m1,0,1
aten_0.1.m1.24263.m1,0,1
aten_0.1.m1.5854.m1,0,1
aten_0.1.m1.8582.m1,0,1
aten_0.1.m1.8582.m1,0,1
aten_0.1.m1.26046.m1,25,0.020620777
aten_0.1.m1.26046.m1,25,0.020620777
aten_0.1.m1.23372.m1,2,1
aten_0.1.m1.3559.m1,0,1
aten_0.1.m1.8432.m1,-15,0.099579491
aten_0.1.m1.8432.m1,-15,0.099579491
aten_0.1.m1.30250.m1,-1,1
aten_0.1.m1.27618.m1,0,1
aten_0.1.m1.27618.m1,0,1
aten_0.1.m1.1868.m1,0,1
aten_0.1.m1.31059.m1,29,0.003931766
aten_0.1.m1.30985.m1,0,1
aten_0.1.m1.14716.m1,0,1
aten_0.1.m1.14716.m1,0,1
aten_0.1.m1.20337.m1,-5,0.895693191
aten_0.1.m1.8153.m1,0,1
aten_0.1.m1.15163.m1,0,1
aten_0.1.m1.12107.m1,1,1
aten_0.1.m1.26422.m1,0,1
aten_0.1.m1.29986.m1,-1,1
aten_0.1.m1.28865.m1,2,1
aten_0.1.m1.22302.m1,0,1
aten_0.1.m1.25595.m1,0,1
aten_0.1.m1.25595.m1,0,1
aten_0.1.m1.23080.m1,-3,0.823946746
aten_0.1.m1.753.m1,-2,1
aten_0.1.m1.731.m1,0,1
aten_0.1.m1.33973.m1,0,1
aten_0.1.m1.28617.m1,5,1
aten_0.1.m1.10040.m1,-6,1
aten_0.1.m1.20133.m1,13,0.104718901
aten_0.1.m1.23642.m1,0,1
aten_0.1.m1.13017.m1,0,1
aten_0.1.m1.15721.m1,0,1
aten_0.1.m1.1400.m1,0,1
aten_0.1.m1.28197.m1,-13,0.417770413
aten_0.1.m1.28197.m1,-13,0.417770413
aten_0.1.m1.32399.m1,0,1
aten_0.1.m1.32399.m1,0,1
aten_0.1.m1.15432.m1,-5,1
aten_0.1.m1.16594.m1,-16,0.235563322
aten_0.1.m1.16594.m1,-16,0.235563322
aten_0.1.m1.3422.m1,0,1
aten_0.1.m1.17765.m1,0,1
aten_0.1.m1.17765.m1,0,1
aten_0.1.m1.17027.m1,0,1
aten_0.1.m1.17027.m1,0,1
aten_0.1.m1.9982.m1,11,0.566425697
aten_0.1.m1.20279.m1,-9,0.507749831
aten_0.1.m1.3259.m1,4,0.779650108
aten_0.1.m1.3259.m1,4,0.779650108
aten_0.1.m1.22508.m1,-2,1
aten_0.1.m1.11000.m1,9,0.566425697
aten_0.1.m1.6957.m1,-18,0.153157769
aten_0.1.m1.4793.m1,0,1
aten_0.1.m1.8032.m1,0,1
aten_0.1.m1.8032.m1,0,1
aten_0.1.m1.4271.m1,0,1
aten_0.1.m1.4271.m1,0,1
aten_0.1.m1.33639.m1,19,0.000261935
aten_0.1.m1.33639.m1,19,0.000261935
aten_0.1.m1.9777.m1,14,0.138443349
aten_0.1.m1.32407.m1,-4,1
aten_0.1.m1.1550.m1,0,1
aten_0.1.m1.1701.m1,0,1
aten_0.1.m1.18882.m1,10,0.59504063
aten_0.1.m1.7318.m1,-1,1
aten_0.1.m1.6308.m1,0,1
aten_0.1.m1.18278.m1,0,1
aten_0.1.m1.2103.m1,7,1
aten_0.1.m1.2103.m1,7,1
aten_0.1.m1.25511.m1,3,1
aten_0.1.m1.25878.m1,6,0.225787622
aten_0.1.m1.25878.m1,6,0.225787622
aten_0.1.m1.27608.m1,14,0.235563322
aten_0.1.m1.8183.m1,0,1
aten_0.1.m1.8183.m1,0,1
aten_0.1.m1.13958.m1,2,1
aten_0.1.m1.13958.m1,2,1
aten_0.1.m1.30648.m1,5,1
aten_0.1.m1.11042.m1,18,0.041567311
aten_0.1.m1.11042.m1,18,0.041567311
aten_0.1.m1.1389.m1,1,1
aten_0.1.m1.19118.m1,0,1
aten_0.1.m1.2140.m1,-1,1
aten_0.1.m1.12289.m1,17,0.082841021
aten_0.1.m1.2096.m1,-4,1
aten_0.1.m1.30791.m1,0,1
aten_0.1.m1.4787.m1,0,1
aten_0.1.m1.4787.m1,0,1
aten_0.1.m1.13590.m1,-20,0.001025948
aten_0.1.m1.13594.m1,-20,0.001025948
aten_0.1.m1.13590.m1,-20,0.001025948
aten_0.1.m1.12879.m1,0,1
aten_0.1.m1.32658.m1,-2,1
aten_0.1.m1.28476.m1,-7,1
aten_0.1.m1.19114.m1,0,1
aten_0.1.m1.19114.m1,0,1
aten_0.1.m1.33026.m1,0,1
aten_0.1.m1.33026.m1,0,1
aten_0.1.m1.1200.m1,-20,0.082841021
aten_0.1.m1.1200.m1,-20,0.082841021
aten_0.1.m1.10417.m1,7,0.992876843
aten_0.1.m1.5716.m1,-2,1
aten_0.1.m1.5716.m1,-2,1
aten_0.1.m1.5718.m1,-2,1
aten_0.1.m1.7189.m1,-8,0.811388949
aten_0.1.m1.15382.m1,10,0.758267114
aten_0.1.m1.1177.m1,7,0.823946746
aten_0.1.m1.18017.m1,0,1
aten_0.1.m1.32341.m1,7,1
aten_0.1.m1.5639.m1,-23,0.030051604
aten_0.1.m1.21975.m1,0,1
aten_0.1.m1.28652.m1,-7,1
aten_0.1.m1.27861.m1,0,1
aten_0.1.m1.27861.m1,0,1
aten_0.1.m1.15240.m1,0,1
aten_0.1.m1.4507.m1,-7,1
aten_0.1.m1.4507.m1,-7,1
aten_0.1.m1.28826.m1,0,1
aten_0.1.m1.28826.m1,0,1
aten_0.1.m1.29019.m1,3,0.823946746
aten_0.1.m1.13878.m1,4,1
aten_0.1.m1.13878.m1,4,1
aten_0.1.m1.34091.m1,0,1
aten_0.1.m1.8022.m1,0,1
aten_0.1.m1.8022.m1,0,1
aten_0.1.m1.28749.m1,-19,0.008932174
aten_0.1.m1.28749.m1,-19,0.008932174
aten_0.1.m1.10162.m1,-14,0.343044049
aten_0.1.m1.29718.m1,-4,1
aten_0.1.m1.19157.m1,0,1
aten_0.1.m1.33167.m1,-2,1
aten_0.1.m1.33167.m1,-2,1
aten_0.1.m1.550.m1,0,1
aten_0.1.m1.550.m1,0,1
aten_0.1.m1.33357.m1,0,1
aten_0.1.m1.7138.m1,-3,1
aten_0.1.m1.16811.m1,-1,1
aten_0.1.m1.16811.m1,-1,1
aten_0.1.m1.2759.m1,0,1
aten_0.1.m1.13601.m1,-6,0.83694844
aten_0.1.m1.13601.m1,-6,0.83694844
aten_0.1.m1.30675.m1,0,1
aten_0.1.m1.20036.m1,-5,0.686079772
aten_0.1.m1.973.m1,0,1
aten_0.1.m1.4652.m1,-12,0.320835368
aten_0.1.m1.22004.m1,-8,0.082841021
aten_0.1.m1.5911.m1,0,1
aten_0.1.m1.28828.m1,-9,0.831973842
aten_0.1.m1.28692.m1,12,0.433008542
aten_0.1.m1.29460.m1,-9,0.455944731
aten_0.1.m1.18519.m1,2,1
aten_0.1.m1.18519.m1,2,1
aten_0.1.m1.15409.m1,4,1
aten_0.1.m1.15409.m1,4,1
aten_0.1.m1.2606.m1,-7,1
aten_0.1.m1.14601.m1,0,1
aten_0.1.m1.5875.m1,-10,0.714891027
aten_0.1.m1.5875.m1,-10,0.714891027
aten_0.1.m1.26948.m1,7,1
aten_0.1.m1.12975.m1,-17,0.182600938
aten_0.1.m1.22812.m1,0,1
aten_0.1.m1.22812.m1,0,1
aten_0.1.m1.8685.m1,4,1
aten_0.1.m1.32148.m1,0,1
aten_0.1.m1.32148.m1,0,1
aten_0.1.m1.28780.m1,3,0.823946746
aten_0.1.m1.15272.m1,-11,0.458998164
aten_0.1.m1.14758.m1,2,1
aten_0.1.m1.2009.m1,5,1
aten_0.1.m1.2009.m1,5,1
aten_0.1.m1.6940.m1,0,1
aten_0.1.m1.29809.m1,1,1
aten_0.1.m1.21732.m1,0,1
aten_0.1.m1.23026.m1,0,1
aten_0.1.m1.24091.m1,5,1
aten_0.1.m1.24091.m1,5,1
aten_0.1.m1.1645.m1,-4,1
aten_0.1.m1.1645.m1,-4,1
aten_0.1.m1.55.m1,-6,0.745503719
aten_0.1.m1.55.m1,-6,0.745503719
aten_0.1.m1.15653.m1,-1,1
aten_0.1.m1.13530.m1,-5,1
aten_0.1.m1.12784.m1,5,1
aten_0.1.m1.12784.m1,5,1
aten_0.1.m1.17944.m1,0,1
aten_0.1.m1.18418.m1,-4,1
aten_0.1.m1.14246.m1,0,1
aten_0.1.m1.18838.m1,4,1
aten_0.1.m1.5792.m1,0,1
aten_0.1.m1.5792.m1,0,1
aten_0.1.m1.5792.m1,15,0.267457663
aten_0.1.m1.5792.m1,15,0.267457663
aten_0.1.m1.12128.m1,-9,0.170510191
aten_0.1.m1.12128.m1,-9,0.170510191
aten_0.1.m1.16394.m1,-3,1
aten_0.1.m1.16394.m1,-3,1
aten_0.1.m1.2676.m1,0,1
aten_0.1.m1.12123.m1,0,1
aten_0.1.m1.29503.m1,-14,0.057976449
aten_0.1.m1.31489.m1,17,0.000649686
aten_0.1.m1.15805.m1,5,0.993433057
aten_0.1.m1.3054.m1,0,1
aten_0.1.m1.1479.m1,10,0.59504063
aten_0.1.m1.1479.m1,0,1
aten_0.1.m1.2014.m1,0,1
aten_0.1.m1.9660.m1,18,0.041567311
aten_0.1.m1.9660.m1,18,0.041567311
aten_0.1.m1.598.m1,23,0.021981527
aten_0.1.m1.598.m1,23,0.021981527
aten_0.1.m1.9542.m1,-7,1
aten_0.1.m1.9542.m1,-7,1
aten_0.1.m1.13885.m1,0,1
aten_0.1.m1.13885.m1,0,1
aten_0.1.m1.12986.m1,-3,1
aten_0.1.m1.31470.m1,2,1
aten_0.1.m1.3946.m1,0,1
aten_0.1.m1.1708.m1,3,1
aten_0.1.m1.33806.m1,0,1
aten_0.1.m1.33806.m1,0,1
aten_0.1.m1.6128.m1,7,1
aten_0.1.m1.27796.m1,-1,1
aten_0.1.m1.3681.m1,0,1
aten_0.1.m1.22280.m1,-4,1
aten_0.1.m1.30250.m1,10,0.758267114
aten_0.1.m1.24266.m1,0,1
aten_0.1.m1.9727.m1,14,0.057976449
aten_0.1.m1.12649.m1,-3,0.823946746
aten_0.1.m1.26242.m1,5,1
aten_0.1.m1.29698.m1,0,1
aten_0.1.m1.31988.m1,-3,0.823946746
aten_0.1.m1.31988.m1,-3,0.823946746
aten_0.1.m1.4369.m1,0,1
aten_0.1.m1.9278.m1,31,0.001454904
aten_0.1.m1.9278.m1,31,0.001454904
aten_0.1.m1.22338.m1,0,1
aten_0.1.m1.25968.m1,0,1
aten_0.1.m1.30116.m1,0,1
aten_0.1.m1.30116.m1,0,1
aten_0.1.m1.8914.m1,-7,1
aten_0.1.m1.8914.m1,-7,1
aten_0.1.m1.18795.m1,0,1
aten_0.1.m1.33824.m1,-9,0.831861091
aten_0.1.m1.16700.m1,10,0.317102795
aten_0.1.m1.15514.m1,1,1
aten_0.1.m1.15514.m1,1,1
aten_0.1.m1.1717.m1,0,1
aten_0.1.m1.1717.m1,0,1
aten_0.1.m1.10384.m1,0,1
aten_0.1.m1.10177.m1,0,1
aten_0.1.m1.2540.m1,24,0.008224829
aten_0.1.m1.2540.m1,24,0.008224829
aten_0.1.m1.16895.m1,12,0.046715106
aten_0.1.m1.16895.m1,12,0.046715106
aten_0.1.m1.604.m1,-17,0.161339034
aten_0.1.m1.30527.m1,-15,0.225787622
aten_0.1.m1.30527.m1,-15,0.225787622
aten_0.1.m1.5172.m1,0,1
aten_0.1.m1.16047.m1,-8,0.982867425
aten_0.1.m1.7515.m1,0,1
aten_0.1.m1.20367.m1,0,1
aten_0.1.m1.20367.m1,0,1
aten_0.1.m1.5621.m1,-13,0.458998164
aten_0.1.m1.5621.m1,-13,0.458998164
aten_0.1.m1.5621.m1,14,0.200047928
aten_0.1.m1.5621.m1,14,0.200047928
aten_0.1.m1.7241.m1,0,1
aten_0.1.m1.7241.m1,0,1
aten_0.1.m1.9863.m1,-2,1
aten_0.1.m1.13124.m1,0,1
aten_0.1.m1.13124.m1,0,1
aten_0.1.m1.1748.m1,0,1
aten_0.1.m1.9393.m1,12,0.287999804
aten_0.1.m1.14572.m1,16,0.197376924
aten_0.1.m1.1331.m1,-10,0.503957807
aten_0.1.m1.31130.m1,-2,1
aten_0.1.m1.17501.m1,-3,0.823946746
aten_0.1.m1.14284.m1,0,1
aten_0.1.m1.10166.m1,6,0.225787622
aten_0.1.m1.10166.m1,6,0.225787622
aten_0.1.m1.10213.m1,0,1
aten_0.1.m1.10213.m1,0,1
aten_0.1.m1.19550.m1,-8,0.831973842
aten_0.1.m1.19550.m1,-8,0.831973842
aten_0.1.m1.26059.m1,4,1
aten_0.1.m1.32267.m1,-3,1
aten_0.1.m1.4176.m1,0,1
aten_0.1.m1.4176.m1,0,1
aten_0.1.m1.8172.m1,3,0.823946746
aten_0.1.m1.11080.m1,-4,1
aten_0.1.m1.4262.m1,2,1
aten_0.1.m1.15352.m1,0,1
aten_0.1.m1.24912.m1,-2,1
aten_0.1.m1.6310.m1,0,1
aten_0.1.m1.11020.m1,0,1
aten_0.1.m1.31297.m1,0,1
aten_0.1.m1.32982.m1,0,1
aten_0.1.m1.1794.m1,-10,0.59504063
aten_0.1.m1.10338.m1,0,1
aten_0.1.m1.10338.m1,0,1
aten_0.1.m1.7183.m1,0,1
aten_0.1.m1.20080.m1,-14,0.200047928
aten_0.1.m1.26255.m1,-6,1
aten_0.1.m1.14043.m1,0,1
aten_0.1.m1.14043.m1,0,1
aten_0.1.m1.27591.m1,0,1
aten_0.1.m1.29290.m1,3,0.823946746
aten_0.1.m1.14664.m1,-7,1
aten_0.1.m1.14664.m1,-7,1
aten_0.1.m1.9813.m1,2,1
aten_0.1.m1.28586.m1,0,1
aten_0.1.m1.28586.m1,0,1
aten_0.1.m1.8372.m1,-8,0.652288775
aten_0.1.m1.1517.m1,-10,0.758267114
aten_0.1.m1.26195.m1,-9,0.823946746
aten_0.1.m1.3639.m1,2,1
aten_0.1.m1.3639.m1,2,1
aten_0.1.m1.28044.m1,0,1
aten_0.1.m1.28044.m1,0,1
aten_0.1.m1.19698.m1,-24,0.024409781
aten_0.1.m1.19698.m1,-24,0.024409781
aten_0.1.m1.7695.m1,7,1
aten_0.1.m1.6939.m1,0,1
aten_0.1.m1.6945.m1,0,1
aten_0.1.m1.17052.m1,5,1
aten_0.1.m1.14643.m1,4,1
aten_0.1.m1.19468.m1,0,1
aten_0.1.m1.28459.m1,-46,5.35469803600556e-09
aten_0.1.m1.29479.m1,-13,0.458998164
aten_0.1.m1.21327.m1,-4,1
aten_0.1.m1.33606.m1,0,1
aten_0.1.m1.25993.m1,0,1
aten_0.1.m1.31046.m1,3,1
aten_0.1.m1.2227.m1,11,0.235563322
aten_0.1.m1.2096.m1,-18,0.025745086
aten_0.1.m1.2096.m1,-18,0.025745086
aten_0.1.m1.13006.m1,-4,1
aten_0.1.m1.13006.m1,-4,1
aten_0.1.m1.27964.m1,-1,1
aten_0.1.m1.27964.m1,-1,1
aten_0.1.m1.17577.m1,4,0.891477515
aten_0.1.m1.19819.m1,8,0.831973842
aten_0.1.m1.19819.m1,8,0.831973842
aten_0.1.m1.26537.m1,21,0.056295642
aten_0.1.m1.1550.m1,13,0.439138548
aten_0.1.m1.5384.m1,12,0.496714564
aten_0.1.m1.3639.m1,-4,1
aten_0.1.m1.4133.m1,20,0.065411489
aten_0.1.m1.4133.m1,20,0.065411489
aten_0.1.m1.6687.m1,0,1
aten_0.1.m1.6687.m1,0,1
aten_0.1.m1.26333.m1,-24,0.000649686
aten_0.1.m1.26333.m1,-24,0.000649686
aten_0.1.m1.4787.m1,0,1
aten_0.1.m1.11083.m1,0,1
aten_0.1.m1.11083.m1,0,1
aten_0.1.m1.10354.m1,-2,1
aten_0.1.m1.29622.m1,-3,0.823946746
aten_0.1.m1.29622.m1,-3,0.823946746
aten_0.1.m1.2360.m1,-2,1
aten_0.1.m1.3155.m1,-1,1
aten_0.1.m1.15613.m1,-19,0.110485465
aten_0.1.m1.15613.m1,-19,0.110485465
aten_0.1.m1.14307.m1,-18,0.113108724
aten_0.1.m1.14307.m1,-18,0.113108724
aten_0.1.m1.22088.m1,-11,0.554790688
aten_0.1.m1.22088.m1,-11,0.554790688
aten_0.1.m1.25548.m1,-4,1
aten_0.1.m1.25548.m1,-4,1
aten_0.1.m1.10174.m1,15,0.247263243
aten_0.1.m1.16654.m1,2,1
aten_0.1.m1.262.m1,0,1
aten_0.1.m1.16555.m1,0,1
aten_0.1.m1.16555.m1,0,1
aten_0.1.m1.17868.m1,8,0.484738186
aten_0.1.m1.17868.m1,8,0.484738186
aten_0.1.m1.32869.m1,-4,1
aten_0.1.m1.32371.m1,2,1
aten_0.1.m1.32371.m1,2,1
aten_0.1.m1.5189.m1,0,1
aten_0.1.m1.33353.m1,0,1
aten_0.1.m1.15383.m1,0,1
aten_0.1.m1.30675.m1,0,1
aten_0.1.m1.30354.m1,0,1
aten_0.1.m1.28217.m1,13,0.458998164
aten_0.1.m1.12908.m1,0,1
aten_0.1.m1.19955.m1,-7,0.958489725
aten_0.1.m1.19955.m1,-7,0.958489725
aten_0.1.m1.9779.m1,-7,0.140360402
aten_0.1.m1.15973.m1,0,1
aten_0.1.m1.15973.m1,0,1
aten_0.1.m1.3618.m1,-3,1
aten_0.1.m1.23619.m1,-9,0.320835368
aten_0.1.m1.7215.m1,4,1
aten_0.1.m1.3084.m1,0,1
aten_0.1.m1.3084.m1,0,1
aten_0.1.m1.18560.m1,8,0.982816136
aten_0.1.m1.8947.m1,0,1
aten_0.1.m1.4535.m1,0,1
aten_0.1.m1.11645.m1,-17,0.082841021
aten_0.1.m1.29454.m1,-3,1
aten_0.1.m1.29454.m1,-3,1
aten_0.1.m1.1079.m1,-5,1
aten_0.1.m1.9175.m1,0,1
aten_0.1.m1.9175.m1,0,1
aten_0.1.m1.26487.m1,0,1
aten_0.1.m1.15058.m1,2,1
aten_0.1.m1.15058.m1,2,1
aten_0.1.m1.22182.m1,7,1
aten_0.1.m1.22182.m1,7,1
aten_0.1.m1.7243.m1,5,1
aten_0.1.m1.1330.m1,-3,1
aten_0.1.m1.15711.m1,0,1
aten_0.1.m1.14714.m1,8,0.372442947
aten_0.1.m1.14714.m1,8,0.372442947
aten_0.1.m1.28558.m1,31,0.001498474
aten_0.1.m1.24083.m1,0,1
aten_0.1.m1.1941.m1,0,1
aten_0.1.m1.7916.m1,4,1
aten_0.1.m1.20614.m1,4,1
aten_0.1.m1.12083.m1,12,0.478947113
aten_0.1.m1.12083.m1,12,0.478947113
aten_0.1.m1.26024.m1,1,1
aten_0.1.m1.26024.m1,1,1
aten_0.1.m1.12322.m1,10,0.758267114
aten_0.1.m1.14139.m1,0,1
aten_0.1.m1.8666.m1,0,1
aten_0.1.m1.8303.m1,12,0.175805049
aten_0.1.m1.25816.m1,0,1
aten_0.1.m1.25816.m1,0,1
aten_0.1.m1.27863.m1,0,1
aten_0.1.m1.27863.m1,0,1
aten_0.1.m1.9777.m1,-3,1
aten_0.1.m1.9777.m1,-3,1
aten_0.1.m1.14294.m1,2,1
aten_0.1.m1.21950.m1,-5,1
aten_0.1.m1.4675.m1,4,1
aten_0.1.m1.4675.m1,4,1
aten_0.1.m1.4675.m1,-10,0.758267114
aten_0.1.m1.4675.m1,-10,0.758267114
aten_0.1.m1.1753.m1,0,1
aten_0.1.m1.9393.m1,-20,0.046715106
aten_0.1.m1.7941.m1,0,1
aten_0.1.m1.1437.m1,0,1
aten_0.1.m1.10226.m1,0,1
aten_0.1.m1.10226.m1,0,1
aten_0.1.m1.19165.m1,-7,0.566425697
aten_0.1.m1.19165.m1,-7,0.566425697
aten_0.1.m1.3625.m1,0,1
aten_0.1.m1.29191.m1,5,1
aten_0.1.m1.22634.m1,0,1
aten_0.1.m1.15059.m1,0,1
aten_0.1.m1.13972.m1,-18,0.104684536
aten_0.1.m1.4201.m1,0,1
aten_0.1.m1.13336.m1,-1,1
aten_0.1.m1.7375.m1,0,1
aten_0.1.m1.7375.m1,0,1
aten_0.1.m1.27861.m1,-5,1
aten_0.1.m1.7159.m1,-10,0.59504063
aten_0.1.m1.32269.m1,0,1
aten_0.1.m1.23599.m1,11,0.407410228
aten_0.1.m1.23599.m1,11,0.407410228
aten_0.1.m1.17568.m1,0,1
aten_0.1.m1.17568.m1,0,1
aten_0.1.m1.6526.m1,-9,0.455944731
aten_0.1.m1.6526.m1,-9,0.455944731
aten_0.1.m1.31332.m1,0,1
aten_0.1.m1.17591.m1,2,1
aten_0.1.m1.4215.m1,0,1
aten_0.1.m1.4215.m1,0,1
aten_0.1.m1.24204.m1,0,1
aten_0.1.m1.10746.m1,4,1
aten_0.1.m1.10746.m1,4,1
aten_0.1.m1.10746.m1,4,1
aten_0.1.m1.26187.m1,9,0.507749831
aten_0.1.m1.13039.m1,2,1
aten_0.1.m1.13901.m1,0,1
aten_0.1.m1.1626.m1,0,1
aten_0.1.m1.8973.m1,0,1
aten_0.1.m1.10911.m1,10,0.030051604
aten_0.1.m1.10911.m1,10,0.030051604
aten_0.1.m1.13928.m1,12,0.433008542
aten_0.1.m1.13928.m1,12,0.433008542
aten_0.1.m1.2594.m1,0,1
aten_0.1.m1.1126.m1,-7,1
aten_0.1.m1.5384.m1,0,1
aten_0.1.m1.3438.m1,0,1
aten_0.1.m1.3438.m1,0,1
aten_0.1.m1.12906.m1,0,1
aten_0.1.m1.12906.m1,0,1
aten_0.1.m1.11666.m1,0,1
aten_0.1.m1.1353.m1,1,1
aten_0.1.m1.13765.m1,0,1
aten_0.1.m1.879.m1,0,1
aten_0.1.m1.879.m1,0,1
aten_0.1.m1.30447.m1,-11,0.666255086
aten_0.1.m1.12240.m1,0,1
aten_0.1.m1.12240.m1,0,1
aten_0.1.m1.17390.m1,0,1
aten_0.1.m1.17390.m1,0,1
aten_0.1.m1.19861.m1,1,1
aten_0.1.m1.9110.m1,0,1
aten_0.1.m1.20001.m1,-8,0.945635594
aten_0.1.m1.20001.m1,-8,0.945635594
aten_0.1.m1.3477.m1,0,1
aten_0.1.m1.3477.m1,0,1
aten_0.1.m1.27541.m1,-6,0.745503719
aten_0.1.m1.12923.m1,0,1
aten_0.1.m1.12923.m1,0,1
aten_0.1.m1.15338.m1,0,1
aten_0.1.m1.13016.m1,-1,1
aten_0.1.m1.28650.m1,3,1
aten_0.1.m1.9907.m1,-11,0.618367843
aten_0.1.m1.7728.m1,0,1
aten_0.1.m1.28917.m1,6,1
aten_0.1.m1.28917.m1,6,1
aten_0.1.m1.22114.m1,0,1
aten_0.1.m1.25713.m1,0,1
aten_0.1.m1.14889.m1,-4,0.779650108
aten_0.1.m1.14889.m1,-4,0.779650108
aten_0.1.m1.18490.m1,4,1
aten_0.1.m1.18490.m1,-2,1
aten_0.1.m1.9072.m1,-5,1
aten_0.1.m1.1359.m1,2,1
aten_0.1.m1.32908.m1,0,1
aten_0.1.m1.27497.m1,0,1
aten_0.1.m1.18031.m1,-3,0.823946746
aten_0.1.m1.18031.m1,-3,0.823946746
aten_0.1.m1.14543.m1,0,1
aten_0.1.m1.3086.m1,8,0.679571511
aten_0.1.m1.11669.m1,0,1
aten_0.1.m1.6952.m1,0,1
aten_0.1.m1.6952.m1,0,1
aten_0.1.m1.11579.m1,19,0.041567311
aten_0.1.m1.1642.m1,-12,0.496714564
aten_0.1.m1.1642.m1,-12,0.496714564
aten_0.1.m1.33880.m1,0,1
aten_0.1.m1.33880.m1,0,1
aten_0.1.m1.31456.m1,0,1
aten_0.1.m1.24911.m1,-6,0.745503719
aten_0.1.m1.25675.m1,12,0.365974035
aten_0.1.m1.25675.m1,12,0.365974035
aten_0.1.m1.22874.m1,-22,0.000423812
aten_0.1.m1.4422.m1,10,0.758267114
aten_0.1.m1.15966.m1,16,0.197376924
aten_0.1.m1.15966.m1,16,0.197376924
aten_0.1.m1.5945.m1,0,1
aten_0.1.m1.6227.m1,8,0.082841021
aten_0.1.m1.689.m1,0,1
aten_0.1.m1.2032.m1,-3,1
aten_0.1.m1.14701.m1,0,1
aten_0.1.m1.8505.m1,24,0.025472041
aten_0.1.m1.25225.m1,0,1
aten_0.1.m1.24840.m1,4,1
aten_0.1.m1.27898.m1,0,1
aten_0.1.m1.27898.m1,0,1
aten_0.1.m1.19645.m1,0,1
aten_0.1.m1.25711.m1,-8,0.652288775
aten_0.1.m1.25711.m1,-8,0.652288775
aten_0.1.m1.11807.m1,-4,1
aten_0.1.m1.11807.m1,-4,1
aten_0.1.m1.11020.m1,14,0.363096104
aten_0.1.m1.12051.m1,-5,1
aten_0.1.m1.12051.m1,-5,1
aten_0.1.m1.5177.m1,14,0.31281839
aten_0.1.m1.29632.m1,0,1
aten_0.1.m1.29632.m1,0,1
aten_0.1.m1.13391.m1,0,1
aten_0.1.m1.5011.m1,-5,1
aten_0.1.m1.27038.m1,1,1
aten_0.1.m1.24432.m1,3,1
aten_0.1.m1.24432.m1,3,1
aten_0.1.m1.33433.m1,-4,1
aten_0.1.m1.33433.m1,-4,1
aten_0.1.m1.10689.m1,0,1
aten_0.1.m1.10689.m1,0,1
aten_0.1.m1.32860.m1,-10,0.714891027
aten_0.1.m1.32860.m1,-10,0.714891027
aten_0.1.m1.34091.m1,15,0.274275637
aten_0.1.m1.2648.m1,7,1
aten_0.1.m1.2648.m1,7,1
aten_0.1.m1.28888.m1,-4,1
aten_0.1.m1.28888.m1,-4,1
aten_0.1.m1.4312.m1,17,0.000649686
aten_0.1.m1.21584.m1,0,1
aten_0.1.m1.21584.m1,0,1
aten_0.1.m1.18065.m1,0,1
aten_0.1.m1.144.m1,-7,0.919324265
aten_0.1.m1.144.m1,-7,0.919324265
aten_0.1.m1.4504.m1,0,1
aten_0.1.m1.30702.m1,1,1
aten_0.1.m1.30702.m1,1,1
aten_0.1.m1.9809.m1,7,0.779650108
aten_0.1.m1.2961.m1,6,0.784053738
aten_0.1.m1.1386.m1,0,1
aten_0.1.m1.16655.m1,0,1
aten_0.1.m1.16655.m1,0,1
aten_0.1.m1.9405.m1,9,0.566425697
aten_0.1.m1.9401.m1,9,0.566425697
aten_0.1.m1.18190.m1,6,0.496714564
aten_0.1.m1.18190.m1,6,0.496714564
aten_0.1.m1.12083.m1,0,1
aten_0.1.m1.23092.m1,0,1
aten_0.1.m1.7621.m1,0,1
aten_0.1.m1.24330.m1,-12,0.433008542
aten_0.1.m1.24330.m1,-12,0.433008542
aten_0.1.m1.13159.m1,-7,0.823946746
aten_0.1.m1.13159.m1,-7,0.823946746
aten_0.1.m1.8970.m1,-7,0.779650108
aten_0.1.m1.21733.m1,-2,1
aten_0.1.m1.29802.m1,18,0.104684536
aten_0.1.m1.14762.m1,-4,1
aten_0.1.m1.2071.m1,-19,0.056295642
aten_0.1.m1.32210.m1,4,1
aten_0.1.m1.32210.m1,4,1
aten_0.1.m1.12273.m1,-24,0.024409781
aten_0.1.m1.12273.m1,-24,0.024409781
aten_0.1.m1.827.m1,3,1
aten_0.1.m1.24154.m1,17,0.116562482
aten_0.1.m1.29704.m1,0,1
aten_0.1.m1.29704.m1,0,1
aten_0.1.m1.19333.m1,-15,0.099579491
aten_0.1.m1.22393.m1,-10,0.714891027
aten_0.1.m1.22393.m1,-10,0.714891027
aten_0.1.m1.4301.m1,-17,0.000649686
aten_0.1.m1.15045.m1,-21,0.064286164
aten_0.1.m1.20254.m1,-12,0.119871224
aten_0.1.m1.32331.m1,-2,1
aten_0.1.m1.32331.m1,-2,1
aten_0.1.m1.20189.m1,0,1
aten_0.1.m1.13339.m1,0,1
aten_0.1.m1.12240.m1,-2,1
aten_0.1.m1.20142.m1,-14,0.214788226
aten_0.1.m1.29469.m1,-11,0.319154092
aten_0.1.m1.29469.m1,-11,0.319154092
aten_0.1.m1.7590.m1,-5,0.895693191
aten_0.1.m1.32810.m1,5,1
aten_0.1.m1.32810.m1,5,1
aten_0.1.m1.8271.m1,-2,1
aten_0.1.m1.8271.m1,-2,1
aten_0.1.m1.8271.m1,-15,0.315355142
aten_0.1.m1.8271.m1,-15,0.315355142
aten_0.1.m1.21368.m1,0,1
aten_0.1.m1.10588.m1,0,1
aten_0.1.m1.2239.m1,3,1
aten_0.1.m1.9871.m1,7,1
aten_0.1.m1.9871.m1,7,1
aten_0.1.m1.8194.m1,10,0.758267114
aten_0.1.m1.8217.m1,-10,0.503957807
aten_0.1.m1.8217.m1,-10,0.503957807
aten_0.1.m1.21564.m1,-20,0.005528963
aten_0.1.m1.1484.m1,0,1
aten_0.1.m1.9761.m1,2,1
aten_0.1.m1.5961.m1,0,1
aten_0.1.m1.6088.m1,-9,0.831973842
aten_0.1.m1.27599.m1,24,0.024409781
aten_0.1.m1.17390.m1,1,1
aten_0.1.m1.16002.m1,8,0.831973842
aten_0.1.m1.6734.m1,-6,1
aten_0.1.m1.6734.m1,-6,1
aten_0.1.m1.14542.m1,0,1
aten_0.1.m1.18049.m1,-16,0.072067257
aten_0.1.m1.18049.m1,-16,0.072067257
aten_0.1.m1.3164.m1,-3,0.823946746
aten_0.1.m1.8777.m1,2,1
aten_0.1.m1.17377.m1,0,1
aten_0.1.m1.32080.m1,-4,1
aten_0.1.m1.32080.m1,-4,1
aten_0.1.m1.6122.m1,0,1
aten_0.1.m1.20036.m1,16,0.052123187
aten_0.1.m1.14480.m1,-6,0.225787622
aten_0.1.m1.14480.m1,-6,0.225787622
aten_0.1.m1.12035.m1,0,1
aten_0.1.m1.12035.m1,0,1
aten_0.1.m1.14930.m1,-22,0.037236677
aten_0.1.m1.16566.m1,7,1
aten_0.1.m1.16566.m1,7,1
aten_0.1.m1.19286.m1,-8,0.525158778
aten_0.1.m1.20921.m1,-3,0.823946746
aten_0.1.m1.20921.m1,-3,0.823946746
aten_0.1.m1.14075.m1,0,1
aten_0.1.m1.29924.m1,0,1
aten_0.1.m1.29924.m1,0,1
aten_0.1.m1.5329.m1,10,0.59504063
aten_0.1.m1.5329.m1,10,0.59504063
aten_0.1.m1.19444.m1,-1,1
aten_0.1.m1.19444.m1,-1,1
aten_0.1.m1.29809.m1,5,1
aten_0.1.m1.7941.m1,-9,0.779650108
aten_0.1.m1.7941.m1,-9,0.779650108
aten_0.1.m1.33826.m1,5,1
aten_0.1.m1.26037.m1,17,0.200047928
aten_0.1.m1.7281.m1,2,1
aten_0.1.m1.14064.m1,0,1
aten_0.1.m1.24177.m1,8,0.823946746
aten_0.1.m1.16071.m1,0,1
aten_0.1.m1.16859.m1,0,1
aten_0.1.m1.757.m1,-10,0.758267114
aten_0.1.m1.26585.m1,-4,1
aten_0.1.m1.18895.m1,3,0.823946746
aten_0.1.m1.18895.m1,3,0.823946746
aten_0.1.m1.27586.m1,0,1
aten_0.1.m1.27586.m1,15,0.099579491
aten_0.1.m1.5421.m1,0,1
aten_0.1.m1.379.m1,-4,1
aten_0.1.m1.15314.m1,-7,1
aten_0.1.m1.15314.m1,-7,1
aten_0.1.m1.22394.m1,-16,0.139852502
aten_0.1.m1.17481.m1,0,1
aten_0.1.m1.17481.m1,0,1
aten_0.1.m1.13577.m1,0,1
aten_0.1.m1.16536.m1,0,1
aten_0.1.m1.20951.m1,-7,1
aten_0.1.m1.20912.m1,-2,1
aten_0.1.m1.16009.m1,7,1
aten_0.1.m1.20781.m1,0,1
aten_0.1.m1.20781.m1,0,1
aten_0.1.m1.16251.m1,0,1
aten_0.1.m1.17026.m1,-3,1
aten_0.1.m1.20270.m1,-5,0.358799898
aten_0.1.m1.25617.m1,-3,1
aten_0.1.m1.25592.m1,8,0.758267114
aten_0.1.m1.25592.m1,10,0.59504063
aten_0.1.m1.6050.m1,-8,0.679571511
aten_0.1.m1.6050.m1,0,1
aten_0.1.m1.24952.m1,-16,0.027091399
aten_0.1.m1.18050.m1,0,1
aten_0.1.m1.4878.m1,-5,0.895693191
aten_0.1.m1.12214.m1,0,1
aten_0.1.m1.32419.m1,0,1
aten_0.1.m1.25637.m1,0,1
aten_0.1.m1.30671.m1,0,1
aten_0.1.m1.30671.m1,0,1
aten_0.1.m1.29114.m1,7,0.992876843
aten_0.1.m1.29114.m1,7,0.992876843
aten_0.1.m1.2251.m1,0,1
aten_0.1.m1.27797.m1,1,1
aten_0.1.m1.27797.m1,1,1
aten_0.1.m1.2908.m1,0,1
aten_0.1.m1.17730.m1,0,1
aten_0.1.m1.17730.m1,0,1
aten_0.1.m1.34038.m1,13,0.104718901
aten_0.1.m1.25659.m1,0,1
aten_0.1.m1.2159.m1,4,1
aten_0.1.m1.2763.m1,-11,0.319154092
aten_0.1.m1.6596.m1,-1,1
aten_0.1.m1.6596.m1,6,0.225787622
aten_0.1.m1.9837.m1,-12,0.5400878
aten_0.1.m1.23602.m1,-1,1
aten_0.1.m1.2900.m1,5,1
aten_0.1.m1.2900.m1,5,1
aten_0.1.m1.18211.m1,-13,0.417770413
aten_0.1.m1.18211.m1,-13,0.417770413
aten_0.1.m1.28266.m1,0,1
aten_0.1.m1.28266.m1,0,1
aten_0.1.m1.1465.m1,-1,1
aten_0.1.m1.30096.m1,-26,0.001448826
aten_0.1.m1.30096.m1,-26,0.001448826
aten_0.1.m1.12039.m1,0,1
aten_0.1.m1.12039.m1,0,1
aten_0.1.m1.407.m1,22,0.046465044
aten_0.1.m1.5238.m1,0,1
aten_0.1.m1.19539.m1,15,0.050481614
aten_0.1.m1.1224.m1,0,1
aten_0.1.m1.10198.m1,2,1
aten_0.1.m1.33299.m1,-3,1
aten_0.1.m1.33299.m1,-3,1
aten_0.1.m1.4707.m1,-1,1
aten_0.1.m1.4707.m1,-1,1
aten_0.1.m1.11508.m1,-6,0.83694844
aten_0.1.m1.19867.m1,0,1
aten_0.1.m1.8062.m1,-8,0.758267114
aten_0.1.m1.28107.m1,0,1
aten_0.1.m1.28107.m1,0,1
aten_0.1.m1.9510.m1,-8,0.525158778
aten_0.1.m1.7226.m1,1,1
aten_0.1.m1.12637.m1,-5,1
aten_0.1.m1.24581.m1,0,1
aten_0.1.m1.24581.m1,0,1
aten_0.1.m1.18862.m1,-11,0.51443514
aten_0.1.m1.18862.m1,-11,0.51443514
aten_0.1.m1.15708.m1,0,1
aten_0.1.m1.1270.m1,7,1
aten_0.1.m1.22903.m1,-4,1
aten_0.1.m1.2953.m1,-7,0.679571511
aten_0.1.m1.29879.m1,4,1
aten_0.1.m1.29879.m1,4,1
aten_0.1.m1.27447.m1,0,1
aten_0.1.m1.27447.m1,0,1
aten_0.1.m1.28579.m1,1,1
aten_0.1.m1.28579.m1,1,1
aten_0.1.m1.23670.m1,7,1
aten_0.1.m1.13624.m1,8,0.912469922
aten_0.1.m1.18754.m1,1,1
aten_0.1.m1.18031.m1,5,0.358799898
aten_0.1.m1.18031.m1,5,0.358799898
aten_0.1.m1.33498.m1,9,0.507749831
aten_0.1.m1.32181.m1,19,0.056295642
aten_0.1.m1.32404.m1,0,1
aten_0.1.m1.12338.m1,4,1
aten_0.1.m1.6395.m1,-6,0.225787622
aten_0.1.m1.6395.m1,-6,0.225787622
aten_0.1.m1.31535.m1,-4,1
aten_0.1.m1.31535.m1,-4,1
aten_0.1.m1.27403.m1,0,1
aten_0.1.m1.27403.m1,0,1
aten_0.1.m1.8243.m1,0,1
aten_0.1.m1.15281.m1,4,1
aten_0.1.m1.19144.m1,0,1
aten_0.1.m1.6463.m1,-7,1
aten_0.1.m1.4759.m1,0,1
aten_0.1.m1.3958.m1,-7,0.779650108
aten_0.1.m1.31759.m1,3,0.823946746
aten_0.1.m1.6341.m1,1,1
aten_0.1.m1.10319.m1,-14,0.253504701
aten_0.1.m1.25592.m1,5,0.358799898
aten_0.1.m1.9140.m1,9,0.686079772
aten_0.1.m1.16009.m1,0,1
aten_0.1.m1.11270.m1,3,0.823946746
aten_0.1.m1.11270.m1,3,0.823946746
aten_0.1.m1.27628.m1,-21,0.046465044
aten_0.1.m1.12068.m1,-8,0.831973842
aten_0.1.m1.9813.m1,3,1
aten_0.1.m1.25080.m1,0,1
aten_0.1.m1.25080.m1,0,1
aten_0.1.m1.16871.m1,0,1
aten_0.1.m1.20572.m1,-3,0.823946746
aten_0.1.m1.20572.m1,-3,0.823946746
aten_0.1.m1.1690.m1,0,1
aten_0.1.m1.5074.m1,0,1
aten_0.1.m1.10594.m1,4,1
aten_0.1.m1.15432.m1,-1,1
aten_0.1.m1.17159.m1,0,1
aten_0.1.m1.17159.m1,0,1
aten_0.1.m1.451.m1,7,1
aten_0.1.m1.11046.m1,17,0.182600938
aten_0.1.m1.11046.m1,17,0.182600938
aten_0.1.m1.20349.m1,0,1
aten_0.1.m1.19528.m1,7,1
aten_0.1.m1.17873.m1,-7,0.566425697
aten_0.1.m1.17873.m1,-7,0.566425697
aten_0.1.m1.7279.m1,2,1
aten_0.1.m1.9083.m1,16,0.234110571
aten_0.1.m1.9083.m1,-1,1
aten_0.1.m1.23748.m1,0,1
aten_0.1.m1.23748.m1,0,1
aten_0.1.m1.5514.m1,-10,0.503957807
aten_0.1.m1.30214.m1,-2,1
aten_0.1.m1.30214.m1,-2,1
aten_0.1.m1.14180.m1,5,0.993433057
aten_0.1.m1.23765.m1,0,1
aten_0.1.m1.23765.m1,0,1
aten_0.1.m1.8830.m1,0,1
aten_0.1.m1.6901.m1,0,1
aten_0.1.m1.7291.m1,10,0.59504063
aten_0.1.m1.1178.m1,0,1
aten_0.1.m1.14136.m1,0,1
aten_0.1.m1.14136.m1,0,1
aten_0.1.m1.22977.m1,24,0.024409781
aten_0.1.m1.25011.m1,5,0.686079772
aten_0.1.m1.18050.m1,0,1
aten_0.1.m1.18050.m1,0,1
aten_0.1.m1.9777.m1,1,1
aten_0.1.m1.9777.m1,1,1
aten_0.1.m1.32476.m1,2,1
aten_0.1.m1.17743.m1,0,1
aten_0.1.m1.756.m1,1,1
aten_0.1.m1.27399.m1,0,1
aten_0.1.m1.27399.m1,0,1
aten_0.1.m1.6012.m1,0,1
aten_0.1.m1.6012.m1,0,1
aten_0.1.m1.10375.m1,-3,0.823946746
aten_0.1.m1.10375.m1,-3,0.823946746
aten_0.1.m1.15432.m1,0,1
aten_0.1.m1.8849.m1,2,1
aten_0.1.m1.8849.m1,2,1
aten_0.1.m1.2112.m1,10,0.59504063
aten_0.1.m1.2112.m1,5,1
aten_0.1.m1.321.m1,0,1
aten_0.1.m1.8357.m1,0,1
aten_0.1.m1.8357.m1,0,1
aten_0.1.m1.31818.m1,9,0.652288775
aten_0.1.m1.31818.m1,9,0.652288775
aten_0.1.m1.18464.m1,0,1
aten_0.1.m1.19299.m1,0,1
aten_0.1.m1.30992.m1,0,1
aten_0.1.m1.20203.m1,-3,1
aten_0.1.m1.20203.m1,-3,1
aten_0.1.m1.9757.m1,0,1
aten_0.1.m1.23837.m1,0,1
aten_0.1.m1.6902.m1,-3,1
aten_0.1.m1.6902.m1,-3,1
aten_0.1.m1.20601.m1,15,0.149700079
aten_0.1.m1.20601.m1,-18,0.119871224
aten_0.1.m1.20601.m1,0,1
aten_0.1.m1.31.m1,1,1
aten_0.1.m1.31.m1,1,1
aten_0.1.m1.31.m1,1,1
aten_0.1.m1.24909.m1,-1,1
aten_0.1.m1.30032.m1,0,1
aten_0.1.m1.17459.m1,-11,0.407410228
aten_0.1.m1.12140.m1,4,1
aten_0.1.m1.12140.m1,4,1
aten_0.1.m1.10196.m1,0,1
aten_0.1.m1.10196.m1,0,1
aten_0.1.m1.25620.m1,-15,0.315355142
aten_0.1.m1.14353.m1,-1,1
aten_0.1.m1.12214.m1,0,1
aten_0.1.m1.12214.m1,0,1
aten_0.1.m1.14375.m1,12,0.365974035
aten_0.1.m1.23100.m1,2,1
aten_0.1.m1.17243.m1,-13,0.458998164
aten_0.1.m1.16306.m1,-2,1
aten_0.1.m1.16306.m1,-2,1
aten_0.1.m1.30303.m1,11,0.260297624
aten_0.1.m1.30303.m1,11,0.260297624
aten_0.1.m1.26178.m1,-6,0.982867425
aten_0.1.m1.20517.m1,0,1
aten_0.1.m1.25353.m1,0,1
aten_0.1.m1.19455.m1,14,0.253504701
aten_0.1.m1.19455.m1,14,0.253504701
aten_0.1.m1.31560.m1,-22,0.018586668
aten_0.1.m1.31560.m1,-22,0.018586668
aten_0.1.m1.27214.m1,0,1
aten_0.1.m1.16242.m1,3,1
aten_0.1.m1.28397.m1,-31,2.31647949705698e-05
aten_0.1.m1.28397.m1,-31,2.31647949705698e-05
aten_0.1.m1.28397.m1,-31,2.31647949705698e-05
aten_0.1.m1.28397.m1,-31,2.31647949705698e-05
aten_0.1.m1.3167.m1,0,1
aten_0.1.m1.30517.m1,-9,0.170510191
aten_0.1.m1.30517.m1,-9,0.170510191
aten_0.1.m1.14579.m1,0,1
aten_0.1.m1.14579.m1,0,1
aten_0.1.m1.22401.m1,0,1
aten_0.1.m1.22401.m1,0,1
aten_0.1.m1.25785.m1,0,1
aten_0.1.m1.25791.m1,0,1
aten_0.1.m1.25785.m1,0,1
aten_0.1.m1.25791.m1,0,1
aten_0.1.m1.13944.m1,0,1
aten_0.1.m1.20805.m1,-3,1
aten_0.1.m1.20805.m1,-5,0.358799898
aten_0.1.m1.11330.m1,0,1
aten_0.1.m1.13645.m1,-9,0.83694844
aten_0.1.m1.14728.m1,-23,0.005839742
aten_0.1.m1.6335.m1,0,1
aten_0.1.m1.18499.m1,-7,0.823946746
aten_0.1.m1.18499.m1,-7,0.823946746
aten_0.1.m1.19697.m1,10,0.439138548
aten_0.1.m1.19697.m1,10,0.439138548
aten_0.1.m1.21540.m1,7,1
aten_0.1.m1.30265.m1,8,0.679571511
aten_0.1.m1.30265.m1,8,0.679571511
aten_0.1.m1.6749.m1,0,1
aten_0.1.m1.6749.m1,0,1
aten_0.1.m1.8050.m1,0,1
aten_0.1.m1.8050.m1,0,1
aten_0.1.m1.8050.m1,1,1
aten_0.1.m1.8050.m1,1,1
aten_0.1.m1.8167.m1,-24,0.024409781
aten_0.1.m1.5792.m1,0,1
aten_0.1.m1.1284.m1,-1,1
aten_0.1.m1.21446.m1,0,1
aten_0.1.m1.29023.m1,0,1
aten_0.1.m1.29023.m1,-7,1
aten_0.1.m1.17187.m1,-1,1
aten_0.1.m1.1928.m1,0,1
aten_0.1.m1.1928.m1,0,1
aten_0.1.m1.8329.m1,-9,0.320835368
aten_0.1.m1.8329.m1,-9,0.320835368
aten_0.1.m1.13354.m1,0,1
aten_0.1.m1.6863.m1,0,1
aten_0.1.m1.29832.m1,-3,1
aten_0.1.m1.9272.m1,0,1
aten_0.1.m1.9272.m1,0,1
aten_0.1.m1.3259.m1,0,1
aten_0.1.m1.2262.m1,0,1
aten_0.1.m1.9159.m1,-5,1
aten_0.1.m1.9159.m1,-5,1
aten_0.1.m1.133.m1,17,0.116562482
aten_0.1.m1.133.m1,17,0.116562482
aten_0.1.m1.9355.m1,0,1
aten_0.1.m1.17540.m1,1,1
aten_0.1.m1.33186.m1,21,0.030051604
aten_0.1.m1.33186.m1,21,0.030051604
aten_0.1.m1.22005.m1,9,0.507749831
aten_0.1.m1.6120.m1,-11,0.319154092
aten_0.1.m1.23593.m1,7,0.851604021
aten_0.1.m1.23593.m1,7,0.851604021
aten_0.1.m1.22137.m1,0,1
aten_0.1.m1.26174.m1,0,1
aten_0.1.m1.12919.m1,0,1
aten_0.1.m1.18436.m1,0,1
aten_0.1.m1.28570.m1,-6,0.496714564
aten_0.1.m1.25256.m1,0,1
aten_0.1.m1.25256.m1,0,1
aten_0.1.m1.20270.m1,0,1
aten_0.1.m1.23820.m1,0,1
aten_0.1.m1.11745.m1,0,1
aten_0.1.m1.8858.m1,8,0.082841021
aten_0.1.m1.12936.m1,0,1
aten_0.1.m1.25867.m1,0,1
aten_0.1.m1.30100.m1,-1,1
aten_0.1.m1.14366.m1,0,1
aten_0.1.m1.14366.m1,0,1
aten_0.1.m1.13184.m1,0,1
aten_0.1.m1.28669.m1,0,1
aten_0.1.m1.13394.m1,0,1
aten_0.1.m1.17934.m1,6,0.83694844
aten_0.1.m1.17934.m1,6,0.83694844
aten_0.1.m1.24917.m1,2,1
aten_0.1.m1.24917.m1,2,1
aten_0.1.m1.16852.m1,7,1
aten_0.1.m1.27521.m1,0,1
aten_0.1.m1.27521.m1,0,1
aten_0.1.m1.4432.m1,2,1
aten_0.1.m1.4432.m1,2,1
aten_0.1.m1.30383.m1,0,1
aten_0.1.m1.30383.m1,0,1
aten_0.1.m1.23106.m1,0,1
aten_0.1.m1.3472.m1,-2,1
aten_0.1.m1.1167.m1,-12,0.119871224
aten_0.1.m1.1167.m1,-12,0.119871224
aten_0.1.m1.7307.m1,0,1
aten_0.1.m1.22574.m1,-3,1
aten_0.1.m1.10175.m1,-2,1
aten_0.1.m1.10937.m1,0,1
aten_0.1.m1.17586.m1,0,1
aten_0.1.m1.17586.m1,0,1
aten_0.1.m1.12054.m1,14,0.363096104
aten_0.1.m1.17250.m1,-5,1
aten_0.1.m1.27441.m1,1,1
aten_0.1.m1.27441.m1,1,1
aten_0.1.m1.11695.m1,-14,0.253504701
aten_0.1.m1.11695.m1,-14,0.253504701
aten_0.1.m1.33508.m1,-23,0.024409781
aten_0.1.m1.16784.m1,7,1
aten_0.1.m1.16784.m1,7,1
aten_0.1.m1.16784.m1,-4,1
aten_0.1.m1.16784.m1,-4,1
aten_0.1.m1.7618.m1,-7,1
aten_0.1.m1.7618.m1,-7,1
aten_0.1.m1.30292.m1,0,1
aten_0.1.m1.10264.m1,0,1
aten_0.1.m1.10264.m1,0,1
aten_0.1.m1.33445.m1,0,1
aten_0.1.m1.7251.m1,15,0.030051604
aten_0.1.m1.8506.m1,24,0.024409781
aten_0.1.m1.8506.m1,24,0.024409781
aten_0.1.m1.9424.m1,0,1
aten_0.1.m1.4543.m1,-19,0.008932174
aten_0.1.m1.10900.m1,3,1
aten_0.1.m1.10900.m1,-7,1
aten_0.1.m1.18506.m1,24,0.021981527
aten_0.1.m1.24840.m1,-1,1
aten_0.1.m1.4867.m1,-7,0.992876843
aten_0.1.m1.7452.m1,14,0.057976449
aten_0.1.m1.33031.m1,6,0.745503719
aten_0.1.m1.18565.m1,0,1
aten_0.1.m1.6520.m1,0,1
aten_0.1.m1.6520.m1,0,1
aten_0.1.m1.23154.m1,0,1
aten_0.1.m1.10736.m1,0,1
aten_0.1.m1.28888.m1,4,1
aten_0.1.m1.28888.m1,4,1
aten_0.1.m1.28888.m1,5,1
aten_0.1.m1.28888.m1,5,1
aten_0.1.m1.11970.m1,3,1
aten_0.1.m1.11970.m1,3,1
aten_0.1.m1.21129.m1,0,1
aten_0.1.m1.21129.m1,0,1
aten_0.1.m1.13550.m1,-24,0.024409781
aten_0.1.m1.13550.m1,-7,1
aten_0.1.m1.21992.m1,0,1
aten_0.1.m1.27523.m1,0,1
aten_0.1.m1.27523.m1,0,1
aten_0.1.m1.27523.m1,-2,1
aten_0.1.m1.27523.m1,-2,1
aten_0.1.m1.2156.m1,-3,1
aten_0.1.m1.2156.m1,-3,1
aten_0.1.m1.26907.m1,0,1
aten_0.1.m1.28210.m1,0,1
aten_0.1.m1.28210.m1,0,1
aten_0.1.m1.11620.m1,0,1
aten_0.1.m1.11620.m1,0,1
aten_0.1.m1.1657.m1,0,1
aten_0.1.m1.23795.m1,-11,0.022231772
aten_0.1.m1.23795.m1,-11,0.022231772
aten_0.1.m1.18544.m1,11,0.319154092
aten_0.1.m1.5163.m1,4,1
aten_0.1.m1.5339.m1,0,1
aten_0.1.m1.7422.m1,-7,1
aten_0.1.m1.7422.m1,-7,1
aten_0.1.m1.22415.m1,0,1
aten_0.1.m1.27564.m1,11,0.105466953
aten_0.1.m1.11389.m1,0,1
aten_0.1.m1.16702.m1,-10,0.317102795
aten_0.1.m1.11020.m1,-7,1
aten_0.1.m1.1788.m1,21,0.041567311
aten_0.1.m1.14034.m1,3,0.823946746
aten_0.1.m1.14034.m1,3,0.823946746
aten_0.1.m1.15379.m1,8,0.811388949
aten_0.1.m1.15379.m1,8,0.811388949
aten_0.1.m1.2877.m1,13,0.458998164
aten_0.1.m1.14443.m1,4,1
aten_0.1.m1.31.m1,-1,1
aten_0.1.m1.794.m1,0,1
aten_0.1.m1.4962.m1,-4,1
aten_0.1.m1.30214.m1,-2,1
aten_0.1.m1.30214.m1,-2,1
aten_0.1.m1.15284.m1,-6,0.225787622
aten_0.1.m1.15284.m1,-6,0.225787622
aten_0.1.m1.22004.m1,-4,1
aten_0.1.m1.16692.m1,-3,0.823946746
aten_0.1.m1.27631.m1,6,0.745503719
aten_0.1.m1.27631.m1,6,0.745503719
aten_0.1.m1.30354.m1,0,1
aten_0.1.m1.13478.m1,0,1
aten_0.1.m1.31829.m1,-10,0.030051604
aten_0.1.m1.33611.m1,17,0.082841021
aten_0.1.m1.33611.m1,17,0.082841021
aten_0.1.m1.3901.m1,0,1
aten_0.1.m1.3901.m1,0,1
aten_0.1.m1.21468.m1,0,1
aten_0.1.m1.92.m1,0,1
aten_0.1.m1.92.m1,0,1
aten_0.1.m1.30593.m1,3,0.823946746
aten_0.1.m1.6526.m1,-3,1
aten_0.1.m1.1905.m1,6,1
aten_0.1.m1.1905.m1,6,1
aten_0.1.m1.23374.m1,0,1
aten_0.1.m1.7551.m1,0,1
aten_0.1.m1.11325.m1,0,1
aten_0.1.m1.2673.m1,11,0.235563322
aten_0.1.m1.3855.m1,-6,1
aten_0.1.m1.3855.m1,-6,1
aten_0.1.m1.6048.m1,-3,1
aten_0.1.m1.5543.m1,-3,0.823946746
aten_0.1.m1.8716.m1,-5,0.358799898
aten_0.1.m1.16930.m1,0,1
aten_0.1.m1.16930.m1,0,1
aten_0.1.m1.10618.m1,0,1
aten_0.1.m1.14758.m1,-7,1
aten_0.1.m1.8719.m1,12,0.365974035
aten_0.1.m1.8719.m1,12,0.365974035
aten_0.1.m1.10388.m1,-6,0.958489725
aten_0.1.m1.22940.m1,0,1
aten_0.1.m1.22940.m1,0,1
aten_0.1.m1.20004.m1,4,1
aten_0.1.m1.585.m1,9,0.320835368
aten_0.1.m1.3831.m1,14,0.170510191
aten_0.1.m1.3831.m1,14,0.170510191
aten_0.1.m1.4535.m1,21,0.056295642
aten_0.1.m1.9011.m1,0,1
aten_0.1.m1.6744.m1,14,0.253504701
aten_0.1.m1.3721.m1,0,1
aten_0.1.m1.3259.m1,0,1
aten_0.1.m1.18193.m1,0,1
aten_0.1.m1.16589.m1,-8,0.241683309
aten_0.1.m1.16235.m1,0,1
aten_0.1.m1.28395.m1,0,1
aten_0.1.m1.29503.m1,0,1
aten_0.1.m1.20039.m1,0,1
aten_0.1.m1.12989.m1,0,1
aten_0.1.m1.1448.m1,0,1
aten_0.1.m1.30354.m1,0,1
aten_0.1.m1.3176.m1,13,0.205980253
aten_0.1.m1.3176.m1,13,0.205980253
aten_0.1.m1.9098.m1,3,0.823946746
aten_0.1.m1.20449.m1,20,0.024409781
aten_0.1.m1.20449.m1,20,0.024409781
aten_0.1.m1.3167.m1,0,1
aten_0.1.m1.3167.m1,0,1
aten_0.1.m1.26186.m1,-10,0.503957807
aten_0.1.m1.22314.m1,0,1
aten_0.1.m1.6710.m1,2,1
aten_0.1.m1.3281.m1,0,1
aten_0.1.m1.3388.m1,-10,0.59504063
aten_0.1.m1.3388.m1,-10,0.59504063
aten_0.1.m1.3388.m1,4,1
aten_0.1.m1.3388.m1,4,1
aten_0.1.m1.28500.m1,2,1
aten_0.1.m1.28500.m1,2,1
aten_0.1.m1.33199.m1,-4,1
aten_0.1.m1.33199.m1,-4,1
aten_0.1.m1.15058.m1,0,1
aten_0.1.m1.5213.m1,2,1
aten_0.1.m1.33065.m1,5,0.358799898
aten_0.1.m1.15464.m1,0,1
aten_0.1.m1.21875.m1,-3,1
aten_0.1.m1.21875.m1,-3,1
aten_0.1.m1.21648.m1,-1,1
aten_0.1.m1.21648.m1,-1,1
aten_0.1.m1.16556.m1,0,1
aten_0.1.m1.16556.m1,0,1
aten_0.1.m1.17479.m1,4,1
aten_0.1.m1.17479.m1,0,1
aten_0.1.m1.6372.m1,0,1
aten_0.1.m1.6372.m1,0,1
aten_0.1.m1.23619.m1,0,1
aten_0.1.m1.23619.m1,0,1
aten_0.1.m1.28617.m1,0,1
aten_0.1.m1.13564.m1,5,0.993433057
aten_0.1.m1.15617.m1,4,1
aten_0.1.m1.27519.m1,0,1
aten_0.1.m1.27519.m1,0,1
aten_0.1.m1.20242.m1,0,1
aten_0.1.m1.9807.m1,9,0.758267114
aten_0.1.m1.14151.m1,-5,1
aten_0.1.m1.4409.m1,16,0.027091399
aten_0.1.m1.5927.m1,3,1
aten_0.1.m1.5927.m1,-1,1
aten_0.1.m1.24801.m1,0,1
aten_0.1.m1.24002.m1,0,1
aten_0.1.m1.6351.m1,-2,1
aten_0.1.m1.6351.m1,-2,1
aten_0.1.m1.16056.m1,0,1
aten_0.1.m1.24142.m1,0,1
aten_0.1.m1.19439.m1,11,0.319154092
aten_0.1.m1.10649.m1,0,1
aten_0.1.m1.10649.m1,0,1
aten_0.1.m1.29314.m1,0,1
aten_0.1.m1.29314.m1,0,1
aten_0.1.m1.11743.m1,-21,0.006788949
aten_0.1.m1.22632.m1,-2,1
aten_0.1.m1.22632.m1,-2,1
aten_0.1.m1.28558.m1,14,0.372442947
aten_0.1.m1.13923.m1,-3,0.823946746
aten_0.1.m1.2938.m1,0,1
aten_0.1.m1.2938.m1,0,1
aten_0.1.m1.19984.m1,0,1
aten_0.1.m1.19984.m1,0,1
aten_0.1.m1.29695.m1,0,1
aten_0.1.m1.17581.m1,0,1
aten_0.1.m1.17581.m1,0,1
aten_0.1.m1.7608.m1,-7,1
aten_0.1.m1.7608.m1,-7,1
aten_0.1.m1.13215.m1,-10,0.239680874
aten_0.1.m1.2277.m1,0,1
aten_0.1.m1.2277.m1,0,1
aten_0.1.m1.16562.m1,22,0.046715106
aten_0.1.m1.23369.m1,0,1
aten_0.1.m1.3800.m1,7,0.779650108
aten_0.1.m1.4010.m1,0,1
aten_0.1.m1.10858.m1,-3,1
aten_0.1.m1.7295.m1,0,1
aten_0.1.m1.2715.m1,5,0.358799898
aten_0.1.m1.12431.m1,-3,0.823946746
aten_0.1.m1.15861.m1,-2,1
aten_0.1.m1.17843.m1,-19,0.041567311
aten_0.1.m1.17843.m1,-19,0.041567311
aten_0.1.m1.22301.m1,11,0.478947113
aten_0.1.m1.22297.m1,11,0.478947113
aten_0.1.m1.22297.m1,11,0.478947113
aten_0.1.m1.14990.m1,-11,0.260297624
aten_0.1.m1.14990.m1,-11,0.260297624
aten_0.1.m1.27454.m1,6,0.83694844
aten_0.1.m1.27454.m1,6,0.83694844
aten_0.1.m1.32545.m1,5,0.358799898
aten_0.1.m1.24917.m1,-19,0.041567311
aten_0.1.m1.24917.m1,-19,0.041567311
aten_0.1.m1.19486.m1,15,0.050481614
aten_0.1.m1.19486.m1,15,0.050481614
aten_0.1.m1.988.m1,10,0.59504063
aten_0.1.m1.382.m1,0,1
aten_0.1.m1.14486.m1,0,1
aten_0.1.m1.14486.m1,0,1
aten_0.1.m1.3919.m1,-9,0.779650108
aten_0.1.m1.4417.m1,-1,1
aten_0.1.m1.17899.m1,-12,0.5400878
aten_0.1.m1.22002.m1,0,1
aten_0.1.m1.28846.m1,3,1
aten_0.1.m1.32979.m1,0,1
aten_0.1.m1.23828.m1,-6,1
aten_0.1.m1.27625.m1,0,1
aten_0.1.m1.27625.m1,0,1
aten_0.1.m1.22004.m1,0,1
aten_0.1.m1.22004.m1,-3,0.823946746
aten_0.1.m1.20023.m1,0,1
aten_0.1.m1.20023.m1,0,1
aten_0.1.m1.2184.m1,-12,0.119871224
aten_0.1.m1.17021.m1,0,1
aten_0.1.m1.25993.m1,0,1
aten_0.1.m1.13586.m1,0,1
aten_0.1.m1.22444.m1,21,0.056295642
aten_0.1.m1.18016.m1,0,1
aten_0.1.m1.18016.m1,0,1
aten_0.1.m1.13884.m1,-5,1
aten_0.1.m1.11529.m1,-7,1
aten_0.1.m1.21615.m1,0,1
aten_0.1.m1.21615.m1,0,1
aten_0.1.m1.13227.m1,13,0.104718901
aten_0.1.m1.22484.m1,24,0.024409781
aten_0.1.m1.22484.m1,24,0.024409781
aten_0.1.m1.11941.m1,0,1
aten_0.1.m1.11941.m1,0,1
aten_0.1.m1.7619.m1,-9,0.823946746
aten_0.1.m1.23610.m1,-4,1
aten_0.1.m1.23610.m1,0,1
aten_0.1.m1.6507.m1,-6,0.225787622
aten_0.1.m1.6507.m1,-6,0.225787622
aten_0.1.m1.33674.m1,3,1
aten_0.1.m1.14545.m1,7,0.958489725
aten_0.1.m1.17775.m1,0,1
aten_0.1.m1.17775.m1,0,1
aten_0.1.m1.28977.m1,0,1
aten_0.1.m1.12936.m1,-4,1
aten_0.1.m1.12936.m1,-4,1
aten_0.1.m1.12858.m1,-8,0.082841021
aten_0.1.m1.27050.m1,-13,0.104718901
aten_0.1.m1.27050.m1,-13,0.104718901
aten_0.1.m1.25596.m1,16,0.182600938
aten_0.1.m1.24443.m1,-12,0.522218675
aten_0.1.m1.24443.m1,-12,0.522218675
aten_0.1.m1.15100.m1,-8,0.758267114
aten_0.1.m1.15100.m1,0,1
aten_0.1.m1.14070.m1,-3,1
aten_0.1.m1.14070.m1,-3,1
aten_0.1.m1.24767.m1,2,1
aten_0.1.m1.18534.m1,0,1
aten_0.1.m1.28128.m1,-14,0.170510191
aten_0.1.m1.12582.m1,0,1
aten_0.1.m1.12582.m1,0,1
aten_0.1.m1.14416.m1,-7,0.823946746
aten_0.1.m1.12051.m1,0,1
aten_0.1.m1.12051.m1,0,1
aten_0.1.m1.12921.m1,4,1
aten_0.1.m1.12921.m1,4,1
aten_0.1.m1.23610.m1,-1,1
aten_0.1.m1.3867.m1,0,1
aten_0.1.m1.3867.m1,0,1
aten_0.1.m1.7594.m1,0,1
aten_0.1.m1.11303.m1,0,1
aten_0.1.m1.17372.m1,0,1
aten_0.1.m1.17372.m1,0,1
aten_0.1.m1.17375.m1,0,1
aten_0.1.m1.21019.m1,-7,0.823946746
aten_0.1.m1.8037.m1,-7,0.851604021
aten_0.1.m1.8037.m1,-7,0.851604021
aten_0.1.m1.19877.m1,13,0.317102795
aten_0.1.m1.12333.m1,4,1
aten_0.1.m1.19512.m1,-2,1
aten_0.1.m1.22104.m1,6,1
aten_0.1.m1.17724.m1,0,1
aten_0.1.m1.21023.m1,0,1
aten_0.1.m1.16326.m1,-1,1
aten_0.1.m1.16447.m1,-1,1
aten_0.1.m1.26974.m1,-16,0.244303718
aten_0.1.m1.9651.m1,7,1
aten_0.1.m1.17068.m1,-15,0.247263243
aten_0.1.m1.18609.m1,15,0.01511376
aten_0.1.m1.30704.m1,-21,0.056295642
aten_0.1.m1.4824.m1,0,1
aten_0.1.m1.2769.m1,0,1
aten_0.1.m1.26633.m1,0,1
aten_0.1.m1.15180.m1,-4,1
aten_0.1.m1.19268.m1,8,0.679571511
aten_0.1.m1.19268.m1,8,0.679571511
aten_0.1.m1.31741.m1,0,1
aten_0.1.m1.31741.m1,0,1
aten_0.1.m1.10301.m1,0,1
aten_0.1.m1.28387.m1,0,1
aten_0.1.m1.28387.m1,0,1
aten_0.1.m1.27227.m1,-5,0.993433057
aten_0.1.m1.27227.m1,-5,0.993433057
aten_0.1.m1.25616.m1,-11,0.666196693
aten_0.1.m1.25616.m1,-11,0.666196693
aten_0.1.m1.1374.m1,-2,1
aten_0.1.m1.208.m1,-7,1
aten_0.1.m1.6885.m1,6,0.784053738
aten_0.1.m1.15531.m1,5,1
aten_0.1.m1.27568.m1,2,1
aten_0.1.m1.24048.m1,0,1
aten_0.1.m1.20685.m1,0,1
aten_0.1.m1.30099.m1,0,1
aten_0.1.m1.30099.m1,0,1
aten_0.1.m1.32178.m1,-2,1
aten_0.1.m1.32178.m1,-2,1
aten_0.1.m1.4672.m1,2,1
aten_0.1.m1.10290.m1,-3,1
aten_0.1.m1.10290.m1,-3,1
aten_0.1.m1.21955.m1,0,1
aten_0.1.m1.3228.m1,7,0.98617294
aten_0.1.m1.14151.m1,-7,1
aten_0.1.m1.14151.m1,18,0.146054787
aten_0.1.m1.30682.m1,-7,1
aten_0.1.m1.3316.m1,3,1
aten_0.1.m1.3316.m1,3,1
aten_0.1.m1.14622.m1,4,1
aten_0.1.m1.33136.m1,0,1
aten_0.1.m1.33136.m1,0,1
aten_0.1.m1.12826.m1,0,1
aten_0.1.m1.18697.m1,0,1
aten_0.1.m1.18697.m1,0,1
aten_0.1.m1.14336.m1,0,1
aten_0.1.m1.2787.m1,-10,0.111508339
aten_0.1.m1.2787.m1,-10,0.111508339
aten_0.1.m1.18946.m1,-7,0.679571511
aten_0.1.m1.18946.m1,-7,0.679571511
aten_0.1.m1.16942.m1,14,0.170510191
aten_0.1.m1.1329.m1,0,1
aten_0.1.m1.1329.m1,0,1
aten_0.1.m1.19905.m1,10,0.745503719
aten_0.1.m1.23848.m1,0,1
aten_0.1.m1.23848.m1,0,1
aten_0.1.m1.31427.m1,22,0.042705027
aten_0.1.m1.16315.m1,-11,0.666255086
aten_0.1.m1.16315.m1,-11,0.666255086
aten_0.1.m1.29584.m1,-24,0.024409781
aten_0.1.m1.29584.m1,-24,0.024409781
aten_0.1.m1.29584.m1,24,0.024409781
aten_0.1.m1.29584.m1,24,0.024409781
aten_0.1.m1.19093.m1,11,0.62648178
aten_0.1.m1.23771.m1,0,1
aten_0.1.m1.16578.m1,16,0.009021492
aten_0.1.m1.16578.m1,16,0.009021492
aten_0.1.m1.19998.m1,-2,1
aten_0.1.m1.17502.m1,0,1
aten_0.1.m1.14748.m1,0,1
aten_0.1.m1.1715.m1,-1,1
aten_0.1.m1.25252.m1,0,1
aten_0.1.m1.225.m1,0,1
aten_0.1.m1.225.m1,0,1
aten_0.1.m1.31057.m1,4,1
aten_0.1.m1.3672.m1,-1,1
aten_0.1.m1.1608.m1,0,1
aten_0.1.m1.4390.m1,-37,3.2820205371103e-05
aten_0.1.m1.32988.m1,4,1
aten_0.1.m1.32988.m1,4,1
aten_0.1.m1.20029.m1,2,1
aten_0.1.m1.20029.m1,2,1
aten_0.1.m1.20029.m1,2,1
aten_0.1.m1.30266.m1,0,1
aten_0.1.m1.30266.m1,0,1
aten_0.1.m1.12589.m1,0,1
aten_0.1.m1.12589.m1,0,1
aten_0.1.m1.2582.m1,0,1
aten_0.1.m1.8596.m1,0,1
aten_0.1.m1.8596.m1,0,1
aten_0.1.m1.5120.m1,-5,1
aten_0.1.m1.5120.m1,-5,1
aten_0.1.m1.5120.m1,0,1
aten_0.1.m1.5120.m1,0,1
aten_0.1.m1.1204.m1,7,1
aten_0.1.m1.1204.m1,7,1
aten_0.1.m1.18518.m1,-2,1
aten_0.1.m1.7303.m1,3,0.823946746
aten_0.1.m1.7303.m1,3,0.823946746
aten_0.1.m1.24309.m1,0,1
aten_0.1.m1.24309.m1,0,1
aten_0.1.m1.22157.m1,-7,0.98617294
aten_0.1.m1.10191.m1,11,0.566425697
aten_0.1.m1.1271.m1,-6,0.496714564
aten_0.1.m1.1271.m1,-6,0.496714564
aten_0.1.m1.33759.m1,-13,0.458998164
aten_0.1.m1.7395.m1,0,1
aten_0.1.m1.7395.m1,0,1
aten_0.1.m1.639.m1,-13,0.205980253
aten_0.1.m1.13277.m1,13,0.458998164
aten_0.1.m1.27864.m1,0,1
aten_0.1.m1.12045.m1,0,1
aten_0.1.m1.22815.m1,1,1
aten_0.1.m1.11723.m1,-1,1
aten_0.1.m1.11723.m1,-1,1
aten_0.1.m1.12879.m1,-3,0.823946746
aten_0.1.m1.27776.m1,1,1
aten_0.1.m1.27776.m1,1,1
aten_0.1.m1.2444.m1,-1,1
aten_0.1.m1.10922.m1,0,1
aten_0.1.m1.3732.m1,24,0.024409781
aten_0.1.m1.1215.m1,7,0.779650108
aten_0.1.m1.14262.m1,13,0.317102795
aten_0.1.m1.5653.m1,10,0.745503719
aten_0.1.m1.5653.m1,10,0.745503719
aten_0.1.m1.25630.m1,10,0.745503719
aten_0.1.m1.23012.m1,0,1
aten_0.1.m1.23012.m1,0,1
aten_0.1.m1.3077.m1,-7,0.566425697
aten_0.1.m1.3077.m1,-7,0.566425697
aten_0.1.m1.7518.m1,0,1
aten_0.1.m1.7896.m1,11,0.631590725
aten_0.1.m1.7896.m1,11,0.631590725
aten_0.1.m1.17573.m1,0,1
aten_0.1.m1.19644.m1,0,1
aten_0.1.m1.21122.m1,0,1
aten_0.1.m1.10326.m1,-10,0.503957807
aten_0.1.m1.5853.m1,0,1
aten_0.1.m1.29434.m1,0,1
aten_0.1.m1.13997.m1,0,1
aten_0.1.m1.12441.m1,0,1
aten_0.1.m1.12441.m1,0,1
aten_0.1.m1.29226.m1,0,1
aten_0.1.m1.29226.m1,0,1
aten_0.1.m1.13403.m1,0,1
aten_0.1.m1.10937.m1,0,1
aten_0.1.m1.10937.m1,0,1
aten_0.1.m1.15071.m1,-4,1
aten_0.1.m1.2604.m1,0,1
aten_0.1.m1.22581.m1,-2,1
aten_0.1.m1.9044.m1,0,1
aten_0.1.m1.9044.m1,0,1
aten_0.1.m1.31469.m1,-1,1
aten_0.1.m1.23850.m1,0,1
aten_0.1.m1.3378.m1,-24,0.024409781
aten_0.1.m1.13500.m1,-4,1
aten_0.1.m1.13500.m1,-4,1
aten_0.1.m1.18220.m1,0,1
aten_0.1.m1.272.m1,0,1
aten_0.1.m1.272.m1,0,1
aten_0.1.m1.272.m1,-3,1
aten_0.1.m1.272.m1,-3,1
aten_0.1.m1.5070.m1,-10,0.745503719
aten_0.1.m1.29699.m1,-13,0.082841021
aten_0.1.m1.29699.m1,-13,0.082841021
aten_0.1.m1.10827.m1,0,1
aten_0.1.m1.19018.m1,0,1
aten_0.1.m1.24109.m1,-8,0.831973842
aten_0.1.m1.24109.m1,-8,0.831973842
aten_0.1.m1.17555.m1,-8,0.679571511
aten_0.1.m1.17555.m1,-8,0.679571511
aten_0.1.m1.12446.m1,0,1
aten_0.1.m1.22640.m1,11,0.235563322
aten_0.1.m1.22640.m1,0,1
aten_0.1.m1.7661.m1,3,1
aten_0.1.m1.28104.m1,-10,0.59504063
aten_0.1.m1.24934.m1,-1,1
aten_0.1.m1.24934.m1,7,1
aten_0.1.m1.2127.m1,12,0.241683309
aten_0.1.m1.3050.m1,3,1
aten_0.1.m1.3050.m1,3,1
aten_0.1.m1.14554.m1,0,1
aten_0.1.m1.14554.m1,0,1
aten_0.1.m1.6911.m1,-4,1
aten_0.1.m1.15979.m1,-4,1
aten_0.1.m1.15979.m1,-4,1
aten_0.1.m1.11065.m1,-10,0.631590725
aten_0.1.m1.11065.m1,-10,0.631590725
aten_0.1.m1.11065.m1,0,1
aten_0.1.m1.11065.m1,0,1
aten_0.1.m1.11065.m1,0,1
aten_0.1.m1.11065.m1,0,1
aten_0.1.m1.11067.m1,0,1
aten_0.1.m1.22639.m1,-13,0.320835368
aten_0.1.m1.12785.m1,-1,1
aten_0.1.m1.12785.m1,-1,1
aten_0.1.m1.15705.m1,11,0.62648178
aten_0.1.m1.11734.m1,-3,1
aten_0.1.m1.11734.m1,-3,1
aten_0.1.m1.27772.m1,8,0.945635594
aten_0.1.m1.27772.m1,8,0.945635594
aten_0.1.m1.19144.m1,4,1
aten_0.1.m1.1657.m1,0,1
aten_0.1.m1.1657.m1,0,1
aten_0.1.m1.11602.m1,0,1
aten_0.1.m1.14364.m1,0,1
aten_0.1.m1.29076.m1,5,1
aten_0.1.m1.5551.m1,10,0.758267114
aten_0.1.m1.3639.m1,29,0.000501152
aten_0.1.m1.3639.m1,29,0.000501152
aten_0.1.m1.19141.m1,-10,0.458998164
aten_0.1.m1.24924.m1,0,1
aten_0.1.m1.24924.m1,0,1
aten_0.1.m1.27041.m1,0,1
aten_0.1.m1.27041.m1,0,1
aten_0.1.m1.28462.m1,0,1
aten_0.1.m1.1913.m1,0,1
aten_0.1.m1.1913.m1,0,1
aten_0.1.m1.29451.m1,-3,1
aten_0.1.m1.7117.m1,10,0.758267114
aten_0.1.m1.7117.m1,10,0.758267114
aten_0.1.m1.9408.m1,0,1
aten_0.1.m1.9408.m1,0,1
aten_0.1.m1.8063.m1,0,1
aten_0.1.m1.33385.m1,0,1
aten_0.1.m1.33385.m1,0,1
aten_0.1.m1.32230.m1,0,1
aten_0.1.m1.32230.m1,0,1
aten_0.1.m1.29721.m1,2,1
aten_0.1.m1.20624.m1,0,1
aten_0.1.m1.16172.m1,2,1
aten_0.1.m1.16172.m1,0,1
aten_0.1.m1.6498.m1,0,1
aten_0.1.m1.29982.m1,0,1
aten_0.1.m1.29982.m1,0,1
aten_0.1.m1.7154.m1,-11,0.260297624
aten_0.1.m1.11576.m1,-7,1
aten_0.1.m1.17851.m1,-13,0.433008542
aten_0.1.m1.28627.m1,0,1
aten_0.1.m1.26853.m1,-19,0.041567311
aten_0.1.m1.30087.m1,4,1
aten_0.1.m1.5415.m1,-1,1
aten_0.1.m1.5415.m1,-1,1
aten_0.1.m1.22739.m1,-10,0.745503719
aten_0.1.m1.2155.m1,2,1
aten_0.1.m1.3658.m1,0,1
aten_0.1.m1.2065.m1,3,1
aten_0.1.m1.7502.m1,-2,1
aten_0.1.m1.18992.m1,2,1
aten_0.1.m1.27781.m1,0,1
aten_0.1.m1.23392.m1,-1,1
aten_0.1.m1.23392.m1,-1,1
aten_0.1.m1.7619.m1,-9,0.170510191
aten_0.1.m1.7619.m1,-9,0.170510191
aten_0.1.m1.2951.m1,4,1
aten_0.1.m1.22734.m1,0,1
aten_0.1.m1.6599.m1,-1,1
aten_0.1.m1.6599.m1,-1,1
aten_0.1.m1.1139.m1,0,1
aten_0.1.m1.3221.m1,0,1
aten_0.1.m1.3221.m1,0,1
aten_0.1.m1.8293.m1,0,1
aten_0.1.m1.8293.m1,0,1
aten_0.1.m1.20015.m1,9,0.507749831
aten_0.1.m1.20015.m1,9,0.507749831
aten_0.1.m1.7997.m1,0,1
aten_0.1.m1.25542.m1,0,1
aten_0.1.m1.25542.m1,0,1
aten_0.1.m1.32814.m1,0,1
aten_0.1.m1.27441.m1,-8,0.758267114
aten_0.1.m1.27441.m1,-8,0.758267114
aten_0.1.m1.28469.m1,7,1
aten_0.1.m1.28469.m1,7,1
aten_0.1.m1.22137.m1,0,1
aten_0.1.m1.9278.m1,-1,1
aten_0.1.m1.16337.m1,0,1
aten_0.1.m1.16337.m1,0,1
aten_0.1.m1.7041.m1,-4,1
aten_0.1.m1.7041.m1,-4,1
aten_0.1.m1.6958.m1,-7,1
aten_0.1.m1.28044.m1,0,1
aten_0.1.m1.8022.m1,0,1
aten_0.1.m1.8022.m1,0,1
aten_0.1.m1.19111.m1,8,0.758267114
aten_0.1.m1.9606.m1,0,1
aten_0.1.m1.9606.m1,0,1
aten_0.1.m1.2719.m1,0,1
aten_0.1.m1.2719.m1,0,1
aten_0.1.m1.17739.m1,14,0.363096104
aten_0.1.m1.17739.m1,14,0.363096104
aten_0.1.m1.16970.m1,18,0.035757436
aten_0.1.m1.16970.m1,18,0.035757436
aten_0.1.m1.25790.m1,0,1
aten_0.1.m1.10931.m1,-5,1
aten_0.1.m1.10931.m1,-5,1
aten_0.1.m1.12077.m1,7,0.992876843
aten_0.1.m1.12077.m1,7,0.992876843
aten_0.1.m1.22903.m1,7,1
aten_0.1.m1.7611.m1,-11,0.235563322
aten_0.1.m1.13315.m1,-4,1
aten_0.1.m1.17027.m1,0,1
aten_0.1.m1.17027.m1,0,1
aten_0.1.m1.3666.m1,4,1
aten_0.1.m1.3666.m1,4,1
aten_0.1.m1.25885.m1,-2,1
aten_0.1.m1.17909.m1,0,1
aten_0.1.m1.17909.m1,0,1
aten_0.1.m1.4084.m1,-26,0.009669688
aten_0.1.m1.30340.m1,-1,1
aten_0.1.m1.15276.m1,-28,0.000649686
aten_0.1.m1.33318.m1,0,1
aten_0.1.m1.22564.m1,-3,0.823946746
aten_0.1.m1.22564.m1,-3,0.823946746
aten_0.1.m1.17979.m1,4,1
aten_0.1.m1.17979.m1,4,1
aten_0.1.m1.5347.m1,0,1
aten_0.1.m1.11614.m1,7,0.823946746
aten_0.1.m1.11614.m1,-19,0.025745086
aten_0.1.m1.14714.m1,0,1
aten_0.1.m1.9814.m1,1,1
aten_0.1.m1.9814.m1,1,1
aten_0.1.m1.2014.m1,0,1
aten_0.1.m1.9777.m1,0,1
aten_0.1.m1.3779.m1,-12,0.458998164
aten_0.1.m1.1031.m1,-18,0.153100412
aten_0.1.m1.1031.m1,-18,0.153100412
aten_0.1.m1.28574.m1,0,1
aten_0.1.m1.28574.m1,0,1
aten_0.1.m1.6840.m1,-9,0.170510191
aten_0.1.m1.20584.m1,0,1
aten_0.1.m1.32997.m1,12,0.433008542
aten_0.1.m1.32997.m1,12,0.433008542
aten_0.1.m1.14915.m1,10,0.754414336
aten_0.1.m1.7573.m1,2,1
aten_0.1.m1.16922.m1,-3,1
aten_0.1.m1.16922.m1,-3,1
aten_0.1.m1.27780.m1,-2,1
aten_0.1.m1.27704.m1,0,1
aten_0.1.m1.26484.m1,-1,1
aten_0.1.m1.960.m1,12,0.119871224
aten_0.1.m1.1985.m1,0,1
aten_0.1.m1.1985.m1,0,1
aten_0.1.m1.1985.m1,0,1
aten_0.1.m1.293.m1,3,1
aten_0.1.m1.293.m1,0,1
aten_0.1.m1.11020.m1,0,1
aten_0.1.m1.11512.m1,-8,0.95886381
aten_0.1.m1.29020.m1,6,1
aten_0.1.m1.29020.m1,6,1
aten_0.1.m1.24360.m1,15,0.315355142
aten_0.1.m1.28074.m1,2,1
aten_0.1.m1.22634.m1,-6,0.225787622
aten_0.1.m1.32545.m1,1,1
aten_0.1.m1.32545.m1,1,1
aten_0.1.m1.18975.m1,19,0.115736367
aten_0.1.m1.14735.m1,0,1
aten_0.1.m1.12013.m1,-7,1
aten_0.1.m1.7575.m1,0,1
aten_0.1.m1.1670.m1,5,0.686079772
aten_0.1.m1.1670.m1,5,0.686079772
aten_0.1.m1.30380.m1,0,1
aten_0.1.m1.29014.m1,0,1
aten_0.1.m1.28911.m1,10,0.631590725
aten_0.1.m1.19100.m1,8,0.883172472
aten_0.1.m1.19100.m1,8,0.883172472
aten_0.1.m1.11249.m1,9,0.823946746
aten_0.1.m1.11249.m1,9,0.823946746
aten_0.1.m1.11232.m1,-7,1
aten_0.1.m1.11232.m1,-7,1
aten_0.1.m1.34097.m1,18,0.104684536
aten_0.1.m1.34097.m1,18,0.104684536
aten_0.1.m1.23830.m1,0,1
aten_0.1.m1.23830.m1,0,1
aten_0.1.m1.23010.m1,0,1
aten_0.1.m1.29470.m1,5,0.686079772
aten_0.1.m1.20734.m1,2,1
aten_0.1.m1.20734.m1,2,1
aten_0.1.m1.9049.m1,0,1
aten_0.1.m1.16524.m1,-7,0.679571511
aten_0.1.m1.16524.m1,-7,0.679571511
aten_0.1.m1.31728.m1,-11,0.319154092
aten_0.1.m1.16793.m1,12,0.507749831
aten_0.1.m1.28951.m1,0,1
aten_0.1.m1.28951.m1,0,1
aten_0.1.m1.19713.m1,-7,1
aten_0.1.m1.14884.m1,0,1
aten_0.1.m1.26403.m1,-13,0.030051604
aten_0.1.m1.234.m1,0,1
aten_0.1.m1.15558.m1,30,0.000744918
aten_0.1.m1.15558.m1,30,0.000744918
aten_0.1.m1.27535.m1,0,1
aten_0.1.m1.27535.m1,0,1
aten_0.1.m1.20783.m1,-1,1
aten_0.1.m1.20783.m1,-1,1
aten_0.1.m1.22715.m1,-17,0.000649686
aten_0.1.m1.13394.m1,7,0.679571511
aten_0.1.m1.3271.m1,-7,1
aten_0.1.m1.30265.m1,-8,0.082841021
aten_0.1.m1.30265.m1,-8,0.082841021
aten_0.1.m1.30265.m1,3,0.823946746
aten_0.1.m1.30265.m1,3,0.823946746
aten_0.1.m1.3481.m1,0,1
aten_0.1.m1.3474.m1,0,1
aten_0.1.m1.3481.m1,0,1
aten_0.1.m1.3474.m1,0,1
aten_0.1.m1.5514.m1,-12,0.365974035
aten_0.1.m1.28993.m1,19,0.000261935
aten_0.1.m1.1200.m1,0,1
aten_0.1.m1.1200.m1,0,1
aten_0.1.m1.22296.m1,-10,0.503957807
aten_0.1.m1.22296.m1,-10,0.503957807
aten_0.1.m1.4558.m1,5,0.993433057
aten_0.1.m1.4558.m1,5,0.993433057
aten_0.1.m1.6434.m1,0,1
aten_0.1.m1.31545.m1,0,1
aten_0.1.m1.938.m1,0,1
aten_0.1.m1.938.m1,0,1
aten_0.1.m1.938.m1,0,1
aten_0.1.m1.29695.m1,0,1
aten_0.1.m1.5621.m1,0,1
aten_0.1.m1.5621.m1,0,1
aten_0.1.m1.277.m1,12,0.365974035
aten_0.1.m1.1632.m1,4,1
aten_0.1.m1.1632.m1,4,1
aten_0.1.m1.4337.m1,5,1
aten_0.1.m1.4337.m1,5,1
aten_0.1.m1.25624.m1,0,1
aten_0.1.m1.25624.m1,-7,1
aten_0.1.m1.2276.m1,0,1
aten_0.1.m1.2276.m1,0,1
aten_0.1.m1.1550.m1,0,1
aten_0.1.m1.5899.m1,0,1
aten_0.1.m1.5899.m1,0,1
aten_0.1.m1.16641.m1,-5,1
aten_0.1.m1.16641.m1,-5,1
aten_0.1.m1.15692.m1,-9,0.455944731
aten_0.1.m1.15692.m1,-10,0.203191175
aten_0.1.m1.1270.m1,1,1
aten_0.1.m1.9474.m1,0,1
aten_0.1.m1.17986.m1,9,0.823946746
aten_0.1.m1.17986.m1,9,0.823946746
aten_0.1.m1.8154.m1,0,1
aten_0.1.m1.8154.m1,-7,1
aten_0.1.m1.15093.m1,7,1
aten_0.1.m1.15093.m1,7,1
aten_0.1.m1.5428.m1,-9,0.831973842
aten_0.1.m1.5428.m1,-9,0.831973842
aten_0.1.m1.18174.m1,0,1
aten_0.1.m1.23560.m1,0,1
aten_0.1.m1.23560.m1,0,1
aten_0.1.m1.9446.m1,-3,0.823946746
aten_0.1.m1.9446.m1,-2,1
aten_0.1.m1.14530.m1,0,1
aten_0.1.m1.9766.m1,-24,1.62175678087385e-05
aten_0.1.m1.9766.m1,-24,1.62175678087385e-05
aten_0.1.m1.12020.m1,-7,0.851604021
aten_0.1.m1.12020.m1,-7,0.851604021
aten_0.1.m1.13461.m1,0,1
aten_0.1.m1.2520.m1,10,0.59504063
aten_0.1.m1.14905.m1,-1,1
aten_0.1.m1.4578.m1,3,1
aten_0.1.m1.3601.m1,7,0.679571511
aten_0.1.m1.8854.m1,-22,0.037236677
aten_0.1.m1.8854.m1,-22,0.037236677
aten_0.1.m1.8855.m1,-22,0.037236677
aten_0.1.m1.8854.m1,-2,1
aten_0.1.m1.8855.m1,-2,1
aten_0.1.m1.1221.m1,0,1
aten_0.1.m1.14906.m1,0,1
aten_0.1.m1.14906.m1,0,1
aten_0.1.m1.27755.m1,-3,1
aten_0.1.m1.27755.m1,-3,1
aten_0.1.m1.23748.m1,-4,1
aten_0.1.m1.23748.m1,-4,1
aten_0.1.m1.14043.m1,0,1
aten_0.1.m1.5459.m1,0,1
aten_0.1.m1.28980.m1,0,1
aten_0.1.m1.6575.m1,9,0.455944731
aten_0.1.m1.4426.m1,-5,1
aten_0.1.m1.1637.m1,0,1
aten_0.1.m1.26206.m1,0,1
aten_0.1.m1.13626.m1,0,1
aten_0.1.m1.13626.m1,0,1
aten_0.1.m1.23149.m1,-3,1
aten_0.1.m1.16647.m1,-3,1
aten_0.1.m1.11218.m1,0,1
aten_0.1.m1.17391.m1,0,1
aten_0.1.m1.17391.m1,0,1
aten_0.1.m1.14573.m1,21,0.064286164
aten_0.1.m1.4546.m1,4,1
aten_0.1.m1.29546.m1,0,1
aten_0.1.m1.18716.m1,0,1
aten_0.1.m1.7279.m1,4,1
aten_0.1.m1.29667.m1,-8,0.525158778
aten_0.1.m1.14178.m1,4,1
aten_0.1.m1.1079.m1,7,0.823946746
aten_0.1.m1.30412.m1,10,0.030051604
aten_0.1.m1.30412.m1,10,0.030051604
aten_0.1.m1.32636.m1,-22,4.59856082099987e-05
aten_0.1.m1.10736.m1,0,1
aten_0.1.m1.6229.m1,6,1
aten_0.1.m1.15248.m1,-20,0.085414797
aten_0.1.m1.3901.m1,-10,0.59504063
aten_0.1.m1.3901.m1,-10,0.59504063
aten_0.1.m1.28654.m1,9,0.758267114
aten_0.1.m1.15448.m1,0,1
aten_0.1.m1.15448.m1,0,1
aten_0.1.m1.15448.m1,0,1
aten_0.1.m1.15448.m1,0,1
aten_0.1.m1.28395.m1,2,1
aten_0.1.m1.28395.m1,0,1
aten_0.1.m1.1270.m1,0,1
aten_0.1.m1.25540.m1,5,1
aten_0.1.m1.3790.m1,0,1
aten_0.1.m1.3790.m1,0,1
aten_0.1.m1.18458.m1,-12,0.175805049
aten_0.1.m1.28606.m1,-2,1
aten_0.1.m1.21008.m1,0,1
aten_0.1.m1.12302.m1,-7,0.958489725
aten_0.1.m1.7240.m1,9,0.779650108
aten_0.1.m1.17281.m1,-9,0.823946746
aten_0.1.m1.10174.m1,3,0.823946746
aten_0.1.m1.22013.m1,0,1
aten_0.1.m1.8194.m1,20,0.065411489
aten_0.1.m1.569.m1,0,1
aten_0.1.m1.569.m1,0,1
aten_0.1.m1.2306.m1,-6,1
aten_0.1.m1.2306.m1,-6,1
aten_0.1.m1.2306.m1,14,0.253504701
aten_0.1.m1.2306.m1,14,0.253504701
aten_0.1.m1.26255.m1,0,1
aten_0.1.m1.27025.m1,-10,0.758267114
aten_0.1.m1.29610.m1,10,0.59504063
aten_0.1.m1.25353.m1,-4,1
aten_0.1.m1.8719.m1,0,1
aten_0.1.m1.8719.m1,0,1
aten_0.1.m1.16663.m1,9,0.831973842
aten_0.1.m1.16663.m1,9,0.831973842
aten_0.1.m1.16663.m1,-5,0.358799898
aten_0.1.m1.16663.m1,-5,0.358799898
aten_0.1.m1.9789.m1,-11,0.022231772
aten_0.1.m1.9789.m1,-11,0.022231772
aten_0.1.m1.374.m1,3,0.823946746
aten_0.1.m1.374.m1,3,0.823946746
aten_0.1.m1.29670.m1,-13,0.458998164
aten_0.1.m1.23801.m1,0,1
aten_0.1.m1.23801.m1,0,1
aten_0.1.m1.16251.m1,0,1
aten_0.1.m1.8422.m1,-3,0.823946746
aten_0.1.m1.13880.m1,12,0.433008542
aten_0.1.m1.13880.m1,12,0.433008542
aten_0.1.m1.7064.m1,1,1
aten_0.1.m1.19485.m1,0,1
aten_0.1.m1.19485.m1,0,1
aten_0.1.m1.6479.m1,-4,1
aten_0.1.m1.6483.m1,-4,1
aten_0.1.m1.6483.m1,-4,1
aten_0.1.m1.26175.m1,0,1
aten_0.1.m1.17558.m1,0,1
aten_0.1.m1.17558.m1,0,1
aten_0.1.m1.32545.m1,3,1
aten_0.1.m1.3073.m1,17,0.200047928
aten_0.1.m1.3073.m1,17,0.200047928
aten_0.1.m1.3073.m1,14,0.057976449
aten_0.1.m1.3073.m1,14,0.057976449
aten_0.1.m1.11011.m1,-1,1
aten_0.1.m1.29042.m1,0,1
aten_0.1.m1.29813.m1,0,1
aten_0.1.m1.29813.m1,0,1
aten_0.1.m1.1496.m1,2,1
aten_0.1.m1.951.m1,0,1
aten_0.1.m1.22643.m1,-7,0.919324265
aten_0.1.m1.11119.m1,-8,0.883172472
aten_0.1.m1.17369.m1,0,1
aten_0.1.m1.17369.m1,0,1
aten_0.1.m1.3873.m1,0,1
aten_0.1.m1.23468.m1,16,0.234110571
aten_0.1.m1.23468.m1,16,0.234110571
aten_0.1.m1.3908.m1,2,1
aten_0.1.m1.6362.m1,0,1
aten_0.1.m1.13526.m1,7,1
aten_0.1.m1.13526.m1,7,1
aten_0.1.m1.22246.m1,-1,1
aten_0.1.m1.22246.m1,-1,1
aten_0.1.m1.16636.m1,4,1
aten_0.1.m1.16636.m1,4,1
aten_0.1.m1.16636.m1,20,0.024409781
aten_0.1.m1.27862.m1,0,1
aten_0.1.m1.14307.m1,3,1
aten_0.1.m1.20781.m1,2,1
aten_0.1.m1.23792.m1,0,1
aten_0.1.m1.14025.m1,0,1
aten_0.1.m1.6587.m1,0,1
aten_0.1.m1.22732.m1,0,1
aten_0.1.m1.2716.m1,16,0.182600938
aten_0.1.m1.2716.m1,0,1
aten_0.1.m1.1155.m1,-3,1
aten_0.1.m1.1155.m1,1,1
aten_0.1.m1.24863.m1,7,1
aten_0.1.m1.24863.m1,0,1
aten_0.1.m1.31021.m1,-1,1
aten_0.1.m1.3776.m1,0,1
aten_0.1.m1.3776.m1,0,1
aten_0.1.m1.30769.m1,4,1
aten_0.1.m1.30769.m1,4,1
aten_0.1.m1.31059.m1,19,0.090238319
aten_0.1.m1.31059.m1,19,0.090238319
aten_0.1.m1.9272.m1,4,1
aten_0.1.m1.24961.m1,19,0.115736367
aten_0.1.m1.24961.m1,19,0.115736367
aten_0.1.m1.28394.m1,17,0.030051604
aten_0.1.m1.10125.m1,-10,0.111508339
aten_0.1.m1.19445.m1,1,1
aten_0.1.m1.15448.m1,4,1
aten_0.1.m1.15448.m1,4,1
aten_0.1.m1.17696.m1,5,1
aten_0.1.m1.17696.m1,5,1
aten_0.1.m1.17696.m1,13,0.458998164
aten_0.1.m1.17696.m1,13,0.458998164
aten_0.1.m1.1921.m1,0,1
aten_0.1.m1.30851.m1,-17,0.000649686
aten_0.1.m1.20021.m1,0,1
aten_0.1.m1.20021.m1,0,1
aten_0.1.m1.15058.m1,8,0.241683309
aten_0.1.m1.15058.m1,8,0.241683309
aten_0.1.m1.1004.m1,12,0.403230613
aten_0.1.m1.1004.m1,12,0.403230613
aten_0.1.m1.18719.m1,-2,1
aten_0.1.m1.16739.m1,0,1
aten_0.1.m1.3948.m1,-4,1
aten_0.1.m1.9022.m1,-2,1
aten_0.1.m1.9022.m1,-2,1
aten_0.1.m1.20336.m1,1,1
aten_0.1.m1.20336.m1,1,1
aten_0.1.m1.10831.m1,14,0.288759194
aten_0.1.m1.25001.m1,0,1
aten_0.1.m1.20318.m1,13,0.439138548
aten_0.1.m1.20318.m1,0,1
aten_0.1.m1.14000.m1,-13,0.225787622
aten_0.1.m1.14000.m1,-13,0.225787622
aten_0.1.m1.18962.m1,-17,0.189613729
aten_0.1.m1.14280.m1,11,0.319154092
aten_0.1.m1.14280.m1,11,0.319154092
aten_0.1.m1.18278.m1,2,1
aten_0.1.m1.922.m1,0,1
aten_0.1.m1.922.m1,0,1
aten_0.1.m1.4755.m1,0,1
aten_0.1.m1.19082.m1,4,1
aten_0.1.m1.19082.m1,4,1
aten_0.1.m1.5100.m1,0,1
aten_0.1.m1.5100.m1,0,1
aten_0.1.m1.18638.m1,0,1
aten_0.1.m1.18638.m1,0,1
aten_0.1.m1.443.m1,-7,0.919324265
aten_0.1.m1.436.m1,4,1
aten_0.1.m1.17619.m1,0,1
aten_0.1.m1.17619.m1,0,1
aten_0.1.m1.23676.m1,-4,1
aten_0.1.m1.23676.m1,-4,1
aten_0.1.m1.24372.m1,0,1
aten_0.1.m1.27714.m1,0,1
aten_0.1.m1.27725.m1,5,1
aten_0.1.m1.23035.m1,7,0.919324265
aten_0.1.m1.23035.m1,7,0.919324265
aten_0.1.m1.6580.m1,-3,1
aten_0.1.m1.13920.m1,0,1
aten_0.1.m1.13920.m1,0,1
aten_0.1.m1.22874.m1,4,1
aten_0.1.m1.19502.m1,0,1
aten_0.1.m1.13476.m1,-12,0.507749831
aten_0.1.m1.1304.m1,7,1
aten_0.1.m1.1304.m1,7,1
aten_0.1.m1.14545.m1,2,1
aten_0.1.m1.16864.m1,13,0.458998164
aten_0.1.m1.32948.m1,22,0.011408932
aten_0.1.m1.7672.m1,-5,1
aten_0.1.m1.7672.m1,-5,1
aten_0.1.m1.15672.m1,10,0.758267114
aten_0.1.m1.32336.m1,0,1
aten_0.1.m1.32336.m1,0,1
aten_0.1.m1.5027.m1,-11,0.526535239
aten_0.1.m1.4888.m1,0,1
aten_0.1.m1.4888.m1,0,1
aten_0.1.m1.5511.m1,-21,0.006788949
aten_0.1.m1.5511.m1,-21,0.006788949
aten_0.1.m1.18697.m1,2,1
aten_0.1.m1.18697.m1,2,1
aten_0.1.m1.24855.m1,-3,1
aten_0.1.m1.24855.m1,-3,1
aten_0.1.m1.24792.m1,-6,0.225787622
aten_0.1.m1.10283.m1,-1,1
aten_0.1.m1.19428.m1,7,0.140360402
aten_0.1.m1.31232.m1,0,1
aten_0.1.m1.7215.m1,0,1
aten_0.1.m1.8813.m1,0,1
aten_0.1.m1.5559.m1,14,0.138443349
aten_0.1.m1.5559.m1,14,0.138443349
aten_0.1.m1.33872.m1,7,0.779650108
aten_0.1.m1.33872.m1,7,0.779650108
aten_0.1.m1.627.m1,-2,1
aten_0.1.m1.627.m1,-2,1
aten_0.1.m1.27364.m1,1,1
aten_0.1.m1.22689.m1,-3,0.823946746
aten_0.1.m1.22689.m1,-3,0.823946746
aten_0.1.m1.16665.m1,0,1
aten_0.1.m1.16665.m1,0,1
aten_0.1.m1.27564.m1,19,0.056295642
aten_0.1.m1.24081.m1,-3,1
aten_0.1.m1.22875.m1,13,0.380632722
aten_0.1.m1.22500.m1,-12,0.046715106
aten_0.1.m1.19749.m1,-5,1
aten_0.1.m1.32982.m1,-7,0.779650108
aten_0.1.m1.30278.m1,-5,0.358799898
aten_0.1.m1.23395.m1,0,1
aten_0.1.m1.22203.m1,0,1
aten_0.1.m1.15882.m1,-7,1
aten_0.1.m1.15882.m1,-7,1
aten_0.1.m1.30702.m1,-1,1
aten_0.1.m1.30702.m1,-1,1
aten_0.1.m1.30833.m1,-12,0.5400878
aten_0.1.m1.30833.m1,-12,0.5400878
aten_0.1.m1.6989.m1,-10,0.59504063
aten_0.1.m1.24145.m1,8,0.484738186
aten_0.1.m1.24145.m1,8,0.484738186
aten_0.1.m1.18420.m1,-7,1
aten_0.1.m1.28163.m1,0,1
aten_0.1.m1.16199.m1,0,1
aten_0.1.m1.16199.m1,0,1
aten_0.1.m1.31966.m1,12,0.365974035
aten_0.1.m1.25516.m1,0,1
aten_0.1.m1.16905.m1,0,1
aten_0.1.m1.16422.m1,-3,1
aten_0.1.m1.16422.m1,-3,1
aten_0.1.m1.19722.m1,2,1
aten_0.1.m1.19722.m1,2,1
aten_0.1.m1.11743.m1,-11,0.526535239
aten_0.1.m1.11736.m1,-11,0.526535239
aten_0.1.m1.22812.m1,2,1
aten_0.1.m1.2749.m1,7,1
aten_0.1.m1.2814.m1,0,1
aten_0.1.m1.32283.m1,7,0.992876843
aten_0.1.m1.34121.m1,0,1
aten_0.1.m1.15967.m1,-7,1
aten_0.1.m1.29814.m1,0,1
aten_0.1.m1.29814.m1,0,1
aten_0.1.m1.19643.m1,5,0.895693191
aten_0.1.m1.2147.m1,5,1
aten_0.1.m1.19850.m1,2,1
aten_0.1.m1.33355.m1,-29,0.00040493
aten_0.1.m1.32203.m1,0,1
aten_0.1.m1.21400.m1,11,0.319154092
aten_0.1.m1.10375.m1,0,1
aten_0.1.m1.26313.m1,2,1
aten_0.1.m1.26313.m1,2,1
aten_0.1.m1.2702.m1,0,1
aten_0.1.m1.25645.m1,0,1
aten_0.1.m1.25645.m1,0,1
aten_0.1.m1.11888.m1,0,1
aten_0.1.m1.11888.m1,0,1
aten_0.1.m1.13167.m1,10,0.714891027
aten_0.1.m1.8826.m1,0,1
aten_0.1.m1.8826.m1,0,1
aten_0.1.m1.8293.m1,0,1
aten_0.1.m1.10664.m1,-1,1
aten_0.1.m1.10664.m1,-1,1
aten_0.1.m1.31551.m1,-1,1
aten_0.1.m1.23703.m1,-7,1
aten_0.1.m1.23703.m1,0,1
aten_0.1.m1.373.m1,0,1
aten_0.1.m1.10556.m1,14,0.320835368
aten_0.1.m1.24759.m1,2,1
aten_0.1.m1.24759.m1,15,0.185881621
aten_0.1.m1.33550.m1,0,1
aten_0.1.m1.23830.m1,-3,0.823946746
aten_0.1.m1.28057.m1,5,1
aten_0.1.m1.28057.m1,5,1
aten_0.1.m1.28057.m1,11,0.596555899
aten_0.1.m1.28057.m1,11,0.596555899
aten_0.1.m1.22315.m1,17,0.200047928
aten_0.1.m1.12026.m1,10,0.503957807
aten_0.1.m1.12026.m1,-9,0.831973842
aten_0.1.m1.12026.m1,8,0.982867425
aten_0.1.m1.7841.m1,0,1
aten_0.1.m1.24847.m1,0,1
aten_0.1.m1.24847.m1,0,1
aten_0.1.m1.33433.m1,24,0.017636864
aten_0.1.m1.33433.m1,24,0.017636864
aten_0.1.m1.2871.m1,2,1
aten_0.1.m1.3973.m1,3,1
aten_0.1.m1.28806.m1,0,1
aten_0.1.m1.17506.m1,1,1
aten_0.1.m1.18317.m1,4,1
aten_0.1.m1.16422.m1,-3,1
aten_0.1.m1.16146.m1,0,1
aten_0.1.m1.16146.m1,0,1
aten_0.1.m1.26962.m1,-6,1
aten_0.1.m1.26962.m1,-6,1
aten_0.1.m1.26962.m1,0,1
aten_0.1.m1.26962.m1,0,1
aten_0.1.m1.26962.m1,7,1
aten_0.1.m1.26962.m1,7,1
aten_0.1.m1.19384.m1,-12,0.046715106
aten_0.1.m1.32245.m1,0,1
aten_0.1.m1.4320.m1,4,1
aten_0.1.m1.7241.m1,-14,0.057976449
aten_0.1.m1.7241.m1,-14,0.057976449
aten_0.1.m1.33353.m1,0,1
aten_0.1.m1.33356.m1,0,1
aten_0.1.m1.4739.m1,0,1
aten_0.1.m1.4739.m1,0,1
aten_0.1.m1.7281.m1,0,1
aten_0.1.m1.15460.m1,0,1
aten_0.1.m1.15460.m1,0,1
aten_0.1.m1.27084.m1,0,1
aten_0.1.m1.27084.m1,0,1
aten_0.1.m1.29520.m1,0,1
aten_0.1.m1.29520.m1,0,1
aten_0.1.m1.14449.m1,8,0.484738186
aten_0.1.m1.3140.m1,-32,0.000124669
aten_0.1.m1.3332.m1,0,1
aten_0.1.m1.3960.m1,24,0.024409781
aten_0.1.m1.26485.m1,-5,0.993433057
aten_0.1.m1.9448.m1,8,0.679571511
aten_0.1.m1.13308.m1,6,0.679571511
aten_0.1.m1.3428.m1,0,1
aten_0.1.m1.263.m1,0,1
aten_0.1.m1.4179.m1,0,1
aten_0.1.m1.4179.m1,-2,1
aten_0.1.m1.15557.m1,-8,0.525158778
aten_0.1.m1.2583.m1,17,0.182600938
aten_0.1.m1.2583.m1,17,0.182600938
aten_0.1.m1.2583.m1,-11,0.62648178
aten_0.1.m1.2583.m1,-11,0.62648178
aten_0.1.m1.1540.m1,11,0.658391926
aten_0.1.m1.27855.m1,0,1
aten_0.1.m1.23920.m1,-14,0.253504701
aten_0.1.m1.52.m1,0,1
aten_0.1.m1.52.m1,0,1
aten_0.1.m1.5692.m1,0,1
aten_0.1.m1.5692.m1,0,1
aten_0.1.m1.5692.m1,0,1
aten_0.1.m1.5692.m1,0,1
aten_0.1.m1.6454.m1,-13,0.417770413
aten_0.1.m1.6454.m1,-13,0.417770413
aten_0.1.m1.827.m1,1,1
aten_0.1.m1.8562.m1,0,1
aten_0.1.m1.8562.m1,0,1
aten_0.1.m1.30626.m1,-3,0.823946746
aten_0.1.m1.19811.m1,0,1
aten_0.1.m1.19811.m1,0,1
aten_0.1.m1.18174.m1,-31,0.000599786
aten_0.1.m1.10811.m1,0,1
aten_0.1.m1.10811.m1,0,1
aten_0.1.m1.30292.m1,0,1
aten_0.1.m1.18778.m1,0,1
aten_0.1.m1.18778.m1,0,1
aten_0.1.m1.30468.m1,9,0.507749831
aten_0.1.m1.17584.m1,-24,0.024409781
aten_0.1.m1.3073.m1,16,0.072067257
aten_0.1.m1.3073.m1,-1,1
aten_0.1.m1.3073.m1,3,1
aten_0.1.m1.5571.m1,0,1
aten_0.1.m1.10307.m1,5,1
aten_0.1.m1.25919.m1,9,0.108805884
aten_0.1.m1.25919.m1,9,0.108805884
aten_0.1.m1.31457.m1,10,0.503957807
aten_0.1.m1.10858.m1,0,1
aten_0.1.m1.6888.m1,-5,1
aten_0.1.m1.2924.m1,0,1
aten_0.1.m1.2924.m1,0,1
aten_0.1.m1.18622.m1,0,1
aten_0.1.m1.20851.m1,0,1
aten_0.1.m1.19339.m1,-15,0.305561003
aten_0.1.m1.27843.m1,1,1
aten_0.1.m1.17865.m1,0,1
aten_0.1.m1.12764.m1,21,0.056295642
aten_0.1.m1.9727.m1,2,1
aten_0.1.m1.500.m1,0,1
aten_0.1.m1.500.m1,0,1
aten_0.1.m1.11786.m1,-20,0.001025948
aten_0.1.m1.11786.m1,-20,0.001025948
aten_0.1.m1.1042.m1,0,1
aten_0.1.m1.7534.m1,7,0.679571511
aten_0.1.m1.10365.m1,-8,0.082841021
aten_0.1.m1.10365.m1,-8,0.082841021
aten_0.1.m1.22826.m1,0,1
aten_0.1.m1.22826.m1,5,1
aten_0.1.m1.31859.m1,2,1
aten_0.1.m1.20206.m1,5,0.358799898
aten_0.1.m1.20015.m1,10,0.111508339
aten_0.1.m1.19445.m1,0,1
aten_0.1.m1.4804.m1,4,1
aten_0.1.m1.4804.m1,4,1
aten_0.1.m1.26185.m1,-7,1
aten_0.1.m1.26184.m1,-7,1
aten_0.1.m1.26185.m1,-7,1
aten_0.1.m1.21070.m1,26,0.009669688
aten_0.1.m1.21070.m1,26,0.009669688
aten_0.1.m1.887.m1,0,1
aten_0.1.m1.31420.m1,-12,0.403230613
aten_0.1.m1.31420.m1,-12,0.403230613
aten_0.1.m1.2541.m1,6,1
aten_0.1.m1.14781.m1,0,1
aten_0.1.m1.14781.m1,0,1
aten_0.1.m1.31304.m1,0,1
aten_0.1.m1.15191.m1,1,1
aten_0.1.m1.10173.m1,-1,1
aten_0.1.m1.10173.m1,-1,1
aten_0.1.m1.33576.m1,-13,0.441154127
aten_0.1.m1.26864.m1,-3,1
aten_0.1.m1.9889.m1,-7,1
aten_0.1.m1.9889.m1,-7,1
aten_0.1.m1.30885.m1,1,1
aten_0.1.m1.12022.m1,0,1
aten_0.1.m1.882.m1,-7,1
aten_0.1.m1.882.m1,-7,1
aten_0.1.m1.21451.m1,8,0.982867425
aten_0.1.m1.26995.m1,0,1
aten_0.1.m1.26995.m1,0,1
aten_0.1.m1.866.m1,0,1
aten_0.1.m1.1594.m1,0,1
aten_0.1.m1.1594.m1,0,1
aten_0.1.m1.2222.m1,-3,1
aten_0.1.m1.13902.m1,-5,1
aten_0.1.m1.13902.m1,-5,1
aten_0.1.m1.7250.m1,14,0.288759194
aten_0.1.m1.32306.m1,0,1
aten_0.1.m1.5632.m1,-1,1
aten_0.1.m1.5632.m1,-1,1
aten_0.1.m1.31419.m1,0,1
aten_0.1.m1.3289.m1,0,1
aten_0.1.m1.6532.m1,0,1
aten_0.1.m1.23384.m1,-1,1
aten_0.1.m1.23384.m1,-1,1
aten_0.1.m1.4547.m1,0,1
aten_0.1.m1.24120.m1,0,1
aten_0.1.m1.24120.m1,0,1
aten_0.1.m1.4003.m1,0,1
aten_0.1.m1.16142.m1,4,1
aten_0.1.m1.8154.m1,28,0.00081292
aten_0.1.m1.2732.m1,-7,0.779650108
aten_0.1.m1.20743.m1,-9,0.823946746
aten_0.1.m1.17860.m1,9,0.831861091
aten_0.1.m1.33010.m1,0,1
aten_0.1.m1.19735.m1,0,1
aten_0.1.m1.16807.m1,0,1
aten_0.1.m1.5475.m1,-17,0.000649686
aten_0.1.m1.14280.m1,-1,1
aten_0.1.m1.14280.m1,-1,1
aten_0.1.m1.14280.m1,-1,1
aten_0.1.m1.6361.m1,-1,1
aten_0.1.m1.29216.m1,0,1
aten_0.1.m1.29216.m1,0,1
aten_0.1.m1.13909.m1,25,0.009669688
aten_0.1.m1.18818.m1,24,0.008224829
aten_0.1.m1.30825.m1,-21,9.40298496989256e-05
aten_0.1.m1.22717.m1,-8,0.082841021
aten_0.1.m1.22707.m1,0,1
aten_0.1.m1.19301.m1,0,1
aten_0.1.m1.13626.m1,0,1
aten_0.1.m1.13626.m1,0,1
aten_0.1.m1.11813.m1,-1,1
aten_0.1.m1.32192.m1,2,1
aten_0.1.m1.32192.m1,2,1
aten_0.1.m1.32192.m1,-18,0.153100412
aten_0.1.m1.32192.m1,-18,0.153100412
aten_0.1.m1.5999.m1,0,1
aten_0.1.m1.26355.m1,2,1
aten_0.1.m1.26957.m1,0,1
aten_0.1.m1.24816.m1,0,1
aten_0.1.m1.16293.m1,-2,1
aten_0.1.m1.16293.m1,-2,1
aten_0.1.m1.8944.m1,4,1
aten_0.1.m1.20012.m1,8,0.831973842
aten_0.1.m1.20012.m1,10,0.758267114
aten_0.1.m1.4222.m1,0,1
aten_0.1.m1.3079.m1,0,1
aten_0.1.m1.15631.m1,-2,1
aten_0.1.m1.17739.m1,0,1
aten_0.1.m1.1398.m1,-14,0.31281839
aten_0.1.m1.1398.m1,-14,0.31281839
aten_0.1.m1.9826.m1,-2,1
aten_0.1.m1.9826.m1,-7,0.958489725
aten_0.1.m1.13219.m1,0,1
aten_0.1.m1.13225.m1,0,1
aten_0.1.m1.31362.m1,-14,0.200047928
aten_0.1.m1.31362.m1,-14,0.200047928
aten_0.1.m1.11258.m1,2,1
aten_0.1.m1.5384.m1,-15,0.149700079
aten_0.1.m1.7436.m1,0,1
aten_0.1.m1.7436.m1,0,1
aten_0.1.m1.9329.m1,0,1
aten_0.1.m1.166.m1,0,1
aten_0.1.m1.11132.m1,2,1
aten_0.1.m1.22938.m1,16,0.197376924
aten_0.1.m1.22938.m1,16,0.197376924
aten_0.1.m1.22938.m1,3,0.823946746
aten_0.1.m1.22938.m1,3,0.823946746
aten_0.1.m1.13329.m1,1,1
aten_0.1.m1.13329.m1,1,1
aten_0.1.m1.6193.m1,6,1
aten_0.1.m1.6193.m1,6,1
aten_0.1.m1.6193.m1,-8,0.241683309
aten_0.1.m1.6193.m1,-8,0.241683309
aten_0.1.m1.1332.m1,0,1
aten_0.1.m1.1332.m1,2,1
aten_0.1.m1.11105.m1,-8,0.831973842
aten_0.1.m1.5123.m1,0,1
aten_0.1.m1.5123.m1,0,1
aten_0.1.m1.13665.m1,0,1
aten_0.1.m1.13665.m1,0,1
aten_0.1.m1.2651.m1,-3,1
aten_0.1.m1.22321.m1,-2,1
aten_0.1.m1.22321.m1,8,0.082841021
aten_0.1.m1.4432.m1,-1,1
aten_0.1.m1.4432.m1,-1,1
aten_0.1.m1.4432.m1,0,1
aten_0.1.m1.4432.m1,0,1
aten_0.1.m1.11649.m1,0,1
aten_0.1.m1.11649.m1,0,1
aten_0.1.m1.28912.m1,1,1
aten_0.1.m1.30925.m1,0,1
aten_0.1.m1.30924.m1,0,1
aten_0.1.m1.18370.m1,0,1
aten_0.1.m1.15200.m1,0,1
aten_0.1.m1.15200.m1,-12,0.403230613
aten_0.1.m1.4003.m1,9,0.455944731
aten_0.1.m1.19663.m1,10,0.631590725
aten_0.1.m1.19663.m1,10,0.631590725
aten_0.1.m1.19663.m1,0,1
aten_0.1.m1.19663.m1,0,1
aten_0.1.m1.4596.m1,-9,0.507749831
aten_0.1.m1.4596.m1,-9,0.507749831
aten_0.1.m1.1652.m1,4,1
aten_0.1.m1.1652.m1,4,1
aten_0.1.m1.1016.m1,0,1
aten_0.1.m1.1016.m1,0,1
aten_0.1.m1.4364.m1,0,1
aten_0.1.m1.22305.m1,0,1
aten_0.1.m1.30733.m1,0,1
aten_0.1.m1.4895.m1,0,1
aten_0.1.m1.4895.m1,0,1
aten_0.1.m1.14136.m1,0,1
aten_0.1.m1.14136.m1,0,1
aten_0.1.m1.12059.m1,11,0.260297624
aten_0.1.m1.12059.m1,11,0.260297624
aten_0.1.m1.4945.m1,0,1
aten_0.1.m1.4945.m1,0,1
aten_0.1.m1.6611.m1,0,1
aten_0.1.m1.6816.m1,-1,1
aten_0.1.m1.6816.m1,-1,1
aten_0.1.m1.6816.m1,8,0.945635594
aten_0.1.m1.6816.m1,8,0.945635594
aten_0.1.m1.4820.m1,-12,0.175805049
aten_0.1.m1.4820.m1,-12,0.175805049
aten_0.1.m1.12651.m1,0,1
aten_0.1.m1.12651.m1,0,1
aten_0.1.m1.32581.m1,0,1
aten_0.1.m1.9970.m1,5,0.358799898
aten_0.1.m1.9970.m1,5,0.358799898
aten_0.1.m1.24269.m1,0,1
aten_0.1.m1.11888.m1,0,1
aten_0.1.m1.8256.m1,14,0.31281839
aten_0.1.m1.8256.m1,14,0.31281839
aten_0.1.m1.8256.m1,7,1
aten_0.1.m1.8256.m1,7,1
aten_0.1.m1.11790.m1,1,1
aten_0.1.m1.11790.m1,0,1
aten_0.1.m1.3793.m1,21,0.014476039
aten_0.1.m1.19995.m1,-7,0.851604021
aten_0.1.m1.19995.m1,-7,0.851604021
aten_0.1.m1.3919.m1,0,1
aten_0.1.m1.27886.m1,0,1
aten_0.1.m1.16852.m1,6,0.225787622
aten_0.1.m1.599.m1,-5,1
aten_0.1.m1.599.m1,5,1
aten_0.1.m1.20852.m1,0,1
aten_0.1.m1.6487.m1,-7,0.992876843
aten_0.1.m1.9258.m1,-6,0.225787622
aten_0.1.m1.7347.m1,-3,0.823946746
aten_0.1.m1.3711.m1,-7,0.779650108
aten_0.1.m1.19735.m1,0,1
aten_0.1.m1.32203.m1,0,1
aten_0.1.m1.32203.m1,13,0.458998164
aten_0.1.m1.8022.m1,0,1
aten_0.1.m1.1331.m1,9,0.566425697
aten_0.1.m1.30468.m1,0,1
aten_0.1.m1.24863.m1,0,1
aten_0.1.m1.22941.m1,0,1
aten_0.1.m1.5941.m1,1,1
aten_0.1.m1.347.m1,0,1
aten_0.1.m1.347.m1,0,1
aten_0.1.m1.6841.m1,4,1
aten_0.1.m1.6841.m1,-10,0.758267114
aten_0.1.m1.29247.m1,0,1
aten_0.1.m1.31533.m1,15,0.274275637
aten_0.1.m1.25008.m1,2,1
aten_0.1.m1.25008.m1,2,1
aten_0.1.m1.25008.m1,-7,0.439138548
aten_0.1.m1.25008.m1,-7,0.439138548
aten_0.1.m1.18813.m1,-4,1
aten_0.1.m1.18813.m1,-4,1
aten_0.1.m1.10735.m1,0,1
aten_0.1.m1.25789.m1,0,1
aten_0.1.m1.9925.m1,-10,0.714891027
aten_0.1.m1.1185.m1,0,1
aten_0.1.m1.5511.m1,0,1
aten_0.1.m1.12475.m1,0,1
aten_0.1.m1.12475.m1,0,1
aten_0.1.m1.273.m1,0,1
aten_0.1.m1.33357.m1,4,1
aten_0.1.m1.33357.m1,4,1
aten_0.1.m1.8697.m1,-7,0.992876843
aten_0.1.m1.31004.m1,0,1
aten_0.1.m1.20326.m1,-6,0.83694844
aten_0.1.m1.14526.m1,-1,1
aten_0.1.m1.14526.m1,5,1
aten_0.1.m1.8637.m1,2,1
aten_0.1.m1.8637.m1,2,1
aten_0.1.m1.28826.m1,-7,1
aten_0.1.m1.28826.m1,-7,1
aten_0.1.m1.32443.m1,-12,0.522218675
aten_0.1.m1.32443.m1,-12,0.522218675
aten_0.1.m1.15971.m1,-6,0.83694844
aten_0.1.m1.24057.m1,0,1
aten_0.1.m1.5514.m1,-3,1
aten_0.1.m1.6223.m1,0,1
aten_0.1.m1.29779.m1,0,1
aten_0.1.m1.29779.m1,0,1
aten_0.1.m1.18985.m1,0,1
aten_0.1.m1.3505.m1,13,0.317102795
aten_0.1.m1.12042.m1,10,0.239680874
aten_0.1.m1.14435.m1,0,1
aten_0.1.m1.14435.m1,0,1
aten_0.1.m1.9784.m1,0,1
aten_0.1.m1.15354.m1,8,0.679571511
aten_0.1.m1.807.m1,-2,1
aten_0.1.m1.7874.m1,11,0.478947113
aten_0.1.m1.7874.m1,11,0.478947113
aten_0.1.m1.30404.m1,2,1
aten_0.1.m1.10115.m1,-7,1
aten_0.1.m1.10115.m1,-7,1
aten_0.1.m1.16021.m1,6,1
aten_0.1.m1.26308.m1,0,1
aten_0.1.m1.26308.m1,0,1
aten_0.1.m1.30448.m1,7,0.679571511
aten_0.1.m1.15538.m1,-7,1
aten_0.1.m1.27026.m1,14,0.0043086
aten_0.1.m1.27026.m1,14,0.0043086
aten_0.1.m1.31737.m1,1,1
aten_0.1.m1.2244.m1,0,1
aten_0.1.m1.858.m1,11,0.260297624
aten_0.1.m1.858.m1,11,0.260297624
aten_0.1.m1.15709.m1,0,1
aten_0.1.m1.15709.m1,0,1
aten_0.1.m1.3025.m1,0,1
aten_0.1.m1.175.m1,0,1
aten_0.1.m1.175.m1,0,1
aten_0.1.m1.9943.m1,0,1
aten_0.1.m1.9943.m1,0,1
aten_0.1.m1.20545.m1,0,1
aten_0.1.m1.28446.m1,-38,4.59856082099987e-05
aten_0.1.m1.28806.m1,0,1
aten_0.1.m1.28459.m1,0,1
aten_0.1.m1.1010.m1,0,1
aten_0.1.m1.15880.m1,0,1
aten_0.1.m1.15880.m1,0,1
aten_0.1.m1.7590.m1,-12,0.119871224
aten_0.1.m1.11565.m1,0,1
aten_0.1.m1.32991.m1,0,1
aten_0.1.m1.32991.m1,0,1
aten_0.1.m1.10121.m1,-10,0.59504063
aten_0.1.m1.23015.m1,-4,1
aten_0.1.m1.2036.m1,-5,1
aten_0.1.m1.13999.m1,-4,1
aten_0.1.m1.19544.m1,3,1
aten_0.1.m1.12500.m1,0,1
aten_0.1.m1.28587.m1,9,0.507749831
aten_0.1.m1.28587.m1,9,0.507749831
aten_0.1.m1.28587.m1,0,1
aten_0.1.m1.28587.m1,0,1
aten_0.1.m1.12803.m1,25,0.014915094
aten_0.1.m1.12803.m1,25,0.014915094
aten_0.1.m1.12803.m1,-22,0.046465044
aten_0.1.m1.12803.m1,-22,0.046465044
aten_0.1.m1.28083.m1,-1,1
aten_0.1.m1.29004.m1,0,1
aten_0.1.m1.29004.m1,0,1
aten_0.1.m1.16392.m1,6,1
aten_0.1.m1.8970.m1,0,1
aten_0.1.m1.12420.m1,0,1
aten_0.1.m1.12420.m1,0,1
aten_0.1.m1.24348.m1,0,1
aten_0.1.m1.24348.m1,0,1
aten_0.1.m1.3230.m1,-13,0.082841021
aten_0.1.m1.21127.m1,4,1
aten_0.1.m1.5492.m1,22,0.0043086
aten_0.1.m1.5492.m1,22,0.0043086
aten_0.1.m1.5414.m1,8,0.823946746
aten_0.1.m1.5084.m1,5,1
aten_0.1.m1.912.m1,0,1
aten_0.1.m1.6352.m1,-11,0.478947113
aten_0.1.m1.6352.m1,-2,1
aten_0.1.m1.30348.m1,-17,0.000649686
aten_0.1.m1.30348.m1,-17,0.000649686
aten_0.1.m1.30348.m1,-17,0.000649686
aten_0.1.m1.13322.m1,-11,0.51443514
aten_0.1.m1.13322.m1,11,0.260297624
aten_0.1.m1.24090.m1,7,1
aten_0.1.m1.14776.m1,0,1
aten_0.1.m1.14776.m1,0,1
aten_0.1.m1.20373.m1,4,1
aten_0.1.m1.20373.m1,4,1
aten_0.1.m1.8813.m1,0,1
aten_0.1.m1.8170.m1,1,1
aten_0.1.m1.8170.m1,1,1
aten_0.1.m1.29414.m1,1,1
aten_0.1.m1.29414.m1,1,1
aten_0.1.m1.23989.m1,0,1
aten_0.1.m1.23989.m1,0,1
aten_0.1.m1.27628.m1,-4,1
aten_0.1.m1.17775.m1,0,1
aten_0.1.m1.17775.m1,-8,0.082841021
aten_0.1.m1.14785.m1,-4,1
aten_0.1.m1.6682.m1,7,0.992876843
aten_0.1.m1.6682.m1,7,0.992876843
aten_0.1.m1.15203.m1,4,1
aten_0.1.m1.15203.m1,4,1
aten_0.1.m1.21327.m1,-6,0.745503719
aten_0.1.m1.18849.m1,-8,0.679571511
aten_0.1.m1.18849.m1,-7,0.679571511
aten_0.1.m1.18849.m1,-8,0.679571511
aten_0.1.m1.30686.m1,-14,0.057976449
aten_0.1.m1.30686.m1,-14,0.057976449
aten_0.1.m1.7926.m1,0,1
aten_0.1.m1.31876.m1,3,1
aten_0.1.m1.14389.m1,7,1
aten_0.1.m1.14389.m1,-8,0.974972282
aten_0.1.m1.6189.m1,3,1
aten_0.1.m1.6195.m1,3,1
aten_0.1.m1.6189.m1,3,1
aten_0.1.m1.2102.m1,0,1
aten_0.1.m1.2102.m1,0,1
aten_0.1.m1.3056.m1,0,1
aten_0.1.m1.17719.m1,11,0.260297624
aten_0.1.m1.17719.m1,11,0.260297624
aten_0.1.m1.22652.m1,-8,0.982867425
aten_0.1.m1.4521.m1,0,1
aten_0.1.m1.4521.m1,0,1
aten_0.1.m1.4521.m1,10,0.239680874
aten_0.1.m1.4521.m1,10,0.239680874
aten_0.1.m1.6747.m1,-7,1
aten_0.1.m1.12719.m1,4,1
aten_0.1.m1.10185.m1,0,1
aten_0.1.m1.10185.m1,0,1
aten_0.1.m1.3785.m1,0,1
aten_0.1.m1.26175.m1,15,0.287999804
aten_0.1.m1.26175.m1,15,0.287999804
aten_0.1.m1.26175.m1,-6,1
aten_0.1.m1.26175.m1,-6,1
aten_0.1.m1.11585.m1,13,0.104718901
aten_0.1.m1.16145.m1,0,1
aten_0.1.m1.16145.m1,0,1
aten_0.1.m1.32151.m1,-11,0.319154092
aten_0.1.m1.4291.m1,0,1
aten_0.1.m1.11583.m1,0,1
aten_0.1.m1.11583.m1,0,1
aten_0.1.m1.14043.m1,0,1
aten_0.1.m1.2310.m1,0,1
aten_0.1.m1.5897.m1,0,1
aten_0.1.m1.5897.m1,0,1
aten_0.1.m1.21761.m1,0,1
aten_0.1.m1.11730.m1,18,0.116562482
aten_0.1.m1.11730.m1,18,0.116562482
aten_0.1.m1.19407.m1,0,1
aten_0.1.m1.7828.m1,-1,1
aten_0.1.m1.7828.m1,-1,1
aten_0.1.m1.7828.m1,-26,0.000649686
aten_0.1.m1.7828.m1,-26,0.000649686
aten_0.1.m1.513.m1,6,0.958489725
aten_0.1.m1.4352.m1,-5,1
aten_0.1.m1.8221.m1,0,1
aten_0.1.m1.16178.m1,-9,0.686079772
aten_0.1.m1.8151.m1,-13,0.458998164
aten_0.1.m1.8151.m1,-7,1
aten_0.1.m1.19621.m1,10,0.59504063
aten_0.1.m1.19621.m1,10,0.59504063
aten_0.1.m1.21872.m1,0,1
aten_0.1.m1.5321.m1,3,1
aten_0.1.m1.5321.m1,3,1
aten_0.1.m1.8957.m1,0,1
aten_0.1.m1.8957.m1,0,1
aten_0.1.m1.2136.m1,-7,0.779650108
aten_0.1.m1.21036.m1,7,1
aten_0.1.m1.21036.m1,6,0.225787622
aten_0.1.m1.1816.m1,0,1
aten_0.1.m1.1816.m1,0,1
aten_0.1.m1.16793.m1,0,1
aten_0.1.m1.16793.m1,0,1
aten_0.1.m1.3450.m1,0,1
aten_0.1.m1.3450.m1,0,1
aten_0.1.m1.19503.m1,0,1
aten_0.1.m1.4437.m1,0,1
aten_0.1.m1.4437.m1,0,1
aten_0.1.m1.13880.m1,-2,1
aten_0.1.m1.13880.m1,-2,1
aten_0.1.m1.3003.m1,-5,0.993433057
aten_0.1.m1.16742.m1,5,1
aten_0.1.m1.4698.m1,0,1
aten_0.1.m1.30436.m1,-7,1
aten_0.1.m1.7200.m1,-22,0.042705027
aten_0.1.m1.5571.m1,0,1
aten_0.1.m1.19422.m1,18,0.153100412
aten_0.1.m1.19422.m1,18,0.153100412
aten_0.1.m1.17086.m1,8,0.982867425
aten_0.1.m1.17086.m1,8,0.982867425
aten_0.1.m1.17555.m1,0,1
aten_0.1.m1.7159.m1,9,0.831861091
aten_0.1.m1.6559.m1,-10,0.758267114
aten_0.1.m1.6558.m1,-10,0.758267114
aten_0.1.m1.26969.m1,-5,1
aten_0.1.m1.26969.m1,-5,1
aten_0.1.m1.26976.m1,3,1
aten_0.1.m1.11970.m1,0,1
aten_0.1.m1.11970.m1,0,1
aten_0.1.m1.14075.m1,0,1
aten_0.1.m1.18617.m1,-12,0.119871224
aten_0.1.m1.4946.m1,0,1
aten_0.1.m1.14034.m1,-1,1
aten_0.1.m1.14034.m1,-1,1
aten_0.1.m1.14034.m1,-19,0.041567311
aten_0.1.m1.14034.m1,-19,0.041567311
aten_0.1.m1.1417.m1,0,1
aten_0.1.m1.1417.m1,6,0.982867425
aten_0.1.m1.22870.m1,0,1
aten_0.1.m1.22870.m1,0,1
aten_0.1.m1.11731.m1,0,1
aten_0.1.m1.17547.m1,4,1
aten_0.1.m1.1226.m1,0,1
aten_0.1.m1.1362.m1,0,1
aten_0.1.m1.24677.m1,2,1
aten_0.1.m1.2495.m1,0,1
aten_0.1.m1.2495.m1,0,1
aten_0.1.m1.31322.m1,7,0.140360402
aten_0.1.m1.19994.m1,6,1
aten_0.1.m1.6331.m1,1,1
aten_0.1.m1.6331.m1,1,1
aten_0.1.m1.1425.m1,13,0.104718901
aten_0.1.m1.16903.m1,0,1
aten_0.1.m1.11485.m1,8,0.811388949
aten_0.1.m1.11485.m1,8,0.811388949
aten_0.1.m1.25775.m1,-1,1
aten_0.1.m1.27462.m1,0,1
aten_0.1.m1.8063.m1,9,0.758267114
aten_0.1.m1.10934.m1,-4,1
aten_0.1.m1.3573.m1,0,1
aten_0.1.m1.3573.m1,0,1
aten_0.1.m1.23664.m1,0,1
aten_0.1.m1.25185.m1,-8,0.831973842
aten_0.1.m1.25185.m1,-8,0.831973842
aten_0.1.m1.192.m1,-1,1
aten_0.1.m1.21976.m1,12,0.507749831
aten_0.1.m1.21976.m1,12,0.507749831
aten_0.1.m1.14339.m1,10,0.758267114
aten_0.1.m1.5428.m1,0,1
aten_0.1.m1.5428.m1,0,1
aten_0.1.m1.5789.m1,0,1
aten_0.1.m1.5789.m1,0,1
aten_0.1.m1.24767.m1,-1,1
aten_0.1.m1.19407.m1,0,1
aten_0.1.m1.29972.m1,0,1
aten_0.1.m1.24673.m1,0,1
aten_0.1.m1.24673.m1,0,1
aten_0.1.m1.7250.m1,3,1
aten_0.1.m1.7399.m1,1,1
aten_0.1.m1.4001.m1,-4,1
aten_0.1.m1.24653.m1,-4,1
aten_0.1.m1.8194.m1,0,1
aten_0.1.m1.8194.m1,-12,0.365974035
aten_0.1.m1.25581.m1,9,0.108805884
aten_0.1.m1.8778.m1,0,1
aten_0.1.m1.8778.m1,0,1
aten_0.1.m1.2749.m1,0,1
aten_0.1.m1.12643.m1,0,1
aten_0.1.m1.9279.m1,0,1
aten_0.1.m1.11078.m1,0,1
aten_0.1.m1.16889.m1,-1,1
aten_0.1.m1.16889.m1,-1,1
aten_0.1.m1.22328.m1,0,1
aten_0.1.m1.22328.m1,0,1
aten_0.1.m1.1670.m1,2,1
aten_0.1.m1.4703.m1,9,0.823946746
aten_0.1.m1.4688.m1,-1,1
aten_0.1.m1.15063.m1,0,1
aten_0.1.m1.9203.m1,-8,0.484738186
aten_0.1.m1.9203.m1,-8,0.484738186
aten_0.1.m1.9307.m1,11,0.631590725
aten_0.1.m1.10263.m1,0,1
aten_0.1.m1.33246.m1,-10,0.758267114
aten_0.1.m1.14293.m1,0,1
aten_0.1.m1.12191.m1,5,1
aten_0.1.m1.12191.m1,-7,1
aten_0.1.m1.23826.m1,1,1
aten_0.1.m1.5028.m1,15,0.030051604
aten_0.1.m1.5028.m1,15,0.030051604
aten_0.1.m1.13925.m1,0,1
aten_0.1.m1.13908.m1,-20,0.082841021
aten_0.1.m1.21307.m1,-1,1
aten_0.1.m1.21307.m1,0,1
aten_0.1.m1.1099.m1,-4,1
aten_0.1.m1.1099.m1,-4,1
aten_0.1.m1.8508.m1,4,1
aten_0.1.m1.5810.m1,-19,0.110485465
aten_0.1.m1.29897.m1,0,1
aten_0.1.m1.26580.m1,0,1
aten_0.1.m1.26580.m1,0,1
aten_0.1.m1.26580.m1,0,1
aten_0.1.m1.26580.m1,0,1
aten_0.1.m1.17247.m1,0,1
aten_0.1.m1.17247.m1,0,1
aten_0.1.m1.17377.m1,-11,0.022231772
aten_0.1.m1.32158.m1,0,1
aten_0.1.m1.5346.m1,28,0.005983286
aten_0.1.m1.4838.m1,18,0.041567311
aten_0.1.m1.4838.m1,18,0.041567311
aten_0.1.m1.3175.m1,-17,0.082841021
aten_0.1.m1.3175.m1,-17,0.082841021
aten_0.1.m1.18762.m1,0,1
aten_0.1.m1.18762.m1,0,1
aten_0.1.m1.1663.m1,9,0.823946746
aten_0.1.m1.10932.m1,-2,1
aten_0.1.m1.10932.m1,-2,1
aten_0.1.m1.14020.m1,-7,0.679571511
aten_0.1.m1.14020.m1,-7,0.679571511
aten_0.1.m1.28579.m1,-9,0.566425697
aten_0.1.m1.28579.m1,-9,0.566425697
aten_0.1.m1.24178.m1,-13,0.417770413
aten_0.1.m1.30766.m1,-5,1
aten_0.1.m1.16089.m1,-2,1
aten_0.1.m1.22265.m1,0,1
aten_0.1.m1.22288.m1,-7,0.992876843
aten_0.1.m1.16937.m1,32,0.000778584
aten_0.1.m1.1095.m1,-4,1
aten_0.1.m1.20801.m1,-9,0.507749831
aten_0.1.m1.3097.m1,0,1
aten_0.1.m1.32083.m1,0,1
aten_0.1.m1.32083.m1,0,1
aten_0.1.m1.12047.m1,4,1
aten_0.1.m1.12047.m1,4,1
aten_0.1.m1.8340.m1,16,0.119403093
aten_0.1.m1.24974.m1,0,1
aten_0.1.m1.3948.m1,9,0.831973842
aten_0.1.m1.12602.m1,0,1
aten_0.1.m1.12602.m1,0,1
aten_0.1.m1.12602.m1,7,1
aten_0.1.m1.12602.m1,7,1
aten_0.1.m1.28394.m1,0,1
aten_0.1.m1.28394.m1,0,1
aten_0.1.m1.16555.m1,7,1
aten_0.1.m1.7930.m1,-6,0.225787622
aten_0.1.m1.7930.m1,-6,0.225787622
aten_0.1.m1.22897.m1,14,0.030051604
aten_0.1.m1.22897.m1,14,0.030051604
aten_0.1.m1.2189.m1,0,1
aten_0.1.m1.2189.m1,7,1
aten_0.1.m1.7797.m1,-17,0.189613729
aten_0.1.m1.9692.m1,17,0.170510191
aten_0.1.m1.9692.m1,17,0.170510191
aten_0.1.m1.23835.m1,3,1
aten_0.1.m1.23835.m1,10,0.758267114
aten_0.1.m1.17696.m1,3,1
aten_0.1.m1.17696.m1,3,1
aten_0.1.m1.321.m1,-1,1
aten_0.1.m1.24108.m1,0,1
aten_0.1.m1.24108.m1,0,1
aten_0.1.m1.9186.m1,0,1
aten_0.1.m1.33103.m1,1,1
aten_0.1.m1.33103.m1,1,1
aten_0.1.m1.9709.m1,0,1
aten_0.1.m1.9709.m1,0,1
aten_0.1.m1.17398.m1,8,0.945635594
aten_0.1.m1.17398.m1,8,0.945635594
aten_0.1.m1.23386.m1,0,1
aten_0.1.m1.23386.m1,15,0.225787622
aten_0.1.m1.11970.m1,10,0.745503719
aten_0.1.m1.11970.m1,10,0.745503719
aten_0.1.m1.24664.m1,0,1
aten_0.1.m1.24664.m1,0,1
aten_0.1.m1.10025.m1,0,1
aten_0.1.m1.2528.m1,-16,0.235563322
aten_0.1.m1.2528.m1,-16,0.235563322
aten_0.1.m1.2528.m1,14,0.214788226
aten_0.1.m1.2528.m1,14,0.214788226
aten_0.1.m1.8018.m1,-3,1
aten_0.1.m1.12107.m1,-4,1
aten_0.1.m1.3589.m1,2,1
aten_0.1.m1.3589.m1,2,1
aten_0.1.m1.3589.m1,1,1
aten_0.1.m1.3589.m1,1,1
aten_0.1.m1.20192.m1,-1,1
aten_0.1.m1.31218.m1,0,1
aten_0.1.m1.31218.m1,0,1
aten_0.1.m1.31218.m1,0,1
aten_0.1.m1.7139.m1,-24,0.024409781
aten_0.1.m1.33186.m1,-5,1
aten_0.1.m1.33186.m1,0,1
aten_0.1.m1.33186.m1,0,1
aten_0.1.m1.26026.m1,0,1
aten_0.1.m1.5592.m1,0,1
aten_0.1.m1.28788.m1,0,1
aten_0.1.m1.27227.m1,17,0.116562482
aten_0.1.m1.27037.m1,4,0.555063148
aten_0.1.m1.30675.m1,14,0.200047928
aten_0.1.m1.27861.m1,-4,1
aten_0.1.m1.27861.m1,-4,1
aten_0.1.m1.384.m1,-14,0.138443349
aten_0.1.m1.384.m1,-14,0.138443349
aten_0.1.m1.34091.m1,0,1
aten_0.1.m1.34087.m1,0,1
aten_0.1.m1.5110.m1,-12,0.046715106
aten_0.1.m1.18514.m1,0,1
aten_0.1.m1.18514.m1,0,1
aten_0.1.m1.5135.m1,0,1
aten_0.1.m1.23995.m1,3,1
aten_0.1.m1.31614.m1,6,0.83694844
aten_0.1.m1.29625.m1,0,1
aten_0.1.m1.8059.m1,0,1
aten_0.1.m1.19328.m1,1,1
aten_0.1.m1.10821.m1,-3,1
aten_0.1.m1.1144.m1,3,1
aten_0.1.m1.1144.m1,3,1
aten_0.1.m1.17432.m1,15,0.267457663
aten_0.1.m1.17432.m1,15,0.267457663
aten_0.1.m1.4524.m1,3,1
aten_0.1.m1.20888.m1,0,1
aten_0.1.m1.21911.m1,-6,1
aten_0.1.m1.1399.m1,-21,0.040694637
aten_0.1.m1.1399.m1,-21,0.040694637
aten_0.1.m1.1399.m1,0,1
aten_0.1.m1.1399.m1,0,1
aten_0.1.m1.6390.m1,0,1
aten_0.1.m1.25967.m1,25,0.001355245
aten_0.1.m1.25967.m1,25,0.001355245
aten_0.1.m1.22632.m1,8,0.831973842
aten_0.1.m1.19823.m1,0,1
aten_0.1.m1.24616.m1,0,1
aten_0.1.m1.11022.m1,-7,1
aten_0.1.m1.12669.m1,0,1
aten_0.1.m1.28960.m1,-28,0.005528963
aten_0.1.m1.28036.m1,0,1
aten_0.1.m1.23994.m1,0,1
aten_0.1.m1.23994.m1,0,1
aten_0.1.m1.6657.m1,-1,1
aten_0.1.m1.6657.m1,-1,1
aten_0.1.m1.28796.m1,0,1
aten_0.1.m1.23049.m1,0,1
aten_0.1.m1.23049.m1,0,1
aten_0.1.m1.30693.m1,0,1
aten_0.1.m1.30693.m1,0,1
aten_0.1.m1.18880.m1,12,0.458998164
aten_0.1.m1.17393.m1,6,1
aten_0.1.m1.32274.m1,22,0.018586668
aten_0.1.m1.8412.m1,12,0.5400878
aten_0.1.m1.24872.m1,0,1
aten_0.1.m1.18454.m1,14,0.170510191
aten_0.1.m1.18454.m1,-36,1.26437542079658e-05
aten_0.1.m1.15654.m1,4,1
aten_0.1.m1.17386.m1,3,1
aten_0.1.m1.32398.m1,-5,1
aten_0.1.m1.32398.m1,10,0.030051604
aten_0.1.m1.18760.m1,7,0.992876843
aten_0.1.m1.18760.m1,7,0.992876843
aten_0.1.m1.18760.m1,0,1
aten_0.1.m1.18760.m1,0,1
aten_0.1.m1.3934.m1,0,1
aten_0.1.m1.13665.m1,-3,1
aten_0.1.m1.13665.m1,-3,1
aten_0.1.m1.28108.m1,11,0.260297624
aten_0.1.m1.28779.m1,2,1
aten_0.1.m1.14222.m1,4,1
aten_0.1.m1.14222.m1,4,1
aten_0.1.m1.10228.m1,0,1
aten_0.1.m1.10228.m1,0,1
aten_0.1.m1.3946.m1,11,0.596555899
aten_0.1.m1.3946.m1,11,0.596555899
aten_0.1.m1.3946.m1,0,1
aten_0.1.m1.3946.m1,0,1
aten_0.1.m1.1402.m1,0,1
aten_0.1.m1.1402.m1,0,1
aten_0.1.m1.23218.m1,0,1
aten_0.1.m1.1326.m1,1,1
aten_0.1.m1.21000.m1,-20,0.005528963
aten_0.1.m1.21011.m1,-20,0.005528963
aten_0.1.m1.21011.m1,-20,0.005528963
aten_0.1.m1.22875.m1,0,1
aten_0.1.m1.6782.m1,1,1
aten_0.1.m1.18520.m1,0,1
aten_0.1.m1.19133.m1,1,1
aten_0.1.m1.21009.m1,0,1
aten_0.1.m1.21009.m1,0,1
aten_0.1.m1.21009.m1,0,1
aten_0.1.m1.27867.m1,-7,1
aten_0.1.m1.21596.m1,0,1
aten_0.1.m1.17280.m1,4,1
aten_0.1.m1.31960.m1,-10,0.745503719
aten_0.1.m1.31960.m1,-10,0.745503719
aten_0.1.m1.31960.m1,24,0.024409781
aten_0.1.m1.31960.m1,24,0.024409781
aten_0.1.m1.30556.m1,-2,1
aten_0.1.m1.25979.m1,5,1
aten_0.1.m1.15843.m1,-23,0.025987655
aten_0.1.m1.9291.m1,0,1
aten_0.1.m1.28038.m1,0,1
aten_0.1.m1.22686.m1,10,0.758267114
aten_0.1.m1.22686.m1,10,0.758267114
aten_0.1.m1.12035.m1,0,1
aten_0.1.m1.14307.m1,0,1
aten_0.1.m1.18964.m1,-4,1
aten_0.1.m1.33267.m1,0,1
aten_0.1.m1.23408.m1,0,1
aten_0.1.m1.23408.m1,0,1
aten_0.1.m1.24639.m1,5,0.993433057
aten_0.1.m1.21530.m1,2,1
aten_0.1.m1.21530.m1,2,1
aten_0.1.m1.24228.m1,-9,0.320835368
aten_0.1.m1.28431.m1,10,0.458998164
aten_0.1.m1.21226.m1,2,1
aten_0.1.m1.21226.m1,3,1
aten_0.1.m1.3878.m1,-18,0.079406978
aten_0.1.m1.3878.m1,-18,0.079406978
aten_0.1.m1.17555.m1,-11,0.319154092
aten_0.1.m1.17555.m1,-11,0.319154092
aten_0.1.m1.27564.m1,0,1
aten_0.1.m1.9789.m1,0,1
aten_0.1.m1.9789.m1,0,1
aten_0.1.m1.24359.m1,-2,1
aten_0.1.m1.24359.m1,9,0.758267114
aten_0.1.m1.5492.m1,9,0.652288775
aten_0.1.m1.5492.m1,-5,1
aten_0.1.m1.31875.m1,6,0.784053738
aten_0.1.m1.626.m1,0,1
aten_0.1.m1.24872.m1,-12,0.365974035
aten_0.1.m1.27694.m1,2,1
aten_0.1.m1.19989.m1,-2,1
aten_0.1.m1.22410.m1,0,1
aten_0.1.m1.22410.m1,0,1
aten_0.1.m1.11225.m1,3,1
aten_0.1.m1.6885.m1,-12,0.175805049
aten_0.1.m1.6885.m1,-12,0.175805049
aten_0.1.m1.2127.m1,-5,1
aten_0.1.m1.9316.m1,-7,1
aten_0.1.m1.32207.m1,0,1
aten_0.1.m1.32207.m1,0,1
aten_0.1.m1.25767.m1,0,1
aten_0.1.m1.23535.m1,0,1
aten_0.1.m1.1010.m1,18,0.116562482
aten_0.1.m1.1010.m1,18,0.116562482
aten_0.1.m1.11813.m1,0,1
aten_0.1.m1.18445.m1,0,1
aten_0.1.m1.11945.m1,0,1
aten_0.1.m1.11945.m1,0,1
aten_0.1.m1.11945.m1,0,1
aten_0.1.m1.11945.m1,0,1
aten_0.1.m1.6765.m1,1,1
aten_0.1.m1.6365.m1,-13,0.441154127
aten_0.1.m1.6365.m1,-13,0.441154127
aten_0.1.m1.13476.m1,7,1
aten_0.1.m1.30277.m1,0,1
aten_0.1.m1.30277.m1,0,1
aten_0.1.m1.33733.m1,-12,0.5400878
aten_0.1.m1.25249.m1,-7,1
aten_0.1.m1.25249.m1,-7,1
aten_0.1.m1.5953.m1,0,1
aten_0.1.m1.14009.m1,0,1
aten_0.1.m1.33281.m1,-19,0.008932174
aten_0.1.m1.33281.m1,-19,0.008932174
aten_0.1.m1.9444.m1,8,0.982867425
aten_0.1.m1.9444.m1,8,0.982867425
aten_0.1.m1.9444.m1,0,1
aten_0.1.m1.9444.m1,0,1
aten_0.1.m1.16897.m1,1,1
aten_0.1.m1.26645.m1,0,1
aten_0.1.m1.21786.m1,7,1
aten_0.1.m1.21786.m1,7,1
aten_0.1.m1.28037.m1,0,1
aten_0.1.m1.14076.m1,-6,0.745503719
aten_0.1.m1.25789.m1,-3,1
aten_0.1.m1.14307.m1,5,1
aten_0.1.m1.14307.m1,0,1
aten_0.1.m1.30064.m1,-2,1
aten_0.1.m1.24428.m1,6,0.83694844
aten_0.1.m1.20205.m1,0,1
aten_0.1.m1.7202.m1,0,1
aten_0.1.m1.9425.m1,6,0.958489725
aten_0.1.m1.14151.m1,-4,1
aten_0.1.m1.14151.m1,-4,1
aten_0.1.m1.8465.m1,2,1
aten_0.1.m1.22817.m1,0,1
aten_0.1.m1.22817.m1,0,1
aten_0.1.m1.25353.m1,2,1
aten_0.1.m1.25353.m1,2,1
aten_0.1.m1.11086.m1,5,0.993433057
aten_0.1.m1.3737.m1,0,1
aten_0.1.m1.2624.m1,0,1
aten_0.1.m1.15822.m1,15,0.267457663
aten_0.1.m1.20215.m1,-7,0.779650108
aten_0.1.m1.20215.m1,-7,0.779650108
aten_0.1.m1.6322.m1,2,1
aten_0.1.m1.565.m1,0,1
aten_0.1.m1.565.m1,0,1
aten_0.1.m1.1342.m1,0,1
aten_0.1.m1.7412.m1,0,1
aten_0.1.m1.29132.m1,0,1
aten_0.1.m1.554.m1,-4,1
aten_0.1.m1.554.m1,-4,1
aten_0.1.m1.7440.m1,-3,1
aten_0.1.m1.9088.m1,0,1
aten_0.1.m1.9088.m1,-1,1
aten_0.1.m1.6319.m1,0,1
aten_0.1.m1.14104.m1,-26,0.001448826
aten_0.1.m1.14104.m1,-26,0.001448826
aten_0.1.m1.33286.m1,0,1
aten_0.1.m1.17665.m1,-8,0.883172472
aten_0.1.m1.17665.m1,-8,0.883172472
aten_0.1.m1.8756.m1,0,1
aten_0.1.m1.4791.m1,-13,0.453968973
aten_0.1.m1.33211.m1,7,1
aten_0.1.m1.11970.m1,3,1
aten_0.1.m1.11970.m1,3,1
aten_0.1.m1.18879.m1,15,0.247263243
aten_0.1.m1.18879.m1,15,0.247263243
aten_0.1.m1.28036.m1,12,0.241683309
aten_0.1.m1.28163.m1,0,1
aten_0.1.m1.16999.m1,14,0.373776199
aten_0.1.m1.16999.m1,14,0.373776199
aten_0.1.m1.1407.m1,0,1
aten_0.1.m1.19334.m1,0,1
aten_0.1.m1.569.m1,-3,0.823946746
aten_0.1.m1.569.m1,-3,0.823946746
aten_0.1.m1.14113.m1,0,1
aten_0.1.m1.4763.m1,17,0.000649686
aten_0.1.m1.4763.m1,17,0.000649686
aten_0.1.m1.1893.m1,-5,1
aten_0.1.m1.1893.m1,15,0.31354308
aten_0.1.m1.27780.m1,0,1
aten_0.1.m1.16223.m1,14,0.0043086
aten_0.1.m1.16223.m1,14,0.0043086
aten_0.1.m1.16223.m1,5,0.358799898
aten_0.1.m1.16223.m1,5,0.358799898
aten_0.1.m1.16223.m1,-14,0.0043086
aten_0.1.m1.16223.m1,-14,0.0043086
aten_0.1.m1.6262.m1,18,0.153157769
aten_0.1.m1.6262.m1,-4,1
aten_0.1.m1.4388.m1,0,1
aten_0.1.m1.20791.m1,-1,1
aten_0.1.m1.5487.m1,2,1
aten_0.1.m1.5487.m1,2,1
aten_0.1.m1.28323.m1,0,1
aten_0.1.m1.16564.m1,-2,1
aten_0.1.m1.25112.m1,-3,1
aten_0.1.m1.20168.m1,-1,1
aten_0.1.m1.25965.m1,2,1
aten_0.1.m1.25965.m1,-5,1
aten_0.1.m1.17858.m1,-1,1
aten_0.1.m1.17858.m1,-7,0.823946746
aten_0.1.m1.15045.m1,0,1
aten_0.1.m1.12020.m1,-8,0.525158778
aten_0.1.m1.10671.m1,3,1
aten_0.1.m1.10671.m1,3,1
aten_0.1.m1.22993.m1,-3,0.823946746
aten_0.1.m1.22993.m1,-3,0.823946746
aten_0.1.m1.997.m1,0,1
aten_0.1.m1.32989.m1,0,1
aten_0.1.m1.7279.m1,0,1
aten_0.1.m1.7279.m1,0,1
aten_0.1.m1.1545.m1,0,1
aten_0.1.m1.1545.m1,0,1
aten_0.1.m1.1550.m1,0,1
aten_0.1.m1.1545.m1,0,1
aten_0.1.m1.1545.m1,0,1
aten_0.1.m1.1550.m1,0,1
aten_0.1.m1.21617.m1,0,1
aten_0.1.m1.21617.m1,0,1
aten_0.1.m1.12908.m1,11,0.566425697
aten_0.1.m1.29361.m1,5,1
aten_0.1.m1.1682.m1,15,0.149700079
aten_0.1.m1.9511.m1,-4,1
aten_0.1.m1.6196.m1,4,1
aten_0.1.m1.4297.m1,4,1
aten_0.1.m1.4297.m1,4,1
aten_0.1.m1.1757.m1,0,1
aten_0.1.m1.13235.m1,-23,0.027256126
aten_0.1.m1.13235.m1,-23,0.027256126
aten_0.1.m1.13065.m1,0,1
aten_0.1.m1.8775.m1,-11,0.51443514
aten_0.1.m1.7173.m1,12,0.478947113
aten_0.1.m1.7173.m1,12,0.478947113
aten_0.1.m1.7173.m1,-5,1
aten_0.1.m1.7173.m1,-5,1
aten_0.1.m1.25190.m1,0,1
aten_0.1.m1.7874.m1,21,0.033995681
aten_0.1.m1.7874.m1,21,0.033995681
aten_0.1.m1.14470.m1,0,1
aten_0.1.m1.14470.m1,0,1
aten_0.1.m1.9839.m1,-4,1
aten_0.1.m1.21622.m1,0,1
aten_0.1.m1.21622.m1,0,1
aten_0.1.m1.22903.m1,7,1
aten_0.1.m1.22903.m1,7,1
aten_0.1.m1.22903.m1,1,1
aten_0.1.m1.22903.m1,1,1
aten_0.1.m1.22903.m1,7,1
aten_0.1.m1.22903.m1,7,1
aten_0.1.m1.5049.m1,-7,1
aten_0.1.m1.5049.m1,-7,1
aten_0.1.m1.3026.m1,5,1
aten_0.1.m1.13159.m1,-11,0.51443514
aten_0.1.m1.14548.m1,0,1
aten_0.1.m1.14548.m1,0,1
aten_0.1.m1.16623.m1,17,0.005528963
aten_0.1.m1.16623.m1,17,0.005528963
aten_0.1.m1.16623.m1,10,0.758267114
aten_0.1.m1.16623.m1,10,0.758267114
aten_0.1.m1.16025.m1,6,1
aten_0.1.m1.15563.m1,-2,1
aten_0.1.m1.10379.m1,0,1
aten_0.1.m1.16597.m1,-12,0.478947113
aten_0.1.m1.16597.m1,-12,0.478947113
aten_0.1.m1.15783.m1,12,0.175805049
aten_0.1.m1.10442.m1,7,1
aten_0.1.m1.10442.m1,9,0.566425697
aten_0.1.m1.12013.m1,-24,0.024409781
aten_0.1.m1.12013.m1,-24,0.024409781
aten_0.1.m1.13460.m1,8,0.484738186
aten_0.1.m1.26004.m1,21,0.065081121
aten_0.1.m1.26447.m1,15,0.315355142
aten_0.1.m1.18049.m1,-2,1
aten_0.1.m1.29508.m1,19,0.000261935
aten_0.1.m1.1396.m1,-2,1
aten_0.1.m1.33857.m1,0,1
aten_0.1.m1.8847.m1,-24,0.024409781
aten_0.1.m1.29777.m1,6,1
aten_0.1.m1.8172.m1,-19,0.056295642
aten_0.1.m1.11655.m1,0,1
aten_0.1.m1.16268.m1,0,1
aten_0.1.m1.16268.m1,0,1
aten_0.1.m1.10121.m1,0,1
aten_0.1.m1.11077.m1,0,1
aten_0.1.m1.17629.m1,0,1
aten_0.1.m1.5759.m1,-2,1
aten_0.1.m1.232.m1,0,1
aten_0.1.m1.17452.m1,7,1
aten_0.1.m1.17452.m1,7,1
aten_0.1.m1.5854.m1,0,1
aten_0.1.m1.7170.m1,0,1
aten_0.1.m1.23150.m1,-1,1
aten_0.1.m1.23150.m1,-1,1
aten_0.1.m1.5505.m1,4,1
aten_0.1.m1.5505.m1,4,1
aten_0.1.m1.5505.m1,-5,1
aten_0.1.m1.5505.m1,-5,1
aten_0.1.m1.14150.m1,0,1
aten_0.1.m1.4490.m1,6,0.225787622
aten_0.1.m1.10892.m1,0,1
aten_0.1.m1.10892.m1,0,1
aten_0.1.m1.21015.m1,-8,0.937847651
aten_0.1.m1.4708.m1,-3,0.823946746
aten_0.1.m1.13102.m1,0,1
aten_0.1.m1.29913.m1,-4,1
aten_0.1.m1.9801.m1,0,1
aten_0.1.m1.23837.m1,5,1
aten_0.1.m1.9383.m1,-3,1
aten_0.1.m1.5198.m1,-4,1
aten_0.1.m1.11104.m1,0,1
aten_0.1.m1.11104.m1,0,1
aten_0.1.m1.2508.m1,-9,0.170510191
aten_0.1.m1.18490.m1,10,0.439138548
aten_0.1.m1.17555.m1,0,1
aten_0.1.m1.32853.m1,1,1
aten_0.1.m1.32853.m1,1,1
aten_0.1.m1.10263.m1,-10,0.503957807
aten_0.1.m1.10263.m1,-10,0.503957807
aten_0.1.m1.3686.m1,21,0.009011813
aten_0.1.m1.15205.m1,0,1
aten_0.1.m1.15205.m1,0,1
aten_0.1.m1.12075.m1,0,1
aten_0.1.m1.12075.m1,0,1
aten_0.1.m1.16710.m1,0,1
aten_0.1.m1.16710.m1,-17,0.132548977
aten_0.1.m1.32796.m1,-1,1
aten_0.1.m1.32796.m1,-1,1
aten_0.1.m1.24629.m1,0,1
aten_0.1.m1.24629.m1,0,1
aten_0.1.m1.18516.m1,0,1
aten_0.1.m1.3778.m1,0,1
aten_0.1.m1.3783.m1,0,1
aten_0.1.m1.18262.m1,0,1
aten_0.1.m1.18262.m1,0,1
aten_0.1.m1.18262.m1,7,0.992876843
aten_0.1.m1.18262.m1,7,0.992876843
aten_0.1.m1.7957.m1,0,1
aten_0.1.m1.7797.m1,10,0.758267114
aten_0.1.m1.33643.m1,-14,0.057976449
aten_0.1.m1.33643.m1,-14,0.057976449
aten_0.1.m1.595.m1,-11,0.596555899
aten_0.1.m1.28633.m1,-9,0.320835368
aten_0.1.m1.4813.m1,0,1
aten_0.1.m1.4813.m1,0,1
aten_0.1.m1.2158.m1,19,0.065081121
aten_0.1.m1.21195.m1,3,1
aten_0.1.m1.33440.m1,10,0.631590725
aten_0.1.m1.27656.m1,-22,0.000423812
aten_0.1.m1.12869.m1,0,1
aten_0.1.m1.12869.m1,-4,1
aten_0.1.m1.31466.m1,0,1
aten_0.1.m1.2584.m1,-21,0.020620777
aten_0.1.m1.11730.m1,20,0.082841021
aten_0.1.m1.11730.m1,20,0.082841021
aten_0.1.m1.23765.m1,0,1
aten_0.1.m1.23765.m1,0,1
aten_0.1.m1.21043.m1,0,1
aten_0.1.m1.4602.m1,0,1
aten_0.1.m1.4602.m1,0,1
aten_0.1.m1.30277.m1,0,1
aten_0.1.m1.28633.m1,4,1
aten_0.1.m1.18071.m1,0,1
aten_0.1.m1.25740.m1,-1,1
aten_0.1.m1.19667.m1,7,0.823946746
aten_0.1.m1.19667.m1,7,0.823946746
aten_0.1.m1.10686.m1,24,0.024409781
aten_0.1.m1.27176.m1,1,1
aten_0.1.m1.6520.m1,0,1
aten_0.1.m1.14064.m1,24,0.024409781
aten_0.1.m1.31287.m1,-1,1
aten_0.1.m1.19908.m1,-14,0.253504701
aten_0.1.m1.6718.m1,0,1
aten_0.1.m1.13413.m1,2,1
aten_0.1.m1.32887.m1,1,1
aten_0.1.m1.32887.m1,3,1
aten_0.1.m1.32997.m1,17,0.170510191
aten_0.1.m1.972.m1,0,1
aten_0.1.m1.976.m1,0,1
aten_0.1.m1.18477.m1,10,0.758267114
aten_0.1.m1.18477.m1,0,1
aten_0.1.m1.18651.m1,0,1
aten_0.1.m1.19330.m1,0,1
aten_0.1.m1.23862.m1,0,1
aten_0.1.m1.23862.m1,0,1
aten_0.1.m1.33211.m1,0,1
aten_0.1.m1.21178.m1,-3,0.823946746
aten_0.1.m1.29538.m1,-6,1
aten_0.1.m1.29538.m1,-6,1
aten_0.1.m1.20644.m1,0,1
aten_0.1.m1.7469.m1,10,0.758267114
aten_0.1.m1.15732.m1,11,0.666196693
aten_0.1.m1.3795.m1,-6,0.745503719
aten_0.1.m1.3795.m1,-6,0.745503719
aten_0.1.m1.9593.m1,12,0.175805049
aten_0.1.m1.9593.m1,12,0.175805049
aten_0.1.m1.7726.m1,0,1
aten_0.1.m1.7726.m1,0,1
aten_0.1.m1.12480.m1,7,0.919324265
aten_0.1.m1.19742.m1,0,1
aten_0.1.m1.13577.m1,-15,0.099579491
aten_0.1.m1.13577.m1,-15,0.099579491
aten_0.1.m1.4615.m1,0,1
aten_0.1.m1.13120.m1,18,0.058932477
aten_0.1.m1.13120.m1,18,0.058932477
aten_0.1.m1.11816.m1,0,1
aten_0.1.m1.24683.m1,-16,0.027091399
aten_0.1.m1.8073.m1,-11,0.260297624
aten_0.1.m1.8073.m1,-11,0.260297624
aten_0.1.m1.26875.m1,0,1
aten_0.1.m1.30203.m1,24,0.024409781
aten_0.1.m1.15966.m1,0,1
aten_0.1.m1.14633.m1,5,1
aten_0.1.m1.14633.m1,5,1
aten_0.1.m1.12987.m1,0,1
aten_0.1.m1.12987.m1,0,1
aten_0.1.m1.5107.m1,0,1
aten_0.1.m1.23178.m1,2,1
aten_0.1.m1.7631.m1,11,0.661099438
aten_0.1.m1.31502.m1,0,1
aten_0.1.m1.20672.m1,-4,1
aten_0.1.m1.20666.m1,-4,1
aten_0.1.m1.4461.m1,-8,0.811388949
aten_0.1.m1.1388.m1,0,1
aten_0.1.m1.811.m1,-1,1
aten_0.1.m1.811.m1,-1,1
aten_0.1.m1.20836.m1,12,0.175805049
aten_0.1.m1.18227.m1,0,1
aten_0.1.m1.22812.m1,-4,1
aten_0.1.m1.10653.m1,0,1
aten_0.1.m1.9224.m1,1,1
aten_0.1.m1.17377.m1,-6,1
aten_0.1.m1.6382.m1,0,1
aten_0.1.m1.7291.m1,19,0.110485465
aten_0.1.m1.7291.m1,0,1
aten_0.1.m1.21637.m1,2,1
aten_0.1.m1.22903.m1,-13,0.320835368
aten_0.1.m1.28420.m1,3,0.823946746
aten_0.1.m1.16006.m1,0,1
aten_0.1.m1.16006.m1,0,1
aten_0.1.m1.20544.m1,14,0.365974035
aten_0.1.m1.10725.m1,5,0.993433057
aten_0.1.m1.3732.m1,-7,0.566425697
aten_0.1.m1.3732.m1,-7,0.566425697
aten_0.1.m1.27214.m1,0,1
aten_0.1.m1.30647.m1,16,0.052123187
aten_0.1.m1.24348.m1,21,0.064286164
aten_0.1.m1.30076.m1,3,1
aten_0.1.m1.20840.m1,14,0.31281839
aten_0.1.m1.20840.m1,14,0.31281839
aten_0.1.m1.18886.m1,19,0.001851099
aten_0.1.m1.18886.m1,19,0.001851099
aten_0.1.m1.736.m1,0,1
aten_0.1.m1.736.m1,0,1
aten_0.1.m1.29343.m1,14,0.373776199
aten_0.1.m1.29343.m1,14,0.373776199
aten_0.1.m1.28879.m1,13,0.458998164
aten_0.1.m1.28879.m1,13,0.458998164
aten_0.1.m1.1439.m1,19,0.041567311
aten_0.1.m1.19705.m1,-12,0.534177892
aten_0.1.m1.19705.m1,-10,0.030051604
aten_0.1.m1.22713.m1,24,0.024409781
aten_0.1.m1.7828.m1,-3,0.823946746
aten_0.1.m1.7828.m1,-3,0.823946746
aten_0.1.m1.7828.m1,0,1
aten_0.1.m1.7828.m1,0,1
aten_0.1.m1.32470.m1,-13,0.225787622
aten_0.1.m1.32470.m1,-13,0.225787622
aten_0.1.m1.29587.m1,-9,0.823946746
aten_0.1.m1.33091.m1,-8,0.082841021
aten_0.1.m1.33091.m1,-8,0.082841021
aten_0.1.m1.28265.m1,0,1
aten_0.1.m1.22404.m1,0,1
aten_0.1.m1.28035.m1,-21,0.056295642
aten_0.1.m1.11841.m1,7,1
aten_0.1.m1.22657.m1,-6,1
aten_0.1.m1.22657.m1,0,1
aten_0.1.m1.22657.m1,7,0.566425697
aten_0.1.m1.2490.m1,0,1
aten_0.1.m1.2490.m1,0,1
aten_0.1.m1.29043.m1,4,1
aten_0.1.m1.11881.m1,-10,0.503957807
aten_0.1.m1.11881.m1,-10,0.503957807
aten_0.1.m1.8849.m1,-5,0.895693191
aten_0.1.m1.522.m1,0,1
aten_0.1.m1.522.m1,0,1
aten_0.1.m1.1461.m1,0,1
aten_0.1.m1.1461.m1,0,1
aten_0.1.m1.18366.m1,14,0.138443349
aten_0.1.m1.13640.m1,-1,1
aten_0.1.m1.13640.m1,-1,1
aten_0.1.m1.3748.m1,5,1
aten_0.1.m1.22544.m1,0,1
aten_0.1.m1.6612.m1,0,1
aten_0.1.m1.6612.m1,0,1
aten_0.1.m1.6612.m1,14,0.373776199
aten_0.1.m1.6612.m1,14,0.373776199
aten_0.1.m1.13251.m1,7,0.439138548
aten_0.1.m1.13251.m1,7,0.439138548
aten_0.1.m1.11620.m1,7,0.919324265
aten_0.1.m1.11620.m1,7,0.919324265
aten_0.1.m1.20041.m1,0,1
aten_0.1.m1.27064.m1,-4,1
aten_0.1.m1.27064.m1,-4,1
aten_0.1.m1.15516.m1,11,0.407410228
aten_0.1.m1.15516.m1,11,0.407410228
aten_0.1.m1.2726.m1,7,1
aten_0.1.m1.23566.m1,-7,0.679571511
aten_0.1.m1.23566.m1,-7,0.679571511
aten_0.1.m1.9122.m1,0,1
aten_0.1.m1.9122.m1,26,0.000290949
aten_0.1.m1.15569.m1,20,0.008212716
aten_0.1.m1.16090.m1,10,0.686079772
aten_0.1.m1.16090.m1,10,0.686079772
aten_0.1.m1.16090.m1,0,1
aten_0.1.m1.16090.m1,0,1
aten_0.1.m1.16090.m1,19,0.101342991
aten_0.1.m1.16090.m1,19,0.101342991
aten_0.1.m1.194.m1,0,1
aten_0.1.m1.194.m1,0,1
aten_0.1.m1.1605.m1,0,1
aten_0.1.m1.8157.m1,0,1
aten_0.1.m1.14482.m1,0,1
aten_0.1.m1.6747.m1,-9,0.507749831
aten_0.1.m1.6747.m1,-9,0.507749831
aten_0.1.m1.9396.m1,8,0.082841021
aten_0.1.m1.9396.m1,8,0.082841021
aten_0.1.m1.2036.m1,7,1
aten_0.1.m1.21745.m1,13,0.205980253
aten_0.1.m1.14291.m1,0,1
aten_0.1.m1.14291.m1,0,1
aten_0.1.m1.14291.m1,0,1
aten_0.1.m1.3940.m1,-9,0.758267114
aten_0.1.m1.698.m1,-2,1
aten_0.1.m1.698.m1,-2,1
aten_0.1.m1.2093.m1,0,1
aten_0.1.m1.2093.m1,0,1
aten_0.1.m1.23541.m1,12,0.458998164
aten_0.1.m1.23541.m1,12,0.458998164
aten_0.1.m1.16448.m1,-7,1
aten_0.1.m1.15538.m1,-14,0.138443349
aten_0.1.m1.11218.m1,1,1
aten_0.1.m1.2896.m1,0,1
aten_0.1.m1.2896.m1,0,1
aten_0.1.m1.24619.m1,-9,0.831973842
aten_0.1.m1.24619.m1,-9,0.831973842
aten_0.1.m1.20990.m1,7,0.992876843
aten_0.1.m1.31154.m1,0,1
aten_0.1.m1.28097.m1,0,1
aten_0.1.m1.22903.m1,-1,1
aten_0.1.m1.22903.m1,-12,0.365974035
aten_0.1.m1.37.m1,-7,0.679571511
aten_0.1.m1.37.m1,-7,0.679571511
aten_0.1.m1.11695.m1,-2,1
aten_0.1.m1.11695.m1,-2,1
aten_0.1.m1.11695.m1,-4,1
aten_0.1.m1.11695.m1,-4,1
aten_0.1.m1.7166.m1,2,1
aten_0.1.m1.15861.m1,2,1
aten_0.1.m1.15861.m1,2,1
aten_0.1.m1.14573.m1,0,1
aten_0.1.m1.14573.m1,0,1
aten_0.1.m1.2097.m1,0,1
aten_0.1.m1.499.m1,0,1
aten_0.1.m1.499.m1,0,1
aten_0.1.m1.14290.m1,0,1
aten_0.1.m1.32156.m1,12,0.365974035
aten_0.1.m1.32905.m1,-17,0.189613729
aten_0.1.m1.32905.m1,-7,1
aten_0.1.m1.14608.m1,0,1
aten_0.1.m1.14608.m1,0,1
aten_0.1.m1.4805.m1,0,1
aten_0.1.m1.4805.m1,0,1
aten_0.1.m1.11103.m1,-6,0.745503719
aten_0.1.m1.11103.m1,-6,0.745503719
aten_0.1.m1.9983.m1,0,1
aten_0.1.m1.24814.m1,-1,1
aten_0.1.m1.28101.m1,-12,0.522218675
aten_0.1.m1.28101.m1,-12,0.522218675
aten_0.1.m1.23159.m1,-1,1
aten_0.1.m1.23159.m1,-1,1
aten_0.1.m1.1010.m1,0,1
aten_0.1.m1.22634.m1,11,0.260297624
aten_0.1.m1.3088.m1,1,1
aten_0.1.m1.6753.m1,0,1
aten_0.1.m1.5860.m1,-14,0.0043086
aten_0.1.m1.14020.m1,-6,0.982867425
aten_0.1.m1.14020.m1,-6,0.982867425
aten_0.1.m1.33198.m1,-1,1
aten_0.1.m1.28071.m1,0,1
aten_0.1.m1.13932.m1,0,1
aten_0.1.m1.8445.m1,-10,0.59504063
aten_0.1.m1.8445.m1,-10,0.59504063
aten_0.1.m1.23795.m1,0,1
aten_0.1.m1.23795.m1,0,1
aten_0.1.m1.29698.m1,0,1
aten_0.1.m1.18938.m1,12,0.287999804
aten_0.1.m1.4926.m1,10,0.59504063
aten_0.1.m1.4926.m1,10,0.59504063
aten_0.1.m1.4830.m1,-8,0.883172472
aten_0.1.m1.4830.m1,-8,0.883172472
aten_0.1.m1.6937.m1,0,1
aten_0.1.m1.6937.m1,0,1
aten_0.1.m1.9721.m1,-1,1
aten_0.1.m1.33199.m1,-15,0.315355142
aten_0.1.m1.33199.m1,-15,0.315355142
aten_0.1.m1.6888.m1,0,1
aten_0.1.m1.30796.m1,6,0.679571511
aten_0.1.m1.30884.m1,-7,1
aten_0.1.m1.19011.m1,-19,0.041567311
aten_0.1.m1.1835.m1,-6,1
aten_0.1.m1.19703.m1,0,1
aten_0.1.m1.19703.m1,0,1
aten_0.1.m1.8626.m1,0,1
aten_0.1.m1.8626.m1,0,1
aten_0.1.m1.30691.m1,14,0.253504701
aten_0.1.m1.30129.m1,2,1
aten_0.1.m1.29587.m1,0,1
aten_0.1.m1.22746.m1,-4,1
aten_0.1.m1.4680.m1,0,1
aten_0.1.m1.348.m1,0,1
aten_0.1.m1.11541.m1,-16,0.052123187
aten_0.1.m1.11541.m1,0,1
aten_0.1.m1.15279.m1,15,0.062975675
aten_0.1.m1.26115.m1,-18,0.116562482
aten_0.1.m1.8309.m1,0,1
aten_0.1.m1.8309.m1,0,1
aten_0.1.m1.28815.m1,0,1
aten_0.1.m1.4463.m1,-10,0.030051604
aten_0.1.m1.4463.m1,-10,0.030051604
aten_0.1.m1.9708.m1,0,1
aten_0.1.m1.9708.m1,0,1
aten_0.1.m1.29020.m1,0,1
aten_0.1.m1.29020.m1,0,1
aten_0.1.m1.29083.m1,7,1
aten_0.1.m1.29083.m1,7,1
aten_0.1.m1.24774.m1,24,0.024409781
aten_0.1.m1.14699.m1,4,1
aten_0.1.m1.14699.m1,4,1
aten_0.1.m1.2742.m1,-7,0.779650108
aten_0.1.m1.2742.m1,0,1
aten_0.1.m1.19710.m1,0,1
aten_0.1.m1.19710.m1,0,1
aten_0.1.m1.10113.m1,2,1
aten_0.1.m1.18723.m1,0,1
aten_0.1.m1.27403.m1,-1,1
aten_0.1.m1.27403.m1,-1,1
aten_0.1.m1.19433.m1,19,0.082841021
aten_0.1.m1.19433.m1,19,0.082841021
aten_0.1.m1.5109.m1,0,1
aten_0.1.m1.29479.m1,0,1
aten_0.1.m1.29479.m1,0,1
aten_0.1.m1.19690.m1,7,0.679571511
aten_0.1.m1.25309.m1,7,0.566425697
aten_0.1.m1.25309.m1,7,0.566425697
aten_0.1.m1.21438.m1,4,1
aten_0.1.m1.21438.m1,4,1
aten_0.1.m1.21438.m1,5,1
aten_0.1.m1.21438.m1,5,1
aten_0.1.m1.9731.m1,0,1
aten_0.1.m1.7411.m1,0,1
aten_0.1.m1.7411.m1,0,1
aten_0.1.m1.12147.m1,17,0.132548977
aten_0.1.m1.17597.m1,0,1
aten_0.1.m1.17597.m1,0,1
aten_0.1.m1.26618.m1,12,0.365974035
aten_0.1.m1.10080.m1,0,1
aten_0.1.m1.12759.m1,0,1
aten_0.1.m1.6837.m1,13,0.417770413
aten_0.1.m1.6837.m1,13,0.417770413
aten_0.1.m1.8946.m1,0,1
aten_0.1.m1.8946.m1,0,1
aten_0.1.m1.4154.m1,16,0.241683309
aten_0.1.m1.186.m1,-7,1
aten_0.1.m1.31861.m1,-4,1
aten_0.1.m1.12620.m1,-17,0.021981527
aten_0.1.m1.1973.m1,23,0.025472041
aten_0.1.m1.23328.m1,-5,0.895693191
aten_0.1.m1.23328.m1,-5,0.895693191
aten_0.1.m1.19077.m1,0,1
aten_0.1.m1.19077.m1,0,1
aten_0.1.m1.23729.m1,0,1
aten_0.1.m1.23729.m1,0,1
aten_0.1.m1.12908.m1,0,1
aten_0.1.m1.16563.m1,0,1
aten_0.1.m1.16563.m1,0,1
aten_0.1.m1.33907.m1,19,0.115736367
aten_0.1.m1.33907.m1,19,0.115736367
aten_0.1.m1.19510.m1,15,0.315355142
aten_0.1.m1.4193.m1,0,1
aten_0.1.m1.4193.m1,0,1
aten_0.1.m1.24257.m1,0,1
aten_0.1.m1.24257.m1,0,1
aten_0.1.m1.22945.m1,0,1
aten_0.1.m1.14731.m1,0,1
aten_0.1.m1.18885.m1,4,1
aten_0.1.m1.4643.m1,1,1
aten_0.1.m1.12822.m1,16,0.139852502
aten_0.1.m1.1788.m1,0,1
aten_0.1.m1.19535.m1,11,0.235563322
aten_0.1.m1.19535.m1,11,0.235563322
aten_0.1.m1.17649.m1,-10,0.503957807
aten_0.1.m1.3202.m1,-7,0.779650108
aten_0.1.m1.3202.m1,-7,0.779650108
aten_0.1.m1.16631.m1,9,0.823946746
aten_0.1.m1.16631.m1,-9,0.795115627
aten_0.1.m1.18850.m1,0,1
aten_0.1.m1.9864.m1,0,1
aten_0.1.m1.9864.m1,0,1
aten_0.1.m1.18052.m1,-8,0.652288775
aten_0.1.m1.18052.m1,-8,0.652288775
aten_0.1.m1.21473.m1,-6,0.745503719
aten_0.1.m1.478.m1,4,1
aten_0.1.m1.478.m1,2,1
aten_0.1.m1.18919.m1,-19,0.000261935
aten_0.1.m1.3623.m1,21,0.046465044
aten_0.1.m1.3623.m1,21,0.046465044
aten_0.1.m1.31027.m1,2,1
aten_0.1.m1.18800.m1,7,0.679571511
aten_0.1.m1.12042.m1,0,1
aten_0.1.m1.23425.m1,2,1
aten_0.1.m1.23425.m1,2,1
aten_0.1.m1.29292.m1,-8,0.652288775
aten_0.1.m1.23442.m1,0,1
aten_0.1.m1.20688.m1,0,1
aten_0.1.m1.20688.m1,0,1
aten_0.1.m1.10710.m1,-6,1
aten_0.1.m1.6037.m1,21,0.065081121
aten_0.1.m1.26179.m1,-12,0.365974035
aten_0.1.m1.25350.m1,2,1
aten_0.1.m1.25350.m1,7,0.958489725
aten_0.1.m1.18941.m1,0,1
aten_0.1.m1.18941.m1,0,1
aten_0.1.m1.20015.m1,0,1
aten_0.1.m1.20015.m1,1,1
aten_0.1.m1.32761.m1,0,1
aten_0.1.m1.32761.m1,0,1
aten_0.1.m1.18790.m1,0,1
aten_0.1.m1.1717.m1,7,0.823946746
aten_0.1.m1.13900.m1,-5,0.895693191
aten_0.1.m1.13900.m1,-5,0.895693191
aten_0.1.m1.15067.m1,0,1
aten_0.1.m1.15067.m1,-7,1
aten_0.1.m1.13130.m1,-5,1
aten_0.1.m1.13130.m1,-5,1
aten_0.1.m1.9146.m1,-11,0.661099438
aten_0.1.m1.9146.m1,1,1
aten_0.1.m1.19936.m1,7,1
aten_0.1.m1.19936.m1,7,1
aten_0.1.m1.10567.m1,-1,1
aten_0.1.m1.10567.m1,-1,1
aten_0.1.m1.22993.m1,-1,1
aten_0.1.m1.22993.m1,-1,1
aten_0.1.m1.31456.m1,1,1
aten_0.1.m1.25404.m1,0,1
aten_0.1.m1.25404.m1,0,1
aten_0.1.m1.12740.m1,-10,0.439138548
aten_0.1.m1.28908.m1,-14,0.320835368
aten_0.1.m1.28908.m1,-14,0.320835368
aten_0.1.m1.23773.m1,-21,0.058932477
aten_0.1.m1.10611.m1,13,0.065081121
aten_0.1.m1.2136.m1,-1,1
aten_0.1.m1.5098.m1,0,1
aten_0.1.m1.32269.m1,-17,0.161339034
aten_0.1.m1.3704.m1,-17,0.200047928
aten_0.1.m1.22898.m1,4,1
aten_0.1.m1.33316.m1,9,0.566425697
aten_0.1.m1.33316.m1,24,0.025580189
aten_0.1.m1.5912.m1,6,0.225787622
aten_0.1.m1.5912.m1,6,0.225787622
aten_0.1.m1.2184.m1,0,1
aten_0.1.m1.15890.m1,-25,1.16717344078042e-05
aten_0.1.m1.15890.m1,-25,1.16717344078042e-05
aten_0.1.m1.9182.m1,0,1
aten_0.1.m1.4243.m1,-9,0.566425697
aten_0.1.m1.4243.m1,-9,0.566425697
aten_0.1.m1.30165.m1,7,1
aten_0.1.m1.30165.m1,4,1
aten_0.1.m1.3297.m1,10,0.317102795
aten_0.1.m1.24870.m1,-3,1
aten_0.1.m1.1537.m1,0,1
aten_0.1.m1.1537.m1,-21,0.056295642
aten_0.1.m1.2125.m1,14,0.253504701
aten_0.1.m1.9380.m1,0,1
aten_0.1.m1.3967.m1,-10,0.745503719
aten_0.1.m1.3967.m1,0,1
aten_0.1.m1.951.m1,0,1
aten_0.1.m1.31513.m1,6,0.745503719
aten_0.1.m1.31513.m1,6,0.745503719
aten_0.1.m1.31513.m1,-6,0.745503719
aten_0.1.m1.31513.m1,-6,0.745503719
aten_0.1.m1.386.m1,0,1
aten_0.1.m1.386.m1,11,0.478947113
aten_0.1.m1.6864.m1,0,1
aten_0.1.m1.18399.m1,0,1
aten_0.1.m1.18217.m1,0,1
aten_0.1.m1.2225.m1,0,1
aten_0.1.m1.981.m1,6,0.496714564
aten_0.1.m1.412.m1,2,1
aten_0.1.m1.14492.m1,-5,1
aten_0.1.m1.14492.m1,-5,1
aten_0.1.m1.18195.m1,2,1
aten_0.1.m1.18195.m1,2,1
aten_0.1.m1.14360.m1,2,1
aten_0.1.m1.6081.m1,-1,1
aten_0.1.m1.13129.m1,13,0.458998164
aten_0.1.m1.13129.m1,13,0.458998164
aten_0.1.m1.21933.m1,0,1
aten_0.1.m1.21933.m1,0,1
aten_0.1.m1.21933.m1,3,1
aten_0.1.m1.21933.m1,3,1
aten_0.1.m1.21933.m1,0,1
aten_0.1.m1.21933.m1,0,1
aten_0.1.m1.4849.m1,0,1
aten_0.1.m1.4849.m1,0,1
aten_0.1.m1.4849.m1,1,1
aten_0.1.m1.4849.m1,1,1
aten_0.1.m1.21997.m1,0,1
aten_0.1.m1.17001.m1,-16,0.089528301
aten_0.1.m1.21023.m1,0,1
aten_0.1.m1.16663.m1,5,1
aten_0.1.m1.9687.m1,8,0.831973842
aten_0.1.m1.2624.m1,0,1
aten_0.1.m1.26579.m1,5,1
aten_0.1.m1.6086.m1,0,1
aten_0.1.m1.16623.m1,-10,0.111508339
aten_0.1.m1.19626.m1,0,1
aten_0.1.m1.16914.m1,0,1
aten_0.1.m1.16914.m1,0,1
aten_0.1.m1.23372.m1,0,1
aten_0.1.m1.23372.m1,0,1
aten_0.1.m1.28379.m1,0,1
aten_0.1.m1.13845.m1,1,1
aten_0.1.m1.13845.m1,1,1
aten_0.1.m1.2647.m1,-6,0.225787622
aten_0.1.m1.2647.m1,-6,0.225787622
aten_0.1.m1.33460.m1,0,1
aten_0.1.m1.16869.m1,-3,0.823946746
aten_0.1.m1.12298.m1,0,1
aten_0.1.m1.12298.m1,0,1
aten_0.1.m1.34008.m1,7,1
aten_0.1.m1.20753.m1,0,1
aten_0.1.m1.20753.m1,0,1
aten_0.1.m1.5099.m1,0,1
aten_0.1.m1.2748.m1,7,1
aten_0.1.m1.26422.m1,-6,0.225787622
aten_0.1.m1.26422.m1,0,1
aten_0.1.m1.2981.m1,0,1
aten_0.1.m1.33568.m1,0,1
aten_0.1.m1.25575.m1,8,0.758267114
aten_0.1.m1.33644.m1,-1,1
aten_0.1.m1.15831.m1,-4,1
aten_0.1.m1.15831.m1,-4,1
aten_0.1.m1.10210.m1,24,0.008224829
aten_0.1.m1.10210.m1,24,0.008224829
aten_0.1.m1.9108.m1,0,1
aten_0.1.m1.9111.m1,0,1
aten_0.1.m1.18205.m1,2,1
aten_0.1.m1.18205.m1,2,1
aten_0.1.m1.28413.m1,4,1
aten_0.1.m1.28413.m1,4,1
aten_0.1.m1.28413.m1,11,0.022231772
aten_0.1.m1.28413.m1,11,0.022231772
aten_0.1.m1.694.m1,17,0.189613729
aten_0.1.m1.694.m1,17,0.189613729
aten_0.1.m1.24121.m1,0,1
aten_0.1.m1.29350.m1,-10,0.030051604
aten_0.1.m1.10606.m1,0,1
aten_0.1.m1.10606.m1,0,1
aten_0.1.m1.12813.m1,0,1
aten_0.1.m1.8677.m1,0,1
aten_0.1.m1.34125.m1,-5,0.993433057
aten_0.1.m1.34125.m1,-5,0.993433057
aten_0.1.m1.13335.m1,-5,0.993433057
aten_0.1.m1.16981.m1,-18,0.146054787
aten_0.1.m1.16981.m1,-18,0.146054787
aten_0.1.m1.25454.m1,15,0.099579491
aten_0.1.m1.11020.m1,0,1
aten_0.1.m1.14545.m1,0,1
aten_0.1.m1.14545.m1,7,1
aten_0.1.m1.26908.m1,0,1
aten_0.1.m1.32841.m1,2,1
aten_0.1.m1.6133.m1,0,1
aten_0.1.m1.8399.m1,0,1
aten_0.1.m1.29811.m1,0,1
aten_0.1.m1.29521.m1,-10,0.503957807
aten_0.1.m1.5536.m1,19,0.041567311
aten_0.1.m1.10496.m1,0,1
aten_0.1.m1.21070.m1,19,0.115736367
aten_0.1.m1.21070.m1,19,0.115736367
aten_0.1.m1.21070.m1,-6,1
aten_0.1.m1.21070.m1,-6,1
aten_0.1.m1.3731.m1,1,1
aten_0.1.m1.14515.m1,0,1
aten_0.1.m1.14515.m1,0,1
aten_0.1.m1.19390.m1,11,0.478947113
aten_0.1.m1.18358.m1,4,1
aten_0.1.m1.5024.m1,7,0.779650108
aten_0.1.m1.14906.m1,0,1
aten_0.1.m1.5596.m1,-12,0.320835368
aten_0.1.m1.5551.m1,7,1
aten_0.1.m1.30259.m1,10,0.59504063
aten_0.1.m1.16890.m1,0,1
aten_0.1.m1.16890.m1,0,1
aten_0.1.m1.24408.m1,-7,1
aten_0.1.m1.16799.m1,6,1
aten_0.1.m1.16799.m1,6,1
aten_0.1.m1.16710.m1,-4,1
aten_0.1.m1.17046.m1,-4,1
aten_0.1.m1.10591.m1,-7,0.679571511
aten_0.1.m1.10673.m1,0,1
aten_0.1.m1.10673.m1,0,1
aten_0.1.m1.8685.m1,20,0.024409781
aten_0.1.m1.13379.m1,0,1
aten_0.1.m1.17590.m1,0,1
aten_0.1.m1.29708.m1,-3,1
aten_0.1.m1.1464.m1,23,0.031485033
aten_0.1.m1.3024.m1,2,1
aten_0.1.m1.3024.m1,2,1
aten_0.1.m1.1756.m1,-4,1
aten_0.1.m1.33759.m1,18,0.104684536
aten_0.1.m1.5964.m1,0,1
aten_0.1.m1.5964.m1,0,1
aten_0.1.m1.16712.m1,0,1
aten_0.1.m1.16712.m1,0,1
aten_0.1.m1.33508.m1,-28,0.000118865
aten_0.1.m1.9204.m1,-3,1
aten_0.1.m1.20028.m1,1,1
aten_0.1.m1.16401.m1,1,1
aten_0.1.m1.16401.m1,1,1
aten_0.1.m1.16401.m1,-5,1
aten_0.1.m1.16401.m1,-5,1
aten_0.1.m1.20595.m1,9,0.225787622
aten_0.1.m1.20595.m1,9,0.225787622
aten_0.1.m1.17752.m1,0,1
aten_0.1.m1.17752.m1,0,1
aten_0.1.m1.17752.m1,4,1
aten_0.1.m1.17752.m1,4,1
aten_0.1.m1.17752.m1,0,1
aten_0.1.m1.17752.m1,0,1
aten_0.1.m1.28911.m1,3,1
aten_0.1.m1.28908.m1,8,0.982867425
aten_0.1.m1.28908.m1,8,0.982867425
aten_0.1.m1.1392.m1,-12,0.5400878
aten_0.1.m1.1394.m1,-3,1
aten_0.1.m1.7614.m1,-11,0.631590725
aten_0.1.m1.4369.m1,-6,1
aten_0.1.m1.1462.m1,0,1
aten_0.1.m1.1462.m1,-5,0.686079772
aten_0.1.m1.5160.m1,8,0.945635594
aten_0.1.m1.5160.m1,8,0.945635594
aten_0.1.m1.26811.m1,11,0.661099438
aten_0.1.m1.26811.m1,11,0.661099438
aten_0.1.m1.22443.m1,0,1
aten_0.1.m1.22443.m1,0,1
aten_0.1.m1.8720.m1,0,1
aten_0.1.m1.8720.m1,0,1
aten_0.1.m1.11561.m1,-3,0.823946746
aten_0.1.m1.11561.m1,0,1
aten_0.1.m1.5520.m1,0,1
aten_0.1.m1.10648.m1,-1,1
aten_0.1.m1.10648.m1,-1,1
aten_0.1.m1.10648.m1,-1,1
aten_0.1.m1.2790.m1,0,1
aten_0.1.m1.8437.m1,-11,0.631590725
aten_0.1.m1.5845.m1,3,1
aten_0.1.m1.5845.m1,3,1
aten_0.1.m1.5845.m1,0,1
aten_0.1.m1.19870.m1,1,1
aten_0.1.m1.19870.m1,1,1
aten_0.1.m1.15652.m1,0,1
aten_0.1.m1.26186.m1,13,0.380632722
aten_0.1.m1.26186.m1,13,0.380632722
aten_0.1.m1.26186.m1,-12,0.534177892
aten_0.1.m1.26186.m1,-12,0.534177892
aten_0.1.m1.11774.m1,1,1
aten_0.1.m1.11774.m1,1,1
aten_0.1.m1.32555.m1,18,0.041567311
aten_0.1.m1.6745.m1,8,0.823946746
aten_0.1.m1.6742.m1,8,0.883172472
aten_0.1.m1.14709.m1,0,1
aten_0.1.m1.14709.m1,0,1
aten_0.1.m1.18015.m1,0,1
aten_0.1.m1.18015.m1,0,1
aten_0.1.m1.13352.m1,0,1
aten_0.1.m1.30347.m1,-24,1.62175678087385e-05
aten_0.1.m1.26255.m1,0,1
aten_0.1.m1.23504.m1,0,1
aten_0.1.m1.2957.m1,0,1
aten_0.1.m1.2957.m1,7,1
aten_0.1.m1.5247.m1,-13,0.1474446
aten_0.1.m1.5247.m1,-13,0.1474446
aten_0.1.m1.23830.m1,17,0.116562482
aten_0.1.m1.23830.m1,17,0.116562482
aten_0.1.m1.19146.m1,0,1
aten_0.1.m1.19146.m1,0,1
aten_0.1.m1.3462.m1,0,1
aten_0.1.m1.17191.m1,-8,0.95886381
aten_0.1.m1.8509.m1,4,1
aten_0.1.m1.357.m1,0,1
aten_0.1.m1.6329.m1,0,1
aten_0.1.m1.26552.m1,-12,0.507749831
aten_0.1.m1.14545.m1,14,0.235563322
aten_0.1.m1.9424.m1,0,1
aten_0.1.m1.9424.m1,24,0.008224829
aten_0.1.m1.15431.m1,16,0.244303718
aten_0.1.m1.33834.m1,0,1
aten_0.1.m1.20244.m1,-12,0.287999804
aten_0.1.m1.12013.m1,9,0.507749831
aten_0.1.m1.15261.m1,-10,0.758267114
aten_0.1.m1.32260.m1,4,1
aten_0.1.m1.32260.m1,4,1
aten_0.1.m1.16255.m1,14,0.253504701
aten_0.1.m1.16255.m1,14,0.253504701
aten_0.1.m1.15563.m1,18,0.058932477
aten_0.1.m1.28574.m1,-3,0.823946746
aten_0.1.m1.18259.m1,-24,0.005777228
aten_0.1.m1.18259.m1,-24,0.005777228
aten_0.1.m1.4613.m1,-4,1
aten_0.1.m1.21342.m1,12,0.013692594
aten_0.1.m1.21342.m1,12,0.013692594
aten_0.1.m1.23130.m1,-2,1
aten_0.1.m1.30560.m1,1,1
aten_0.1.m1.5492.m1,7,1
aten_0.1.m1.16760.m1,3,1
aten_0.1.m1.14121.m1,-12,0.458998164
aten_0.1.m1.15232.m1,-3,0.823946746
aten_0.1.m1.15232.m1,-3,0.823946746
aten_0.1.m1.15243.m1,7,1
aten_0.1.m1.18358.m1,0,1
aten_0.1.m1.17081.m1,-6,1
aten_0.1.m1.17081.m1,-6,1
aten_0.1.m1.22564.m1,-4,1
aten_0.1.m1.22564.m1,-4,1
aten_0.1.m1.5918.m1,-18,0.058932477
aten_0.1.m1.5918.m1,-18,0.058932477
aten_0.1.m1.12874.m1,5,1
aten_0.1.m1.14291.m1,0,1
aten_0.1.m1.14291.m1,0,1
aten_0.1.m1.7110.m1,5,1
aten_0.1.m1.14284.m1,-7,0.958489725
aten_0.1.m1.12039.m1,13,0.441154127
aten_0.1.m1.12039.m1,13,0.441154127
aten_0.1.m1.14330.m1,-4,1
aten_0.1.m1.14330.m1,0,1
aten_0.1.m1.14330.m1,1,1
aten_0.1.m1.33134.m1,-12,0.175805049
aten_0.1.m1.18608.m1,0,1
aten_0.1.m1.20210.m1,12,0.241683309
aten_0.1.m1.20210.m1,12,0.241683309
aten_0.1.m1.16596.m1,0,1
aten_0.1.m1.16596.m1,10,0.239680874
aten_0.1.m1.485.m1,-12,0.241683309
aten_0.1.m1.6518.m1,-7,0.679571511
aten_0.1.m1.6518.m1,13,0.458998164
aten_0.1.m1.6518.m1,0,1
aten_0.1.m1.5123.m1,-9,0.823946746
aten_0.1.m1.7758.m1,-14,0.086699178
aten_0.1.m1.7758.m1,24,0.024409781
aten_0.1.m1.6216.m1,2,1
aten_0.1.m1.3239.m1,-4,1
aten_0.1.m1.4553.m1,8,0.082841021
aten_0.1.m1.9224.m1,-10,0.686079772
aten_0.1.m1.16196.m1,-17,0.170510191
aten_0.1.m1.16196.m1,-17,0.170510191
aten_0.1.m1.25516.m1,0,1
aten_0.1.m1.26949.m1,4,1
aten_0.1.m1.26949.m1,4,1
aten_0.1.m1.12420.m1,0,1
aten_0.1.m1.12425.m1,0,1
aten_0.1.m1.4923.m1,3,1
aten_0.1.m1.19824.m1,8,0.945635594
aten_0.1.m1.19824.m1,8,0.945635594
aten_0.1.m1.30459.m1,0,1
aten_0.1.m1.30459.m1,0,1
aten_0.1.m1.20517.m1,0,1
aten_0.1.m1.9036.m1,-11,0.022231772
aten_0.1.m1.9036.m1,-11,0.022231772
aten_0.1.m1.4895.m1,0,1
aten_0.1.m1.11970.m1,12,0.403230613
aten_0.1.m1.11970.m1,12,0.403230613
aten_0.1.m1.13061.m1,9,0.823946746
aten_0.1.m1.13061.m1,-12,0.365974035
aten_0.1.m1.10900.m1,-4,1
aten_0.1.m1.10900.m1,-4,1
aten_0.1.m1.1492.m1,-3,1
aten_0.1.m1.1492.m1,-3,1
aten_0.1.m1.13582.m1,0,1
aten_0.1.m1.13582.m1,0,1
aten_0.1.m1.3833.m1,2,1
aten_0.1.m1.17182.m1,0,1
aten_0.1.m1.17182.m1,0,1
aten_0.1.m1.5713.m1,3,1
aten_0.1.m1.5713.m1,3,1
aten_0.1.m1.25925.m1,5,1
aten_0.1.m1.25925.m1,0,1
aten_0.1.m1.16398.m1,15,0.241683309
aten_0.1.m1.33676.m1,-4,1
aten_0.1.m1.33676.m1,-4,1
aten_0.1.m1.33676.m1,-2,1
aten_0.1.m1.33676.m1,-2,1
aten_0.1.m1.19443.m1,0,1
aten_0.1.m1.22912.m1,0,1
aten_0.1.m1.22912.m1,0,1
aten_0.1.m1.22912.m1,0,1
aten_0.1.m1.22912.m1,0,1
aten_0.1.m1.25767.m1,4,1
aten_0.1.m1.25767.m1,4,1
aten_0.1.m1.32298.m1,0,1
aten_0.1.m1.32298.m1,0,1
aten_0.1.m1.13456.m1,11,0.235563322
aten_0.1.m1.13456.m1,11,0.235563322
aten_0.1.m1.5428.m1,0,1
aten_0.1.m1.22507.m1,12,0.522218675
aten_0.1.m1.22507.m1,12,0.522218675
aten_0.1.m1.2305.m1,12,0.119871224
aten_0.1.m1.12292.m1,11,0.260297624
aten_0.1.m1.27509.m1,0,1
aten_0.1.m1.27509.m1,0,1
aten_0.1.m1.2405.m1,12,0.320835368
aten_0.1.m1.2405.m1,12,0.320835368
aten_0.1.m1.30266.m1,23,0.032259718
aten_0.1.m1.30266.m1,23,0.032259718
aten_0.1.m1.30255.m1,7,1
aten_0.1.m1.25821.m1,0,1
aten_0.1.m1.3640.m1,0,1
aten_0.1.m1.3640.m1,0,1
aten_0.1.m1.12725.m1,-23,0.030051604
aten_0.1.m1.7336.m1,-7,0.566425697
aten_0.1.m1.7336.m1,-7,0.566425697
aten_0.1.m1.5202.m1,3,1
aten_0.1.m1.22288.m1,-10,0.758267114
aten_0.1.m1.22288.m1,-10,0.758267114
aten_0.1.m1.29692.m1,17,0.200047928
aten_0.1.m1.500.m1,0,1
aten_0.1.m1.9062.m1,-3,1
aten_0.1.m1.9062.m1,-3,1
aten_0.1.m1.22585.m1,0,1
aten_0.1.m1.16515.m1,0,1
aten_0.1.m1.16371.m1,-14,0.235563322
aten_0.1.m1.20544.m1,0,1
aten_0.1.m1.8272.m1,1,1
aten_0.1.m1.8272.m1,1,1
aten_0.1.m1.20203.m1,11,0.650103753
aten_0.1.m1.20203.m1,0,1
aten_0.1.m1.24083.m1,0,1
aten_0.1.m1.24083.m1,0,1
aten_0.1.m1.10801.m1,4,1
aten_0.1.m1.29837.m1,0,1
aten_0.1.m1.3073.m1,-4,1
aten_0.1.m1.15235.m1,0,1
aten_0.1.m1.15235.m1,0,1
aten_0.1.m1.7997.m1,-17,0.030051604
aten_0.1.m1.12753.m1,10,0.59504063
aten_0.1.m1.12753.m1,10,0.59504063
aten_0.1.m1.15816.m1,0,1
aten_0.1.m1.31852.m1,0,1
aten_0.1.m1.3884.m1,24,0.024409781
aten_0.1.m1.3884.m1,24,0.024409781
aten_0.1.m1.28752.m1,8,0.831973842
aten_0.1.m1.465.m1,4,1
aten_0.1.m1.12760.m1,-14,0.200047928
aten_0.1.m1.12760.m1,-14,0.200047928
aten_0.1.m1.6857.m1,2,1
aten_0.1.m1.6857.m1,0,1
aten_0.1.m1.29691.m1,0,1
aten_0.1.m1.29691.m1,0,1
aten_0.1.m1.16576.m1,-4,1
aten_0.1.m1.13900.m1,-10,0.714891027
aten_0.1.m1.13900.m1,-10,0.714891027
aten_0.1.m1.30470.m1,-1,1
aten_0.1.m1.10937.m1,-4,1
aten_0.1.m1.19865.m1,-21,0.030051604
aten_0.1.m1.26688.m1,19,0.041567311
aten_0.1.m1.26688.m1,19,0.041567311
aten_0.1.m1.29777.m1,7,1
aten_0.1.m1.33609.m1,0,1
aten_0.1.m1.33609.m1,0,1
aten_0.1.m1.25150.m1,-6,1
aten_0.1.m1.25150.m1,-6,1
aten_0.1.m1.598.m1,4,1
aten_0.1.m1.598.m1,4,1
aten_0.1.m1.1114.m1,-1,1
aten_0.1.m1.20164.m1,2,1
aten_0.1.m1.20164.m1,2,1
aten_0.1.m1.8837.m1,4,1
aten_0.1.m1.8844.m1,-2,1
aten_0.1.m1.8844.m1,0,1
aten_0.1.m1.21421.m1,2,1
aten_0.1.m1.14290.m1,-9,0.724154609
aten_0.1.m1.11005.m1,0,1
aten_0.1.m1.24129.m1,0,1
aten_0.1.m1.14820.m1,0,1
aten_0.1.m1.14820.m1,0,1
aten_0.1.m1.7850.m1,4,1
aten_0.1.m1.7850.m1,7,0.919324265
aten_0.1.m1.25154.m1,2,1
aten_0.1.m1.14046.m1,0,1
aten_0.1.m1.14046.m1,0,1
aten_0.1.m1.27601.m1,0,1
aten_0.1.m1.5885.m1,13,0.104718901
aten_0.1.m1.24605.m1,4,1
aten_0.1.m1.24605.m1,4,1
aten_0.1.m1.32787.m1,0,1
aten_0.1.m1.32787.m1,0,1
aten_0.1.m1.32581.m1,11,0.407410228
aten_0.1.m1.24227.m1,0,1
aten_0.1.m1.27546.m1,0,1
aten_0.1.m1.2015.m1,7,1
aten_0.1.m1.2015.m1,7,1
aten_0.1.m1.22875.m1,0,1
aten_0.1.m1.12191.m1,-4,1
aten_0.1.m1.12191.m1,-4,1
aten_0.1.m1.27748.m1,0,1
aten_0.1.m1.28025.m1,0,1
aten_0.1.m1.4772.m1,-1,1
aten_0.1.m1.14709.m1,5,0.993433057
aten_0.1.m1.14709.m1,5,0.993433057
aten_0.1.m1.27861.m1,-3,0.823946746
aten_0.1.m1.29581.m1,3,1
aten_0.1.m1.29581.m1,3,1
aten_0.1.m1.23515.m1,0,1
aten_0.1.m1.23515.m1,0,1
aten_0.1.m1.23515.m1,6,0.225787622
aten_0.1.m1.23515.m1,6,0.225787622
aten_0.1.m1.26599.m1,9,0.823946746
aten_0.1.m1.23515.m1,0,1
aten_0.1.m1.23515.m1,0,1
aten_0.1.m1.18106.m1,-14,0.372442947
aten_0.1.m1.18106.m1,-14,0.372442947
aten_0.1.m1.29060.m1,-7,1
aten_0.1.m1.14193.m1,0,1
aten_0.1.m1.14193.m1,0,1
aten_0.1.m1.12500.m1,0,1
aten_0.1.m1.12500.m1,3,1
aten_0.1.m1.16164.m1,18,0.116562482
aten_0.1.m1.23462.m1,-7,1
aten_0.1.m1.23462.m1,16,0.052123187
aten_0.1.m1.6261.m1,-12,0.241683309
aten_0.1.m1.30402.m1,1,1
aten_0.1.m1.76.m1,8,0.484738186
aten_0.1.m1.6063.m1,-4,1
aten_0.1.m1.6063.m1,-4,1
aten_0.1.m1.26506.m1,0,1
aten_0.1.m1.1921.m1,0,1
aten_0.1.m1.1921.m1,0,1
aten_0.1.m1.3023.m1,-4,1
aten_0.1.m1.20245.m1,-3,1
aten_0.1.m1.23007.m1,-11,0.566425697
aten_0.1.m1.13669.m1,0,1
aten_0.1.m1.21000.m1,0,1
aten_0.1.m1.6715.m1,0,1
aten_0.1.m1.6715.m1,0,1
aten_0.1.m1.30354.m1,0,1
aten_0.1.m1.15993.m1,-5,1
aten_0.1.m1.8847.m1,-5,1
aten_0.1.m1.8847.m1,-5,1
aten_0.1.m1.19312.m1,-4,1
aten_0.1.m1.19312.m1,-4,1
aten_0.1.m1.21362.m1,0,1
aten_0.1.m1.21362.m1,0,1
aten_0.1.m1.29694.m1,0,1
aten_0.1.m1.20423.m1,-17,0.189613729
aten_0.1.m1.4211.m1,0,1
aten_0.1.m1.27591.m1,0,1
aten_0.1.m1.23567.m1,-12,0.365974035
aten_0.1.m1.23567.m1,0,1
aten_0.1.m1.31323.m1,23,0.031485033
aten_0.1.m1.33168.m1,8,0.525158778
aten_0.1.m1.1016.m1,22,0.041128768
aten_0.1.m1.1016.m1,22,0.041128768
aten_0.1.m1.12694.m1,0,1
aten_0.1.m1.13368.m1,0,1
aten_0.1.m1.13368.m1,25,0.009669688
aten_0.1.m1.29674.m1,31,0.000649686
aten_0.1.m1.29674.m1,0,1
aten_0.1.m1.16556.m1,2,1
aten_0.1.m1.16556.m1,2,1
aten_0.1.m1.29607.m1,5,1
aten_0.1.m1.32025.m1,0,1
aten_0.1.m1.31457.m1,0,1
aten_0.1.m1.4081.m1,-8,0.758267114
aten_0.1.m1.10175.m1,-7,1
aten_0.1.m1.12799.m1,0,1
aten_0.1.m1.6267.m1,0,1
aten_0.1.m1.6267.m1,7,1
aten_0.1.m1.6267.m1,7,1
aten_0.1.m1.32051.m1,0,1
aten_0.1.m1.22734.m1,15,0.062975675
aten_0.1.m1.22734.m1,15,0.062975675
aten_0.1.m1.22734.m1,12,0.478947113
aten_0.1.m1.22734.m1,12,0.478947113
aten_0.1.m1.10491.m1,14,0.288759194
aten_0.1.m1.10491.m1,14,0.288759194
aten_0.1.m1.10831.m1,-14,0.138443349
aten_0.1.m1.10831.m1,0,1
aten_0.1.m1.885.m1,-3,0.823946746
aten_0.1.m1.28163.m1,0,1
aten_0.1.m1.29993.m1,10,0.758267114
aten_0.1.m1.11541.m1,-2,1
aten_0.1.m1.11541.m1,-5,1
aten_0.1.m1.21088.m1,0,1
aten_0.1.m1.21088.m1,0,1
aten_0.1.m1.4682.m1,-13,0.458998164
aten_0.1.m1.14781.m1,-1,1
aten_0.1.m1.14781.m1,-1,1
aten_0.1.m1.25532.m1,6,0.745503719
aten_0.1.m1.19387.m1,6,1
aten_0.1.m1.10985.m1,0,1
aten_0.1.m1.14176.m1,0,1
aten_0.1.m1.14176.m1,-12,0.365974035
aten_0.1.m1.18216.m1,0,1
aten_0.1.m1.18216.m1,0,1
aten_0.1.m1.1817.m1,-5,1
aten_0.1.m1.17868.m1,2,1
aten_0.1.m1.17868.m1,2,1
aten_0.1.m1.485.m1,-2,1
aten_0.1.m1.31479.m1,-15,0.111508339
aten_0.1.m1.7701.m1,14,0.0043086
aten_0.1.m1.4570.m1,0,1
aten_0.1.m1.28929.m1,0,1
aten_0.1.m1.28929.m1,0,1
aten_0.1.m1.15571.m1,0,1
aten_0.1.m1.22716.m1,8,0.484738186
aten_0.1.m1.22716.m1,8,0.484738186
aten_0.1.m1.22716.m1,0,1
aten_0.1.m1.22716.m1,0,1
aten_0.1.m1.22716.m1,5,1
aten_0.1.m1.22716.m1,5,1
aten_0.1.m1.8849.m1,0,1
aten_0.1.m1.8849.m1,0,1
aten_0.1.m1.3467.m1,10,0.203191175
aten_0.1.m1.3467.m1,10,0.203191175
aten_0.1.m1.3343.m1,8,0.525158778
aten_0.1.m1.2405.m1,-1,1
aten_0.1.m1.28460.m1,-27,3.12079609275052e-05
aten_0.1.m1.25008.m1,-5,1
aten_0.1.m1.25008.m1,-5,1
aten_0.1.m1.20349.m1,0,1
aten_0.1.m1.3795.m1,-3,1
aten_0.1.m1.3795.m1,-3,1
aten_0.1.m1.22345.m1,16,0.182600938
aten_0.1.m1.1695.m1,-3,1
aten_0.1.m1.16104.m1,0,1
aten_0.1.m1.20939.m1,-3,1
aten_0.1.m1.21567.m1,-1,1
aten_0.1.m1.9765.m1,5,1
aten_0.1.m1.9765.m1,5,1
aten_0.1.m1.8874.m1,-7,1
aten_0.1.m1.15794.m1,1,1
aten_0.1.m1.31834.m1,-2,1
aten_0.1.m1.31834.m1,-17,0.161339034
aten_0.1.m1.11984.m1,-12,0.478947113
aten_0.1.m1.26537.m1,36,0.000150839
aten_0.1.m1.26537.m1,36,0.000150839
aten_0.1.m1.26537.m1,0,1
aten_0.1.m1.26537.m1,0,1
aten_0.1.m1.26537.m1,-10,0.686079772
aten_0.1.m1.26537.m1,-10,0.686079772
aten_0.1.m1.1462.m1,2,1
aten_0.1.m1.16570.m1,0,1
aten_0.1.m1.16570.m1,0,1
aten_0.1.m1.16570.m1,0,1
aten_0.1.m1.16570.m1,0,1
aten_0.1.m1.11735.m1,-24,0.001593191
aten_0.1.m1.1368.m1,0,1
aten_0.1.m1.10960.m1,-18,0.150665417
aten_0.1.m1.10909.m1,7,0.439138548
aten_0.1.m1.10909.m1,7,0.439138548
aten_0.1.m1.15314.m1,12,0.365974035
aten_0.1.m1.32264.m1,15,0.00244442
aten_0.1.m1.32264.m1,15,0.00244442
aten_0.1.m1.25617.m1,-3,1
aten_0.1.m1.25617.m1,-3,1
aten_0.1.m1.27038.m1,7,1
aten_0.1.m1.27038.m1,7,1
aten_0.1.m1.11669.m1,13,0.104718901
aten_0.1.m1.29798.m1,11,0.526535239
aten_0.1.m1.5533.m1,4,1
aten_0.1.m1.3336.m1,-7,0.779650108
aten_0.1.m1.8338.m1,9,0.779650108
aten_0.1.m1.8338.m1,9,0.779650108
aten_0.1.m1.26024.m1,21,0.006788949
aten_0.1.m1.26024.m1,21,0.006788949
aten_0.1.m1.20192.m1,1,1
aten_0.1.m1.23638.m1,11,0.666196693
aten_0.1.m1.6721.m1,17,0.161339034
aten_0.1.m1.6721.m1,0,1
aten_0.1.m1.6721.m1,-15,0.267457663
aten_0.1.m1.6721.m1,0,1
aten_0.1.m1.3950.m1,-3,1
aten_0.1.m1.7255.m1,0,1
aten_0.1.m1.12.m1,-15,0.247263243
aten_0.1.m1.10.m1,-15,0.247263243
aten_0.1.m1.10.m1,-15,0.247263243
aten_0.1.m1.16082.m1,0,1
aten_0.1.m1.16082.m1,4,1
aten_0.1.m1.23845.m1,-2,1
aten_0.1.m1.23845.m1,-2,1
aten_0.1.m1.2790.m1,0,1
aten_0.1.m1.8452.m1,19,0.033156494
aten_0.1.m1.15672.m1,27,0.000203373
aten_0.1.m1.15672.m1,27,0.000203373
aten_0.1.m1.15672.m1,0,1
aten_0.1.m1.15672.m1,0,1
aten_0.1.m1.16830.m1,-3,1
aten_0.1.m1.12083.m1,-9,0.455944731
aten_0.1.m1.23652.m1,4,1
aten_0.1.m1.23652.m1,4,1
aten_0.1.m1.23652.m1,6,0.83694844
aten_0.1.m1.23652.m1,6,0.83694844
aten_0.1.m1.28437.m1,0,1
aten_0.1.m1.28437.m1,0,1
aten_0.1.m1.8309.m1,4,1
aten_0.1.m1.8022.m1,-3,0.823946746
aten_0.1.m1.8022.m1,-3,0.823946746
aten_0.1.m1.1364.m1,-5,0.993433057
aten_0.1.m1.1364.m1,-5,0.993433057
aten_0.1.m1.14585.m1,-15,0.274275637
aten_0.1.m1.21347.m1,2,1
aten_0.1.m1.29654.m1,10,0.030051604
aten_0.1.m1.30247.m1,10,0.503957807
aten_0.1.m1.30247.m1,10,0.503957807
aten_0.1.m1.8217.m1,5,1
aten_0.1.m1.8217.m1,5,1
aten_0.1.m1.7992.m1,0,1
aten_0.1.m1.29588.m1,-7,1
aten_0.1.m1.33110.m1,24,0.000154632
aten_0.1.m1.6035.m1,-9,0.724154609
aten_0.1.m1.13929.m1,23,0.014476039
aten_0.1.m1.13929.m1,23,0.014476039
aten_0.1.m1.19952.m1,0,1
aten_0.1.m1.19952.m1,0,1
aten_0.1.m1.14511.m1,-15,0.267457663
aten_0.1.m1.14511.m1,-15,0.267457663
aten_0.1.m1.12651.m1,24,0.024409781
aten_0.1.m1.12651.m1,24,0.024409781
aten_0.1.m1.25204.m1,25,0.015591633
aten_0.1.m1.25204.m1,25,0.015591633
aten_0.1.m1.7453.m1,13,0.456705246
aten_0.1.m1.7453.m1,13,0.456705246
aten_0.1.m1.29187.m1,0,1
aten_0.1.m1.29187.m1,0,1
aten_0.1.m1.5999.m1,6,0.225787622
aten_0.1.m1.15816.m1,8,0.484738186
aten_0.1.m1.31852.m1,11,0.478947113
aten_0.1.m1.24946.m1,10,0.758267114
aten_0.1.m1.24924.m1,0,1
aten_0.1.m1.24924.m1,0,1
aten_0.1.m1.1449.m1,5,0.686079772
aten_0.1.m1.1449.m1,5,0.686079772
aten_0.1.m1.4184.m1,19,0.041567311
aten_0.1.m1.26678.m1,0,1
aten_0.1.m1.4184.m1,0,1
aten_0.1.m1.24842.m1,3,1
aten_0.1.m1.24842.m1,3,1
aten_0.1.m1.10939.m1,10,0.631590725
aten_0.1.m1.3807.m1,-11,0.407410228
aten_0.1.m1.3807.m1,-11,0.407410228
aten_0.1.m1.13666.m1,6,1
aten_0.1.m1.13666.m1,6,1
aten_0.1.m1.26898.m1,-4,1
aten_0.1.m1.26898.m1,-4,1
aten_0.1.m1.26898.m1,-3,1
aten_0.1.m1.26898.m1,-3,1
aten_0.1.m1.29777.m1,-12,0.365974035
aten_0.1.m1.16831.m1,4,1
aten_0.1.m1.16831.m1,4,1
aten_0.1.m1.22031.m1,0,1
aten_0.1.m1.18230.m1,0,1
aten_0.1.m1.12808.m1,0,1
aten_0.1.m1.12808.m1,0,1
aten_0.1.m1.24624.m1,0,1
aten_0.1.m1.24624.m1,0,1
aten_0.1.m1.18479.m1,-5,0.358799898
aten_0.1.m1.5541.m1,-2,1
aten_0.1.m1.5541.m1,-2,1
aten_0.1.m1.1817.m1,-2,1
aten_0.1.m1.17408.m1,0,1
aten_0.1.m1.17408.m1,0,1
aten_0.1.m1.10678.m1,-10,0.317102795
aten_0.1.m1.10678.m1,-10,0.317102795
aten_0.1.m1.15108.m1,0,1
aten_0.1.m1.15108.m1,0,1
aten_0.1.m1.21565.m1,-1,1
aten_0.1.m1.21565.m1,-1,1
aten_0.1.m1.226.m1,0,1
aten_0.1.m1.226.m1,0,1
aten_0.1.m1.4926.m1,11,0.319154092
aten_0.1.m1.4926.m1,11,0.319154092
aten_0.1.m1.559.m1,2,1
aten_0.1.m1.1219.m1,2,1
aten_0.1.m1.1219.m1,0,1
aten_0.1.m1.28599.m1,3,0.823946746
aten_0.1.m1.8718.m1,7,1
aten_0.1.m1.23155.m1,0,1
aten_0.1.m1.23155.m1,0,1
aten_0.1.m1.15855.m1,-18,0.153100412
aten_0.1.m1.30459.m1,13,0.317102795
aten_0.1.m1.30459.m1,13,0.317102795
aten_0.1.m1.30459.m1,0,1
aten_0.1.m1.30459.m1,0,1
aten_0.1.m1.7763.m1,22,0.011408932
aten_0.1.m1.18892.m1,0,1
aten_0.1.m1.33274.m1,0,1
aten_0.1.m1.31543.m1,-24,0.024409781
aten_0.1.m1.31543.m1,-24,0.024409781
aten_0.1.m1.10453.m1,0,1
aten_0.1.m1.10453.m1,0,1
aten_0.1.m1.8335.m1,-8,0.982867425
aten_0.1.m1.7022.m1,0,1
aten_0.1.m1.4686.m1,7,1
aten_0.1.m1.4686.m1,7,1
aten_0.1.m1.3457.m1,0,1
aten_0.1.m1.18928.m1,0,1
aten_0.1.m1.4253.m1,0,1
aten_0.1.m1.2487.m1,12,0.287999804
aten_0.1.m1.22903.m1,-13,0.225787622
aten_0.1.m1.22903.m1,-13,0.225787622
aten_0.1.m1.5519.m1,0,1
aten_0.1.m1.2405.m1,-1,1
aten_0.1.m1.18186.m1,1,1
aten_0.1.m1.18085.m1,-3,1
aten_0.1.m1.18085.m1,-3,1
aten_0.1.m1.18085.m1,4,1
aten_0.1.m1.18085.m1,4,1
aten_0.1.m1.1487.m1,0,1
aten_0.1.m1.22654.m1,-4,1
aten_0.1.m1.22654.m1,-4,1
aten_0.1.m1.21271.m1,16,0.139852502
aten_0.1.m1.21210.m1,-5,1
aten_0.1.m1.4001.m1,-3,1
aten_0.1.m1.4001.m1,-3,1
aten_0.1.m1.12837.m1,0,1
aten_0.1.m1.1176.m1,0,1
aten_0.1.m1.3753.m1,0,1
aten_0.1.m1.8318.m1,-9,0.320835368
aten_0.1.m1.22876.m1,1,1
aten_0.1.m1.22876.m1,-4,1
aten_0.1.m1.14758.m1,0,1
aten_0.1.m1.14758.m1,-21,0.033995681
aten_0.1.m1.4812.m1,0,1
aten_0.1.m1.4812.m1,0,1
aten_0.1.m1.16917.m1,0,1
aten_0.1.m1.21424.m1,-1,1
aten_0.1.m1.21424.m1,-1,1
aten_0.1.m1.4539.m1,-1,1
aten_0.1.m1.27183.m1,4,1
aten_0.1.m1.27183.m1,2,1
aten_0.1.m1.27956.m1,-6,0.225787622
aten_0.1.m1.27956.m1,-6,0.225787622
aten_0.1.m1.24154.m1,9,0.823946746
aten_0.1.m1.6383.m1,1,1
aten_0.1.m1.25191.m1,10,0.503957807
aten_0.1.m1.25613.m1,-6,1
aten_0.1.m1.32869.m1,15,0.225787622
aten_0.1.m1.32869.m1,15,0.225787622
aten_0.1.m1.26466.m1,0,1
aten_0.1.m1.24709.m1,19,0.041567311
aten_0.1.m1.24709.m1,0,1
aten_0.1.m1.24709.m1,-3,0.823946746
aten_0.1.m1.24755.m1,0,1
aten_0.1.m1.7780.m1,0,1
aten_0.1.m1.21514.m1,-3,1
aten_0.1.m1.21514.m1,15,0.274275637
aten_0.1.m1.27227.m1,0,1
aten_0.1.m1.27227.m1,0,1
aten_0.1.m1.19748.m1,0,1
aten_0.1.m1.19748.m1,-4,1
aten_0.1.m1.33691.m1,1,1
aten_0.1.m1.28912.m1,-2,1
aten_0.1.m1.9419.m1,12,0.458998164
aten_0.1.m1.9419.m1,-6,0.225787622
aten_0.1.m1.22651.m1,-1,1
aten_0.1.m1.33463.m1,0,1
aten_0.1.m1.17452.m1,-3,1
aten_0.1.m1.26921.m1,-7,1
aten_0.1.m1.26921.m1,-7,1
aten_0.1.m1.12093.m1,-5,1
aten_0.1.m1.6464.m1,-22,0.000423812
aten_0.1.m1.30263.m1,0,1
aten_0.1.m1.30259.m1,-8,0.082841021
aten_0.1.m1.30259.m1,-8,0.082841021
aten_0.1.m1.19485.m1,2,1
aten_0.1.m1.19485.m1,0,1
aten_0.1.m1.7957.m1,12,0.287999804
aten_0.1.m1.11743.m1,0,1
aten_0.1.m1.31611.m1,0,1
aten_0.1.m1.4716.m1,-7,1
aten_0.1.m1.16099.m1,-14,0.200047928
aten_0.1.m1.13782.m1,21,0.046465044
aten_0.1.m1.31334.m1,-3,1
aten_0.1.m1.29821.m1,-18,0.041567311
aten_0.1.m1.29821.m1,-18,0.041567311
aten_0.1.m1.18698.m1,8,0.652288775
aten_0.1.m1.1770.m1,13,0.458998164
aten_0.1.m1.19442.m1,0,1
aten_0.1.m1.12302.m1,-4,1
aten_0.1.m1.12302.m1,-4,1
aten_0.1.m1.24097.m1,-11,0.235563322
aten_0.1.m1.24097.m1,-11,0.235563322
aten_0.1.m1.24097.m1,0,1
aten_0.1.m1.24097.m1,0,1
aten_0.1.m1.11589.m1,0,1
aten_0.1.m1.11589.m1,0,1
aten_0.1.m1.11589.m1,0,1
aten_0.1.m1.17848.m1,0,1
aten_0.1.m1.9389.m1,-8,0.679571511
aten_0.1.m1.3027.m1,-15,0.185881621
aten_0.1.m1.3027.m1,0,1
aten_0.1.m1.2228.m1,-6,1
aten_0.1.m1.17391.m1,-8,0.831973842
aten_0.1.m1.26333.m1,5,1
aten_0.1.m1.26333.m1,5,1
aten_0.1.m1.28368.m1,-6,1
aten_0.1.m1.21078.m1,10,0.758267114
aten_0.1.m1.16043.m1,0,1
aten_0.1.m1.16043.m1,0,1
aten_0.1.m1.21360.m1,11,0.433008542
aten_0.1.m1.21360.m1,11,0.433008542
aten_0.1.m1.11604.m1,-4,0.555063148
aten_0.1.m1.31884.m1,-6,1
aten_0.1.m1.32884.m1,-16,0.072067257
aten_0.1.m1.32884.m1,-16,0.072067257
aten_0.1.m1.13975.m1,-16,0.182600938
aten_0.1.m1.23742.m1,12,0.478947113
aten_0.1.m1.23742.m1,16,0.234110571
aten_0.1.m1.17559.m1,4,1
aten_0.1.m1.17559.m1,0,1
aten_0.1.m1.22602.m1,1,1
aten_0.1.m1.19286.m1,0,1
aten_0.1.m1.12876.m1,14,0.320835368
aten_0.1.m1.15699.m1,0,1
aten_0.1.m1.9755.m1,0,1
aten_0.1.m1.9755.m1,0,1
aten_0.1.m1.30266.m1,13,0.417770413
aten_0.1.m1.30266.m1,13,0.417770413
aten_0.1.m1.10012.m1,-3,1
aten_0.1.m1.23042.m1,0,1
aten_0.1.m1.4570.m1,-6,0.982867425
aten_0.1.m1.2562.m1,3,1
aten_0.1.m1.24134.m1,24,0.024409781
aten_0.1.m1.2726.m1,0,1
aten_0.1.m1.2726.m1,0,1
aten_0.1.m1.17791.m1,0,1
aten_0.1.m1.2513.m1,0,1
aten_0.1.m1.2513.m1,0,1
aten_0.1.m1.15566.m1,5,1
aten_0.1.m1.18015.m1,10,0.745503719
aten_0.1.m1.18015.m1,10,0.745503719
aten_0.1.m1.15979.m1,0,1
aten_0.1.m1.15979.m1,0,1
aten_0.1.m1.33051.m1,0,1
aten_0.1.m1.33051.m1,0,1
aten_0.1.m1.15579.m1,7,1
aten_0.1.m1.14640.m1,-14,0.278673191
aten_0.1.m1.24360.m1,-6,1
aten_0.1.m1.24360.m1,-6,1
aten_0.1.m1.29520.m1,0,1
aten_0.1.m1.29520.m1,0,1
aten_0.1.m1.12127.m1,6,1
aten_0.1.m1.9863.m1,0,1
aten_0.1.m1.3946.m1,3,1
aten_0.1.m1.3946.m1,3,1
aten_0.1.m1.30250.m1,-2,1
aten_0.1.m1.30250.m1,-2,1
aten_0.1.m1.30250.m1,-11,0.407410228
aten_0.1.m1.30250.m1,-11,0.407410228
aten_0.1.m1.30250.m1,0,1
aten_0.1.m1.30250.m1,0,1
aten_0.1.m1.26555.m1,0,1
aten_0.1.m1.26555.m1,0,1
aten_0.1.m1.7530.m1,0,1
aten_0.1.m1.13185.m1,0,1
aten_0.1.m1.20596.m1,0,1
aten_0.1.m1.20596.m1,0,1
aten_0.1.m1.13016.m1,0,1
aten_0.1.m1.3697.m1,17,0.200047928
aten_0.1.m1.3697.m1,17,0.200047928
aten_0.1.m1.3697.m1,0,1
aten_0.1.m1.3697.m1,0,1
aten_0.1.m1.8197.m1,0,1
aten_0.1.m1.8197.m1,0,1
aten_0.1.m1.13402.m1,0,1
aten_0.1.m1.2300.m1,1,1
aten_0.1.m1.2300.m1,1,1
aten_0.1.m1.19268.m1,0,1
aten_0.1.m1.8093.m1,-4,1
aten_0.1.m1.8093.m1,-4,1
aten_0.1.m1.27176.m1,11,0.458998164
aten_0.1.m1.27176.m1,11,0.458998164
aten_0.1.m1.21996.m1,11,0.022231772
aten_0.1.m1.21996.m1,10,0.758267114
aten_0.1.m1.2269.m1,0,1
aten_0.1.m1.20668.m1,-18,0.000472761
aten_0.1.m1.8486.m1,-8,0.241683309
aten_0.1.m1.5992.m1,-1,1
aten_0.1.m1.5992.m1,-1,1
aten_0.1.m1.26985.m1,4,1
aten_0.1.m1.21421.m1,0,1
aten_0.1.m1.21421.m1,0,1
aten_0.1.m1.1470.m1,1,1
aten_0.1.m1.15786.m1,4,1
aten_0.1.m1.15786.m1,4,1
aten_0.1.m1.22988.m1,12,0.507749831
aten_0.1.m1.22988.m1,12,0.507749831
aten_0.1.m1.14230.m1,-3,1
aten_0.1.m1.31136.m1,0,1
aten_0.1.m1.22467.m1,0,1
aten_0.1.m1.27004.m1,0,1
aten_0.1.m1.852.m1,17,0.065411489
aten_0.1.m1.21253.m1,0,1
aten_0.1.m1.21253.m1,0,1
aten_0.1.m1.22634.m1,0,1
aten_0.1.m1.31543.m1,-1,1
aten_0.1.m1.31543.m1,-1,1
aten_0.1.m1.24749.m1,22,0.0043086
aten_0.1.m1.24749.m1,0,1
aten_0.1.m1.24749.m1,15,0.315355142
aten_0.1.m1.2485.m1,15,0.225787622
aten_0.1.m1.2485.m1,15,0.225787622
aten_0.1.m1.2485.m1,5,1
aten_0.1.m1.2485.m1,5,1
aten_0.1.m1.15982.m1,0,1
aten_0.1.m1.15909.m1,2,1
aten_0.1.m1.15909.m1,2,1
aten_0.1.m1.31478.m1,0,1
aten_0.1.m1.9177.m1,-3,1
aten_0.1.m1.6258.m1,0,1
aten_0.1.m1.14307.m1,4,1
aten_0.1.m1.26818.m1,0,1
aten_0.1.m1.28888.m1,0,1
aten_0.1.m1.6443.m1,10,0.59504063
aten_0.1.m1.6443.m1,0,1
aten_0.1.m1.24298.m1,24,0.024409781
aten_0.1.m1.24298.m1,24,0.024409781
aten_0.1.m1.1893.m1,-7,1
aten_0.1.m1.2929.m1,4,1
aten_0.1.m1.15519.m1,0,1
aten_0.1.m1.19810.m1,0,1
aten_0.1.m1.33909.m1,0,1
aten_0.1.m1.33909.m1,0,1
aten_0.1.m1.18217.m1,-4,1
aten_0.1.m1.19955.m1,7,0.851604021
aten_0.1.m1.19955.m1,7,0.851604021
aten_0.1.m1.28330.m1,3,1
aten_0.1.m1.28330.m1,-12,0.365974035
aten_0.1.m1.1535.m1,7,0.919324265
aten_0.1.m1.11765.m1,0,1
aten_0.1.m1.11765.m1,0,1
aten_0.1.m1.11816.m1,0,1
aten_0.1.m1.11816.m1,0,1
aten_0.1.m1.24720.m1,24,0.024409781
aten_0.1.m1.11816.m1,3,0.823946746
aten_0.1.m1.11816.m1,3,0.823946746
aten_0.1.m1.15672.m1,-3,0.823946746
aten_0.1.m1.21128.m1,-5,1
aten_0.1.m1.21128.m1,5,0.993433057
aten_0.1.m1.21128.m1,6,0.225787622
aten_0.1.m1.20851.m1,-4,0.555063148
aten_0.1.m1.29575.m1,-1,1
aten_0.1.m1.26093.m1,5,1
aten_0.1.m1.26093.m1,-21,0.041567311
aten_0.1.m1.10651.m1,24,0.024409781
aten_0.1.m1.8500.m1,0,1
aten_0.1.m1.8500.m1,-5,0.993433057
aten_0.1.m1.23218.m1,0,1
aten_0.1.m1.2335.m1,-19,0.115736367
aten_0.1.m1.16162.m1,0,1
aten_0.1.m1.16625.m1,0,1
aten_0.1.m1.28420.m1,0,1
aten_0.1.m1.28420.m1,0,1
aten_0.1.m1.21903.m1,6,1
aten_0.1.m1.32524.m1,-7,0.992876843
aten_0.1.m1.32524.m1,-7,0.992876843
aten_0.1.m1.25008.m1,0,1
aten_0.1.m1.25008.m1,0,1
aten_0.1.m1.16824.m1,0,1
aten_0.1.m1.16824.m1,0,1
aten_0.1.m1.7903.m1,21,0.064286164
aten_0.1.m1.7903.m1,21,0.064286164
aten_0.1.m1.26472.m1,0,1
aten_0.1.m1.26472.m1,0,1
aten_0.1.m1.26472.m1,2,1
aten_0.1.m1.26472.m1,2,1
aten_0.1.m1.2384.m1,0,1
aten_0.1.m1.2384.m1,0,1
aten_0.1.m1.23099.m1,2,1
aten_0.1.m1.23099.m1,2,1
aten_0.1.m1.20210.m1,0,1
aten_0.1.m1.24180.m1,-17,0.000649686
aten_0.1.m1.24180.m1,-17,0.000649686
aten_0.1.m1.24180.m1,-7,1
aten_0.1.m1.24180.m1,-7,1
aten_0.1.m1.11203.m1,-3,1
aten_0.1.m1.32765.m1,0,1
aten_0.1.m1.32765.m1,0,1
aten_0.1.m1.32765.m1,-1,1
aten_0.1.m1.32765.m1,-1,1
aten_0.1.m1.32765.m1,-4,1
aten_0.1.m1.32765.m1,-4,1
aten_0.1.m1.28618.m1,0,1
aten_0.1.m1.28618.m1,0,1
aten_0.1.m1.32210.m1,-16,0.197376924
aten_0.1.m1.30787.m1,0,1
aten_0.1.m1.16377.m1,0,1
aten_0.1.m1.29546.m1,0,1
aten_0.1.m1.13833.m1,0,1
aten_0.1.m1.13833.m1,0,1
aten_0.1.m1.9133.m1,1,1
aten_0.1.m1.7138.m1,1,1
aten_0.1.m1.20617.m1,0,1
aten_0.1.m1.8856.m1,-3,1
aten_0.1.m1.8856.m1,-3,1
aten_0.1.m1.17726.m1,14,0.138443349
aten_0.1.m1.6421.m1,4,1
aten_0.1.m1.6421.m1,4,1
aten_0.1.m1.27594.m1,24,0.024409781
aten_0.1.m1.27594.m1,24,0.024409781
aten_0.1.m1.12710.m1,0,1
aten_0.1.m1.12710.m1,0,1
aten_0.1.m1.18047.m1,0,1
aten_0.1.m1.4820.m1,-3,0.823946746
aten_0.1.m1.4820.m1,-3,0.823946746
aten_0.1.m1.13920.m1,2,1
aten_0.1.m1.29958.m1,0,1
aten_0.1.m1.29958.m1,0,1
aten_0.1.m1.19936.m1,0,1
aten_0.1.m1.19936.m1,0,1
aten_0.1.m1.4523.m1,7,0.779650108
aten_0.1.m1.4523.m1,7,0.779650108
aten_0.1.m1.22029.m1,-11,0.235563322
aten_0.1.m1.19703.m1,0,1
aten_0.1.m1.27286.m1,-7,0.992876843
aten_0.1.m1.24742.m1,4,1
aten_0.1.m1.24742.m1,4,1
aten_0.1.m1.22203.m1,-8,0.883172472
aten_0.1.m1.22203.m1,-8,0.883172472
aten_0.1.m1.24633.m1,1,1
aten_0.1.m1.28551.m1,-12,0.046715106
aten_0.1.m1.28551.m1,-12,0.046715106
aten_0.1.m1.31083.m1,-15,0.274275637
aten_0.1.m1.9122.m1,0,1
aten_0.1.m1.1462.m1,0,1
aten_0.1.m1.1462.m1,14,0.138443349
aten_0.1.m1.11738.m1,7,1
aten_0.1.m1.26717.m1,0,1
aten_0.1.m1.18205.m1,-7,1
aten_0.1.m1.5543.m1,3,1
aten_0.1.m1.12120.m1,-8,0.241683309
aten_0.1.m1.12120.m1,-8,0.241683309
aten_0.1.m1.21951.m1,2,1
aten_0.1.m1.21951.m1,2,1
aten_0.1.m1.21951.m1,10,0.758267114
aten_0.1.m1.21951.m1,10,0.758267114
aten_0.1.m1.3087.m1,0,1
aten_0.1.m1.3087.m1,0,1
aten_0.1.m1.24910.m1,10,0.758267114
aten_0.1.m1.31082.m1,16,0.197376924
aten_0.1.m1.30412.m1,0,1
aten_0.1.m1.30412.m1,0,1
aten_0.1.m1.3436.m1,-7,0.140360402
aten_0.1.m1.18221.m1,0,1
aten_0.1.m1.20216.m1,-3,0.823946746
aten_0.1.m1.20216.m1,-3,0.823946746
aten_0.1.m1.6153.m1,-4,1
aten_0.1.m1.16396.m1,-21,0.064286164
aten_0.1.m1.16396.m1,-21,0.064286164
aten_0.1.m1.30060.m1,-19,0.041567311
aten_0.1.m1.12028.m1,6,1
aten_0.1.m1.12028.m1,-10,0.707849019
aten_0.1.m1.10155.m1,0,1
aten_0.1.m1.10155.m1,0,1
aten_0.1.m1.140.m1,0,1
aten_0.1.m1.18508.m1,4,1
aten_0.1.m1.2588.m1,0,1
aten_0.1.m1.2588.m1,4,1
aten_0.1.m1.29333.m1,-4,1
aten_0.1.m1.32551.m1,0,1
aten_0.1.m1.32551.m1,0,1
aten_0.1.m1.7215.m1,-31,4.9917480999851e-05
aten_0.1.m1.22602.m1,-13,0.205980253
aten_0.1.m1.19384.m1,24,0.021981527
aten_0.1.m1.14432.m1,30,0.000598385
aten_0.1.m1.478.m1,0,1
aten_0.1.m1.478.m1,0,1
aten_0.1.m1.5792.m1,-14,0.320835368
aten_0.1.m1.5792.m1,-14,0.320835368
aten_0.1.m1.24581.m1,16,0.139852502
aten_0.1.m1.24581.m1,16,0.139852502
aten_0.1.m1.14066.m1,2,1
aten_0.1.m1.29957.m1,-26,0.013692594
aten_0.1.m1.29957.m1,-26,0.013692594
aten_0.1.m1.18969.m1,0,1
aten_0.1.m1.27886.m1,-3,1
aten_0.1.m1.27886.m1,12,0.534177892
aten_0.1.m1.30203.m1,-12,0.5400878
aten_0.1.m1.30203.m1,10,0.59504063
aten_0.1.m1.12282.m1,12,0.522218675
aten_0.1.m1.12282.m1,-14,0.235563322
aten_0.1.m1.20923.m1,-1,1
aten_0.1.m1.30258.m1,3,1
aten_0.1.m1.30258.m1,1,1
aten_0.1.m1.18723.m1,7,1
aten_0.1.m1.18723.m1,7,1
aten_0.1.m1.11476.m1,0,1
aten_0.1.m1.16515.m1,2,1
aten_0.1.m1.16515.m1,0,1
aten_0.1.m1.17705.m1,-24,0.025580189
aten_0.1.m1.5799.m1,30,0.001719372
aten_0.1.m1.21567.m1,0,1
aten_0.1.m1.28539.m1,5,0.895693191
aten_0.1.m1.6490.m1,0,1
aten_0.1.m1.24669.m1,-1,1
aten_0.1.m1.9799.m1,-11,0.554790688
aten_0.1.m1.9801.m1,-11,0.554790688
aten_0.1.m1.30723.m1,0,1
aten_0.1.m1.30723.m1,0,1
aten_0.1.m1.30723.m1,7,1
aten_0.1.m1.30723.m1,7,1
aten_0.1.m1.17605.m1,9,0.686079772
aten_0.1.m1.6957.m1,25,0.01891283
aten_0.1.m1.9877.m1,0,1
aten_0.1.m1.9877.m1,0,1
aten_0.1.m1.19412.m1,-5,1
aten_0.1.m1.5645.m1,-8,0.679571511
aten_0.1.m1.29907.m1,-1,1
aten_0.1.m1.29907.m1,-1,1
aten_0.1.m1.6188.m1,0,1
aten_0.1.m1.1452.m1,13,0.205980253
aten_0.1.m1.1452.m1,13,0.205980253
aten_0.1.m1.29514.m1,8,0.484738186
aten_0.1.m1.29514.m1,8,0.484738186
aten_0.1.m1.5544.m1,0,1
aten_0.1.m1.5544.m1,0,1
aten_0.1.m1.5544.m1,-2,1
aten_0.1.m1.5544.m1,-2,1
aten_0.1.m1.5544.m1,0,1
aten_0.1.m1.5544.m1,0,1
aten_0.1.m1.13592.m1,-1,1
aten_0.1.m1.13592.m1,-1,1
aten_0.1.m1.13592.m1,1,1
aten_0.1.m1.13592.m1,1,1
aten_0.1.m1.4241.m1,0,1
aten_0.1.m1.11103.m1,23,0.005839742
aten_0.1.m1.11103.m1,23,0.005839742
aten_0.1.m1.21983.m1,3,1
aten_0.1.m1.21983.m1,10,0.59504063
aten_0.1.m1.12309.m1,7,0.823946746
aten_0.1.m1.27541.m1,-1,1
aten_0.1.m1.27541.m1,-1,1
aten_0.1.m1.31935.m1,4,1
aten_0.1.m1.31935.m1,4,1
aten_0.1.m1.31935.m1,5,0.358799898
aten_0.1.m1.31935.m1,5,0.358799898
aten_0.1.m1.19024.m1,-10,0.707849019
aten_0.1.m1.19024.m1,0,1
aten_0.1.m1.24624.m1,0,1
aten_0.1.m1.24624.m1,0,1
aten_0.1.m1.24624.m1,19,0.000261935
aten_0.1.m1.24624.m1,19,0.000261935
aten_0.1.m1.26769.m1,-4,1
aten_0.1.m1.26769.m1,-4,1
aten_0.1.m1.17631.m1,20,0.082841021
aten_0.1.m1.8699.m1,-19,0.041567311
aten_0.1.m1.26012.m1,6,1
aten_0.1.m1.26012.m1,6,1
aten_0.1.m1.24927.m1,12,0.175805049
aten_0.1.m1.24927.m1,12,0.175805049
aten_0.1.m1.5652.m1,0,1
aten_0.1.m1.28522.m1,-8,0.964757428
aten_0.1.m1.28522.m1,-8,0.964757428
aten_0.1.m1.21120.m1,7,1
aten_0.1.m1.16999.m1,0,1
aten_0.1.m1.16999.m1,0,1
aten_0.1.m1.16999.m1,0,1
aten_0.1.m1.16999.m1,0,1
aten_0.1.m1.28090.m1,-1,1
aten_0.1.m1.22155.m1,-3,1
aten_0.1.m1.15519.m1,-12,0.403230613
aten_0.1.m1.18761.m1,-19,0.01661715
aten_0.1.m1.18761.m1,-19,0.01661715
aten_0.1.m1.18761.m1,3,1
aten_0.1.m1.18761.m1,3,1
aten_0.1.m1.11650.m1,0,1
aten_0.1.m1.11650.m1,0,1
aten_0.1.m1.21027.m1,-2,1
aten_0.1.m1.21027.m1,-2,1
aten_0.1.m1.32805.m1,2,1
aten_0.1.m1.25693.m1,0,1
aten_0.1.m1.25693.m1,0,1
aten_0.1.m1.1127.m1,17,0.030051604
aten_0.1.m1.2508.m1,-1,1
aten_0.1.m1.14929.m1,-3,0.823946746
aten_0.1.m1.14929.m1,0,1
aten_0.1.m1.5528.m1,-11,0.458998164
aten_0.1.m1.26464.m1,-11,0.596555899
aten_0.1.m1.26464.m1,-11,0.478947113
aten_0.1.m1.1912.m1,0,1
aten_0.1.m1.1912.m1,0,1
aten_0.1.m1.23792.m1,-5,1
aten_0.1.m1.2565.m1,0,1
aten_0.1.m1.24431.m1,11,0.022231772
aten_0.1.m1.17765.m1,19,0.025745086
aten_0.1.m1.17765.m1,19,0.025745086
aten_0.1.m1.22470.m1,-10,0.503957807
aten_0.1.m1.24040.m1,24,0.024409781
aten_0.1.m1.24040.m1,24,0.024409781
aten_0.1.m1.6374.m1,38,4.35137704227907e-05
aten_0.1.m1.6374.m1,38,4.35137704227907e-05
aten_0.1.m1.5840.m1,0,1
aten_0.1.m1.18793.m1,4,1
aten_0.1.m1.18793.m1,4,1
aten_0.1.m1.28682.m1,0,1
aten_0.1.m1.28682.m1,0,1
aten_0.1.m1.28960.m1,0,1
aten_0.1.m1.28960.m1,0,1
aten_0.1.m1.7729.m1,8,0.982867425
aten_0.1.m1.7729.m1,-21,0.046465044
aten_0.1.m1.7729.m1,-21,0.046465044
aten_0.1.m1.1396.m1,10,0.59504063
aten_0.1.m1.12409.m1,-12,0.365974035
aten_0.1.m1.11724.m1,-7,1
aten_0.1.m1.12696.m1,-3,0.823946746
aten_0.1.m1.12696.m1,15,0.01511376
aten_0.1.m1.110.m1,2,1
aten_0.1.m1.110.m1,2,1
aten_0.1.m1.17039.m1,0,1
aten_0.1.m1.23754.m1,0,1
aten_0.1.m1.23754.m1,0,1
aten_0.1.m1.5958.m1,0,1
aten_0.1.m1.5912.m1,4,1
aten_0.1.m1.5912.m1,4,1
aten_0.1.m1.5455.m1,0,1
aten_0.1.m1.19388.m1,0,1
aten_0.1.m1.19388.m1,0,1
aten_0.1.m1.33374.m1,-10,0.503957807
aten_0.1.m1.25666.m1,0,1
aten_0.1.m1.25666.m1,0,1
aten_0.1.m1.28186.m1,6,1
aten_0.1.m1.25156.m1,9,0.831973842
aten_0.1.m1.25156.m1,9,0.831973842
aten_0.1.m1.30713.m1,0,1
aten_0.1.m1.30713.m1,0,1
aten_0.1.m1.32810.m1,1,1
aten_0.1.m1.32810.m1,1,1
aten_0.1.m1.23429.m1,1,1
aten_0.1.m1.23429.m1,1,1
aten_0.1.m1.32089.m1,-5,1
aten_0.1.m1.32089.m1,-5,1
aten_0.1.m1.6206.m1,0,1
aten_0.1.m1.8553.m1,0,1
aten_0.1.m1.7934.m1,10,0.758267114
aten_0.1.m1.23021.m1,16,0.009021492
aten_0.1.m1.23019.m1,0,1
aten_0.1.m1.12633.m1,0,1
aten_0.1.m1.12633.m1,0,1
aten_0.1.m1.14906.m1,0,1
aten_0.1.m1.14906.m1,0,1
aten_0.1.m1.14906.m1,-8,0.525158778
aten_0.1.m1.14906.m1,-8,0.525158778
aten_0.1.m1.21942.m1,0,1
aten_0.1.m1.21942.m1,0,1
aten_0.1.m1.21942.m1,-19,0.105466953
aten_0.1.m1.21942.m1,-19,0.105466953
aten_0.1.m1.21942.m1,3,1
aten_0.1.m1.21942.m1,3,1
aten_0.1.m1.21942.m1,2,1
aten_0.1.m1.21942.m1,2,1
aten_0.1.m1.23815.m1,7,0.992876843
aten_0.1.m1.23815.m1,7,1
aten_0.1.m1.23815.m1,0,1
aten_0.1.m1.9127.m1,0,1
aten_0.1.m1.9127.m1,0,1
aten_0.1.m1.15891.m1,-12,0.365974035
aten_0.1.m1.15900.m1,-3,1
aten_0.1.m1.15900.m1,-3,1
aten_0.1.m1.15926.m1,8,0.982867425
aten_0.1.m1.27748.m1,0,1
aten_0.1.m1.21888.m1,7,1
aten_0.1.m1.21888.m1,7,1
aten_0.1.m1.27748.m1,-15,0.315355142
aten_0.1.m1.5998.m1,0,1
aten_0.1.m1.5998.m1,0,1
aten_0.1.m1.12833.m1,5,1
aten_0.1.m1.14263.m1,-9,0.758267114
aten_0.1.m1.14263.m1,-9,0.758267114
aten_0.1.m1.9298.m1,-3,1
aten_0.1.m1.9677.m1,-7,1
aten_0.1.m1.19111.m1,7,0.823946746
aten_0.1.m1.16215.m1,0,1
aten_0.1.m1.16215.m1,0,1
aten_0.1.m1.1302.m1,2,1
aten_0.1.m1.1302.m1,2,1
aten_0.1.m1.7144.m1,-5,1
aten_0.1.m1.7144.m1,-5,1
aten_0.1.m1.5754.m1,-10,0.686079772
aten_0.1.m1.5754.m1,-10,0.686079772
aten_0.1.m1.5754.m1,-4,1
aten_0.1.m1.5754.m1,-4,1
aten_0.1.m1.31511.m1,-11,0.631590725
aten_0.1.m1.22707.m1,0,1
aten_0.1.m1.15111.m1,12,0.5400878
aten_0.1.m1.15111.m1,12,0.5400878
aten_0.1.m1.15111.m1,0,1
aten_0.1.m1.15111.m1,0,1
aten_0.1.m1.15111.m1,5,0.358799898
aten_0.1.m1.15111.m1,5,0.358799898
aten_0.1.m1.15428.m1,0,1
aten_0.1.m1.15428.m1,0,1
aten_0.1.m1.10417.m1,0,1
aten_0.1.m1.5571.m1,0,1
aten_0.1.m1.5571.m1,0,1
aten_0.1.m1.31852.m1,4,1
aten_0.1.m1.3439.m1,-7,1
aten_0.1.m1.3439.m1,-7,1
aten_0.1.m1.5911.m1,3,1
aten_0.1.m1.5911.m1,3,1
aten_0.1.m1.5911.m1,7,1
aten_0.1.m1.5911.m1,7,1
aten_0.1.m1.5911.m1,15,0.149700079
aten_0.1.m1.5911.m1,15,0.149700079
aten_0.1.m1.31568.m1,4,0.779650108
aten_0.1.m1.31568.m1,4,0.779650108
aten_0.1.m1.11227.m1,0,1
aten_0.1.m1.7102.m1,0,1
aten_0.1.m1.7102.m1,7,1
aten_0.1.m1.26658.m1,0,1
aten_0.1.m1.31530.m1,0,1
aten_0.1.m1.8151.m1,12,0.458998164
aten_0.1.m1.8151.m1,12,0.458998164
aten_0.1.m1.8151.m1,0,1
aten_0.1.m1.8151.m1,0,1
aten_0.1.m1.5575.m1,1,1
aten_0.1.m1.5575.m1,1,1
aten_0.1.m1.31853.m1,7,1
aten_0.1.m1.15893.m1,0,1
aten_0.1.m1.15893.m1,0,1
aten_0.1.m1.30643.m1,10,0.758267114
aten_0.1.m1.32761.m1,-7,0.919324265
aten_0.1.m1.7384.m1,1,1
aten_0.1.m1.32236.m1,-8,0.982867425
aten_0.1.m1.17059.m1,-8,0.831973842
aten_0.1.m1.29201.m1,5,1
aten_0.1.m1.29201.m1,0,1
aten_0.1.m1.29201.m1,0,1
aten_0.1.m1.29201.m1,-7,0.992876843
aten_0.1.m1.7493.m1,0,1
aten_0.1.m1.7493.m1,0,1
aten_0.1.m1.7493.m1,7,1
aten_0.1.m1.7493.m1,7,1
aten_0.1.m1.7493.m1,0,1
aten_0.1.m1.7493.m1,0,1
aten_0.1.m1.7493.m1,3,1
aten_0.1.m1.7493.m1,3,1
aten_0.1.m1.31026.m1,-13,0.082841021
aten_0.1.m1.26456.m1,0,1
aten_0.1.m1.26069.m1,-4,1
aten_0.1.m1.24662.m1,12,0.320835368
aten_0.1.m1.24653.m1,0,1
aten_0.1.m1.8506.m1,-1,1
aten_0.1.m1.8506.m1,-1,1
aten_0.1.m1.26472.m1,8,0.982867425
aten_0.1.m1.17452.m1,0,1
aten_0.1.m1.17452.m1,0,1
aten_0.1.m1.5076.m1,-8,0.652288775
aten_0.1.m1.5076.m1,-8,0.652288775
aten_0.1.m1.24698.m1,0,1
aten_0.1.m1.33358.m1,-8,0.241683309
aten_0.1.m1.33358.m1,-8,0.241683309
aten_0.1.m1.143.m1,0,1
aten_0.1.m1.143.m1,0,1
aten_0.1.m1.15994.m1,0,1
aten_0.1.m1.15994.m1,0,1
aten_0.1.m1.14160.m1,-23,0.00118436
aten_0.1.m1.14160.m1,-23,0.00118436
aten_0.1.m1.16907.m1,12,0.365974035
aten_0.1.m1.17841.m1,10,0.503957807
aten_0.1.m1.867.m1,12,0.287999804
aten_0.1.m1.26931.m1,-7,1
aten_0.1.m1.29914.m1,0,1
aten_0.1.m1.29914.m1,-10,0.030051604
aten_0.1.m1.10121.m1,0,1
aten_0.1.m1.10121.m1,0,1
aten_0.1.m1.13878.m1,-3,1
aten_0.1.m1.1813.m1,2,1
aten_0.1.m1.28365.m1,0,1
aten_0.1.m1.14977.m1,7,1
aten_0.1.m1.14977.m1,7,1
aten_0.1.m1.25613.m1,7,0.992876843
aten_0.1.m1.25613.m1,7,0.992876843
aten_0.1.m1.15277.m1,13,0.417770413
aten_0.1.m1.15277.m1,13,0.417770413
aten_0.1.m1.8681.m1,-4,1
aten_0.1.m1.8681.m1,-4,1
aten_0.1.m1.13532.m1,-11,0.631590725
aten_0.1.m1.13532.m1,0,1
aten_0.1.m1.19947.m1,-3,1
aten_0.1.m1.2790.m1,-7,0.779650108
aten_0.1.m1.2790.m1,-7,0.779650108
aten_0.1.m1.2790.m1,0,1
aten_0.1.m1.2790.m1,0,1
aten_0.1.m1.29993.m1,-12,0.119871224
aten_0.1.m1.15981.m1,3,0.823946746
aten_0.1.m1.14035.m1,9,0.566425697
aten_0.1.m1.14035.m1,-11,0.319154092
aten_0.1.m1.26318.m1,0,1
aten_0.1.m1.26318.m1,0,1
aten_0.1.m1.22921.m1,0,1
aten_0.1.m1.19651.m1,13,0.320835368
aten_0.1.m1.24376.m1,5,1
aten_0.1.m1.24376.m1,5,1
aten_0.1.m1.21199.m1,5,1
aten_0.1.m1.32877.m1,0,1
aten_0.1.m1.32877.m1,0,1
aten_0.1.m1.3932.m1,-8,0.982867425
aten_0.1.m1.3932.m1,0,1
aten_0.1.m1.4147.m1,0,1
aten_0.1.m1.18341.m1,-19,0.025745086
aten_0.1.m1.13858.m1,2,1
aten_0.1.m1.13858.m1,2,1
aten_0.1.m1.33412.m1,0,1
aten_0.1.m1.33412.m1,0,1
aten_0.1.m1.19313.m1,0,1
aten_0.1.m1.22985.m1,-7,1
aten_0.1.m1.19754.m1,13,0.380632722
aten_0.1.m1.33233.m1,-4,1
aten_0.1.m1.33233.m1,-4,1
aten_0.1.m1.33994.m1,1,1
aten_0.1.m1.33994.m1,1,1
aten_0.1.m1.20279.m1,-12,0.320835368
aten_0.1.m1.16591.m1,-7,1
aten_0.1.m1.16591.m1,-7,1
aten_0.1.m1.16591.m1,-2,1
aten_0.1.m1.16591.m1,-2,1
aten_0.1.m1.4370.m1,5,1
aten_0.1.m1.19659.m1,10,0.758267114
aten_0.1.m1.18827.m1,0,1
aten_0.1.m1.8706.m1,0,1
aten_0.1.m1.8706.m1,0,1
aten_0.1.m1.8154.m1,-4,1
aten_0.1.m1.8154.m1,-4,1
aten_0.1.m1.8154.m1,9,0.823946746
aten_0.1.m1.8154.m1,9,0.823946746
aten_0.1.m1.15869.m1,9,0.686079772
aten_0.1.m1.9481.m1,12,0.241683309
aten_0.1.m1.9481.m1,12,0.241683309
aten_0.1.m1.24773.m1,0,1
aten_0.1.m1.24776.m1,-14,0.214788226
aten_0.1.m1.24776.m1,-14,0.214788226
aten_0.1.m1.21536.m1,23,0.025987655
aten_0.1.m1.19339.m1,-11,0.458998164
aten_0.1.m1.16586.m1,-9,0.507749831
aten_0.1.m1.2897.m1,0,1
aten_0.1.m1.14601.m1,9,0.686079772
aten_0.1.m1.5273.m1,0,1
aten_0.1.m1.5273.m1,2,1
aten_0.1.m1.22853.m1,0,1
aten_0.1.m1.21021.m1,0,1
aten_0.1.m1.21021.m1,0,1
aten_0.1.m1.29673.m1,0,1
aten_0.1.m1.29673.m1,0,1
aten_0.1.m1.22306.m1,3,1
aten_0.1.m1.22306.m1,0,1
aten_0.1.m1.19277.m1,7,0.851604021
aten_0.1.m1.19277.m1,7,0.851604021
aten_0.1.m1.19277.m1,-8,0.652288775
aten_0.1.m1.19277.m1,-8,0.652288775
aten_0.1.m1.30255.m1,0,1
aten_0.1.m1.26343.m1,-21,9.40298496989256e-05
aten_0.1.m1.25905.m1,7,1
aten_0.1.m1.25905.m1,7,1
aten_0.1.m1.26555.m1,0,1
aten_0.1.m1.26555.m1,0,1
aten_0.1.m1.12445.m1,-5,1
aten_0.1.m1.12445.m1,-5,1
aten_0.1.m1.23092.m1,4,1
aten_0.1.m1.4255.m1,2,1
aten_0.1.m1.4255.m1,2,1
aten_0.1.m1.4255.m1,2,1
aten_0.1.m1.4255.m1,2,1
aten_0.1.m1.4637.m1,9,0.507749831
aten_0.1.m1.4637.m1,9,0.507749831
aten_0.1.m1.24803.m1,5,1
aten_0.1.m1.24803.m1,5,1
aten_0.1.m1.17450.m1,24,0.024409781
aten_0.1.m1.17450.m1,24,0.024409781
aten_0.1.m1.22554.m1,-1,1
aten_0.1.m1.15805.m1,-29,0.00377708
aten_0.1.m1.15809.m1,3,1
aten_0.1.m1.15809.m1,3,1
aten_0.1.m1.23452.m1,14,0.343044049
aten_0.1.m1.26718.m1,4,1
aten_0.1.m1.26718.m1,4,1
aten_0.1.m1.28549.m1,-12,0.458998164
aten_0.1.m1.28549.m1,-12,0.458998164
aten_0.1.m1.7908.m1,-2,1
aten_0.1.m1.7908.m1,-2,1
aten_0.1.m1.7908.m1,0,1
aten_0.1.m1.7908.m1,0,1
aten_0.1.m1.33787.m1,0,1
aten_0.1.m1.22910.m1,0,1
aten_0.1.m1.30894.m1,-7,1
aten_0.1.m1.24995.m1,7,1
aten_0.1.m1.24995.m1,7,1
aten_0.1.m1.24995.m1,8,0.883172472
aten_0.1.m1.24995.m1,8,0.883172472
aten_0.1.m1.5651.m1,-3,1
aten_0.1.m1.5651.m1,-3,1
aten_0.1.m1.24349.m1,0,1
aten_0.1.m1.24349.m1,0,1
aten_0.1.m1.24349.m1,17,0.030051604
aten_0.1.m1.24349.m1,17,0.030051604
aten_0.1.m1.24349.m1,1,1
aten_0.1.m1.24349.m1,1,1
aten_0.1.m1.11764.m1,9,0.831861091
aten_0.1.m1.30702.m1,17,0.030051604
aten_0.1.m1.30702.m1,17,0.030051604
aten_0.1.m1.27451.m1,17,0.065411489
aten_0.1.m1.27451.m1,17,0.065411489
aten_0.1.m1.30686.m1,0,1
aten_0.1.m1.625.m1,-8,0.525158778
aten_0.1.m1.625.m1,20,0.046715106
aten_0.1.m1.14136.m1,6,0.958489725
aten_0.1.m1.14136.m1,6,0.958489725
aten_0.1.m1.14134.m1,0,1
aten_0.1.m1.14134.m1,0,1
aten_0.1.m1.14134.m1,0,1
aten_0.1.m1.14139.m1,-7,0.823946746
aten_0.1.m1.14139.m1,-7,0.823946746
aten_0.1.m1.10686.m1,0,1
aten_0.1.m1.29743.m1,0,1
aten_0.1.m1.14035.m1,-1,1
aten_0.1.m1.7694.m1,-4,1
aten_0.1.m1.21027.m1,4,1
aten_0.1.m1.21027.m1,4,1
aten_0.1.m1.16172.m1,-10,0.458998164
aten_0.1.m1.8120.m1,-9,0.758267114
aten_0.1.m1.23787.m1,5,1
aten_0.1.m1.14824.m1,-9,0.823946746
aten_0.1.m1.14824.m1,-9,0.823946746
aten_0.1.m1.14824.m1,-16,0.235563322
aten_0.1.m1.14824.m1,-16,0.235563322
aten_0.1.m1.7726.m1,-3,1
aten_0.1.m1.7726.m1,-3,1
aten_0.1.m1.30707.m1,0,1
aten_0.1.m1.30707.m1,0,1
aten_0.1.m1.26718.m1,17,0.182600938
aten_0.1.m1.26718.m1,17,0.182600938
aten_0.1.m1.2671.m1,-9,0.225787622
aten_0.1.m1.2674.m1,-9,0.225787622
aten_0.1.m1.12032.m1,-11,0.65473896
aten_0.1.m1.24689.m1,6,1
aten_0.1.m1.24698.m1,31,0.000649686
aten_0.1.m1.24698.m1,0,1
aten_0.1.m1.24698.m1,-8,0.912469922
aten_0.1.m1.12693.m1,-3,0.823946746
aten_0.1.m1.12693.m1,-3,0.823946746
aten_0.1.m1.23994.m1,17,0.182600938
aten_0.1.m1.23994.m1,17,0.182600938
aten_0.1.m1.23994.m1,-8,0.241683309
aten_0.1.m1.23994.m1,-8,0.241683309
aten_0.1.m1.32737.m1,-8,0.652288775
aten_0.1.m1.23488.m1,-3,1
aten_0.1.m1.26760.m1,-5,0.993433057
aten_0.1.m1.26760.m1,-5,0.993433057
aten_0.1.m1.28458.m1,-2,1
aten_0.1.m1.27518.m1,23,0.00118436
aten_0.1.m1.27518.m1,23,0.00118436
aten_0.1.m1.11044.m1,0,1
aten_0.1.m1.11044.m1,0,1
aten_0.1.m1.3901.m1,12,0.478947113
aten_0.1.m1.3901.m1,12,0.478947113
aten_0.1.m1.7055.m1,-38,4.59856082099987e-05
aten_0.1.m1.7117.m1,0,1
aten_0.1.m1.23521.m1,8,0.758267114
aten_0.1.m1.21350.m1,-8,0.883172472
aten_0.1.m1.16414.m1,6,1
aten_0.1.m1.16414.m1,6,1
aten_0.1.m1.16414.m1,-4,1
aten_0.1.m1.16414.m1,-4,1
aten_0.1.m1.4842.m1,0,1
aten_0.1.m1.27810.m1,5,1
aten_0.1.m1.27810.m1,5,1
aten_0.1.m1.14432.m1,0,1
aten_0.1.m1.2520.m1,0,1
aten_0.1.m1.18114.m1,-11,0.022231772
aten_0.1.m1.29076.m1,0,1
aten_0.1.m1.13039.m1,10,0.030051604
aten_0.1.m1.20279.m1,6,1
aten_0.1.m1.20279.m1,0,1
aten_0.1.m1.15197.m1,15,0.315355142
aten_0.1.m1.15197.m1,15,0.315355142
aten_0.1.m1.15197.m1,14,0.320835368
aten_0.1.m1.15197.m1,14,0.320835368
aten_0.1.m1.4966.m1,6,0.958489725
aten_0.1.m1.4967.m1,1,1
aten_0.1.m1.18069.m1,14,0.170510191
aten_0.1.m1.18069.m1,-1,1
aten_0.1.m1.18069.m1,16,0.139852502
aten_0.1.m1.9598.m1,-3,1
aten_0.1.m1.31912.m1,-5,1
aten_0.1.m1.11569.m1,-4,1
aten_0.1.m1.31215.m1,0,1
aten_0.1.m1.31215.m1,0,1
aten_0.1.m1.28457.m1,0,1
aten_0.1.m1.28457.m1,0,1
aten_0.1.m1.1180.m1,0,1
aten_0.1.m1.1180.m1,0,1
aten_0.1.m1.11016.m1,0,1
aten_0.1.m1.19879.m1,0,1
aten_0.1.m1.32982.m1,-1,1
aten_0.1.m1.11329.m1,0,1
aten_0.1.m1.6119.m1,7,0.439138548
aten_0.1.m1.8237.m1,1,1
aten_0.1.m1.8237.m1,1,1
aten_0.1.m1.21535.m1,7,1
aten_0.1.m1.27237.m1,0,1
aten_0.1.m1.29807.m1,-1,1
aten_0.1.m1.29807.m1,-1,1
aten_0.1.m1.30357.m1,-12,0.365974035
aten_0.1.m1.11772.m1,9,0.823946746
aten_0.1.m1.11772.m1,9,0.823946746
aten_0.1.m1.18384.m1,-5,1
aten_0.1.m1.24581.m1,0,1
aten_0.1.m1.31115.m1,6,0.83694844
aten_0.1.m1.11083.m1,-12,0.241683309
aten_0.1.m1.1374.m1,0,1
aten_0.1.m1.20597.m1,-12,0.046715106
aten_0.1.m1.20597.m1,-12,0.046715106
aten_0.1.m1.1794.m1,0,1
aten_0.1.m1.2757.m1,0,1
aten_0.1.m1.2757.m1,0,1
aten_0.1.m1.26585.m1,-15,0.149700079
aten_0.1.m1.26585.m1,-15,0.149700079
aten_0.1.m1.29679.m1,0,1
aten_0.1.m1.1200.m1,0,1
aten_0.1.m1.1200.m1,0,1
aten_0.1.m1.7217.m1,10,0.745503719
aten_0.1.m1.13737.m1,4,1
aten_0.1.m1.13737.m1,4,1
aten_0.1.m1.17705.m1,-1,1
aten_0.1.m1.3209.m1,10,0.030051604
aten_0.1.m1.10393.m1,-10,0.503957807
aten_0.1.m1.10393.m1,-10,0.503957807
aten_0.1.m1.30115.m1,0,1
aten_0.1.m1.6387.m1,0,1
aten_0.1.m1.6390.m1,-1,1
aten_0.1.m1.7575.m1,0,1
aten_0.1.m1.7575.m1,0,1
aten_0.1.m1.4470.m1,-7,0.779650108
aten_0.1.m1.21875.m1,2,1
aten_0.1.m1.21875.m1,2,1
aten_0.1.m1.32164.m1,0,1
aten_0.1.m1.22679.m1,0,1
aten_0.1.m1.16133.m1,0,1
aten_0.1.m1.4262.m1,-3,1
aten_0.1.m1.2262.m1,7,0.779650108
aten_0.1.m1.21467.m1,0,1
aten_0.1.m1.4375.m1,0,1
aten_0.1.m1.18131.m1,0,1
aten_0.1.m1.2088.m1,0,1
aten_0.1.m1.2088.m1,0,1
aten_0.1.m1.4446.m1,15,0.149700079
aten_0.1.m1.28199.m1,-13,0.225787622
aten_0.1.m1.28199.m1,-13,0.225787622
aten_0.1.m1.3776.m1,26,6.66956251874527e-06
aten_0.1.m1.16053.m1,0,1
aten_0.1.m1.16053.m1,0,1
aten_0.1.m1.13129.m1,-1,1
aten_0.1.m1.32194.m1,0,1
aten_0.1.m1.32194.m1,0,1
aten_0.1.m1.20179.m1,-1,1
aten_0.1.m1.20179.m1,-1,1
aten_0.1.m1.22769.m1,-3,1
aten_0.1.m1.22769.m1,-3,1
aten_0.1.m1.14151.m1,0,1
aten_0.1.m1.24772.m1,0,1
aten_0.1.m1.26465.m1,0,1
aten_0.1.m1.25767.m1,0,1
aten_0.1.m1.27983.m1,0,1
aten_0.1.m1.27983.m1,0,1
aten_0.1.m1.20990.m1,0,1
aten_0.1.m1.32154.m1,4,1
aten_0.1.m1.33806.m1,0,1
aten_0.1.m1.17408.m1,0,1
aten_0.1.m1.17408.m1,0,1
aten_0.1.m1.6799.m1,8,0.679571511
aten_0.1.m1.6799.m1,8,0.679571511
aten_0.1.m1.12234.m1,0,1
aten_0.1.m1.8329.m1,-8,0.241683309
aten_0.1.m1.28801.m1,-15,0.315355142
aten_0.1.m1.10111.m1,-1,1
aten_0.1.m1.666.m1,0,1
aten_0.1.m1.666.m1,0,1
aten_0.1.m1.17584.m1,0,1
aten_0.1.m1.15058.m1,-12,0.287999804
aten_0.1.m1.13937.m1,-23,0.030051604
aten_0.1.m1.1018.m1,-1,1
aten_0.1.m1.1020.m1,12,0.175805049
aten_0.1.m1.1020.m1,12,0.175805049
aten_0.1.m1.31120.m1,0,1
aten_0.1.m1.15333.m1,-10,0.030051604
aten_0.1.m1.15333.m1,-10,0.030051604
aten_0.1.m1.1047.m1,15,0.050481614
aten_0.1.m1.1047.m1,15,0.050481614
aten_0.1.m1.21211.m1,3,1
aten_0.1.m1.32252.m1,5,0.993433057
aten_0.1.m1.16425.m1,0,1
aten_0.1.m1.16425.m1,0,1
aten_0.1.m1.16636.m1,0,1
aten_0.1.m1.16636.m1,0,1
aten_0.1.m1.1652.m1,0,1
aten_0.1.m1.15633.m1,0,1
aten_0.1.m1.24492.m1,0,1
aten_0.1.m1.24499.m1,0,1
aten_0.1.m1.24499.m1,0,1
aten_0.1.m1.24798.m1,0,1
aten_0.1.m1.11211.m1,0,1
aten_0.1.m1.639.m1,8,0.372442947
aten_0.1.m1.10177.m1,0,1
aten_0.1.m1.10177.m1,0,1
aten_0.1.m1.544.m1,11,0.478947113
aten_0.1.m1.4450.m1,0,1
aten_0.1.m1.4450.m1,0,1
aten_0.1.m1.19373.m1,24,0.024409781
aten_0.1.m1.5912.m1,3,1
aten_0.1.m1.5912.m1,3,1
aten_0.1.m1.25166.m1,-11,0.596555899
aten_0.1.m1.2755.m1,0,1
aten_0.1.m1.14287.m1,0,1
aten_0.1.m1.14287.m1,0,1
aten_0.1.m1.24219.m1,0,1
aten_0.1.m1.3672.m1,0,1
aten_0.1.m1.9645.m1,10,0.503957807
aten_0.1.m1.9645.m1,10,0.503957807
aten_0.1.m1.3080.m1,8,0.484738186
aten_0.1.m1.1795.m1,-5,0.993433057
aten_0.1.m1.32765.m1,0,1
aten_0.1.m1.32765.m1,0,1
aten_0.1.m1.1003.m1,14,0.030051604
aten_0.1.m1.1003.m1,14,0.030051604
aten_0.1.m1.11083.m1,-7,1
aten_0.1.m1.11083.m1,-7,1
aten_0.1.m1.11994.m1,0,1
aten_0.1.m1.11994.m1,0,1
aten_0.1.m1.15094.m1,0,1
aten_0.1.m1.12474.m1,7,0.779650108
aten_0.1.m1.15828.m1,-1,1
aten_0.1.m1.6515.m1,3,1
aten_0.1.m1.2471.m1,0,1
aten_0.1.m1.2471.m1,0,1
aten_0.1.m1.17047.m1,9,0.566425697
aten_0.1.m1.15037.m1,0,1
aten_0.1.m1.11514.m1,16,0.052123187
aten_0.1.m1.11514.m1,16,0.052123187
aten_0.1.m1.3025.m1,6,1
aten_0.1.m1.3025.m1,6,1
aten_0.1.m1.2417.m1,-7,1
aten_0.1.m1.2417.m1,-7,1
aten_0.1.m1.263.m1,10,0.631590725
aten_0.1.m1.2386.m1,0,1
aten_0.1.m1.7303.m1,18,0.119871224
aten_0.1.m1.32895.m1,0,1
aten_0.1.m1.242.m1,0,1
aten_0.1.m1.242.m1,0,1
aten_0.1.m1.4482.m1,21,0.014476039
aten_0.1.m1.8582.m1,0,1
aten_0.1.m1.8582.m1,0,1
aten_0.1.m1.11616.m1,0,1
aten_0.1.m1.4411.m1,3,1
aten_0.1.m1.10893.m1,0,1
aten_0.1.m1.28967.m1,0,1
aten_0.1.m1.25162.m1,-10,0.317102795
aten_0.1.m1.3260.m1,-5,0.686079772
aten_0.1.m1.30087.m1,-1,1
aten_0.1.m1.30087.m1,-1,1
aten_0.1.m1.13388.m1,0,1
aten_0.1.m1.13388.m1,0,1
aten_0.1.m1.30648.m1,4,1
aten_0.1.m1.20707.m1,-19,0.041567311
aten_0.1.m1.27460.m1,-15,0.01511376
aten_0.1.m1.33938.m1,0,1
aten_0.1.m1.32536.m1,17,0.161339034
aten_0.1.m1.12890.m1,-8,0.525158778
aten_0.1.m1.12890.m1,-8,0.525158778
aten_0.1.m1.14776.m1,14,0.0043086
aten_0.1.m1.5563.m1,-2,1
aten_0.1.m1.29924.m1,-7,1
aten_0.1.m1.29924.m1,-7,1
aten_0.1.m1.16195.m1,0,1
aten_0.1.m1.8769.m1,16,0.197376924
aten_0.1.m1.29414.m1,0,1
aten_0.1.m1.29414.m1,0,1
aten_0.1.m1.3847.m1,-4,1
aten_0.1.m1.3847.m1,-4,1
aten_0.1.m1.10391.m1,0,1
aten_0.1.m1.30125.m1,0,1
aten_0.1.m1.21429.m1,3,1
aten_0.1.m1.13671.m1,0,1
aten_0.1.m1.8405.m1,7,0.679571511
aten_0.1.m1.24920.m1,0,1
aten_0.1.m1.17765.m1,-8,0.241683309
aten_0.1.m1.3715.m1,25,0.020995897
aten_0.1.m1.17938.m1,0,1
aten_0.1.m1.17938.m1,0,1
aten_0.1.m1.15351.m1,0,1
aten_0.1.m1.15351.m1,0,1
aten_0.1.m1.33163.m1,0,1
aten_0.1.m1.33163.m1,0,1
aten_0.1.m1.15381.m1,-2,1
aten_0.1.m1.15381.m1,-2,1
aten_0.1.m1.6356.m1,0,1
aten_0.1.m1.14104.m1,0,1
aten_0.1.m1.4914.m1,-5,0.686079772
aten_0.1.m1.4914.m1,-5,0.686079772
aten_0.1.m1.22600.m1,-13,0.030051604
aten_0.1.m1.8947.m1,-1,1
aten_0.1.m1.1663.m1,7,1
aten_0.1.m1.24909.m1,-5,1
aten_0.1.m1.15689.m1,0,1
aten_0.1.m1.12589.m1,5,1
aten_0.1.m1.12589.m1,5,1
aten_0.1.m1.12472.m1,-3,1
aten_0.1.m1.12472.m1,-3,1
aten_0.1.m1.28846.m1,14,0.373776199
aten_0.1.m1.23859.m1,0,1
aten_0.1.m1.10198.m1,-1,1
aten_0.1.m1.872.m1,0,1
aten_0.1.m1.872.m1,0,1
aten_0.1.m1.5596.m1,0,1
aten_0.1.m1.27835.m1,0,1
aten_0.1.m1.27638.m1,0,1
aten_0.1.m1.7350.m1,0,1
aten_0.1.m1.7350.m1,0,1
aten_0.1.m1.21209.m1,-5,0.895693191
aten_0.1.m1.21209.m1,-5,0.895693191
aten_0.1.m1.25185.m1,3,1
aten_0.1.m1.12083.m1,0,1
aten_0.1.m1.579.m1,13,0.320835368
aten_0.1.m1.579.m1,13,0.320835368
aten_0.1.m1.7865.m1,-12,0.287999804
aten_0.1.m1.7865.m1,-12,0.287999804
aten_0.1.m1.32309.m1,-20,0.085414797
aten_0.1.m1.32309.m1,-20,0.085414797
aten_0.1.m1.10302.m1,0,1
aten_0.1.m1.8589.m1,0,1
aten_0.1.m1.29889.m1,0,1
aten_0.1.m1.5484.m1,3,1
aten_0.1.m1.11990.m1,0,1
aten_0.1.m1.6893.m1,-12,0.046715106
aten_0.1.m1.6893.m1,-12,0.046715106
aten_0.1.m1.8031.m1,-6,0.745503719
aten_0.1.m1.3882.m1,-22,0.037236677
aten_0.1.m1.20688.m1,0,1
aten_0.1.m1.18834.m1,0,1
aten_0.1.m1.1817.m1,-8,0.758267114
aten_0.1.m1.9032.m1,19,0.056295642
aten_0.1.m1.16709.m1,-19,0.025745086
aten_0.1.m1.3522.m1,-7,0.679571511
aten_0.1.m1.14429.m1,-10,0.758267114
aten_0.1.m1.14429.m1,-10,0.758267114
aten_0.1.m1.6081.m1,0,1
aten_0.1.m1.6081.m1,0,1
aten_0.1.m1.1961.m1,9,0.455944731
aten_0.1.m1.4604.m1,-3,1
aten_0.1.m1.21421.m1,0,1
aten_0.1.m1.23015.m1,0,1
aten_0.1.m1.23015.m1,0,1
aten_0.1.m1.12138.m1,0,1
aten_0.1.m1.25889.m1,0,1
aten_0.1.m1.19826.m1,0,1
aten_0.1.m1.19826.m1,0,1
aten_0.1.m1.14572.m1,0,1
aten_0.1.m1.7289.m1,0,1
aten_0.1.m1.7255.m1,2,1
aten_0.1.m1.10186.m1,-25,0.008224829
aten_0.1.m1.10568.m1,3,1
aten_0.1.m1.4709.m1,-9,0.566425697
aten_0.1.m1.9032.m1,4,1
aten_0.1.m1.17500.m1,0,1
aten_0.1.m1.5570.m1,3,1
aten_0.1.m1.25993.m1,1,1
aten_0.1.m1.6488.m1,0,1
aten_0.1.m1.6488.m1,0,1
aten_0.1.m1.20112.m1,7,0.919324265
aten_0.1.m1.20112.m1,7,0.919324265
aten_0.1.m1.26363.m1,-1,1
aten_0.1.m1.33380.m1,0,1
aten_0.1.m1.14578.m1,2,1
aten_0.1.m1.27797.m1,0,1
aten_0.1.m1.27797.m1,0,1
aten_0.1.m1.23551.m1,0,1
aten_0.1.m1.32810.m1,3,1
aten_0.1.m1.32810.m1,3,1
aten_0.1.m1.3834.m1,2,1
aten_0.1.m1.3834.m1,2,1
aten_0.1.m1.7526.m1,0,1
aten_0.1.m1.15640.m1,-4,1
aten_0.1.m1.27185.m1,-6,1
aten_0.1.m1.27185.m1,-6,1
aten_0.1.m1.8961.m1,-11,0.319154092
aten_0.1.m1.18172.m1,1,1
aten_0.1.m1.18172.m1,1,1
aten_0.1.m1.15036.m1,-5,0.993433057
aten_0.1.m1.14350.m1,0,1
aten_0.1.m1.14350.m1,0,1
aten_0.1.m1.6040.m1,0,1
aten_0.1.m1.6040.m1,0,1
aten_0.1.m1.23300.m1,0,1
aten_0.1.m1.11541.m1,0,1
aten_0.1.m1.3089.m1,3,1
aten_0.1.m1.8228.m1,-5,0.895693191
aten_0.1.m1.27523.m1,-3,1
aten_0.1.m1.27523.m1,-3,1
aten_0.1.m1.31734.m1,0,1
aten_0.1.m1.31734.m1,0,1
aten_0.1.m1.10708.m1,-1,1
aten_0.1.m1.25616.m1,-1,1
aten_0.1.m1.25616.m1,-1,1
aten_0.1.m1.13253.m1,-16,0.089528301
aten_0.1.m1.13253.m1,-16,0.089528301
aten_0.1.m1.25353.m1,0,1
aten_0.1.m1.9137.m1,0,1
aten_0.1.m1.17369.m1,0,1
aten_0.1.m1.17846.m1,0,1
aten_0.1.m1.17232.m1,-10,0.758267114
aten_0.1.m1.2410.m1,9,0.507749831
aten_0.1.m1.6252.m1,-11,0.65473896
aten_0.1.m1.6253.m1,-20,0.005528963
aten_0.1.m1.2219.m1,5,1
aten_0.1.m1.2219.m1,5,1
aten_0.1.m1.30507.m1,0,1
aten_0.1.m1.24986.m1,0,1
aten_0.1.m1.24986.m1,0,1
aten_0.1.m1.22704.m1,11,0.650103753
aten_0.1.m1.32876.m1,0,1
aten_0.1.m1.16659.m1,0,1
aten_0.1.m1.18962.m1,-6,0.83694844
aten_0.1.m1.31221.m1,-16,0.241683309
aten_0.1.m1.31221.m1,-16,0.241683309
aten_0.1.m1.9985.m1,0,1
aten_0.1.m1.20337.m1,0,1
aten_0.1.m1.20337.m1,0,1
aten_0.1.m1.6227.m1,-3,1
aten_0.1.m1.24957.m1,0,1
aten_0.1.m1.24957.m1,0,1
aten_0.1.m1.13476.m1,-10,0.317102795
aten_0.1.m1.12869.m1,0,1
aten_0.1.m1.20273.m1,5,1
aten_0.1.m1.20273.m1,5,1
aten_0.1.m1.8289.m1,-1,1
aten_0.1.m1.2827.m1,0,1
aten_0.1.m1.2827.m1,0,1
aten_0.1.m1.29602.m1,-10,0.503957807
aten_0.1.m1.29602.m1,-10,0.503957807
aten_0.1.m1.29814.m1,0,1
aten_0.1.m1.29814.m1,0,1
aten_0.1.m1.2336.m1,18,0.082841021
aten_0.1.m1.2336.m1,18,0.082841021
aten_0.1.m1.22739.m1,-3,1
aten_0.1.m1.22739.m1,-8,0.831973842
aten_0.1.m1.13651.m1,0,1
aten_0.1.m1.6354.m1,-11,0.65473896
aten_0.1.m1.2565.m1,6,0.784053738
aten_0.1.m1.20704.m1,0,1
aten_0.1.m1.6331.m1,-5,1
aten_0.1.m1.21036.m1,0,1
aten_0.1.m1.9445.m1,0,1
aten_0.1.m1.19111.m1,0,1
aten_0.1.m1.3018.m1,-3,1
aten_0.1.m1.3018.m1,-3,1
aten_0.1.m1.11245.m1,0,1
aten_0.1.m1.11245.m1,0,1
aten_0.1.m1.23365.m1,4,1
aten_0.1.m1.13586.m1,0,1
aten_0.1.m1.28292.m1,7,0.958489725
aten_0.1.m1.16532.m1,0,1
aten_0.1.m1.2127.m1,5,1
aten_0.1.m1.10842.m1,0,1
aten_0.1.m1.10842.m1,0,1
aten_0.1.m1.10175.m1,0,1
aten_0.1.m1.10175.m1,0,1
aten_0.1.m1.10175.m1,0,1
aten_0.1.m1.10175.m1,0,1
aten_0.1.m1.7158.m1,-3,1
aten_0.1.m1.7158.m1,-3,1
aten_0.1.m1.22227.m1,12,0.365974035
aten_0.1.m1.2300.m1,9,0.507749831
aten_0.1.m1.2380.m1,0,1
aten_0.1.m1.7831.m1,-9,0.170510191
aten_0.1.m1.14805.m1,0,1
aten_0.1.m1.14805.m1,0,1
aten_0.1.m1.17707.m1,0,1
aten_0.1.m1.17707.m1,0,1
aten_0.1.m1.12595.m1,-7,0.566425697
aten_0.1.m1.12595.m1,-7,0.566425697
aten_0.1.m1.6499.m1,2,1
aten_0.1.m1.20010.m1,5,1
aten_0.1.m1.8998.m1,2,1
aten_0.1.m1.8998.m1,2,1
aten_0.1.m1.709.m1,7,1
aten_0.1.m1.11541.m1,0,1
aten_0.1.m1.4618.m1,12,0.534177892
aten_0.1.m1.6322.m1,0,1
aten_0.1.m1.27586.m1,15,0.099579491
aten_0.1.m1.12604.m1,-7,0.566425697
aten_0.1.m1.15156.m1,-11,0.022231772
aten_0.1.m1.15156.m1,-11,0.022231772
aten_0.1.m1.14039.m1,-5,1
aten_0.1.m1.8776.m1,-14,0.288759194
aten_0.1.m1.8776.m1,-14,0.288759194
aten_0.1.m1.16852.m1,0,1
aten_0.1.m1.19509.m1,0,1
aten_0.1.m1.16315.m1,18,0.104684536
aten_0.1.m1.30682.m1,4,1
aten_0.1.m1.6509.m1,0,1
aten_0.1.m1.6509.m1,0,1
aten_0.1.m1.12734.m1,-15,0.185881621
aten_0.1.m1.12734.m1,-15,0.185881621
aten_0.1.m1.1913.m1,0,1
aten_0.1.m1.1913.m1,0,1
aten_0.1.m1.25817.m1,0,1
aten_0.1.m1.25817.m1,0,1
aten_0.1.m1.5754.m1,3,1
aten_0.1.m1.5754.m1,3,1
aten_0.1.m1.18411.m1,-10,0.714891027
aten_0.1.m1.18411.m1,-10,0.714891027
aten_0.1.m1.10138.m1,3,1
aten_0.1.m1.1705.m1,0,1
aten_0.1.m1.1705.m1,0,1
aten_0.1.m1.11018.m1,0,1
aten_0.1.m1.11018.m1,0,1
aten_0.1.m1.1510.m1,0,1
aten_0.1.m1.1510.m1,0,1
aten_0.1.m1.18414.m1,7,1
aten_0.1.m1.18414.m1,7,1
aten_0.1.m1.17394.m1,1,1
aten_0.1.m1.15829.m1,0,1
aten_0.1.m1.18848.m1,0,1
aten_0.1.m1.9110.m1,14,0.343044049
aten_0.1.m1.17555.m1,-3,1
aten_0.1.m1.17555.m1,-3,1
aten_0.1.m1.13403.m1,1,1
aten_0.1.m1.15767.m1,0,1
aten_0.1.m1.15767.m1,0,1
aten_0.1.m1.7436.m1,0,1
aten_0.1.m1.7436.m1,0,1
aten_0.1.m1.4517.m1,0,1
aten_0.1.m1.4517.m1,0,1
aten_0.1.m1.20067.m1,2,1
aten_0.1.m1.29076.m1,-26,0.014681088
aten_0.1.m1.1532.m1,-7,0.566425697
aten_0.1.m1.1532.m1,-7,0.566425697
aten_0.1.m1.1594.m1,14,0.253504701
aten_0.1.m1.1594.m1,14,0.253504701
aten_0.1.m1.8864.m1,-1,1
aten_0.1.m1.24826.m1,0,1
aten_0.1.m1.565.m1,9,0.455944731
aten_0.1.m1.5553.m1,-5,0.895693191
aten_0.1.m1.9987.m1,1,1
aten_0.1.m1.13562.m1,0,1
aten_0.1.m1.13562.m1,0,1
aten_0.1.m1.16852.m1,0,1
aten_0.1.m1.8083.m1,-4,1
aten_0.1.m1.11020.m1,4,1
aten_0.1.m1.18520.m1,0,1
aten_0.1.m1.32772.m1,-23,0.033995681
aten_0.1.m1.31073.m1,0,1
aten_0.1.m1.12497.m1,0,1
aten_0.1.m1.13398.m1,-14,0.057976449
aten_0.1.m1.8948.m1,0,1
aten_0.1.m1.8948.m1,0,1
aten_0.1.m1.11132.m1,-11,0.62648178
aten_0.1.m1.20067.m1,0,1
aten_0.1.m1.19425.m1,0,1
aten_0.1.m1.1262.m1,0,1
aten_0.1.m1.10221.m1,7,0.919324265
aten_0.1.m1.12460.m1,0,1
aten_0.1.m1.17547.m1,1,1
aten_0.1.m1.17619.m1,0,1
aten_0.1.m1.3950.m1,-13,0.417770413
aten_0.1.m1.17605.m1,-2,1
aten_0.1.m1.17605.m1,-3,1
aten_0.1.m1.31727.m1,9,0.455944731
aten_0.1.m1.5110.m1,-4,0.891477515
aten_0.1.m1.21710.m1,-3,1
aten_0.1.m1.21710.m1,-3,1
aten_0.1.m1.34135.m1,-15,0.225787622
aten_0.1.m1.34135.m1,-15,0.225787622
aten_0.1.m1.18719.m1,-3,1
aten_0.1.m1.16417.m1,9,0.831973842
aten_0.1.m1.31873.m1,-7,0.823946746
aten_0.1.m1.16194.m1,0,1
aten_0.1.m1.16194.m1,0,1
aten_0.1.m1.16195.m1,0,1
aten_0.1.m1.12747.m1,0,1
aten_0.1.m1.5157.m1,0,1
aten_0.1.m1.12842.m1,9,0.320835368
aten_0.1.m1.12842.m1,9,0.320835368
aten_0.1.m1.25150.m1,0,1
aten_0.1.m1.32232.m1,-6,0.496714564
aten_0.1.m1.32386.m1,0,1
aten_0.1.m1.32386.m1,0,1
aten_0.1.m1.32386.m1,5,1
aten_0.1.m1.32386.m1,5,1
aten_0.1.m1.14699.m1,0,1
aten_0.1.m1.14699.m1,0,1
aten_0.1.m1.7841.m1,10,0.758267114
aten_0.1.m1.24667.m1,3,1
aten_0.1.m1.17724.m1,4,1
aten_0.1.m1.22993.m1,-4,1
aten_0.1.m1.30448.m1,-5,1
aten_0.1.m1.10188.m1,0,1
aten_0.1.m1.10375.m1,-1,1
aten_0.1.m1.13577.m1,0,1
aten_0.1.m1.13577.m1,13,0.225787622
aten_0.1.m1.7661.m1,-5,0.895693191
aten_0.1.m1.27587.m1,2,1
aten_0.1.m1.27587.m1,2,1
aten_0.1.m1.27579.m1,-12,0.507749831
aten_0.1.m1.24132.m1,1,1
aten_0.1.m1.2504.m1,18,0.153100412
aten_0.1.m1.2504.m1,18,0.153100412
aten_0.1.m1.27909.m1,-6,0.958489725
aten_0.1.m1.2307.m1,0,1
aten_0.1.m1.2307.m1,0,1
aten_0.1.m1.1935.m1,14,0.31281839
aten_0.1.m1.1935.m1,14,0.31281839
aten_0.1.m1.30180.m1,-4,1
aten_0.1.m1.30180.m1,-4,1
aten_0.1.m1.6675.m1,2,1
aten_0.1.m1.6675.m1,2,1
aten_0.1.m1.4463.m1,0,1
aten_0.1.m1.4463.m1,0,1
aten_0.1.m1.15633.m1,-1,1
aten_0.1.m1.15633.m1,-1,1
aten_0.1.m1.1992.m1,8,0.241683309
aten_0.1.m1.1992.m1,8,0.241683309
aten_0.1.m1.9869.m1,0,1
aten_0.1.m1.2158.m1,4,1
aten_0.1.m1.15040.m1,-1,1
aten_0.1.m1.15040.m1,-1,1
aten_0.1.m1.5285.m1,11,0.666255086
aten_0.1.m1.11078.m1,-1,1
aten_0.1.m1.11078.m1,-1,1
aten_0.1.m1.9279.m1,0,1
aten_0.1.m1.9279.m1,0,1
aten_0.1.m1.15669.m1,0,1
aten_0.1.m1.166.m1,-13,0.458998164
aten_0.1.m1.5029.m1,7,0.779650108
aten_0.1.m1.5029.m1,7,0.779650108
aten_0.1.m1.30317.m1,-5,0.358799898
aten_0.1.m1.12651.m1,0,1
aten_0.1.m1.12651.m1,0,1
aten_0.1.m1.2253.m1,-22,4.59856082099987e-05
aten_0.1.m1.2251.m1,-22,4.59856082099987e-05
aten_0.1.m1.5480.m1,-7,1
aten_0.1.m1.8022.m1,-10,0.317102795
aten_0.1.m1.19287.m1,-1,1
aten_0.1.m1.16082.m1,4,1
aten_0.1.m1.32999.m1,-6,0.745503719
aten_0.1.m1.19014.m1,0,1
aten_0.1.m1.24673.m1,0,1
aten_0.1.m1.24673.m1,0,1
aten_0.1.m1.24946.m1,0,1
aten_0.1.m1.16368.m1,-2,1
aten_0.1.m1.16368.m1,-2,1
aten_0.1.m1.612.m1,0,1
aten_0.1.m1.27835.m1,0,1
aten_0.1.m1.25865.m1,7,0.851604021
aten_0.1.m1.10076.m1,4,1
aten_0.1.m1.8171.m1,-2,1
aten_0.1.m1.11481.m1,-2,1
aten_0.1.m1.11790.m1,0,1
aten_0.1.m1.347.m1,0,1
aten_0.1.m1.347.m1,0,1
aten_0.1.m1.10412.m1,0,1
aten_0.1.m1.10412.m1,0,1
aten_0.1.m1.10427.m1,0,1
aten_0.1.m1.10427.m1,0,1
aten_0.1.m1.11561.m1,-12,0.365974035
aten_0.1.m1.11604.m1,-2,1
aten_0.1.m1.16665.m1,-2,1
aten_0.1.m1.2036.m1,12,0.287999804
aten_0.1.m1.4747.m1,0,1
aten_0.1.m1.23818.m1,-5,1
aten_0.1.m1.4603.m1,0,1
aten_0.1.m1.4603.m1,0,1
aten_0.1.m1.32970.m1,-19,0.041567311
aten_0.1.m1.32970.m1,0,1
aten_0.1.m1.23535.m1,-1,1
aten_0.1.m1.16178.m1,16,0.243263141
aten_0.1.m1.544.m1,17,0.065411489
aten_0.1.m1.27271.m1,10,0.203191175
aten_0.1.m1.9329.m1,-15,0.247263243
aten_0.1.m1.31301.m1,0,1
aten_0.1.m1.10694.m1,-7,0.566425697
aten_0.1.m1.10694.m1,-7,0.566425697
aten_0.1.m1.10892.m1,3,1
aten_0.1.m1.3966.m1,-6,1
aten_0.1.m1.12764.m1,13,0.380632722
aten_0.1.m1.12764.m1,13,0.380632722
aten_0.1.m1.33790.m1,-3,1
aten_0.1.m1.7614.m1,6,0.225787622
aten_0.1.m1.21000.m1,-12,0.365974035
aten_0.1.m1.21011.m1,-12,0.365974035
aten_0.1.m1.21011.m1,-12,0.365974035
aten_0.1.m1.27486.m1,-10,0.758267114
aten_0.1.m1.29587.m1,0,1
aten_0.1.m1.24256.m1,24,0.005777228
aten_0.1.m1.16374.m1,0,1
aten_0.1.m1.811.m1,-7,0.958489725
aten_0.1.m1.811.m1,-7,0.958489725
aten_0.1.m1.19702.m1,-7,1
aten_0.1.m1.19702.m1,-7,1
aten_0.1.m1.17508.m1,0,1
aten_0.1.m1.17508.m1,0,1
aten_0.1.m1.24616.m1,0,1
aten_0.1.m1.6849.m1,1,1
aten_0.1.m1.6849.m1,1,1
aten_0.1.m1.11541.m1,4,1
aten_0.1.m1.11541.m1,0,1
aten_0.1.m1.12896.m1,4,1
aten_0.1.m1.12896.m1,4,1
aten_0.1.m1.29500.m1,0,1
aten_0.1.m1.24681.m1,8,0.982867425
aten_0.1.m1.14647.m1,0,1
aten_0.1.m1.13651.m1,0,1
aten_0.1.m1.17746.m1,0,1
aten_0.1.m1.17379.m1,10,0.631590725
aten_0.1.m1.18703.m1,0,1
aten_0.1.m1.13389.m1,-3,0.823946746
aten_0.1.m1.13389.m1,-1,1
aten_0.1.m1.21452.m1,-1,1
aten_0.1.m1.21452.m1,-1,1
aten_0.1.m1.20168.m1,21,0.064286164
aten_0.1.m1.28384.m1,0,1
aten_0.1.m1.1758.m1,1,1
aten_0.1.m1.1758.m1,1,1
aten_0.1.m1.8157.m1,0,1
aten_0.1.m1.8157.m1,0,1
aten_0.1.m1.9182.m1,0,1
aten_0.1.m1.9182.m1,-1,1
aten_0.1.m1.26209.m1,-4,0.555063148
aten_0.1.m1.26209.m1,-4,0.555063148
aten_0.1.m1.7094.m1,1,1
aten_0.1.m1.7538.m1,0,1
aten_0.1.m1.7538.m1,0,1
aten_0.1.m1.19386.m1,-3,0.823946746
aten_0.1.m1.740.m1,0,1
aten_0.1.m1.21549.m1,0,1
aten_0.1.m1.21549.m1,0,1
aten_0.1.m1.7828.m1,9,0.831973842
aten_0.1.m1.7828.m1,9,0.831973842
aten_0.1.m1.24620.m1,-15,0.062975675
aten_0.1.m1.20798.m1,1,1
aten_0.1.m1.28633.m1,-18,0.104684536
aten_0.1.m1.15668.m1,13,0.458998164
aten_0.1.m1.32027.m1,-6,1
aten_0.1.m1.32027.m1,-6,1
aten_0.1.m1.24875.m1,-9,0.795115627
aten_0.1.m1.30361.m1,-1,1
aten_0.1.m1.30361.m1,-1,1
aten_0.1.m1.981.m1,0,1
aten_0.1.m1.5505.m1,0,1
aten_0.1.m1.5505.m1,0,1
aten_0.1.m1.22993.m1,0,1
aten_0.1.m1.22993.m1,0,1
aten_0.1.m1.12725.m1,-2,1
aten_0.1.m1.24257.m1,0,1
aten_0.1.m1.24257.m1,0,1
aten_0.1.m1.25616.m1,4,1
aten_0.1.m1.25616.m1,4,1
aten_0.1.m1.20682.m1,-7,1
aten_0.1.m1.20682.m1,-7,1
aten_0.1.m1.4773.m1,0,1
aten_0.1.m1.15681.m1,0,1
aten_0.1.m1.15681.m1,-4,1
aten_0.1.m1.22744.m1,0,1
aten_0.1.m1.22744.m1,0,1
aten_0.1.m1.1348.m1,0,1
aten_0.1.m1.1348.m1,0,1
aten_0.1.m1.974.m1,0,1
aten_0.1.m1.30029.m1,2,1
aten_0.1.m1.20101.m1,-3,1
aten_0.1.m1.24662.m1,1,1
aten_0.1.m1.15136.m1,7,0.823946746
aten_0.1.m1.15136.m1,7,0.823946746
aten_0.1.m1.21173.m1,-2,1
aten_0.1.m1.9812.m1,-9,0.823946746
aten_0.1.m1.18723.m1,-7,0.992876843
aten_0.1.m1.18227.m1,-1,1
aten_0.1.m1.18227.m1,-1,1
aten_0.1.m1.19498.m1,-7,1
aten_0.1.m1.8399.m1,7,1
aten_0.1.m1.26571.m1,0,1
aten_0.1.m1.14756.m1,2,1
aten_0.1.m1.18177.m1,7,1
aten_0.1.m1.18177.m1,-4,1
aten_0.1.m1.3281.m1,0,1
aten_0.1.m1.3281.m1,0,1
aten_0.1.m1.21330.m1,-13,0.433008542
aten_0.1.m1.5564.m1,0,1
aten_0.1.m1.1995.m1,0,1
aten_0.1.m1.5419.m1,0,1
aten_0.1.m1.5419.m1,0,1
aten_0.1.m1.12008.m1,0,1
aten_0.1.m1.12008.m1,0,1
aten_0.1.m1.14781.m1,-8,0.883172472
aten_0.1.m1.14781.m1,-8,0.883172472
aten_0.1.m1.17497.m1,14,0.0043086
aten_0.1.m1.29167.m1,0,1
aten_0.1.m1.29167.m1,0,1
aten_0.1.m1.7850.m1,5,1
aten_0.1.m1.19002.m1,4,1
aten_0.1.m1.19002.m1,4,1
aten_0.1.m1.31371.m1,-9,0.566425697
aten_0.1.m1.31870.m1,0,1
aten_0.1.m1.6742.m1,-5,1
aten_0.1.m1.12415.m1,0,1
aten_0.1.m1.32197.m1,-13,0.439138548
aten_0.1.m1.32197.m1,-3,0.823946746
aten_0.1.m1.26209.m1,-3,1
aten_0.1.m1.29411.m1,0,1
aten_0.1.m1.744.m1,-4,1
aten_0.1.m1.1368.m1,0,1
aten_0.1.m1.23982.m1,9,0.823946746
aten_0.1.m1.20349.m1,0,1
aten_0.1.m1.20349.m1,-24,0.022811629
aten_0.1.m1.20349.m1,0,1
aten_0.1.m1.20349.m1,-7,0.851604021
aten_0.1.m1.24140.m1,0,1
aten_0.1.m1.9439.m1,-4,1
aten_0.1.m1.2359.m1,-6,0.496714564
aten_0.1.m1.2359.m1,-6,0.496714564
aten_0.1.m1.19035.m1,8,0.831973842
aten_0.1.m1.506.m1,0,1
aten_0.1.m1.19736.m1,-3,0.823946746
aten_0.1.m1.10453.m1,7,1
aten_0.1.m1.10453.m1,7,1
aten_0.1.m1.15242.m1,3,1
aten_0.1.m1.15242.m1,3,1
aten_0.1.m1.26708.m1,4,1
aten_0.1.m1.9694.m1,-10,0.458998164
aten_0.1.m1.10210.m1,0,1
aten_0.1.m1.25295.m1,0,1
aten_0.1.m1.15379.m1,0,1
aten_0.1.m1.19739.m1,-10,0.758267114
aten_0.1.m1.19923.m1,-8,0.831973842
aten_0.1.m1.19916.m1,-8,0.831973842
aten_0.1.m1.25809.m1,0,1
aten_0.1.m1.29698.m1,2,1
aten_0.1.m1.29698.m1,2,1
aten_0.1.m1.8153.m1,-13,0.458998164
aten_0.1.m1.1696.m1,0,1
aten_0.1.m1.1696.m1,0,1
aten_0.1.m1.19059.m1,12,0.365974035
aten_0.1.m1.11743.m1,1,1
aten_0.1.m1.22626.m1,-22,0.0297157
aten_0.1.m1.15058.m1,6,0.958489725
aten_0.1.m1.15058.m1,6,0.958489725
aten_0.1.m1.24186.m1,0,1
aten_0.1.m1.24353.m1,0,1
aten_0.1.m1.24353.m1,0,1
aten_0.1.m1.13099.m1,0,1
aten_0.1.m1.13099.m1,0,1
aten_0.1.m1.29855.m1,8,0.831973842
aten_0.1.m1.7044.m1,4,1
aten_0.1.m1.12520.m1,0,1
aten_0.1.m1.12520.m1,0,1
aten_0.1.m1.24109.m1,2,1
aten_0.1.m1.1912.m1,-5,0.993433057
aten_0.1.m1.1912.m1,-5,0.993433057
aten_0.1.m1.21128.m1,0,1
aten_0.1.m1.18015.m1,0,1
aten_0.1.m1.18015.m1,0,1
aten_0.1.m1.12833.m1,-4,1
aten_0.1.m1.32538.m1,0,1
aten_0.1.m1.32538.m1,22,4.59856082099987e-05
aten_0.1.m1.28375.m1,0,1
aten_0.1.m1.29804.m1,3,1
aten_0.1.m1.12696.m1,10,0.59504063
aten_0.1.m1.5932.m1,1,1
aten_0.1.m1.12595.m1,0,1
aten_0.1.m1.12595.m1,0,1
aten_0.1.m1.24323.m1,0,1
aten_0.1.m1.30796.m1,7,1
aten_0.1.m1.9881.m1,-16,0.197376924
aten_0.1.m1.1881.m1,-1,1
aten_0.1.m1.1881.m1,-1,1
aten_0.1.m1.3328.m1,19,0.041567311
aten_0.1.m1.3328.m1,19,0.041567311
aten_0.1.m1.7215.m1,0,1
aten_0.1.m1.528.m1,0,1
aten_0.1.m1.28574.m1,0,1
aten_0.1.m1.26805.m1,8,0.982867425
aten_0.1.m1.11669.m1,0,1
aten_0.1.m1.20740.m1,-20,0.082841021
aten_0.1.m1.20740.m1,-20,0.082841021
aten_0.1.m1.14009.m1,-2,1
aten_0.1.m1.7687.m1,-4,1
aten_0.1.m1.7687.m1,-4,1
aten_0.1.m1.23818.m1,24,0.024409781
aten_0.1.m1.23815.m1,0,1
aten_0.1.m1.25589.m1,3,1
aten_0.1.m1.27819.m1,6,1
aten_0.1.m1.21453.m1,0,1
aten_0.1.m1.21453.m1,6,0.745503719
aten_0.1.m1.9414.m1,0,1
aten_0.1.m1.9414.m1,0,1
aten_0.1.m1.23375.m1,0,1
aten_0.1.m1.28762.m1,18,0.153100412
aten_0.1.m1.16799.m1,22,0.041128768
aten_0.1.m1.16799.m1,22,0.041128768
aten_0.1.m1.20336.m1,-11,0.407410228
aten_0.1.m1.20336.m1,-11,0.407410228
aten_0.1.m1.26769.m1,0,1
aten_0.1.m1.18490.m1,-14,0.0043086
aten_0.1.m1.18490.m1,-14,0.0043086
aten_0.1.m1.18490.m1,-8,0.082841021
aten_0.1.m1.18490.m1,-8,0.082841021
aten_0.1.m1.2530.m1,0,1
aten_0.1.m1.2530.m1,0,1
aten_0.1.m1.24698.m1,7,1
aten_0.1.m1.13431.m1,-10,0.030051604
aten_0.1.m1.28199.m1,14,0.253504701
aten_0.1.m1.19087.m1,0,1
aten_0.1.m1.19087.m1,0,1
aten_0.1.m1.16784.m1,0,1
aten_0.1.m1.7390.m1,0,1
aten_0.1.m1.4855.m1,-30,0.000598385
aten_0.1.m1.4855.m1,-30,0.000598385
aten_0.1.m1.16809.m1,4,1
aten_0.1.m1.2324.m1,7,1
aten_0.1.m1.25968.m1,0,1
aten_0.1.m1.18276.m1,-1,1
aten_0.1.m1.18276.m1,-1,1
aten_0.1.m1.14647.m1,-13,0.225787622
aten_0.1.m1.18169.m1,-5,0.895693191
aten_0.1.m1.23453.m1,-1,1
aten_0.1.m1.18038.m1,0,1
aten_0.1.m1.28756.m1,-13,0.205980253
aten_0.1.m1.30357.m1,0,1
aten_0.1.m1.30357.m1,0,1
aten_0.1.m1.2530.m1,-4,1
aten_0.1.m1.2530.m1,-4,1
aten_0.1.m1.14756.m1,0,1
aten_0.1.m1.14756.m1,0,1
aten_0.1.m1.31611.m1,7,0.679571511
aten_0.1.m1.21056.m1,0,1
aten_0.1.m1.29845.m1,0,1
aten_0.1.m1.29845.m1,0,1
aten_0.1.m1.5787.m1,0,1
aten_0.1.m1.1028.m1,-4,0.555063148
aten_0.1.m1.21570.m1,7,0.958489725
aten_0.1.m1.21570.m1,7,0.958489725
aten_0.1.m1.18272.m1,-2,1
aten_0.1.m1.18272.m1,-2,1
aten_0.1.m1.16665.m1,-1,1
aten_0.1.m1.16665.m1,-1,1
aten_0.1.m1.10655.m1,22,0.046465044
aten_0.1.m1.9669.m1,2,1
aten_0.1.m1.9669.m1,2,1
aten_0.1.m1.7119.m1,-17,0.005528963
aten_0.1.m1.7119.m1,-17,0.005528963
aten_0.1.m1.20338.m1,0,1
aten_0.1.m1.3076.m1,-3,0.823946746
aten_0.1.m1.3076.m1,-3,0.823946746
aten_0.1.m1.27086.m1,0,1
aten_0.1.m1.21881.m1,-5,0.993433057
aten_0.1.m1.21881.m1,-5,0.993433057
aten_0.1.m1.14185.m1,2,1
aten_0.1.m1.14185.m1,2,1
aten_0.1.m1.8828.m1,0,1
aten_0.1.m1.33.m1,-1,1
aten_0.1.m1.36.m1,-1,1
aten_0.1.m1.36.m1,-1,1
aten_0.1.m1.5008.m1,0,1
aten_0.1.m1.10232.m1,4,1
aten_0.1.m1.34091.m1,0,1
aten_0.1.m1.8045.m1,-11,0.022231772
aten_0.1.m1.20267.m1,0,1
aten_0.1.m1.20116.m1,-1,1
aten_0.1.m1.16767.m1,0,1
aten_0.1.m1.16767.m1,0,1
aten_0.1.m1.16702.m1,8,0.241683309
aten_0.1.m1.26628.m1,0,1
aten_0.1.m1.11133.m1,0,1
aten_0.1.m1.11133.m1,0,1
aten_0.1.m1.2950.m1,0,1
aten_0.1.m1.2950.m1,0,1
aten_0.1.m1.2.m1,0,1
aten_0.1.m1.27600.m1,-3,1
aten_0.1.m1.27600.m1,-3,1
aten_0.1.m1.423.m1,0,1
aten_0.1.m1.23010.m1,-7,1
aten_0.1.m1.18261.m1,-9,0.507749831
aten_0.1.m1.31966.m1,-3,0.823946746
aten_0.1.m1.5487.m1,0,1
aten_0.1.m1.16192.m1,0,1
aten_0.1.m1.13922.m1,17,0.132548977
aten_0.1.m1.19407.m1,0,1
aten_0.1.m1.5479.m1,24,0.025580189
aten_0.1.m1.7311.m1,-6,1
aten_0.1.m1.31557.m1,14,0.253504701
aten_0.1.m1.23445.m1,-8,0.974972282
aten_0.1.m1.661.m1,-14,0.363096104
aten_0.1.m1.1643.m1,1,1
aten_0.1.m1.33311.m1,0,1
aten_0.1.m1.4168.m1,-3,1
aten_0.1.m1.5964.m1,-3,0.823946746
aten_0.1.m1.18974.m1,0,1
aten_0.1.m1.18974.m1,0,1
aten_0.1.m1.6700.m1,0,1
aten_0.1.m1.25817.m1,10,0.758267114
aten_0.1.m1.16916.m1,5,0.358799898
aten_0.1.m1.8855.m1,1,1
aten_0.1.m1.28192.m1,-7,0.851604021
aten_0.1.m1.29813.m1,7,1
aten_0.1.m1.10651.m1,17,0.082841021
aten_0.1.m1.2582.m1,-24,0.024409781
aten_0.1.m1.11160.m1,0,1
aten_0.1.m1.11160.m1,0,1
aten_0.1.m1.19341.m1,0,1
aten_0.1.m1.19341.m1,0,1
aten_0.1.m1.29531.m1,-2,1
aten_0.1.m1.29531.m1,-2,1
aten_0.1.m1.10768.m1,5,1
aten_0.1.m1.22649.m1,0,1
aten_0.1.m1.4663.m1,-1,1
aten_0.1.m1.32059.m1,10,0.439138548
aten_0.1.m1.3796.m1,-14,0.320835368
aten_0.1.m1.32303.m1,22,0.041128768
aten_0.1.m1.3038.m1,2,1
aten_0.1.m1.29329.m1,-1,1
aten_0.1.m1.2273.m1,0,1
aten_0.1.m1.2273.m1,0,1
aten_0.1.m1.31320.m1,-3,0.823946746
aten_0.1.m1.7469.m1,7,1
aten_0.1.m1.27596.m1,0,1
aten_0.1.m1.19486.m1,0,1
aten_0.1.m1.19486.m1,0,1
aten_0.1.m1.26046.m1,10,0.758267114
aten_0.1.m1.26046.m1,10,0.758267114
aten_0.1.m1.16563.m1,6,0.225787622
aten_0.1.m1.16563.m1,6,0.225787622
aten_0.1.m1.8022.m1,9,0.823946746
aten_0.1.m1.8022.m1,9,0.823946746
aten_0.1.m1.5607.m1,0,1
aten_0.1.m1.11507.m1,-4,1
aten_0.1.m1.11507.m1,-4,1
aten_0.1.m1.12107.m1,-12,0.478947113
aten_0.1.m1.12107.m1,-12,0.478947113
aten_0.1.m1.23570.m1,0,1
aten_0.1.m1.23570.m1,0,1
aten_0.1.m1.14328.m1,0,1
aten_0.1.m1.14328.m1,0,1
aten_0.1.m1.2197.m1,-7,1
aten_0.1.m1.2197.m1,-7,1
aten_0.1.m1.3038.m1,0,1
aten_0.1.m1.16552.m1,-6,1
aten_0.1.m1.21615.m1,0,1
aten_0.1.m1.25247.m1,0,1
aten_0.1.m1.13658.m1,-7,1
aten_0.1.m1.7739.m1,5,1
aten_0.1.m1.17750.m1,0,1
aten_0.1.m1.11998.m1,-12,0.507749831
aten_0.1.m1.11998.m1,-12,0.507749831
aten_0.1.m1.18358.m1,5,1
aten_0.1.m1.22696.m1,12,0.458998164
aten_0.1.m1.22696.m1,12,0.458998164
aten_0.1.m1.23747.m1,0,1
aten_0.1.m1.18510.m1,5,0.358799898
aten_0.1.m1.20513.m1,0,1
aten_0.1.m1.20513.m1,0,1
aten_0.1.m1.31153.m1,2,1
aten_0.1.m1.11119.m1,0,1
aten_0.1.m1.11119.m1,0,1
aten_0.1.m1.5046.m1,0,1
aten_0.1.m1.20805.m1,10,0.758267114
aten_0.1.m1.29522.m1,0,1
aten_0.1.m1.29522.m1,0,1
aten_0.1.m1.16189.m1,0,1
aten_0.1.m1.25899.m1,0,1
aten_0.1.m1.25899.m1,0,1
aten_0.1.m1.31763.m1,-2,1
aten_0.1.m1.3221.m1,0,1
aten_0.1.m1.3221.m1,0,1
aten_0.1.m1.21460.m1,0,1
aten_0.1.m1.18582.m1,10,0.59504063
aten_0.1.m1.11085.m1,9,0.831973842
aten_0.1.m1.11085.m1,9,0.831973842
aten_0.1.m1.17643.m1,12,0.365974035
aten_0.1.m1.186.m1,12,0.365974035
aten_0.1.m1.186.m1,12,0.365974035
aten_0.1.m1.16894.m1,14,0.373776199
aten_0.1.m1.16894.m1,14,0.373776199
aten_0.1.m1.16830.m1,-17,0.000649686
aten_0.1.m1.25471.m1,0,1
aten_0.1.m1.18385.m1,-13,0.380632722
aten_0.1.m1.31156.m1,1,1
aten_0.1.m1.31156.m1,1,1
aten_0.1.m1.28587.m1,-19,0.001851099
aten_0.1.m1.32140.m1,15,0.295626129
aten_0.1.m1.20424.m1,16,0.027091399
aten_0.1.m1.16557.m1,-12,0.5400878
aten_0.1.m1.4710.m1,-2,1
aten_0.1.m1.26556.m1,2,1
aten_0.1.m1.26257.m1,-11,0.407410228
aten_0.1.m1.26257.m1,-11,0.407410228
aten_0.1.m1.8841.m1,-9,0.834725575
aten_0.1.m1.8841.m1,-9,0.834725575
aten_0.1.m1.7183.m1,4,1
aten_0.1.m1.17704.m1,0,1
aten_0.1.m1.17704.m1,0,1
aten_0.1.m1.33986.m1,0,1
aten_0.1.m1.33986.m1,0,1
aten_0.1.m1.24154.m1,-17,0.000649686
aten_0.1.m1.24154.m1,-17,0.000649686
aten_0.1.m1.23331.m1,0,1
aten_0.1.m1.3173.m1,-1,1
aten_0.1.m1.3173.m1,-1,1
aten_0.1.m1.9898.m1,0,1
aten_0.1.m1.9898.m1,0,1
aten_0.1.m1.24449.m1,-7,1
aten_0.1.m1.24449.m1,-7,1
aten_0.1.m1.16556.m1,10,0.503957807
aten_0.1.m1.16556.m1,10,0.503957807
aten_0.1.m1.21041.m1,6,1
aten_0.1.m1.21041.m1,6,1
aten_0.1.m1.22005.m1,-6,0.496714564
aten_0.1.m1.19074.m1,-12,0.507749831
aten_0.1.m1.13766.m1,-10,0.458998164
aten_0.1.m1.13766.m1,-10,0.458998164
aten_0.1.m1.17396.m1,6,0.225787622
aten_0.1.m1.9324.m1,4,1
aten_0.1.m1.9759.m1,0,1
aten_0.1.m1.16952.m1,3,0.823946746
aten_0.1.m1.4432.m1,-2,1
aten_0.1.m1.31202.m1,0,1
aten_0.1.m1.31202.m1,0,1
aten_0.1.m1.29419.m1,-7,0.140360402
aten_0.1.m1.27168.m1,-4,1
aten_0.1.m1.27168.m1,-4,1
aten_0.1.m1.28993.m1,0,1
aten_0.1.m1.28993.m1,0,1
aten_0.1.m1.27871.m1,-7,1
aten_0.1.m1.21424.m1,-2,1
aten_0.1.m1.21424.m1,-2,1
aten_0.1.m1.32921.m1,0,1
aten_0.1.m1.32921.m1,0,1
aten_0.1.m1.24640.m1,4,1
aten_0.1.m1.24640.m1,4,1
aten_0.1.m1.21944.m1,0,1
aten_0.1.m1.21871.m1,0,1
aten_0.1.m1.21871.m1,0,1
aten_0.1.m1.25972.m1,-9,0.170510191
aten_0.1.m1.25972.m1,-9,0.170510191
aten_0.1.m1.9087.m1,8,0.831973842
aten_0.1.m1.9087.m1,8,0.831973842
aten_0.1.m1.16631.m1,12,0.365974035
aten_0.1.m1.16631.m1,12,0.365974035
aten_0.1.m1.6726.m1,0,1
aten_0.1.m1.6722.m1,0,1
aten_0.1.m1.6726.m1,0,1
aten_0.1.m1.6722.m1,0,1
aten_0.1.m1.25191.m1,10,0.503957807
aten_0.1.m1.6102.m1,7,0.919324265
aten_0.1.m1.23099.m1,0,1
aten_0.1.m1.23099.m1,0,1
aten_0.1.m1.15264.m1,-7,0.958489725
aten_0.1.m1.15264.m1,-7,0.958489725
aten_0.1.m1.29925.m1,-24,0.000154632
aten_0.1.m1.29925.m1,-24,0.000154632
aten_0.1.m1.28633.m1,-9,0.170510191
aten_0.1.m1.28633.m1,-9,0.170510191
aten_0.1.m1.2243.m1,17,0.182600938
aten_0.1.m1.2243.m1,17,0.182600938
aten_0.1.m1.11168.m1,0,1
aten_0.1.m1.11168.m1,0,1
aten_0.1.m1.8415.m1,0,1
aten_0.1.m1.7629.m1,-9,0.507749831
aten_0.1.m1.3581.m1,-8,0.758267114
aten_0.1.m1.6034.m1,4,1
aten_0.1.m1.6034.m1,4,1
aten_0.1.m1.30321.m1,6,0.83694844
aten_0.1.m1.15728.m1,13,0.225787622
aten_0.1.m1.15728.m1,13,0.225787622
aten_0.1.m1.14265.m1,-1,1
aten_0.1.m1.13315.m1,0,1
aten_0.1.m1.17030.m1,-1,1
aten_0.1.m1.17030.m1,-1,1
aten_0.1.m1.14502.m1,-3,1
aten_0.1.m1.14502.m1,-3,1
aten_0.1.m1.21043.m1,0,1
aten_0.1.m1.27799.m1,4,1
aten_0.1.m1.184.m1,5,0.358799898
aten_0.1.m1.184.m1,5,0.358799898
aten_0.1.m1.23266.m1,0,1
aten_0.1.m1.23266.m1,0,1
aten_0.1.m1.18224.m1,11,0.526535239
aten_0.1.m1.6129.m1,12,0.365974035
aten_0.1.m1.6129.m1,12,0.365974035
aten_0.1.m1.16280.m1,0,1
aten_0.1.m1.16280.m1,0,1
aten_0.1.m1.13898.m1,0,1
aten_0.1.m1.19330.m1,0,1
aten_0.1.m1.19330.m1,0,1
aten_0.1.m1.16563.m1,7,1
aten_0.1.m1.30092.m1,0,1
aten_0.1.m1.8282.m1,0,1
aten_0.1.m1.21225.m1,0,1
aten_0.1.m1.3593.m1,-10,0.714891027
aten_0.1.m1.19399.m1,0,1
aten_0.1.m1.21097.m1,8,0.945635594
aten_0.1.m1.21097.m1,8,0.945635594
aten_0.1.m1.16146.m1,2,1
aten_0.1.m1.16146.m1,2,1
aten_0.1.m1.7860.m1,0,1
aten_0.1.m1.7860.m1,0,1
aten_0.1.m1.22589.m1,-4,1
aten_0.1.m1.22589.m1,-4,1
aten_0.1.m1.24625.m1,0,1
aten_0.1.m1.24625.m1,0,1
aten_0.1.m1.32207.m1,0,1
aten_0.1.m1.7912.m1,0,1
aten_0.1.m1.16834.m1,1,1
aten_0.1.m1.24629.m1,0,1
aten_0.1.m1.24629.m1,0,1
aten_0.1.m1.8549.m1,0,1
aten_0.1.m1.27945.m1,0,1
aten_0.1.m1.27945.m1,0,1
aten_0.1.m1.24418.m1,9,0.320835368
aten_0.1.m1.14069.m1,4,1
aten_0.1.m1.14069.m1,4,1
aten_0.1.m1.18121.m1,2,1
aten_0.1.m1.5570.m1,-6,0.225787622
aten_0.1.m1.4888.m1,0,1
aten_0.1.m1.4888.m1,0,1
aten_0.1.m1.22493.m1,0,1
aten_0.1.m1.6959.m1,5,1
aten_0.1.m1.27176.m1,0,1
aten_0.1.m1.27176.m1,0,1
aten_0.1.m1.6925.m1,0,1
aten_0.1.m1.14221.m1,0,1
aten_0.1.m1.28340.m1,0,1
aten_0.1.m1.25737.m1,0,1
aten_0.1.m1.7112.m1,0,1
aten_0.1.m1.15801.m1,0,1
aten_0.1.m1.850.m1,-9,0.320835368
aten_0.1.m1.20254.m1,0,1
aten_0.1.m1.18705.m1,0,1
aten_0.1.m1.1921.m1,0,1
aten_0.1.m1.5341.m1,-9,0.823946746
aten_0.1.m1.5341.m1,-9,0.823946746
aten_0.1.m1.10679.m1,0,1
aten_0.1.m1.10679.m1,0,1
aten_0.1.m1.8151.m1,7,1
aten_0.1.m1.32920.m1,-4,1
aten_0.1.m1.32920.m1,-4,1
aten_0.1.m1.8279.m1,-2,1
aten_0.1.m1.3306.m1,0,1
aten_0.1.m1.25869.m1,12,0.403230613
aten_0.1.m1.14645.m1,-3,0.823946746
aten_0.1.m1.14645.m1,-3,0.823946746
aten_0.1.m1.14628.m1,0,1
aten_0.1.m1.12138.m1,0,1
aten_0.1.m1.1399.m1,0,1
aten_0.1.m1.9211.m1,3,0.823946746
aten_0.1.m1.9211.m1,3,0.823946746
aten_0.1.m1.29354.m1,-18,0.116562482
aten_0.1.m1.26151.m1,-3,0.823946746
aten_0.1.m1.4854.m1,4,1
aten_0.1.m1.4854.m1,4,1
aten_0.1.m1.26436.m1,-17,0.182600938
aten_0.1.m1.7663.m1,0,1
aten_0.1.m1.9688.m1,0,1
aten_0.1.m1.9688.m1,0,1
aten_0.1.m1.1795.m1,0,1
aten_0.1.m1.28444.m1,17,0.161339034
aten_0.1.m1.32275.m1,0,1
aten_0.1.m1.32275.m1,0,1
aten_0.1.m1.10750.m1,0,1
aten_0.1.m1.10750.m1,0,1
aten_0.1.m1.12595.m1,-1,1
aten_0.1.m1.12595.m1,-1,1
aten_0.1.m1.5544.m1,0,1
aten_0.1.m1.18341.m1,-27,0.005476816
aten_0.1.m1.1695.m1,-6,1
aten_0.1.m1.18447.m1,0,1
aten_0.1.m1.18447.m1,0,1
aten_0.1.m1.14889.m1,-6,1
aten_0.1.m1.7860.m1,0,1
aten_0.1.m1.9582.m1,0,1
aten_0.1.m1.9582.m1,0,1
aten_0.1.m1.6087.m1,0,1
aten_0.1.m1.6087.m1,0,1
aten_0.1.m1.24327.m1,-1,1
aten_0.1.m1.24327.m1,-1,1
aten_0.1.m1.17584.m1,0,1
aten_0.1.m1.201.m1,-3,0.823946746
aten_0.1.m1.8172.m1,-15,0.149700079
aten_0.1.m1.8172.m1,-15,0.149700079
aten_0.1.m1.5040.m1,0,1
aten_0.1.m1.25286.m1,-5,1
aten_0.1.m1.25286.m1,-5,1
aten_0.1.m1.427.m1,0,1
aten_0.1.m1.20545.m1,-14,0.31281839
aten_0.1.m1.9172.m1,0,1
aten_0.1.m1.9172.m1,0,1
aten_0.1.m1.26181.m1,12,0.365974035
aten_0.1.m1.31840.m1,0,1
aten_0.1.m1.2049.m1,0,1
aten_0.1.m1.19950.m1,6,1
aten_0.1.m1.14307.m1,-4,1
aten_0.1.m1.28806.m1,14,0.0043086
aten_0.1.m1.28806.m1,14,0.0043086
aten_0.1.m1.23149.m1,7,0.823946746
aten_0.1.m1.8357.m1,3,1
aten_0.1.m1.8357.m1,3,1
aten_0.1.m1.12025.m1,-2,1
aten_0.1.m1.12025.m1,-2,1
aten_0.1.m1.7362.m1,11,0.260297624
aten_0.1.m1.14209.m1,0,1
aten_0.1.m1.30267.m1,6,0.958489725
aten_0.1.m1.11507.m1,10,0.745503719
aten_0.1.m1.11507.m1,10,0.745503719
aten_0.1.m1.26466.m1,-10,0.503957807
aten_0.1.m1.28192.m1,-8,0.758267114
aten_0.1.m1.28192.m1,-8,0.758267114
aten_0.1.m1.27093.m1,7,1
aten_0.1.m1.16017.m1,0,1
aten_0.1.m1.16017.m1,0,1
aten_0.1.m1.7593.m1,0,1
aten_0.1.m1.7593.m1,0,1
aten_0.1.m1.9039.m1,2,1
aten_0.1.m1.9039.m1,2,1
aten_0.1.m1.4120.m1,3,1
aten_0.1.m1.20772.m1,4,1
aten_0.1.m1.20772.m1,4,1
aten_0.1.m1.28472.m1,0,1
aten_0.1.m1.28472.m1,0,1
aten_0.1.m1.15245.m1,0,1
aten_0.1.m1.23357.m1,0,1
aten_0.1.m1.23357.m1,0,1
aten_0.1.m1.26024.m1,1,1
aten_0.1.m1.26024.m1,1,1
aten_0.1.m1.28881.m1,-1,1
aten_0.1.m1.30470.m1,0,1
aten_0.1.m1.7102.m1,-5,0.358799898
aten_0.1.m1.25610.m1,8,0.937847651
aten_0.1.m1.16437.m1,-14,0.086699178
aten_0.1.m1.12649.m1,17,0.082841021
aten_0.1.m1.12649.m1,17,0.082841021
aten_0.1.m1.21648.m1,0,1
aten_0.1.m1.647.m1,-5,1
aten_0.1.m1.647.m1,-5,1
aten_0.1.m1.11562.m1,0,1
aten_0.1.m1.15995.m1,-12,0.546216931
aten_0.1.m1.16268.m1,-18,0.024409781
aten_0.1.m1.16268.m1,-18,0.024409781
aten_0.1.m1.9039.m1,-3,0.823946746
aten_0.1.m1.23485.m1,0,1
aten_0.1.m1.8486.m1,-10,0.030051604
aten_0.1.m1.8486.m1,-10,0.030051604
aten_0.1.m1.16231.m1,0,1
aten_0.1.m1.16231.m1,0,1
aten_0.1.m1.7544.m1,0,1
aten_0.1.m1.7544.m1,0,1
aten_0.1.m1.13947.m1,7,0.439138548
aten_0.1.m1.13947.m1,7,0.439138548
aten_0.1.m1.24183.m1,-1,1
aten_0.1.m1.24183.m1,-1,1
aten_0.1.m1.3038.m1,0,1
aten_0.1.m1.19609.m1,0,1
aten_0.1.m1.19609.m1,0,1
aten_0.1.m1.11062.m1,-4,1
aten_0.1.m1.33351.m1,-10,0.239680874
aten_0.1.m1.6018.m1,0,1
aten_0.1.m1.19644.m1,-12,0.046715106
aten_0.1.m1.25645.m1,14,0.138443349
aten_0.1.m1.25645.m1,14,0.138443349
aten_0.1.m1.14432.m1,2,1
aten_0.1.m1.12731.m1,1,1
aten_0.1.m1.10191.m1,7,1
aten_0.1.m1.25312.m1,0,1
aten_0.1.m1.5514.m1,0,1
aten_0.1.m1.6973.m1,2,1
aten_0.1.m1.1637.m1,4,0.891477515
aten_0.1.m1.31138.m1,-11,0.407410228
aten_0.1.m1.15685.m1,0,1
aten_0.1.m1.15685.m1,0,1
aten_0.1.m1.1843.m1,0,1
aten_0.1.m1.7281.m1,-1,1
aten_0.1.m1.22689.m1,-1,1
aten_0.1.m1.21516.m1,12,0.287999804
aten_0.1.m1.23008.m1,0,1
aten_0.1.m1.2716.m1,0,1
aten_0.1.m1.32047.m1,0,1
aten_0.1.m1.32047.m1,0,1
aten_0.1.m1.3601.m1,0,1
aten_0.1.m1.5551.m1,0,1
aten_0.1.m1.2218.m1,0,1
aten_0.1.m1.2218.m1,0,1
aten_0.1.m1.2508.m1,0,1
aten_0.1.m1.17103.m1,-2,1
aten_0.1.m1.4807.m1,0,1
aten_0.1.m1.11063.m1,10,0.686079772
aten_0.1.m1.11063.m1,10,0.686079772
aten_0.1.m1.30690.m1,0,1
aten_0.1.m1.30690.m1,0,1
aten_0.1.m1.32651.m1,0,1
aten_0.1.m1.32651.m1,0,1
aten_0.1.m1.9542.m1,-16,0.139852502
aten_0.1.m1.12082.m1,1,1
aten_0.1.m1.28607.m1,0,1
aten_0.1.m1.24256.m1,0,1
aten_0.1.m1.27860.m1,0,1
aten_0.1.m1.21997.m1,0,1
aten_0.1.m1.21997.m1,0,1
aten_0.1.m1.30518.m1,2,1
aten_0.1.m1.7566.m1,-10,0.59504063
aten_0.1.m1.372.m1,0,1
aten_0.1.m1.372.m1,0,1
aten_0.1.m1.6960.m1,12,0.365974035
aten_0.1.m1.8849.m1,-15,0.247263243
aten_0.1.m1.19810.m1,0,1
aten_0.1.m1.20673.m1,-5,1
aten_0.1.m1.20673.m1,-5,1
aten_0.1.m1.21309.m1,-2,1
aten_0.1.m1.14284.m1,1,1
aten_0.1.m1.14284.m1,1,1
aten_0.1.m1.8381.m1,-13,0.441154127
aten_0.1.m1.8381.m1,-13,0.441154127
aten_0.1.m1.12079.m1,0,1
aten_0.1.m1.12079.m1,0,1
aten_0.1.m1.28666.m1,10,0.758267114
aten_0.1.m1.28666.m1,10,0.758267114
aten_0.1.m1.8574.m1,9,0.779650108
aten_0.1.m1.18748.m1,16,0.089528301
aten_0.1.m1.18748.m1,16,0.089528301
aten_0.1.m1.1016.m1,24,0.005777228
aten_0.1.m1.1016.m1,24,0.005777228
aten_0.1.m1.26506.m1,2,1
aten_0.1.m1.14592.m1,0,1
aten_0.1.m1.1276.m1,0,1
aten_0.1.m1.33891.m1,11,0.596555899
aten_0.1.m1.33891.m1,11,0.596555899
aten_0.1.m1.2590.m1,7,0.823946746
aten_0.1.m1.12415.m1,-18,0.134929815
aten_0.1.m1.26853.m1,0,1
aten_0.1.m1.18085.m1,0,1
aten_0.1.m1.14137.m1,4,1
aten_0.1.m1.14137.m1,4,1
aten_0.1.m1.23445.m1,1,1
aten_0.1.m1.24807.m1,-2,1
aten_0.1.m1.24807.m1,16,0.182600938
aten_0.1.m1.17954.m1,13,0.458998164
aten_0.1.m1.9039.m1,2,1
aten_0.1.m1.5419.m1,-2,1
aten_0.1.m1.5419.m1,-2,1
aten_0.1.m1.15565.m1,0,1
aten_0.1.m1.4543.m1,16,0.139852502
aten_0.1.m1.14688.m1,2,1
aten_0.1.m1.21246.m1,23,0.021981527
aten_0.1.m1.7683.m1,1,1
aten_0.1.m1.20605.m1,0,1
aten_0.1.m1.20605.m1,0,1
aten_0.1.m1.17903.m1,0,1
aten_0.1.m1.20265.m1,21,0.006788949
aten_0.1.m1.31375.m1,13,0.205980253
aten_0.1.m1.31375.m1,13,0.205980253
aten_0.1.m1.19940.m1,0,1
aten_0.1.m1.19940.m1,0,1
aten_0.1.m1.27342.m1,0,1
aten_0.1.m1.19765.m1,0,1
aten_0.1.m1.12763.m1,-7,1
aten_0.1.m1.24588.m1,6,0.83694844
aten_0.1.m1.19904.m1,0,1
aten_0.1.m1.32215.m1,18,0.142767094
aten_0.1.m1.19969.m1,-10,0.758267114
aten_0.1.m1.2814.m1,0,1
aten_0.1.m1.4893.m1,0,1
aten_0.1.m1.25008.m1,0,1
aten_0.1.m1.26299.m1,0,1
aten_0.1.m1.19990.m1,0,1
aten_0.1.m1.7395.m1,-6,0.745503719
aten_0.1.m1.7395.m1,-6,0.745503719
aten_0.1.m1.30494.m1,2,1
aten_0.1.m1.20067.m1,0,1
aten_0.1.m1.6996.m1,-9,0.320835368
aten_0.1.m1.19611.m1,6,0.83694844
aten_0.1.m1.19611.m1,6,0.83694844
aten_0.1.m1.20023.m1,17,0.196661325
aten_0.1.m1.24816.m1,-1,1
aten_0.1.m1.28934.m1,10,0.030051604
aten_0.1.m1.9417.m1,0,1
aten_0.1.m1.33566.m1,20,0.024409781
aten_0.1.m1.33566.m1,20,0.024409781
aten_0.1.m1.7281.m1,0,1
aten_0.1.m1.9761.m1,2,1
aten_0.1.m1.12986.m1,-13,0.104718901
aten_0.1.m1.7120.m1,0,1
aten_0.1.m1.4717.m1,-6,1
aten_0.1.m1.12045.m1,0,1
aten_0.1.m1.22844.m1,0,1
aten_0.1.m1.22844.m1,0,1
aten_0.1.m1.22209.m1,0,1
aten_0.1.m1.22209.m1,0,1
aten_0.1.m1.10565.m1,-1,1
aten_0.1.m1.8048.m1,0,1
aten_0.1.m1.24243.m1,0,1
aten_0.1.m1.20049.m1,-7,1
aten_0.1.m1.27545.m1,-11,0.631590725
aten_0.1.m1.15044.m1,-19,0.090238319
aten_0.1.m1.15044.m1,5,1
aten_0.1.m1.26818.m1,0,1
aten_0.1.m1.20685.m1,2,1
aten_0.1.m1.11275.m1,-4,1
aten_0.1.m1.11275.m1,-4,1
aten_0.1.m1.29903.m1,0,1
aten_0.1.m1.28025.m1,0,1
aten_0.1.m1.22555.m1,-7,1
aten_0.1.m1.14472.m1,0,1
aten_0.1.m1.14472.m1,0,1
aten_0.1.m1.13096.m1,0,1
aten_0.1.m1.13096.m1,0,1
aten_0.1.m1.4133.m1,35,0.000226852
aten_0.1.m1.4133.m1,35,0.000226852
aten_0.1.m1.15496.m1,-7,0.823946746
aten_0.1.m1.16663.m1,-6,1
aten_0.1.m1.12832.m1,0,1
aten_0.1.m1.32106.m1,15,0.315355142
aten_0.1.m1.32106.m1,15,0.315355142
aten_0.1.m1.7270.m1,2,1
aten_0.1.m1.2950.m1,0,1
aten_0.1.m1.2950.m1,0,1
aten_0.1.m1.30079.m1,4,1
aten_0.1.m1.29802.m1,0,1
aten_0.1.m1.2123.m1,0,1
aten_0.1.m1.19013.m1,0,1
aten_0.1.m1.19013.m1,0,1
aten_0.1.m1.29693.m1,0,1
aten_0.1.m1.29693.m1,0,1
aten_0.1.m1.17584.m1,0,1
aten_0.1.m1.5029.m1,-10,0.317102795
aten_0.1.m1.19448.m1,0,1
aten_0.1.m1.14389.m1,-7,1
aten_0.1.m1.9114.m1,0,1
aten_0.1.m1.19286.m1,10,0.503957807
aten_0.1.m1.16784.m1,0,1
aten_0.1.m1.16784.m1,0,1
aten_0.1.m1.8488.m1,0,1
aten_0.1.m1.28263.m1,13,0.1474446
aten_0.1.m1.18054.m1,-4,1
aten_0.1.m1.12011.m1,-22,0.000423812
aten_0.1.m1.14905.m1,2,1
aten_0.1.m1.14905.m1,2,1
aten_0.1.m1.25730.m1,0,1
aten_0.1.m1.21027.m1,1,1
aten_0.1.m1.21027.m1,1,1
aten_0.1.m1.7059.m1,0,1
aten_0.1.m1.7059.m1,0,1
aten_0.1.m1.6580.m1,6,0.745503719
aten_0.1.m1.32519.m1,8,0.982867425
aten_0.1.m1.16769.m1,0,1
aten_0.1.m1.7562.m1,-4,1
aten_0.1.m1.7562.m1,-4,1
aten_0.1.m1.6329.m1,0,1
aten_0.1.m1.1789.m1,-18,0.041567311
aten_0.1.m1.28810.m1,6,1
aten_0.1.m1.28810.m1,6,1
aten_0.1.m1.5976.m1,0,1
aten_0.1.m1.24864.m1,0,1
aten_0.1.m1.22724.m1,5,0.358799898
aten_0.1.m1.17070.m1,0,1
aten_0.1.m1.17070.m1,0,1
aten_0.1.m1.30092.m1,3,1
aten_0.1.m1.17394.m1,-2,1
aten_0.1.m1.17413.m1,-7,0.779650108
aten_0.1.m1.2678.m1,-1,1
aten_0.1.m1.2678.m1,-1,1
aten_0.1.m1.2678.m1,9,0.170510191
aten_0.1.m1.2678.m1,9,0.170510191
aten_0.1.m1.31221.m1,-9,0.652288775
aten_0.1.m1.31221.m1,-9,0.652288775
aten_0.1.m1.17584.m1,-3,1
aten_0.1.m1.32224.m1,10,0.503957807
aten_0.1.m1.3776.m1,-13,0.458998164
aten_0.1.m1.7000.m1,7,1
aten_0.1.m1.1571.m1,-4,0.555063148
aten_0.1.m1.21209.m1,0,1
aten_0.1.m1.21209.m1,0,1
aten_0.1.m1.31029.m1,0,1
aten_0.1.m1.31029.m1,0,1
aten_0.1.m1.29513.m1,19,0.01661715
aten_0.1.m1.29513.m1,-19,0.065081121
aten_0.1.m1.6852.m1,0,1
aten_0.1.m1.6852.m1,0,1
aten_0.1.m1.13907.m1,-10,0.758267114
aten_0.1.m1.26602.m1,8,0.758267114
aten_0.1.m1.30424.m1,0,1
aten_0.1.m1.16378.m1,-12,0.365974035
aten_0.1.m1.17765.m1,0,1
aten_0.1.m1.3155.m1,0,1
aten_0.1.m1.29815.m1,0,1
aten_0.1.m1.16320.m1,-7,1
aten_0.1.m1.8381.m1,8,0.082841021
aten_0.1.m1.11813.m1,0,1
aten_0.1.m1.11074.m1,-7,1
aten_0.1.m1.23518.m1,0,1
aten_0.1.m1.8602.m1,-17,0.005528963
aten_0.1.m1.8602.m1,-17,0.005528963
aten_0.1.m1.27343.m1,-7,1
aten_0.1.m1.27343.m1,-7,1
aten_0.1.m1.199.m1,0,1
aten_0.1.m1.25767.m1,0,1
aten_0.1.m1.14545.m1,0,1
aten_0.1.m1.22640.m1,-4,1
aten_0.1.m1.7339.m1,0,1
aten_0.1.m1.20270.m1,3,0.823946746
aten_0.1.m1.20270.m1,3,0.823946746
aten_0.1.m1.23521.m1,0,1
aten_0.1.m1.23521.m1,0,1
aten_0.1.m1.12432.m1,-6,0.225787622
aten_0.1.m1.27725.m1,-7,1
aten_0.1.m1.12054.m1,0,1
aten_0.1.m1.11636.m1,-6,0.225787622
aten_0.1.m1.11636.m1,-6,0.225787622
aten_0.1.m1.21421.m1,0,1
aten_0.1.m1.31432.m1,-3,1
aten_0.1.m1.31432.m1,-3,1
aten_0.1.m1.32767.m1,0,1
aten_0.1.m1.18041.m1,-4,1
aten_0.1.m1.7901.m1,0,1
aten_0.1.m1.32442.m1,2,1
aten_0.1.m1.19307.m1,0,1
aten_0.1.m1.19307.m1,0,1
aten_0.1.m1.10074.m1,0,1
aten_0.1.m1.10074.m1,-19,0.041567311
aten_0.1.m1.4446.m1,0,1
aten_0.1.m1.8834.m1,11,0.51443514
aten_0.1.m1.12023.m1,12,0.320835368
aten_0.1.m1.25840.m1,12,0.320835368
aten_0.1.m1.19544.m1,0,1
aten_0.1.m1.721.m1,0,1
aten_0.1.m1.7631.m1,-23,0.030670148
aten_0.1.m1.22561.m1,16,0.052123187
aten_0.1.m1.22561.m1,16,0.052123187
aten_0.1.m1.262.m1,0,1
aten_0.1.m1.7976.m1,0,1
aten_0.1.m1.7976.m1,0,1
aten_0.1.m1.9826.m1,2,1
aten_0.1.m1.27447.m1,0,1
aten_0.1.m1.27447.m1,0,1
aten_0.1.m1.4630.m1,-8,0.082841021
aten_0.1.m1.2874.m1,9,0.823946746
aten_0.1.m1.2874.m1,9,0.823946746
aten_0.1.m1.7817.m1,0,1
aten_0.1.m1.11785.m1,4,1
aten_0.1.m1.15619.m1,0,1
aten_0.1.m1.15619.m1,0,1
aten_0.1.m1.18518.m1,-2,1
aten_0.1.m1.18518.m1,-2,1
aten_0.1.m1.25826.m1,-2,1
aten_0.1.m1.25826.m1,-2,1
aten_0.1.m1.31551.m1,3,1
aten_0.1.m1.5571.m1,19,0.082841021
aten_0.1.m1.5571.m1,19,0.082841021
aten_0.1.m1.11576.m1,1,1
aten_0.1.m1.19309.m1,-5,1
aten_0.1.m1.19596.m1,0,1
aten_0.1.m1.12799.m1,14,0.057976449
aten_0.1.m1.18705.m1,12,0.046715106
aten_0.1.m1.31.m1,0,1
aten_0.1.m1.31.m1,0,1
aten_0.1.m1.14886.m1,2,1
aten_0.1.m1.14886.m1,2,1
aten_0.1.m1.26381.m1,7,1
aten_0.1.m1.18026.m1,8,0.831973842
aten_0.1.m1.11152.m1,4,1
aten_0.1.m1.9195.m1,0,1
aten_0.1.m1.2582.m1,0,1
aten_0.1.m1.6825.m1,0,1
aten_0.1.m1.1704.m1,24,0.024409781
aten_0.1.m1.23610.m1,0,1
aten_0.1.m1.10337.m1,4,1
aten_0.1.m1.10337.m1,4,1
aten_0.1.m1.10337.m1,-6,1
aten_0.1.m1.10337.m1,-6,1
aten_0.1.m1.11475.m1,-1,1
aten_0.1.m1.8332.m1,0,1
aten_0.1.m1.8332.m1,0,1
aten_0.1.m1.32304.m1,-10,0.758267114
aten_0.1.m1.32304.m1,-10,0.758267114
aten_0.1.m1.17963.m1,23,0.024409781
aten_0.1.m1.14353.m1,0,1
aten_0.1.m1.14353.m1,0,1
aten_0.1.m1.10747.m1,4,1
aten_0.1.m1.10747.m1,0,1
aten_0.1.m1.5550.m1,0,1
aten_0.1.m1.12767.m1,-11,0.526535239
aten_0.1.m1.26809.m1,3,1
aten_0.1.m1.12480.m1,0,1
aten_0.1.m1.33356.m1,3,1
aten_0.1.m1.33353.m1,3,1
aten_0.1.m1.33356.m1,3,1
aten_0.1.m1.31420.m1,1,1
aten_0.1.m1.1425.m1,-4,0.891477515
aten_0.1.m1.17274.m1,19,0.090238319
aten_0.1.m1.7698.m1,-11,0.022231772
aten_0.1.m1.7698.m1,-11,0.022231772
aten_0.1.m1.17648.m1,0,1
aten_0.1.m1.17648.m1,0,1
aten_0.1.m1.26616.m1,-2,1
aten_0.1.m1.12732.m1,0,1
aten_0.1.m1.12732.m1,0,1
aten_0.1.m1.24344.m1,0,1
aten_0.1.m1.24344.m1,0,1
aten_0.1.m1.30463.m1,6,1
aten_0.1.m1.15669.m1,15,0.062975675
aten_0.1.m1.25767.m1,-7,1
aten_0.1.m1.32115.m1,-7,0.823946746
aten_0.1.m1.26220.m1,10,0.707849019
aten_0.1.m1.11598.m1,7,0.679571511
aten_0.1.m1.14259.m1,15,0.111508339
aten_0.1.m1.32979.m1,0,1
aten_0.1.m1.2310.m1,-2,1
aten_0.1.m1.31059.m1,-16,0.072067257
aten_0.1.m1.9393.m1,-16,0.027091399
aten_0.1.m1.21154.m1,0,1
aten_0.1.m1.16208.m1,-9,0.566425697
aten_0.1.m1.1144.m1,-2,1
aten_0.1.m1.6747.m1,4,1
aten_0.1.m1.29802.m1,0,1
aten_0.1.m1.28397.m1,0,1
aten_0.1.m1.18534.m1,0,1
aten_0.1.m1.18384.m1,10,0.758267114
aten_0.1.m1.5243.m1,0,1
aten_0.1.m1.5243.m1,0,1
aten_0.1.m1.14533.m1,-17,0.000649686
aten_0.1.m1.14533.m1,8,0.082841021
aten_0.1.m1.9166.m1,0,1
aten_0.1.m1.890.m1,-12,0.320835368
aten_0.1.m1.16970.m1,0,1
aten_0.1.m1.16970.m1,0,1
aten_0.1.m1.23393.m1,5,1
aten_0.1.m1.514.m1,16,0.225787622
aten_0.1.m1.26286.m1,7,1
aten_0.1.m1.26286.m1,7,1
aten_0.1.m1.8271.m1,-14,0.253504701
aten_0.1.m1.8271.m1,-14,0.253504701
aten_0.1.m1.22827.m1,4,1
aten_0.1.m1.28811.m1,0,1
aten_0.1.m1.10846.m1,-7,1
aten_0.1.m1.19330.m1,-33,1.02708361016275e-06
aten_0.1.m1.19330.m1,-33,1.02708361016275e-06
aten_0.1.m1.1789.m1,-6,1
aten_0.1.m1.4866.m1,1,1
aten_0.1.m1.4866.m1,1,1
aten_0.1.m1.6533.m1,24,0.024409781
aten_0.1.m1.6533.m1,24,0.024409781
aten_0.1.m1.28355.m1,9,0.320835368
aten_0.1.m1.28355.m1,9,0.320835368
aten_0.1.m1.13880.m1,4,1
aten_0.1.m1.13880.m1,4,1
aten_0.1.m1.5520.m1,-7,1
aten_0.1.m1.26593.m1,-4,1
aten_0.1.m1.10341.m1,-7,1
aten_0.1.m1.550.m1,0,1
aten_0.1.m1.15979.m1,0,1
aten_0.1.m1.15979.m1,0,1
aten_0.1.m1.15979.m1,0,1
aten_0.1.m1.15979.m1,0,1
aten_0.1.m1.11864.m1,6,1
aten_0.1.m1.15694.m1,0,1
aten_0.1.m1.15694.m1,0,1
aten_0.1.m1.26505.m1,-7,0.823946746
aten_0.1.m1.3175.m1,4,1
aten_0.1.m1.3175.m1,4,1
aten_0.1.m1.22532.m1,0,1
aten_0.1.m1.9164.m1,7,0.823946746
aten_0.1.m1.18849.m1,1,1
aten_0.1.m1.14014.m1,5,0.358799898
aten_0.1.m1.10143.m1,12,0.365974035
aten_0.1.m1.29187.m1,-4,1
aten_0.1.m1.29187.m1,-4,1
aten_0.1.m1.4504.m1,0,1
aten_0.1.m1.4504.m1,0,1
aten_0.1.m1.9161.m1,-3,0.823946746
aten_0.1.m1.24226.m1,26,0.009669688
aten_0.1.m1.5608.m1,-1,1
aten_0.1.m1.7726.m1,-4,1
aten_0.1.m1.26991.m1,-5,1
aten_0.1.m1.26991.m1,-5,1
aten_0.1.m1.2136.m1,-7,0.98617294
aten_0.1.m1.18186.m1,0,1
aten_0.1.m1.18186.m1,0,1
aten_0.1.m1.29470.m1,0,1
aten_0.1.m1.15471.m1,1,1
aten_0.1.m1.22265.m1,3,1
aten_0.1.m1.5086.m1,0,1
aten_0.1.m1.5086.m1,0,1
aten_0.1.m1.6844.m1,-3,1
aten_0.1.m1.21875.m1,0,1
aten_0.1.m1.21875.m1,0,1
aten_0.1.m1.28054.m1,-1,1
aten_0.1.m1.1388.m1,9,0.507749831
aten_0.1.m1.15058.m1,-2,1
aten_0.1.m1.8183.m1,0,1
aten_0.1.m1.1042.m1,-4,1
aten_0.1.m1.21761.m1,0,1
aten_0.1.m1.21761.m1,0,1
aten_0.1.m1.8582.m1,-19,0.001851099
aten_0.1.m1.8582.m1,-19,0.001851099
aten_0.1.m1.28182.m1,-5,1
aten_0.1.m1.25592.m1,-10,0.458998164
aten_0.1.m1.12785.m1,10,0.59504063
aten_0.1.m1.12785.m1,10,0.59504063
aten_0.1.m1.12785.m1,0,1
aten_0.1.m1.12785.m1,0,1
aten_0.1.m1.25014.m1,-12,0.365974035
aten_0.1.m1.9159.m1,0,1
aten_0.1.m1.11124.m1,10,0.758267114
aten_0.1.m1.11124.m1,10,0.758267114
aten_0.1.m1.8923.m1,0,1
aten_0.1.m1.18879.m1,8,0.870532016
aten_0.1.m1.18879.m1,8,0.870532016
aten_0.1.m1.18879.m1,7,0.919324265
aten_0.1.m1.18879.m1,7,0.919324265
aten_0.1.m1.28163.m1,-7,1
aten_0.1.m1.23392.m1,2,1
aten_0.1.m1.23392.m1,2,1
aten_0.1.m1.9622.m1,4,1
aten_0.1.m1.9622.m1,4,1
aten_0.1.m1.599.m1,0,1
aten_0.1.m1.599.m1,0,1
aten_0.1.m1.25999.m1,0,1
aten_0.1.m1.25999.m1,0,1
aten_0.1.m1.19938.m1,12,0.320835368
aten_0.1.m1.5975.m1,-6,0.745503719
aten_0.1.m1.5975.m1,-6,0.745503719
aten_0.1.m1.444.m1,3,1
aten_0.1.m1.7310.m1,-7,0.679571511
aten_0.1.m1.7310.m1,-7,0.679571511
aten_0.1.m1.31322.m1,-2,1
aten_0.1.m1.11669.m1,-7,1
aten_0.1.m1.2527.m1,10,0.503957807
aten_0.1.m1.2527.m1,10,0.503957807
aten_0.1.m1.28692.m1,0,1
aten_0.1.m1.28013.m1,7,0.779650108
aten_0.1.m1.4234.m1,7,0.958489725
aten_0.1.m1.24692.m1,-22,0.046465044
aten_0.1.m1.12083.m1,0,1
aten_0.1.m1.5645.m1,-7,1
aten_0.1.m1.938.m1,-1,1
aten_0.1.m1.15519.m1,0,1
aten_0.1.m1.22893.m1,6,0.679571511
aten_0.1.m1.22893.m1,6,0.679571511
aten_0.1.m1.25177.m1,1,1
aten_0.1.m1.10932.m1,-10,0.458998164
aten_0.1.m1.4507.m1,3,1
aten_0.1.m1.20541.m1,-25,0.012057094
aten_0.1.m1.20541.m1,-25,0.012057094
aten_0.1.m1.28738.m1,7,1
aten_0.1.m1.14142.m1,-13,0.433008542
aten_0.1.m1.2673.m1,0,1
aten_0.1.m1.9961.m1,2,1
aten_0.1.m1.9966.m1,2,1
aten_0.1.m1.9966.m1,2,1
aten_0.1.m1.612.m1,-12,0.119871224
aten_0.1.m1.18736.m1,-2,1
aten_0.1.m1.9805.m1,0,1
aten_0.1.m1.9805.m1,0,1
aten_0.1.m1.22713.m1,0,1
aten_0.1.m1.31330.m1,-4,1
aten_0.1.m1.31330.m1,-4,1
aten_0.1.m1.34088.m1,2,1
aten_0.1.m1.13329.m1,-7,1
aten_0.1.m1.13329.m1,-7,1
aten_0.1.m1.1192.m1,-6,0.958489725
aten_0.1.m1.26450.m1,16,0.197376924
aten_0.1.m1.26450.m1,16,0.197376924
aten_0.1.m1.22486.m1,-9,0.779650108
aten_0.1.m1.22486.m1,-9,0.779650108
aten_0.1.m1.11734.m1,0,1
aten_0.1.m1.11734.m1,0,1
aten_0.1.m1.28836.m1,15,0.149700079
aten_0.1.m1.26523.m1,3,1
aten_0.1.m1.26523.m1,3,1
aten_0.1.m1.20790.m1,-9,0.831861091
aten_0.1.m1.9866.m1,0,1
aten_0.1.m1.9866.m1,0,1
aten_0.1.m1.1637.m1,0,1
aten_0.1.m1.26627.m1,4,1
aten_0.1.m1.22923.m1,24,0.024409781
aten_0.1.m1.20781.m1,-5,1
aten_0.1.m1.25798.m1,0,1
aten_0.1.m1.13592.m1,-6,1
aten_0.1.m1.13592.m1,-6,1
aten_0.1.m1.15626.m1,0,1
aten_0.1.m1.15626.m1,0,1
aten_0.1.m1.6539.m1,-2,1
aten_0.1.m1.17555.m1,-1,1
aten_0.1.m1.21201.m1,0,1
aten_0.1.m1.11281.m1,0,1
aten_0.1.m1.1155.m1,0,1
aten_0.1.m1.12747.m1,1,1
aten_0.1.m1.3878.m1,-3,1
aten_0.1.m1.3878.m1,-3,1
aten_0.1.m1.3077.m1,0,1
aten_0.1.m1.3077.m1,0,1
aten_0.1.m1.7518.m1,-4,1
aten_0.1.m1.16563.m1,10,0.458998164
aten_0.1.m1.16563.m1,10,0.458998164
aten_0.1.m1.11576.m1,0,1
aten_0.1.m1.2307.m1,7,1
aten_0.1.m1.5515.m1,-1,1
aten_0.1.m1.26803.m1,0,1
aten_0.1.m1.1230.m1,2,1
aten_0.1.m1.1230.m1,2,1
aten_0.1.m1.32737.m1,0,1
aten_0.1.m1.24148.m1,-24,0.024409781
aten_0.1.m1.1875.m1,0,1
aten_0.1.m1.1875.m1,0,1
aten_0.1.m1.27541.m1,3,0.823946746
aten_0.1.m1.6227.m1,6,0.225787622
aten_0.1.m1.20851.m1,-3,1
aten_0.1.m1.17865.m1,0,1
aten_0.1.m1.14541.m1,-18,0.000472761
aten_0.1.m1.24863.m1,-7,1
aten_0.1.m1.20005.m1,0,1
aten_0.1.m1.6196.m1,0,1
aten_0.1.m1.26969.m1,-8,0.95886381
aten_0.1.m1.26969.m1,-8,0.95886381
aten_0.1.m1.29602.m1,4,1
aten_0.1.m1.29602.m1,4,1
aten_0.1.m1.5355.m1,10,0.758267114
aten_0.1.m1.33661.m1,-2,1
aten_0.1.m1.3073.m1,24,1.62175678087385e-05
aten_0.1.m1.20582.m1,0,1
aten_0.1.m1.6779.m1,0,1
aten_0.1.m1.2187.m1,-12,0.287999804
aten_0.1.m1.2190.m1,-12,0.287999804
aten_0.1.m1.2187.m1,-12,0.287999804
aten_0.1.m1.19493.m1,0,1
aten_0.1.m1.15166.m1,-3,0.823946746
aten_0.1.m1.15166.m1,-3,0.823946746
aten_0.1.m1.11576.m1,9,0.779650108
aten_0.1.m1.3950.m1,0,1
aten_0.1.m1.33920.m1,0,1
aten_0.1.m1.33920.m1,0,1
aten_0.1.m1.29464.m1,5,0.358799898
aten_0.1.m1.29464.m1,5,0.358799898
aten_0.1.m1.14883.m1,25,0.005476816
aten_0.1.m1.14883.m1,25,0.005476816
aten_0.1.m1.6071.m1,0,1
aten_0.1.m1.25353.m1,3,1
aten_0.1.m1.10263.m1,6,0.225787622
aten_0.1.m1.12191.m1,0,1
aten_0.1.m1.12191.m1,0,1
aten_0.1.m1.18384.m1,0,1
aten_0.1.m1.31892.m1,4,1
aten_0.1.m1.31892.m1,4,1
aten_0.1.m1.15456.m1,0,1
aten_0.1.m1.14229.m1,5,0.358799898
aten_0.1.m1.5649.m1,0,1
aten_0.1.m1.2092.m1,-7,1
aten_0.1.m1.14538.m1,0,1
aten_0.1.m1.20386.m1,0,1
aten_0.1.m1.14977.m1,0,1
aten_0.1.m1.18773.m1,0,1
aten_0.1.m1.16047.m1,15,0.149700079
aten_0.1.m1.16047.m1,15,0.149700079
aten_0.1.m1.13351.m1,2,1
aten_0.1.m1.31873.m1,0,1
aten_0.1.m1.31873.m1,21,0.062357379
aten_0.1.m1.17976.m1,-12,0.5400878
aten_0.1.m1.9569.m1,8,0.484738186
aten_0.1.m1.9569.m1,8,0.484738186
aten_0.1.m1.21012.m1,2,1
aten_0.1.m1.27866.m1,-21,0.056295642
aten_0.1.m1.26616.m1,-14,0.0043086
aten_0.1.m1.32943.m1,0,1
aten_0.1.m1.32312.m1,10,0.030051604
aten_0.1.m1.11695.m1,0,1
aten_0.1.m1.11695.m1,0,1
aten_0.1.m1.2103.m1,30,0.001448826
aten_0.1.m1.11308.m1,0,1
aten_0.1.m1.11308.m1,0,1
aten_0.1.m1.21872.m1,0,1
aten_0.1.m1.27628.m1,6,0.225787622
aten_0.1.m1.26186.m1,17,0.000649686
aten_0.1.m1.26186.m1,3,1
aten_0.1.m1.26860.m1,0,1
aten_0.1.m1.29622.m1,15,0.295626129
aten_0.1.m1.29622.m1,15,0.295626129
aten_0.1.m1.15953.m1,0,1
aten_0.1.m1.8381.m1,-7,1
aten_0.1.m1.8381.m1,-7,1
aten_0.1.m1.184.m1,-7,0.958489725
aten_0.1.m1.184.m1,-7,0.958489725
aten_0.1.m1.14781.m1,0,1
aten_0.1.m1.29459.m1,0,1
aten_0.1.m1.29459.m1,0,1
aten_0.1.m1.13017.m1,9,0.507749831
aten_0.1.m1.7957.m1,2,1
aten_0.1.m1.18174.m1,-12,0.119871224
aten_0.1.m1.26940.m1,-7,1
aten_0.1.m1.26940.m1,-7,1
aten_0.1.m1.15276.m1,0,1
aten_0.1.m1.12517.m1,-10,0.758267114
aten_0.1.m1.8776.m1,0,1
aten_0.1.m1.8776.m1,0,1
aten_0.1.m1.10190.m1,-26,0.001448826
aten_0.1.m1.10190.m1,-26,0.001448826
aten_0.1.m1.8151.m1,-7,1
aten_0.1.m1.8151.m1,-7,1
aten_0.1.m1.14252.m1,0,1
aten_0.1.m1.5528.m1,-8,0.831973842
aten_0.1.m1.25435.m1,7,0.679571511
aten_0.1.m1.27628.m1,0,1
aten_0.1.m1.22206.m1,0,1
aten_0.1.m1.22206.m1,0,1
aten_0.1.m1.17817.m1,8,0.241683309
aten_0.1.m1.24204.m1,0,1
aten_0.1.m1.24204.m1,0,1
aten_0.1.m1.867.m1,-3,1
aten_0.1.m1.3705.m1,0,1
aten_0.1.m1.5505.m1,0,1
aten_0.1.m1.5505.m1,0,1
aten_0.1.m1.27864.m1,-25,0.00244442
aten_0.1.m1.19998.m1,-3,1
aten_0.1.m1.3056.m1,-10,0.758267114
aten_0.1.m1.3056.m1,-10,0.758267114
aten_0.1.m1.22903.m1,12,0.478947113
aten_0.1.m1.22306.m1,-3,1
aten_0.1.m1.33550.m1,2,1
aten_0.1.m1.33550.m1,2,1
aten_0.1.m1.32033.m1,0,1
aten_0.1.m1.32033.m1,0,1
aten_0.1.m1.1462.m1,0,1
aten_0.1.m1.173.m1,1,1
aten_0.1.m1.27950.m1,0,1
aten_0.1.m1.32383.m1,-2,1
aten_0.1.m1.32383.m1,-2,1
aten_0.1.m1.31489.m1,-7,1
aten_0.1.m1.23164.m1,-3,1
aten_0.1.m1.23164.m1,-3,1
aten_0.1.m1.24482.m1,4,1
aten_0.1.m1.25219.m1,0,1
aten_0.1.m1.22919.m1,0,1
aten_0.1.m1.21417.m1,0,1
aten_0.1.m1.3967.m1,0,1
aten_0.1.m1.26760.m1,0,1
aten_0.1.m1.26760.m1,0,1
aten_0.1.m1.4842.m1,-4,1
aten_0.1.m1.26632.m1,0,1
aten_0.1.m1.19343.m1,17,0.116562482
aten_0.1.m1.18436.m1,11,0.666196693
aten_0.1.m1.25256.m1,24,0.024409781
aten_0.1.m1.25256.m1,24,0.024409781
aten_0.1.m1.15277.m1,-7,0.679571511
aten_0.1.m1.15277.m1,-7,0.679571511
aten_0.1.m1.25112.m1,-19,0.101342991
aten_0.1.m1.27757.m1,0,1
aten_0.1.m1.13580.m1,8,0.937847651
aten_0.1.m1.29291.m1,0,1
aten_0.1.m1.4935.m1,3,1
aten_0.1.m1.27868.m1,0,1
aten_0.1.m1.14324.m1,-15,0.225787622
aten_0.1.m1.29601.m1,0,1
aten_0.1.m1.29601.m1,0,1
aten_0.1.m1.23671.m1,0,1
aten_0.1.m1.17493.m1,1,1
aten_0.1.m1.17414.m1,1,1
aten_0.1.m1.162.m1,-17,0.161339034
aten_0.1.m1.162.m1,5,0.358799898
aten_0.1.m1.7387.m1,0,1
aten_0.1.m1.2013.m1,-6,1
aten_0.1.m1.2013.m1,-6,1
aten_0.1.m1.12466.m1,11,0.407410228
aten_0.1.m1.13483.m1,4,1
aten_0.1.m1.18184.m1,0,1
aten_0.1.m1.986.m1,0,1
aten_0.1.m1.32580.m1,12,0.496714564
aten_0.1.m1.5529.m1,0,1
aten_0.1.m1.5529.m1,0,1
aten_0.1.m1.18478.m1,-1,1
aten_0.1.m1.7139.m1,11,0.526535239
aten_0.1.m1.6742.m1,-12,0.522218675
aten_0.1.m1.6745.m1,0,1
aten_0.1.m1.30348.m1,18,0.134929815
aten_0.1.m1.30348.m1,18,0.134929815
aten_0.1.m1.30348.m1,18,0.134929815
aten_0.1.m1.1753.m1,5,1
aten_0.1.m1.4176.m1,0,1
aten_0.1.m1.4176.m1,0,1
aten_0.1.m1.7489.m1,0,1
aten_0.1.m1.15968.m1,5,1
aten_0.1.m1.15968.m1,-3,1
aten_0.1.m1.24411.m1,0,1
aten_0.1.m1.23451.m1,-1,1
aten_0.1.m1.23451.m1,-1,1
aten_0.1.m1.12618.m1,10,0.239680874
aten_0.1.m1.12618.m1,10,0.239680874
aten_0.1.m1.3034.m1,0,1
aten_0.1.m1.22451.m1,0,1
aten_0.1.m1.24495.m1,-19,0.000261935
aten_0.1.m1.18894.m1,0,1
aten_0.1.m1.9022.m1,0,1
aten_0.1.m1.25049.m1,0,1
aten_0.1.m1.25049.m1,0,1
aten_0.1.m1.5498.m1,0,1
aten_0.1.m1.22301.m1,10,0.503957807
aten_0.1.m1.22297.m1,10,0.503957807
aten_0.1.m1.22297.m1,10,0.503957807
aten_0.1.m1.27218.m1,0,1
aten_0.1.m1.27218.m1,0,1
aten_0.1.m1.28579.m1,24,0.024409781
aten_0.1.m1.28579.m1,24,0.024409781
aten_0.1.m1.19609.m1,26,0.009669688
aten_0.1.m1.19609.m1,26,0.009669688
aten_0.1.m1.20560.m1,-6,0.225787622
aten_0.1.m1.20560.m1,-6,0.225787622
aten_0.1.m1.16195.m1,0,1
aten_0.1.m1.1348.m1,0,1
aten_0.1.m1.1348.m1,0,1
aten_0.1.m1.28012.m1,-10,0.707849019
aten_0.1.m1.27095.m1,-2,1
aten_0.1.m1.5100.m1,0,1
aten_0.1.m1.10956.m1,0,1
aten_0.1.m1.10956.m1,0,1
aten_0.1.m1.5957.m1,5,1
aten_0.1.m1.5429.m1,-4,1
aten_0.1.m1.32232.m1,-31,2.56976398080096e-07
aten_0.1.m1.19870.m1,9,0.831861091
aten_0.1.m1.19870.m1,9,0.831861091
aten_0.1.m1.15409.m1,5,1
aten_0.1.m1.75.m1,0,1
aten_0.1.m1.29900.m1,-7,1
aten_0.1.m1.9279.m1,-13,0.417770413
aten_0.1.m1.4856.m1,-5,0.895693191
aten_0.1.m1.24420.m1,2,1
aten_0.1.m1.29503.m1,-4,1
aten_0.1.m1.29503.m1,-4,1
aten_0.1.m1.22919.m1,10,0.714891027
aten_0.1.m1.27218.m1,2,1
aten_0.1.m1.27218.m1,2,1
aten_0.1.m1.2910.m1,2,1
aten_0.1.m1.2910.m1,2,1
aten_0.1.m1.18461.m1,0,1
aten_0.1.m1.22686.m1,-19,0.033156494
aten_0.1.m1.22686.m1,-19,0.033156494
aten_0.1.m1.33938.m1,-10,0.111508339
aten_0.1.m1.31662.m1,25,0.005476816
aten_0.1.m1.30816.m1,13,0.458998164
aten_0.1.m1.30816.m1,13,0.458998164
aten_0.1.m1.33010.m1,5,1
aten_0.1.m1.3762.m1,2,1
aten_0.1.m1.32923.m1,-15,0.295626129
aten_0.1.m1.17390.m1,-5,0.895693191
aten_0.1.m1.17390.m1,-5,0.895693191
aten_0.1.m1.12933.m1,7,0.439138548
aten_0.1.m1.6319.m1,9,0.83694844
aten_0.1.m1.16379.m1,-2,1
aten_0.1.m1.16869.m1,-7,1
aten_0.1.m1.16869.m1,-7,1
aten_0.1.m1.32709.m1,0,1
aten_0.1.m1.16864.m1,0,1
aten_0.1.m1.27648.m1,0,1
aten_0.1.m1.27648.m1,0,1
aten_0.1.m1.16630.m1,-17,0.000649686
aten_0.1.m1.26325.m1,-2,1
aten_0.1.m1.11970.m1,-6,1
aten_0.1.m1.11970.m1,-6,1
aten_0.1.m1.18552.m1,14,0.200047928
aten_0.1.m1.18552.m1,14,0.200047928
aten_0.1.m1.24218.m1,-7,1
aten_0.1.m1.14389.m1,5,1
aten_0.1.m1.30132.m1,0,1
aten_0.1.m1.26516.m1,4,1
aten_0.1.m1.20138.m1,-1,1
aten_0.1.m1.20138.m1,-1,1
aten_0.1.m1.24681.m1,7,1
aten_0.1.m1.5840.m1,0,1
aten_0.1.m1.5840.m1,0,1
aten_0.1.m1.5840.m1,0,1
aten_0.1.m1.5840.m1,0,1
aten_0.1.m1.26630.m1,-17,0.021981527
aten_0.1.m1.17145.m1,0,1
aten_0.1.m1.17145.m1,0,1
aten_0.1.m1.29802.m1,18,0.041567311
aten_0.1.m1.5549.m1,1,1
aten_0.1.m1.5549.m1,1,1
aten_0.1.m1.2537.m1,6,1
aten_0.1.m1.2537.m1,6,1
aten_0.1.m1.2527.m1,10,0.758267114
aten_0.1.m1.19299.m1,4,1
aten_0.1.m1.19299.m1,4,1
aten_0.1.m1.901.m1,-7,0.779650108
aten_0.1.m1.5632.m1,-5,0.358799898
aten_0.1.m1.5632.m1,-5,0.358799898
aten_0.1.m1.30691.m1,-16,0.197376924
aten_0.1.m1.15877.m1,2,1
aten_0.1.m1.16710.m1,0,1
aten_0.1.m1.15672.m1,7,1
aten_0.1.m1.32510.m1,-22,0.009155386
aten_0.1.m1.14014.m1,4,1
aten_0.1.m1.2802.m1,0,1
aten_0.1.m1.20834.m1,0,1
aten_0.1.m1.20834.m1,0,1
aten_0.1.m1.25046.m1,-4,1
aten_0.1.m1.25046.m1,-4,1
aten_0.1.m1.30518.m1,2,1
aten_0.1.m1.32728.m1,10,0.758267114
aten_0.1.m1.32728.m1,10,0.758267114
aten_0.1.m1.11085.m1,8,0.831973842
aten_0.1.m1.11085.m1,8,0.831973842
aten_0.1.m1.11087.m1,-5,1
aten_0.1.m1.11087.m1,-5,1
aten_0.1.m1.11085.m1,-7,1
aten_0.1.m1.11085.m1,-7,1
aten_0.1.m1.30886.m1,0,1
aten_0.1.m1.30886.m1,0,1
aten_0.1.m1.30886.m1,22,4.59856082099987e-05
aten_0.1.m1.30886.m1,22,4.59856082099987e-05
aten_0.1.m1.23569.m1,0,1
aten_0.1.m1.23569.m1,0,1
aten_0.1.m1.27571.m1,11,0.022231772
aten_0.1.m1.19279.m1,-14,0.343044049
aten_0.1.m1.31053.m1,0,1
aten_0.1.m1.13737.m1,0,1
aten_0.1.m1.13737.m1,0,1
aten_0.1.m1.10959.m1,-5,0.686079772
aten_0.1.m1.9925.m1,0,1
aten_0.1.m1.9925.m1,0,1
aten_0.1.m1.21893.m1,-13,0.458998164
aten_0.1.m1.22265.m1,-2,1
aten_0.1.m1.374.m1,-10,0.503957807
aten_0.1.m1.374.m1,-10,0.503957807
aten_0.1.m1.20273.m1,-5,1
aten_0.1.m1.20273.m1,-5,1
aten_0.1.m1.10210.m1,-19,0.090238319
aten_0.1.m1.10210.m1,16,0.228971874
aten_0.1.m1.10210.m1,16,0.228971874
aten_0.1.m1.17441.m1,-6,0.225787622
aten_0.1.m1.17441.m1,-6,0.225787622
aten_0.1.m1.6840.m1,0,1
aten_0.1.m1.4711.m1,-7,1
aten_0.1.m1.4711.m1,-7,1
aten_0.1.m1.4686.m1,-12,0.365974035
aten_0.1.m1.4686.m1,-12,0.365974035
aten_0.1.m1.4686.m1,-2,1
aten_0.1.m1.4686.m1,-2,1
aten_0.1.m1.26602.m1,0,1
aten_0.1.m1.21868.m1,0,1
aten_0.1.m1.21868.m1,0,1
aten_0.1.m1.21866.m1,0,1
aten_0.1.m1.21866.m1,0,1
aten_0.1.m1.16937.m1,-8,0.982867425
aten_0.1.m1.1935.m1,2,1
aten_0.1.m1.1935.m1,2,1
aten_0.1.m1.28215.m1,12,0.175805049
aten_0.1.m1.21866.m1,-4,1
aten_0.1.m1.1.m1,0,1
aten_0.1.m1.24256.m1,0,1
aten_0.1.m1.108.m1,5,0.358799898
aten_0.1.m1.108.m1,5,0.358799898
aten_0.1.m1.8120.m1,2,1
aten_0.1.m1.23588.m1,-14,0.138443349
aten_0.1.m1.11650.m1,6,1
aten_0.1.m1.11650.m1,6,1
aten_0.1.m1.514.m1,0,1
aten_0.1.m1.28677.m1,-4,1
aten_0.1.m1.24495.m1,-15,0.315355142
aten_0.1.m1.27877.m1,13,0.458998164
aten_0.1.m1.27877.m1,13,0.458998164
aten_0.1.m1.33858.m1,0,1
aten_0.1.m1.26464.m1,0,1
aten_0.1.m1.23329.m1,11,0.407410228
aten_0.1.m1.23329.m1,11,0.407410228
aten_0.1.m1.20200.m1,7,1
aten_0.1.m1.20200.m1,7,1
aten_0.1.m1.14722.m1,24,0.024409781
aten_0.1.m1.33444.m1,0,1
aten_0.1.m1.3054.m1,0,1
aten_0.1.m1.32047.m1,0,1
aten_0.1.m1.32047.m1,0,1
aten_0.1.m1.32810.m1,0,1
aten_0.1.m1.32810.m1,0,1
aten_0.1.m1.22632.m1,7,1
aten_0.1.m1.22632.m1,7,1
aten_0.1.m1.29592.m1,0,1
aten_0.1.m1.29592.m1,0,1
aten_0.1.m1.13577.m1,0,1
aten_0.1.m1.2436.m1,-28,1.53886685524624e-06
aten_0.1.m1.27628.m1,-6,1
aten_0.1.m1.28223.m1,4,1
aten_0.1.m1.28223.m1,4,1
aten_0.1.m1.33338.m1,0,1
aten_0.1.m1.33338.m1,0,1
aten_0.1.m1.33338.m1,0,1
aten_0.1.m1.33338.m1,0,1
aten_0.1.m1.26693.m1,0,1
aten_0.1.m1.18488.m1,11,0.596555899
aten_0.1.m1.18488.m1,11,0.596555899
aten_0.1.m1.1159.m1,0,1
aten_0.1.m1.1159.m1,0,1
aten_0.1.m1.19309.m1,1,1
aten_0.1.m1.7834.m1,0,1
aten_0.1.m1.7834.m1,0,1
aten_0.1.m1.5964.m1,0,1
aten_0.1.m1.5570.m1,-2,1
aten_0.1.m1.31375.m1,0,1
aten_0.1.m1.17968.m1,0,1
aten_0.1.m1.19651.m1,2,1
aten_0.1.m1.25077.m1,0,1
aten_0.1.m1.28771.m1,0,1
aten_0.1.m1.28771.m1,0,1
aten_0.1.m1.11166.m1,0,1
aten_0.1.m1.27118.m1,-18,0.116562482
aten_0.1.m1.17081.m1,0,1
aten_0.1.m1.17081.m1,0,1
aten_0.1.m1.29541.m1,1,1
aten_0.1.m1.14066.m1,-7,0.958489725
aten_0.1.m1.25899.m1,-12,0.365974035
aten_0.1.m1.25899.m1,-12,0.365974035
aten_0.1.m1.30693.m1,0,1
aten_0.1.m1.30693.m1,0,1
aten_0.1.m1.4578.m1,0,1
aten_0.1.m1.4578.m1,0,1
aten_0.1.m1.32536.m1,5,0.895693191
aten_0.1.m1.1337.m1,0,1
aten_0.1.m1.7725.m1,0,1
aten_0.1.m1.7725.m1,0,1
aten_0.1.m1.30957.m1,21,0.041567311
aten_0.1.m1.30957.m1,21,0.041567311
aten_0.1.m1.29498.m1,0,1
aten_0.1.m1.30354.m1,10,0.758267114
aten_0.1.m1.28756.m1,-3,1
aten_0.1.m1.14366.m1,6,1
aten_0.1.m1.27183.m1,11,0.661099438
aten_0.1.m1.13938.m1,0,1
aten_0.1.m1.6421.m1,-5,1
aten_0.1.m1.23804.m1,-7,1
aten_0.1.m1.23804.m1,-7,1
aten_0.1.m1.30624.m1,6,0.225787622
aten_0.1.m1.29157.m1,-3,1
aten_0.1.m1.33417.m1,0,1
aten_0.1.m1.26859.m1,0,1
aten_0.1.m1.26859.m1,0,1
aten_0.1.m1.28822.m1,-2,1
aten_0.1.m1.12045.m1,-1,1
aten_0.1.m1.29573.m1,10,0.754414336
aten_0.1.m1.29573.m1,10,0.754414336
aten_0.1.m1.33438.m1,0,1
aten_0.1.m1.20041.m1,21,0.030051604
aten_0.1.m1.15191.m1,8,0.831973842
aten_0.1.m1.28375.m1,10,0.439138548
aten_0.1.m1.890.m1,0,1
aten_0.1.m1.16564.m1,0,1
aten_0.1.m1.19368.m1,0,1
aten_0.1.m1.26082.m1,-8,0.982867425
aten_0.1.m1.26082.m1,-8,0.982867425
aten_0.1.m1.26019.m1,7,0.992876843
aten_0.1.m1.26019.m1,7,0.992876843
aten_0.1.m1.31019.m1,0,1
aten_0.1.m1.23843.m1,6,0.784053738
aten_0.1.m1.16018.m1,0,1
aten_0.1.m1.24257.m1,10,0.745503719
aten_0.1.m1.24257.m1,10,0.745503719
aten_0.1.m1.23452.m1,0,1
aten_0.1.m1.31688.m1,0,1
aten_0.1.m1.28242.m1,0,1
aten_0.1.m1.28242.m1,0,1
aten_0.1.m1.15768.m1,-24,0.024409781
aten_0.1.m1.20386.m1,0,1
aten_0.1.m1.16875.m1,0,1
aten_0.1.m1.15823.m1,0,1
aten_0.1.m1.29356.m1,12,0.403230613
aten_0.1.m1.30886.m1,0,1
aten_0.1.m1.32649.m1,2,1
aten_0.1.m1.32649.m1,25,0.009669688
aten_0.1.m1.16217.m1,0,1
aten_0.1.m1.33277.m1,0,1
aten_0.1.m1.33277.m1,0,1
aten_0.1.m1.30075.m1,3,1
aten_0.1.m1.30075.m1,3,1
aten_0.1.m1.5310.m1,11,0.319154092
aten_0.1.m1.5310.m1,11,0.319154092
aten_0.1.m1.28484.m1,-8,0.831973842
aten_0.1.m1.3901.m1,0,1
aten_0.1.m1.3901.m1,0,1
aten_0.1.m1.16147.m1,-6,0.225787622
aten_0.1.m1.33238.m1,0,1
aten_0.1.m1.27591.m1,6,0.225787622
aten_0.1.m1.21997.m1,0,1
aten_0.1.m1.21997.m1,0,1
aten_0.1.m1.24145.m1,24,0.024409781
aten_0.1.m1.24145.m1,24,0.024409781
aten_0.1.m1.27099.m1,19,0.041567311
aten_0.1.m1.32304.m1,-20,0.065411489
aten_0.1.m1.32304.m1,-20,0.065411489
aten_0.1.m1.32304.m1,13,0.458998164
aten_0.1.m1.32304.m1,13,0.458998164
aten_0.1.m1.19906.m1,-1,1
aten_0.1.m1.19906.m1,-1,1
aten_0.1.m1.33278.m1,0,1
aten_0.1.m1.29320.m1,-8,0.082841021
aten_0.1.m1.29320.m1,-8,0.082841021
aten_0.1.m1.23155.m1,-2,1
aten_0.1.m1.31455.m1,-4,1
aten_0.1.m1.16924.m1,7,1
aten_0.1.m1.16464.m1,18,0.153100412
aten_0.1.m1.3705.m1,-11,0.235563322
aten_0.1.m1.33051.m1,30,0.000598385
aten_0.1.m1.33051.m1,30,0.000598385
aten_0.1.m1.16104.m1,0,1
aten_0.1.m1.28012.m1,-11,0.631590725
aten_0.1.m1.28012.m1,-11,0.631590725
aten_0.1.m1.26475.m1,-3,1
aten_0.1.m1.26475.m1,-3,1
aten_0.1.m1.26475.m1,-3,1
aten_0.1.m1.28911.m1,0,1
aten_0.1.m1.29575.m1,19,0.065081121
aten_0.1.m1.2671.m1,4,1
aten_0.1.m1.2674.m1,4,1
aten_0.1.m1.14659.m1,-14,0.0043086
aten_0.1.m1.26670.m1,2,1
aten_0.1.m1.26670.m1,2,1
aten_0.1.m1.11308.m1,11,0.478947113
aten_0.1.m1.28796.m1,0,1
aten_0.1.m1.31332.m1,-1,1
aten_0.1.m1.31332.m1,-1,1
aten_0.1.m1.23818.m1,-6,0.958489725
aten_0.1.m1.23818.m1,-6,0.958489725
aten_0.1.m1.34077.m1,-9,0.724154609
aten_0.1.m1.27771.m1,0,1
aten_0.1.m1.10261.m1,0,1
aten_0.1.m1.18278.m1,2,1
aten_0.1.m1.13624.m1,0,1
aten_0.1.m1.8718.m1,0,1
aten_0.1.m1.29769.m1,7,1
aten_0.1.m1.16002.m1,-3,0.823946746
aten_0.1.m1.15511.m1,0,1
aten_0.1.m1.15511.m1,0,1
aten_0.1.m1.32538.m1,0,1
aten_0.1.m1.11850.m1,7,1
aten_0.1.m1.14625.m1,0,1
aten_0.1.m1.9379.m1,-3,1
aten_0.1.m1.1334.m1,11,0.260297624
aten_0.1.m1.1334.m1,11,0.260297624
aten_0.1.m1.14569.m1,-11,0.631590725
aten_0.1.m1.18100.m1,0,1
aten_0.1.m1.18100.m1,0,1
aten_0.1.m1.19270.m1,-3,1
aten_0.1.m1.22551.m1,1,1
aten_0.1.m1.22551.m1,1,1
aten_0.1.m1.22552.m1,7,0.779650108
aten_0.1.m1.22552.m1,7,0.779650108
aten_0.1.m1.2590.m1,0,1
aten_0.1.m1.5787.m1,13,0.205980253
aten_0.1.m1.6608.m1,0,1
aten_0.1.m1.19967.m1,0,1
aten_0.1.m1.30382.m1,0,1
aten_0.1.m1.2773.m1,0,1
aten_0.1.m1.2773.m1,0,1
aten_0.1.m1.18592.m1,-4,1
aten_0.1.m1.18592.m1,-4,1
aten_0.1.m1.15947.m1,4,1
aten_0.1.m1.15947.m1,4,1
aten_0.1.m1.28920.m1,0,1
aten_0.1.m1.10872.m1,0,1
aten_0.1.m1.10872.m1,0,1
aten_0.1.m1.16869.m1,0,1
aten_0.1.m1.16869.m1,0,1
aten_0.1.m1.17446.m1,9,0.686079772
aten_0.1.m1.20890.m1,-1,1
aten_0.1.m1.20890.m1,-1,1
aten_0.1.m1.16212.m1,9,0.823946746
aten_0.1.m1.16212.m1,9,0.823946746
aten_0.1.m1.16212.m1,13,0.380632722
aten_0.1.m1.16212.m1,13,0.380632722
aten_0.1.m1.28953.m1,0,1
aten_0.1.m1.28953.m1,0,1
aten_0.1.m1.5030.m1,0,1
aten_0.1.m1.1705.m1,0,1
aten_0.1.m1.1705.m1,0,1
aten_0.1.m1.18278.m1,0,1
aten_0.1.m1.6128.m1,0,1
aten_0.1.m1.32579.m1,-10,0.758267114
aten_0.1.m1.14592.m1,6,1
aten_0.1.m1.30459.m1,14,0.278673191
aten_0.1.m1.30459.m1,14,0.278673191
aten_0.1.m1.18723.m1,0,1
aten_0.1.m1.15800.m1,12,0.403230613
aten_0.1.m1.19969.m1,-2,1
aten_0.1.m1.19969.m1,-2,1
aten_0.1.m1.8817.m1,0,1
aten_0.1.m1.8817.m1,0,1
aten_0.1.m1.32792.m1,-23,0.025987655
aten_0.1.m1.32892.m1,0,1
aten_0.1.m1.2537.m1,0,1
aten_0.1.m1.2537.m1,0,1
aten_0.1.m1.24184.m1,12,0.458998164
aten_0.1.m1.22090.m1,0,1
aten_0.1.m1.22090.m1,0,1
aten_0.1.m1.26094.m1,0,1
aten_0.1.m1.26094.m1,0,1
aten_0.1.m1.5958.m1,0,1
aten_0.1.m1.9536.m1,0,1
aten_0.1.m1.9536.m1,0,1
aten_0.1.m1.5076.m1,0,1
aten_0.1.m1.5076.m1,0,1
aten_0.1.m1.23877.m1,0,1
aten_0.1.m1.20607.m1,9,0.823946746
aten_0.1.m1.20607.m1,9,0.823946746
aten_0.1.m1.16852.m1,-23,0.005839742
aten_0.1.m1.5459.m1,0,1
aten_0.1.m1.5459.m1,-7,0.566425697
aten_0.1.m1.29305.m1,-11,0.62648178
aten_0.1.m1.29305.m1,-11,0.62648178
aten_0.1.m1.28793.m1,0,1
aten_0.1.m1.28793.m1,0,1
aten_0.1.m1.31006.m1,-17,0.000649686
aten_0.1.m1.12926.m1,0,1
aten_0.1.m1.22994.m1,-13,0.380632722
aten_0.1.m1.22994.m1,-20,0.064286164
aten_0.1.m1.32787.m1,-3,0.823946746
aten_0.1.m1.32787.m1,-3,0.823946746
aten_0.1.m1.10631.m1,2,1
aten_0.1.m1.10631.m1,2,1
aten_0.1.m1.310.m1,7,1
aten_0.1.m1.33460.m1,0,1
aten_0.1.m1.26079.m1,-21,0.033995681
aten_0.1.m1.21997.m1,0,1
aten_0.1.m1.21997.m1,0,1
aten_0.1.m1.9604.m1,0,1
aten_0.1.m1.28601.m1,-1,1
aten_0.1.m1.24256.m1,0,1
aten_0.1.m1.14614.m1,-11,0.260297624
aten_0.1.m1.32374.m1,0,1
aten_0.1.m1.19311.m1,-3,0.823946746
aten_0.1.m1.19311.m1,-3,0.823946746
aten_0.1.m1.5428.m1,13,0.104718901
aten_0.1.m1.31777.m1,-8,0.525158778
aten_0.1.m1.13976.m1,-13,0.205980253
aten_0.1.m1.8433.m1,-8,0.883172472
aten_0.1.m1.22088.m1,0,1
aten_0.1.m1.13142.m1,9,0.83694844
aten_0.1.m1.32046.m1,9,0.686079772
aten_0.1.m1.32046.m1,9,0.686079772
aten_0.1.m1.29622.m1,8,0.831973842
aten_0.1.m1.29622.m1,8,0.831973842
aten_0.1.m1.32786.m1,0,1
aten_0.1.m1.23146.m1,12,0.365974035
aten_0.1.m1.23146.m1,12,0.365974035
aten_0.1.m1.8091.m1,0,1
aten_0.1.m1.9766.m1,-1,1
aten_0.1.m1.9766.m1,-1,1
aten_0.1.m1.27795.m1,0,1
aten_0.1.m1.27795.m1,0,1
aten_0.1.m1.11404.m1,0,1
aten_0.1.m1.29294.m1,-2,1
aten_0.1.m1.19244.m1,-2,1
aten_0.1.m1.19244.m1,-2,1
aten_0.1.m1.12585.m1,-6,0.745503719
aten_0.1.m1.12585.m1,-6,0.745503719
aten_0.1.m1.33397.m1,4,1
aten_0.1.m1.28567.m1,0,1
aten_0.1.m1.28567.m1,0,1
aten_0.1.m1.30201.m1,4,0.993433057
aten_0.1.m1.30201.m1,4,0.993433057
aten_0.1.m1.2014.m1,14,0.0043086
aten_0.1.m1.407.m1,-5,1
aten_0.1.m1.26220.m1,6,0.679571511
aten_0.1.m1.15373.m1,0,1
aten_0.1.m1.15373.m1,0,1
aten_0.1.m1.12461.m1,7,1
aten_0.1.m1.15141.m1,0,1
aten_0.1.m1.21715.m1,6,0.83694844
aten_0.1.m1.3388.m1,-1,1
aten_0.1.m1.3388.m1,-1,1
aten_0.1.m1.30548.m1,-7,0.779650108
aten_0.1.m1.30548.m1,-7,0.779650108
aten_0.1.m1.27304.m1,7,0.823946746
aten_0.1.m1.21274.m1,1,1
aten_0.1.m1.21274.m1,1,1
aten_0.1.m1.12464.m1,-6,0.745503719
aten_0.1.m1.11203.m1,0,1
aten_0.1.m1.25296.m1,-7,0.992876843
aten_0.1.m1.25746.m1,0,1
aten_0.1.m1.25746.m1,0,1
aten_0.1.m1.20132.m1,3,0.823946746
aten_0.1.m1.20132.m1,3,0.823946746
aten_0.1.m1.23997.m1,0,1
aten_0.1.m1.23997.m1,0,1
aten_0.1.m1.17015.m1,9,0.507749831
aten_0.1.m1.1444.m1,-4,0.891477515
aten_0.1.m1.13407.m1,0,1
aten_0.1.m1.3046.m1,0,1
aten_0.1.m1.3046.m1,0,1
aten_0.1.m1.28926.m1,0,1
aten_0.1.m1.18829.m1,-3,1
aten_0.1.m1.18829.m1,-3,1
aten_0.1.m1.19739.m1,0,1
aten_0.1.m1.19739.m1,0,1
aten_0.1.m1.1317.m1,0,1
aten_0.1.m1.1317.m1,0,1
aten_0.1.m1.6434.m1,0,1
aten_0.1.m1.156.m1,1,1
aten_0.1.m1.156.m1,1,1
aten_0.1.m1.25963.m1,2,1
aten_0.1.m1.5864.m1,0,1
aten_0.1.m1.1018.m1,0,1
aten_0.1.m1.3711.m1,0,1
aten_0.1.m1.22941.m1,-14,0.170510191
aten_0.1.m1.17708.m1,-1,1
aten_0.1.m1.20005.m1,0,1
aten_0.1.m1.33727.m1,5,0.895693191
aten_0.1.m1.33727.m1,5,0.895693191
aten_0.1.m1.25233.m1,0,1
aten_0.1.m1.25233.m1,0,1
aten_0.1.m1.26186.m1,7,1
aten_0.1.m1.31489.m1,5,1
aten_0.1.m1.29457.m1,0,1
aten_0.1.m1.19018.m1,0,1
aten_0.1.m1.19018.m1,0,1
aten_0.1.m1.17431.m1,-1,1
aten_0.1.m1.1715.m1,6,0.745503719
aten_0.1.m1.3175.m1,-4,1
aten_0.1.m1.3175.m1,-4,1
aten_0.1.m1.34115.m1,0,1
aten_0.1.m1.15279.m1,3,0.823946746
aten_0.1.m1.26185.m1,0,1
aten_0.1.m1.26184.m1,0,1
aten_0.1.m1.26185.m1,0,1
aten_0.1.m1.21632.m1,0,1
aten_0.1.m1.16914.m1,1,1
aten_0.1.m1.8606.m1,0,1
aten_0.1.m1.8606.m1,0,1
aten_0.1.m1.8152.m1,-29,0.003387831
aten_0.1.m1.7636.m1,0,1
aten_0.1.m1.7636.m1,0,1
aten_0.1.m1.30265.m1,0,1
aten_0.1.m1.30265.m1,0,1
aten_0.1.m1.28858.m1,-9,0.507749831
aten_0.1.m1.28858.m1,-9,0.507749831
aten_0.1.m1.24735.m1,-1,1
aten_0.1.m1.24735.m1,-1,1
aten_0.1.m1.33749.m1,0,1
aten_0.1.m1.18824.m1,2,1
aten_0.1.m1.18841.m1,2,1
aten_0.1.m1.18841.m1,2,1
aten_0.1.m1.18824.m1,2,1
aten_0.1.m1.13530.m1,-5,0.686079772
aten_0.1.m1.13530.m1,-5,0.686079772
aten_0.1.m1.2372.m1,0,1
aten_0.1.m1.13129.m1,0,1
aten_0.1.m1.13129.m1,0,1
aten_0.1.m1.890.m1,-24,0.024409781
aten_0.1.m1.23556.m1,0,1
aten_0.1.m1.4927.m1,0,1
aten_0.1.m1.4927.m1,0,1
aten_0.1.m1.12758.m1,0,1
aten_0.1.m1.7518.m1,0,1
aten_0.1.m1.28920.m1,0,1
aten_0.1.m1.28920.m1,0,1
aten_0.1.m1.9517.m1,0,1
aten_0.1.m1.27352.m1,-1,1
aten_0.1.m1.25225.m1,-7,1
aten_0.1.m1.3394.m1,-9,0.170510191
aten_0.1.m1.10215.m1,0,1
aten_0.1.m1.23226.m1,0,1
aten_0.1.m1.4859.m1,5,1
aten_0.1.m1.32344.m1,0,1
aten_0.1.m1.32344.m1,0,1
aten_0.1.m1.4291.m1,-7,0.679571511
aten_0.1.m1.21935.m1,-12,0.320835368
aten_0.1.m1.21935.m1,-12,0.320835368
aten_0.1.m1.3101.m1,-1,1
aten_0.1.m1.3101.m1,-1,1
aten_0.1.m1.27694.m1,-2,1
aten_0.1.m1.27271.m1,18,0.065081121
aten_0.1.m1.27271.m1,18,0.065081121
aten_0.1.m1.29460.m1,0,1
aten_0.1.m1.29460.m1,0,1
aten_0.1.m1.15967.m1,0,1
aten_0.1.m1.607.m1,-3,1
aten_0.1.m1.7765.m1,0,1
aten_0.1.m1.9393.m1,17,0.189613729
aten_0.1.m1.34014.m1,16,0.182600938
aten_0.1.m1.13406.m1,0,1
aten_0.1.m1.13406.m1,0,1
aten_0.1.m1.19713.m1,0,1
aten_0.1.m1.32810.m1,0,1
aten_0.1.m1.32810.m1,0,1
aten_0.1.m1.23013.m1,0,1
aten_0.1.m1.7184.m1,0,1
aten_0.1.m1.7184.m1,0,1
aten_0.1.m1.30092.m1,6,0.784053738
aten_0.1.m1.25885.m1,-1,1
aten_0.1.m1.12191.m1,-9,0.320835368
aten_0.1.m1.32363.m1,0,1
aten_0.1.m1.32363.m1,0,1
aten_0.1.m1.3737.m1,19,0.041567311
aten_0.1.m1.3976.m1,0,1
aten_0.1.m1.7636.m1,-1,1
aten_0.1.m1.7636.m1,-1,1
aten_0.1.m1.13970.m1,0,1
aten_0.1.m1.13970.m1,0,1
aten_0.1.m1.3961.m1,11,0.319154092
aten_0.1.m1.8539.m1,0,1
aten_0.1.m1.12123.m1,-5,0.993433057
aten_0.1.m1.27545.m1,-11,0.022231772
aten_0.1.m1.8948.m1,-1,1
aten_0.1.m1.8948.m1,-1,1
aten_0.1.m1.26195.m1,9,0.507749831
aten_0.1.m1.26769.m1,0,1
aten_0.1.m1.22661.m1,1,1
aten_0.1.m1.29966.m1,0,1
aten_0.1.m1.20721.m1,-18,0.000472761
aten_0.1.m1.20721.m1,-18,0.000472761
aten_0.1.m1.20365.m1,15,0.111508339
aten_0.1.m1.19969.m1,-10,0.503957807
aten_0.1.m1.19969.m1,-10,0.503957807
aten_0.1.m1.6869.m1,0,1
aten_0.1.m1.21151.m1,-2,1
aten_0.1.m1.21151.m1,-2,1
aten_0.1.m1.6034.m1,0,1
aten_0.1.m1.6034.m1,0,1
aten_0.1.m1.26485.m1,0,1
aten_0.1.m1.16778.m1,0,1
aten_0.1.m1.966.m1,-24,0.024409781
aten_0.1.m1.966.m1,-24,0.024409781
aten_0.1.m1.1399.m1,-6,0.225787622
aten_0.1.m1.19382.m1,0,1
aten_0.1.m1.7936.m1,11,0.022231772
aten_0.1.m1.16142.m1,0,1
aten_0.1.m1.14331.m1,7,0.958489725
aten_0.1.m1.14331.m1,7,0.958489725
aten_0.1.m1.19307.m1,-16,0.182600938
aten_0.1.m1.6101.m1,0,1
aten_0.1.m1.29893.m1,3,0.823946746
aten_0.1.m1.35.m1,-26,0.008726976
aten_0.1.m1.19501.m1,0,1
aten_0.1.m1.19501.m1,0,1
aten_0.1.m1.27541.m1,-1,1
aten_0.1.m1.33356.m1,8,0.831973842
aten_0.1.m1.5026.m1,0,1
aten_0.1.m1.25540.m1,0,1
aten_0.1.m1.33831.m1,0,1
aten_0.1.m1.664.m1,2,1
aten_0.1.m1.664.m1,2,1
aten_0.1.m1.428.m1,-4,1
aten_0.1.m1.11634.m1,-5,1
aten_0.1.m1.11630.m1,-5,1
aten_0.1.m1.19.m1,0,1
aten_0.1.m1.19.m1,0,1
aten_0.1.m1.14018.m1,0,1
aten_0.1.m1.8914.m1,-8,0.982867425
aten_0.1.m1.8914.m1,-8,0.982867425
aten_0.1.m1.2959.m1,0,1
aten_0.1.m1.8776.m1,8,0.679571511
aten_0.1.m1.22012.m1,-3,0.823946746
aten_0.1.m1.3790.m1,-7,0.779650108
aten_0.1.m1.5024.m1,-24,0.024409781
aten_0.1.m1.15521.m1,0,1
aten_0.1.m1.8334.m1,4,1
aten_0.1.m1.2171.m1,-11,0.042840075
aten_0.1.m1.7292.m1,0,1
aten_0.1.m1.23125.m1,0,1
aten_0.1.m1.19718.m1,0,1
aten_0.1.m1.3450.m1,7,0.566425697
aten_0.1.m1.22324.m1,-10,0.439138548
aten_0.1.m1.22324.m1,-10,0.439138548
aten_0.1.m1.29855.m1,-15,0.01511376
aten_0.1.m1.24198.m1,0,1
aten_0.1.m1.6081.m1,5,1
aten_0.1.m1.9510.m1,0,1
aten_0.1.m1.4545.m1,0,1
aten_0.1.m1.31211.m1,-7,0.679571511
aten_0.1.m1.31211.m1,-7,0.679571511
aten_0.1.m1.17819.m1,0,1
aten_0.1.m1.4348.m1,-9,0.724154609
aten_0.1.m1.323.m1,-3,0.823946746
aten_0.1.m1.9841.m1,0,1
aten_0.1.m1.867.m1,-14,0.363096104
aten_0.1.m1.867.m1,-14,0.363096104
aten_0.1.m1.9350.m1,1,1
aten_0.1.m1.24840.m1,-14,0.373776199
aten_0.1.m1.22396.m1,0,1
aten_0.1.m1.27866.m1,4,1
aten_0.1.m1.32953.m1,-1,1
aten_0.1.m1.8050.m1,-1,1
aten_0.1.m1.8050.m1,-1,1
aten_0.1.m1.9623.m1,1,1
aten_0.1.m1.9860.m1,19,0.000261935
aten_0.1.m1.29905.m1,0,1
aten_0.1.m1.18544.m1,21,0.064286164
aten_0.1.m1.15280.m1,0,1
aten_0.1.m1.15280.m1,0,1
aten_0.1.m1.23806.m1,-14,0.343044049
aten_0.1.m1.23806.m1,-14,0.343044049
aten_0.1.m1.32853.m1,-10,0.030051604
aten_0.1.m1.32853.m1,-10,0.030051604
aten_0.1.m1.6077.m1,0,1
aten_0.1.m1.19665.m1,-6,1
aten_0.1.m1.27877.m1,16,0.197376924
aten_0.1.m1.27877.m1,16,0.197376924
aten_0.1.m1.12099.m1,0,1
aten_0.1.m1.28438.m1,8,0.883172472
aten_0.1.m1.28438.m1,8,0.883172472
aten_0.1.m1.3038.m1,0,1
aten_0.1.m1.19226.m1,0,1
aten_0.1.m1.26510.m1,0,1
aten_0.1.m1.26510.m1,0,1
aten_0.1.m1.15891.m1,0,1
aten_0.1.m1.15891.m1,0,1
aten_0.1.m1.24553.m1,-11,0.022231772
aten_0.1.m1.28762.m1,3,1
aten_0.1.m1.33314.m1,-17,0.116562482
aten_0.1.m1.13341.m1,-1,1
aten_0.1.m1.13341.m1,-1,1
aten_0.1.m1.19045.m1,0,1
aten_0.1.m1.19045.m1,0,1
aten_0.1.m1.19651.m1,0,1
aten_0.1.m1.29033.m1,-4,1
aten_0.1.m1.29033.m1,-4,1
aten_0.1.m1.26336.m1,-2,1
aten_0.1.m1.26336.m1,-2,1
aten_0.1.m1.32281.m1,0,1
aten_0.1.m1.32281.m1,0,1
aten_0.1.m1.12007.m1,13,0.458998164
aten_0.1.m1.4383.m1,-12,0.287999804
aten_0.1.m1.27295.m1,7,1
aten_0.1.m1.2463.m1,-4,1
aten_0.1.m1.6856.m1,0,1
aten_0.1.m1.27443.m1,1,1
aten_0.1.m1.24967.m1,0,1
aten_0.1.m1.24967.m1,0,1
aten_0.1.m1.31484.m1,-4,1
aten_0.1.m1.31484.m1,-4,1
aten_0.1.m1.18839.m1,7,0.439138548
aten_0.1.m1.4839.m1,0,1
aten_0.1.m1.4839.m1,0,1
aten_0.1.m1.14442.m1,0,1
aten_0.1.m1.7215.m1,-2,1
aten_0.1.m1.27287.m1,-3,1
aten_0.1.m1.27287.m1,-3,1
aten_0.1.m1.27521.m1,9,0.566425697
aten_0.1.m1.27521.m1,9,0.566425697
aten_0.1.m1.21866.m1,0,1
aten_0.1.m1.21866.m1,0,1
aten_0.1.m1.5202.m1,0,1
aten_0.1.m1.24664.m1,8,0.241683309
aten_0.1.m1.24664.m1,8,0.241683309
aten_0.1.m1.25033.m1,0,1
aten_0.1.m1.23130.m1,-2,1
aten_0.1.m1.26405.m1,-7,1
aten_0.1.m1.3958.m1,0,1
aten_0.1.m1.4205.m1,0,1
aten_0.1.m1.15319.m1,4,1
aten_0.1.m1.15319.m1,4,1
aten_0.1.m1.9363.m1,-3,0.823946746
aten_0.1.m1.22977.m1,-2,1
aten_0.1.m1.26336.m1,-4,1
aten_0.1.m1.6370.m1,0,1
aten_0.1.m1.13974.m1,1,1
aten_0.1.m1.13974.m1,1,1
aten_0.1.m1.24851.m1,4,1
aten_0.1.m1.24851.m1,4,1
aten_0.1.m1.2589.m1,0,1
aten_0.1.m1.1828.m1,-3,1
aten_0.1.m1.1828.m1,-3,1
aten_0.1.m1.11760.m1,-2,1
aten_0.1.m1.11034.m1,4,1
aten_0.1.m1.1372.m1,0,1
aten_0.1.m1.22652.m1,-7,1
aten_0.1.m1.29673.m1,0,1
aten_0.1.m1.29673.m1,0,1
aten_0.1.m1.11181.m1,0,1
aten_0.1.m1.21216.m1,10,0.714891027
aten_0.1.m1.191.m1,10,0.758267114
aten_0.1.m1.30146.m1,0,1
aten_0.1.m1.20101.m1,0,1
aten_0.1.m1.3024.m1,0,1
aten_0.1.m1.3024.m1,0,1
aten_0.1.m1.18534.m1,0,1
aten_0.1.m1.15855.m1,0,1
aten_0.1.m1.4543.m1,7,0.140360402
aten_0.1.m1.29213.m1,2,1
aten_0.1.m1.1262.m1,0,1
aten_0.1.m1.14699.m1,9,0.831973842
aten_0.1.m1.14699.m1,9,0.831973842
aten_0.1.m1.31419.m1,2,1
aten_0.1.m1.7123.m1,3,1
aten_0.1.m1.7925.m1,0,1
aten_0.1.m1.7925.m1,0,1
aten_0.1.m1.16707.m1,-7,0.992876843
aten_0.1.m1.16707.m1,-7,0.992876843
aten_0.1.m1.18157.m1,-1,1
aten_0.1.m1.18157.m1,-1,1
aten_0.1.m1.31940.m1,0,1
aten_0.1.m1.18565.m1,-12,0.433008542
aten_0.1.m1.12125.m1,-19,0.082841021
aten_0.1.m1.12125.m1,-19,0.082841021
aten_0.1.m1.6018.m1,0,1
aten_0.1.m1.23358.m1,4,1
aten_0.1.m1.9471.m1,0,1
aten_0.1.m1.9471.m1,0,1
aten_0.1.m1.5888.m1,-10,0.203191175
aten_0.1.m1.32810.m1,7,1
aten_0.1.m1.32810.m1,7,1
aten_0.1.m1.27244.m1,7,0.679571511
aten_0.1.m1.32913.m1,-4,1
aten_0.1.m1.32913.m1,-4,1
aten_0.1.m1.5092.m1,2,1
aten_0.1.m1.5092.m1,0,1
aten_0.1.m1.1384.m1,-4,1
aten_0.1.m1.25547.m1,13,0.320835368
aten_0.1.m1.25547.m1,13,0.320835368
aten_0.1.m1.20558.m1,0,1
aten_0.1.m1.12758.m1,0,1
aten_0.1.m1.16307.m1,-8,0.912469922
aten_0.1.m1.26921.m1,0,1
aten_0.1.m1.26921.m1,0,1
aten_0.1.m1.11743.m1,-5,0.993433057
aten_0.1.m1.17057.m1,-19,0.033156494
aten_0.1.m1.17057.m1,-19,0.033156494
aten_0.1.m1.6183.m1,11,0.407410228
aten_0.1.m1.6183.m1,11,0.407410228
aten_0.1.m1.2715.m1,0,1
aten_0.1.m1.20137.m1,6,1
aten_0.1.m1.20137.m1,6,1
aten_0.1.m1.11710.m1,0,1
aten_0.1.m1.11710.m1,0,1
aten_0.1.m1.26040.m1,21,0.056295642
aten_0.1.m1.29607.m1,0,1
aten_0.1.m1.27761.m1,5,1
aten_0.1.m1.10960.m1,0,1
aten_0.1.m1.28931.m1,0,1
aten_0.1.m1.884.m1,3,1
aten_0.1.m1.22716.m1,-4,1
aten_0.1.m1.22716.m1,-4,1
aten_0.1.m1.21056.m1,4,1
aten_0.1.m1.5089.m1,-4,0.555063148
aten_0.1.m1.5089.m1,-4,0.555063148
aten_0.1.m1.13065.m1,-1,1
aten_0.1.m1.31818.m1,0,1
aten_0.1.m1.31818.m1,0,1
aten_0.1.m1.30008.m1,7,0.439138548
aten_0.1.m1.4893.m1,0,1
aten_0.1.m1.19503.m1,-11,0.407410228
aten_0.1.m1.15805.m1,1,1
aten_0.1.m1.27983.m1,-12,0.365974035
aten_0.1.m1.27983.m1,-12,0.365974035
aten_0.1.m1.17873.m1,-1,1
aten_0.1.m1.20392.m1,0,1
aten_0.1.m1.10121.m1,4,0.555063148
aten_0.1.m1.10716.m1,0,1
aten_0.1.m1.27354.m1,4,1
aten_0.1.m1.11844.m1,-8,0.912469922
aten_0.1.m1.11844.m1,-14,0.170510191
aten_0.1.m1.5346.m1,14,0.138443349
aten_0.1.m1.11695.m1,4,1
aten_0.1.m1.11695.m1,4,1
aten_0.1.m1.3122.m1,-18,0.153100412
aten_0.1.m1.5133.m1,0,1
aten_0.1.m1.5133.m1,0,1
aten_0.1.m1.16194.m1,0,1
aten_0.1.m1.16194.m1,0,1
aten_0.1.m1.11695.m1,-13,0.417770413
aten_0.1.m1.11695.m1,-13,0.417770413
aten_0.1.m1.20249.m1,-6,0.784053738
aten_0.1.m1.20249.m1,-6,0.784053738
aten_0.1.m1.13868.m1,4,1
aten_0.1.m1.28752.m1,0,1
aten_0.1.m1.27037.m1,0,1
aten_0.1.m1.15716.m1,-9,0.724154609
aten_0.1.m1.15716.m1,-9,0.724154609
aten_0.1.m1.32498.m1,0,1
aten_0.1.m1.28327.m1,-14,0.170510191
aten_0.1.m1.5077.m1,4,1
aten_0.1.m1.5077.m1,4,1
aten_0.1.m1.19621.m1,-7,0.992876843
aten_0.1.m1.19621.m1,-7,0.992876843
aten_0.1.m1.17405.m1,11,0.319154092
aten_0.1.m1.27307.m1,0,1
aten_0.1.m1.27307.m1,0,1
aten_0.1.m1.33110.m1,0,1
aten_0.1.m1.17447.m1,-7,0.992876843
aten_0.1.m1.17447.m1,-7,0.992876843
aten_0.1.m1.24143.m1,0,1
aten_0.1.m1.2184.m1,7,1
aten_0.1.m1.24698.m1,0,1
aten_0.1.m1.33791.m1,0,1
aten_0.1.m1.33791.m1,0,1
aten_0.1.m1.2733.m1,6,1
aten_0.1.m1.8256.m1,-12,0.365974035
aten_0.1.m1.8256.m1,-12,0.365974035
aten_0.1.m1.12621.m1,7,1
aten_0.1.m1.32532.m1,3,0.823946746
aten_0.1.m1.4856.m1,7,1
aten_0.1.m1.10392.m1,0,1
aten_0.1.m1.27259.m1,0,1
aten_0.1.m1.30302.m1,7,1
aten_0.1.m1.27628.m1,-13,0.417770413
aten_0.1.m1.6028.m1,0,1
aten_0.1.m1.22013.m1,0,1
aten_0.1.m1.26693.m1,-11,0.631590725
aten_0.1.m1.23021.m1,1,1
aten_0.1.m1.304.m1,0,1
aten_0.1.m1.29565.m1,0,1
aten_0.1.m1.2531.m1,-7,0.992876843
aten_0.1.m1.8681.m1,-1,1
aten_0.1.m1.8681.m1,-1,1
aten_0.1.m1.27947.m1,-4,0.891477515
aten_0.1.m1.16778.m1,0,1
aten_0.1.m1.19705.m1,-10,0.030051604
aten_0.1.m1.5419.m1,-12,0.365974035
aten_0.1.m1.5419.m1,-12,0.365974035
aten_0.1.m1.31074.m1,-9,0.823946746
aten_0.1.m1.18320.m1,15,0.247263243
aten_0.1.m1.32787.m1,-7,1
aten_0.1.m1.32787.m1,-7,1
aten_0.1.m1.32519.m1,0,1
aten_0.1.m1.25649.m1,-5,1
aten_0.1.m1.19330.m1,-13,0.458998164
aten_0.1.m1.19330.m1,-13,0.458998164
aten_0.1.m1.19330.m1,9,0.320835368
aten_0.1.m1.19330.m1,9,0.320835368
aten_0.1.m1.9728.m1,-3,1
aten_0.1.m1.27183.m1,0,1
aten_0.1.m1.13790.m1,7,0.919324265
aten_0.1.m1.16217.m1,0,1
aten_0.1.m1.2324.m1,-12,0.365974035
aten_0.1.m1.18625.m1,0,1
aten_0.1.m1.18625.m1,0,1
aten_0.1.m1.5957.m1,0,1
aten_0.1.m1.23728.m1,-25,0.005476816
aten_0.1.m1.11227.m1,3,1
aten_0.1.m1.21998.m1,0,1
aten_0.1.m1.21998.m1,0,1
aten_0.1.m1.4732.m1,3,0.823946746
aten_0.1.m1.32794.m1,3,1
aten_0.1.m1.17180.m1,0,1
aten_0.1.m1.19923.m1,0,1
aten_0.1.m1.19916.m1,0,1
aten_0.1.m1.16223.m1,2,1
aten_0.1.m1.16223.m1,2,1
aten_0.1.m1.24689.m1,-26,0.013692594
aten_0.1.m1.8944.m1,11,0.407410228
aten_0.1.m1.9414.m1,6,1
aten_0.1.m1.9414.m1,6,1
aten_0.1.m1.9414.m1,-21,0.056295642
aten_0.1.m1.9414.m1,-21,0.056295642
aten_0.1.m1.28792.m1,-4,1
aten_0.1.m1.29617.m1,0,1
aten_0.1.m1.29617.m1,0,1
aten_0.1.m1.17447.m1,0,1
aten_0.1.m1.7020.m1,0,1
aten_0.1.m1.7020.m1,0,1
aten_0.1.m1.26074.m1,-7,0.779650108
aten_0.1.m1.26074.m1,-7,0.779650108
aten_0.1.m1.33717.m1,0,1
aten_0.1.m1.29418.m1,-8,0.082841021
aten_0.1.m1.20699.m1,0,1
aten_0.1.m1.7736.m1,-3,1
aten_0.1.m1.7736.m1,-3,1
aten_0.1.m1.23765.m1,0,1
aten_0.1.m1.23765.m1,0,1
aten_0.1.m1.15000.m1,0,1
aten_0.1.m1.9258.m1,0,1
aten_0.1.m1.31123.m1,2,1
aten_0.1.m1.3205.m1,0,1
aten_0.1.m1.3205.m1,0,1
aten_0.1.m1.22296.m1,-7,1
aten_0.1.m1.12083.m1,12,0.458998164
aten_0.1.m1.12083.m1,12,0.458998164
aten_0.1.m1.25542.m1,0,1
aten_0.1.m1.25542.m1,0,1
aten_0.1.m1.24843.m1,0,1
aten_0.1.m1.9832.m1,0,1
aten_0.1.m1.13252.m1,20,0.046715106
aten_0.1.m1.13252.m1,20,0.046715106
aten_0.1.m1.25185.m1,2,1
aten_0.1.m1.25185.m1,2,1
aten_0.1.m1.12122.m1,1,1
aten_0.1.m1.2123.m1,9,0.320835368
aten_0.1.m1.3477.m1,-6,0.83694844
aten_0.1.m1.3477.m1,-6,0.83694844
aten_0.1.m1.27287.m1,-6,1
aten_0.1.m1.27287.m1,-6,1
aten_0.1.m1.24258.m1,17,0.082841021
aten_0.1.m1.24258.m1,17,0.082841021
aten_0.1.m1.24258.m1,17,0.082841021
aten_0.1.m1.20099.m1,-3,1
aten_0.1.m1.20099.m1,-3,1
aten_0.1.m1.3847.m1,4,0.891477515
aten_0.1.m1.12726.m1,-10,0.239680874
aten_0.1.m1.12726.m1,-10,0.239680874
aten_0.1.m1.12716.m1,-10,0.239680874
aten_0.1.m1.18227.m1,4,1
aten_0.1.m1.32473.m1,0,1
aten_0.1.m1.20707.m1,22,0.024409781
aten_0.1.m1.20707.m1,22,0.024409781
aten_0.1.m1.10755.m1,0,1
aten_0.1.m1.6710.m1,1,1
aten_0.1.m1.19227.m1,13,0.417770413
aten_0.1.m1.22860.m1,19,0.105466953
aten_0.1.m1.31419.m1,2,1
aten_0.1.m1.14209.m1,0,1
aten_0.1.m1.9440.m1,-1,1
aten_0.1.m1.7954.m1,-3,0.823946746
aten_0.1.m1.869.m1,-4,1
aten_0.1.m1.23776.m1,-23,0.033995681
aten_0.1.m1.23776.m1,-23,0.033995681
aten_0.1.m1.13580.m1,4,1
aten_0.1.m1.12191.m1,2,1
aten_0.1.m1.22921.m1,0,1
aten_0.1.m1.22921.m1,0,1
aten_0.1.m1.6525.m1,4,1
aten_0.1.m1.12191.m1,-26,0.014681088
aten_0.1.m1.29433.m1,10,0.030051604
aten_0.1.m1.26185.m1,0,1
aten_0.1.m1.10090.m1,-13,0.104718901
aten_0.1.m1.10391.m1,0,1
aten_0.1.m1.11938.m1,9,0.225787622
aten_0.1.m1.11938.m1,9,0.225787622
aten_0.1.m1.19408.m1,0,1
aten_0.1.m1.4576.m1,0,1
aten_0.1.m1.4576.m1,0,1
aten_0.1.m1.2763.m1,1,1
aten_0.1.m1.6610.m1,0,1
aten_0.1.m1.6610.m1,0,1
aten_0.1.m1.20990.m1,0,1
aten_0.1.m1.9925.m1,0,1
aten_0.1.m1.9925.m1,0,1
aten_0.1.m1.25827.m1,8,0.082841021
aten_0.1.m1.32383.m1,25,0.020620777
aten_0.1.m1.32383.m1,25,0.020620777
aten_0.1.m1.839.m1,0,1
aten_0.1.m1.18862.m1,0,1
aten_0.1.m1.18862.m1,0,1
aten_0.1.m1.32800.m1,1,1
aten_0.1.m1.11219.m1,13,0.082841021
aten_0.1.m1.11219.m1,13,0.082841021
aten_0.1.m1.27792.m1,0,1
aten_0.1.m1.10332.m1,2,1
aten_0.1.m1.10332.m1,2,1
aten_0.1.m1.143.m1,7,1
aten_0.1.m1.13207.m1,-3,1
aten_0.1.m1.13207.m1,-3,1
aten_0.1.m1.8272.m1,15,0.062975675
aten_0.1.m1.6153.m1,4,1
aten_0.1.m1.7244.m1,0,1
aten_0.1.m1.7727.m1,0,1
aten_0.1.m1.7727.m1,0,1
aten_0.1.m1.14148.m1,8,0.082841021
aten_0.1.m1.2914.m1,-9,0.831973842
aten_0.1.m1.27811.m1,-7,0.919324265
aten_0.1.m1.846.m1,0,1
aten_0.1.m1.854.m1,0,1
aten_0.1.m1.846.m1,0,1
aten_0.1.m1.854.m1,0,1
aten_0.1.m1.18528.m1,0,1
aten_0.1.m1.15024.m1,0,1
aten_0.1.m1.22288.m1,4,1
aten_0.1.m1.22288.m1,4,1
aten_0.1.m1.24377.m1,0,1
aten_0.1.m1.20049.m1,0,1
aten_0.1.m1.18627.m1,0,1
aten_0.1.m1.18621.m1,0,1
aten_0.1.m1.1637.m1,1,1
aten_0.1.m1.25008.m1,-1,1
aten_0.1.m1.10175.m1,-2,1
aten_0.1.m1.22403.m1,33,6.37010386618662e-08
aten_0.1.m1.6364.m1,0,1
aten_0.1.m1.19903.m1,13,0.205980253
aten_0.1.m1.19903.m1,13,0.205980253
aten_0.1.m1.19090.m1,14,0.343044049
aten_0.1.m1.19090.m1,14,0.343044049
aten_0.1.m1.9032.m1,0,1
aten_0.1.m1.30025.m1,0,1
aten_0.1.m1.13382.m1,-5,1
aten_0.1.m1.4604.m1,12,0.320835368
aten_0.1.m1.26394.m1,-3,1
aten_0.1.m1.22451.m1,6,0.496714564
aten_0.1.m1.8503.m1,-3,0.823946746
aten_0.1.m1.23393.m1,2,1
aten_0.1.m1.23393.m1,2,1
aten_0.1.m1.14209.m1,0,1
aten_0.1.m1.16390.m1,13,0.082841021
aten_0.1.m1.16390.m1,13,0.082841021
aten_0.1.m1.18420.m1,0,1
aten_0.1.m1.28173.m1,-3,1
aten_0.1.m1.22393.m1,17,0.116562482
aten_0.1.m1.22393.m1,17,0.116562482
aten_0.1.m1.25972.m1,0,1
aten_0.1.m1.14656.m1,0,1
aten_0.1.m1.22561.m1,0,1
aten_0.1.m1.22561.m1,0,1
aten_0.1.m1.27662.m1,0,1
aten_0.1.m1.12222.m1,-17,0.161339034
aten_0.1.m1.12222.m1,-17,0.161339034
aten_0.1.m1.1674.m1,-21,0.033995681
aten_0.1.m1.1674.m1,-21,0.033995681
aten_0.1.m1.20558.m1,0,1
aten_0.1.m1.11723.m1,0,1
aten_0.1.m1.11723.m1,0,1
aten_0.1.m1.22860.m1,-1,1
aten_0.1.m1.10326.m1,0,1
aten_0.1.m1.15363.m1,-1,1
aten_0.1.m1.15363.m1,-1,1
aten_0.1.m1.15041.m1,-7,1
aten_0.1.m1.15041.m1,-7,1
aten_0.1.m1.3477.m1,0,1
aten_0.1.m1.3477.m1,0,1
aten_0.1.m1.7464.m1,4,1
aten_0.1.m1.7467.m1,4,1
aten_0.1.m1.13971.m1,1,1
aten_0.1.m1.13151.m1,0,1
aten_0.1.m1.18839.m1,0,1
aten_0.1.m1.18839.m1,0,1
aten_0.1.m1.24681.m1,0,1
aten_0.1.m1.33787.m1,-10,0.714891027
aten_0.1.m1.33787.m1,-10,0.714891027
aten_0.1.m1.23511.m1,10,0.714891027
aten_0.1.m1.16784.m1,1,1
aten_0.1.m1.3533.m1,-1,1
aten_0.1.m1.3533.m1,-1,1
aten_0.1.m1.3533.m1,-1,1
aten_0.1.m1.12589.m1,-17,0.200047928
aten_0.1.m1.12589.m1,-17,0.200047928
aten_0.1.m1.20099.m1,0,1
aten_0.1.m1.20099.m1,0,1
aten_0.1.m1.10679.m1,-6,1
aten_0.1.m1.10679.m1,-6,1
aten_0.1.m1.11702.m1,7,1
aten_0.1.m1.11702.m1,7,1
aten_0.1.m1.14470.m1,-7,0.919324265
aten_0.1.m1.14470.m1,-7,0.919324265
aten_0.1.m1.11667.m1,0,1
aten_0.1.m1.11667.m1,0,1
aten_0.1.m1.17435.m1,-8,0.758267114
aten_0.1.m1.31530.m1,3,0.823946746
aten_0.1.m1.18741.m1,0,1
aten_0.1.m1.18741.m1,0,1
aten_0.1.m1.1116.m1,12,0.365974035
aten_0.1.m1.1116.m1,12,0.365974035
aten_0.1.m1.23648.m1,0,1
aten_0.1.m1.4130.m1,19,0.090238319
aten_0.1.m1.4130.m1,19,0.090238319
aten_0.1.m1.30631.m1,0,1
aten_0.1.m1.30631.m1,0,1
aten_0.1.m1.27018.m1,10,0.714891027
aten_0.1.m1.30340.m1,0,1
aten_0.1.m1.26510.m1,0,1
aten_0.1.m1.26510.m1,0,1
aten_0.1.m1.6797.m1,12,0.5400878
aten_0.1.m1.6797.m1,12,0.5400878
aten_0.1.m1.1073.m1,0,1
aten_0.1.m1.29243.m1,-2,1
aten_0.1.m1.1928.m1,0,1
aten_0.1.m1.1928.m1,0,1
aten_0.1.m1.3350.m1,24,0.024409781
aten_0.1.m1.2195.m1,0,1
aten_0.1.m1.7321.m1,5,0.686079772
aten_0.1.m1.6975.m1,0,1
aten_0.1.m1.24268.m1,0,1
aten_0.1.m1.7275.m1,-7,1
aten_0.1.m1.17664.m1,-3,1
aten_0.1.m1.17664.m1,-3,1
aten_0.1.m1.22314.m1,-5,1
aten_0.1.m1.22314.m1,-5,1
aten_0.1.m1.4234.m1,4,1
aten_0.1.m1.4234.m1,4,1
aten_0.1.m1.12203.m1,0,1
aten_0.1.m1.15832.m1,-9,0.566425697
aten_0.1.m1.17771.m1,0,1
aten_0.1.m1.15428.m1,-15,0.225787622
aten_0.1.m1.15428.m1,-15,0.225787622
aten_0.1.m1.31551.m1,-9,0.566425697
aten_0.1.m1.9198.m1,9,0.566425697
aten_0.1.m1.3014.m1,0,1
aten_0.1.m1.3894.m1,0,1
aten_0.1.m1.21632.m1,-5,0.358799898
aten_0.1.m1.8830.m1,0,1
aten_0.1.m1.16745.m1,0,1
aten_0.1.m1.16745.m1,0,1
aten_0.1.m1.28931.m1,6,0.496714564
aten_0.1.m1.2100.m1,0,1
aten_0.1.m1.2100.m1,0,1
aten_0.1.m1.7836.m1,-10,0.317102795
aten_0.1.m1.27863.m1,3,0.823946746
aten_0.1.m1.27863.m1,3,0.823946746
aten_0.1.m1.25230.m1,5,1
aten_0.1.m1.20974.m1,-13,0.417770413
aten_0.1.m1.20974.m1,-13,0.417770413
aten_0.1.m1.12657.m1,0,1
aten_0.1.m1.12676.m1,0,1
aten_0.1.m1.12676.m1,0,1
aten_0.1.m1.5563.m1,-4,1
aten_0.1.m1.5563.m1,-4,1
aten_0.1.m1.3442.m1,19,0.000261935
aten_0.1.m1.13071.m1,10,0.758267114
aten_0.1.m1.13071.m1,10,0.758267114
aten_0.1.m1.11749.m1,0,1
aten_0.1.m1.28107.m1,0,1
aten_0.1.m1.28107.m1,0,1
aten_0.1.m1.29495.m1,-2,1
aten_0.1.m1.29495.m1,-2,1
aten_0.1.m1.21694.m1,1,1
aten_0.1.m1.30203.m1,14,0.0043086
aten_0.1.m1.15276.m1,0,1
aten_0.1.m1.15276.m1,0,1
aten_0.1.m1.2381.m1,-17,0.196661325
aten_0.1.m1.27399.m1,-12,0.365974035
aten_0.1.m1.27399.m1,-12,0.365974035
aten_0.1.m1.27314.m1,-2,1
aten_0.1.m1.16609.m1,0,1
aten_0.1.m1.23392.m1,0,1
aten_0.1.m1.23392.m1,0,1
aten_0.1.m1.11669.m1,0,1
aten_0.1.m1.16955.m1,17,0.189613729
aten_0.1.m1.16955.m1,17,0.189613729
aten_0.1.m1.22941.m1,0,1
aten_0.1.m1.16916.m1,-2,1
aten_0.1.m1.22863.m1,7,1
aten_0.1.m1.22602.m1,9,0.170510191
aten_0.1.m1.15804.m1,5,0.993433057
aten_0.1.m1.22876.m1,8,0.241683309
aten_0.1.m1.7112.m1,19,0.041567311
aten_0.1.m1.15641.m1,0,1
aten_0.1.m1.15641.m1,0,1
aten_0.1.m1.27223.m1,-12,0.046715106
aten_0.1.m1.18736.m1,-7,1
aten_0.1.m1.33305.m1,7,0.566425697
aten_0.1.m1.33305.m1,7,0.566425697
aten_0.1.m1.25919.m1,0,1
aten_0.1.m1.25919.m1,0,1
aten_0.1.m1.19621.m1,0,1
aten_0.1.m1.19621.m1,0,1
aten_0.1.m1.23818.m1,-8,0.484738186
aten_0.1.m1.6705.m1,0,1
aten_0.1.m1.11385.m1,0,1
aten_0.1.m1.11385.m1,0,1
aten_0.1.m1.2159.m1,8,0.082841021
aten_0.1.m1.24776.m1,3,0.823946746
aten_0.1.m1.24776.m1,3,0.823946746
aten_0.1.m1.21277.m1,17,0.021981527
aten_0.1.m1.33447.m1,0,1
aten_0.1.m1.15163.m1,0,1
aten_0.1.m1.15163.m1,0,1
aten_0.1.m1.26657.m1,0,1
aten_0.1.m1.26657.m1,0,1
aten_0.1.m1.3692.m1,0,1
aten_0.1.m1.3692.m1,0,1
aten_0.1.m1.13860.m1,-2,1
aten_0.1.m1.31817.m1,-5,1
aten_0.1.m1.7957.m1,0,1
aten_0.1.m1.8706.m1,0,1
aten_0.1.m1.8706.m1,0,1
aten_0.1.m1.13351.m1,-4,1
aten_0.1.m1.6128.m1,0,1
aten_0.1.m1.4179.m1,1,1
aten_0.1.m1.10278.m1,0,1
aten_0.1.m1.25789.m1,0,1
aten_0.1.m1.875.m1,1,1
aten_0.1.m1.18719.m1,0,1
aten_0.1.m1.14602.m1,13,0.225787622
aten_0.1.m1.14602.m1,13,0.225787622
aten_0.1.m1.27568.m1,6,0.225787622
aten_0.1.m1.15967.m1,0,1
aten_0.1.m1.32283.m1,-25,0.015591633
aten_0.1.m1.5514.m1,-6,0.784053738
aten_0.1.m1.18031.m1,0,1
aten_0.1.m1.18031.m1,0,1
aten_0.1.m1.16864.m1,16,0.072067257
aten_0.1.m1.12035.m1,0,1
aten_0.1.m1.27055.m1,19,0.041567311
aten_0.1.m1.27055.m1,19,0.041567311
aten_0.1.m1.8183.m1,0,1
aten_0.1.m1.31331.m1,1,1
aten_0.1.m1.4432.m1,0,1
aten_0.1.m1.4432.m1,0,1
aten_0.1.m1.24350.m1,-17,0.082841021
aten_0.1.m1.24350.m1,-17,0.082841021
aten_0.1.m1.10453.m1,-1,1
aten_0.1.m1.10453.m1,-1,1
aten_0.1.m1.31053.m1,0,1
aten_0.1.m1.24369.m1,8,0.082841021
aten_0.1.m1.27027.m1,0,1
aten_0.1.m1.16811.m1,4,1
aten_0.1.m1.16811.m1,4,1
aten_0.1.m1.26171.m1,-8,0.831973842
aten_0.1.m1.24257.m1,4,1
aten_0.1.m1.24257.m1,4,1
aten_0.1.m1.16448.m1,0,1
aten_0.1.m1.16448.m1,0,1
aten_0.1.m1.9728.m1,-3,1
aten_0.1.m1.32649.m1,5,1
aten_0.1.m1.5840.m1,-13,0.205980253
aten_0.1.m1.5652.m1,6,0.225787622
aten_0.1.m1.16212.m1,0,1
aten_0.1.m1.16212.m1,0,1
aten_0.1.m1.3043.m1,26,0.000290949
aten_0.1.m1.11927.m1,0,1
aten_0.1.m1.709.m1,0,1
aten_0.1.m1.33649.m1,24,0.017636864
aten_0.1.m1.26188.m1,9,0.686079772
aten_0.1.m1.26188.m1,9,0.686079772
aten_0.1.m1.26185.m1,0,1
aten_0.1.m1.6959.m1,0,1
aten_0.1.m1.20888.m1,0,1
aten_0.1.m1.33872.m1,1,1
aten_0.1.m1.19135.m1,-2,1
aten_0.1.m1.19135.m1,-2,1
aten_0.1.m1.31209.m1,0,1
aten_0.1.m1.4721.m1,7,1
aten_0.1.m1.21013.m1,0,1
aten_0.1.m1.19330.m1,0,1
aten_0.1.m1.19330.m1,0,1
aten_0.1.m1.15967.m1,-4,1
aten_0.1.m1.20600.m1,0,1
aten_0.1.m1.16889.m1,0,1
aten_0.1.m1.16889.m1,0,1
aten_0.1.m1.826.m1,0,1
aten_0.1.m1.612.m1,-5,1
aten_0.1.m1.21079.m1,0,1
aten_0.1.m1.3239.m1,-2,1
aten_0.1.m1.10444.m1,0,1
aten_0.1.m1.347.m1,0,1
aten_0.1.m1.347.m1,0,1
aten_0.1.m1.7972.m1,7,1
aten_0.1.m1.7647.m1,0,1
aten_0.1.m1.9204.m1,-2,1
aten_0.1.m1.22557.m1,0,1
aten_0.1.m1.22557.m1,0,1
aten_0.1.m1.7944.m1,0,1
aten_0.1.m1.7944.m1,0,1
aten_0.1.m1.1639.m1,1,1
aten_0.1.m1.1639.m1,1,1
aten_0.1.m1.23479.m1,-4,1
aten_0.1.m1.5060.m1,7,0.98617294
aten_0.1.m1.5060.m1,7,0.98617294
aten_0.1.m1.13887.m1,4,1
aten_0.1.m1.277.m1,-2,1
aten_0.1.m1.26671.m1,0,1
aten_0.1.m1.26082.m1,6,0.225787622
aten_0.1.m1.26082.m1,6,0.225787622
aten_0.1.m1.12869.m1,1,1
aten_0.1.m1.12869.m1,1,1
aten_0.1.m1.11945.m1,0,1
aten_0.1.m1.11945.m1,0,1
aten_0.1.m1.5592.m1,9,0.507749831
aten_0.1.m1.29414.m1,7,0.992876843
aten_0.1.m1.19018.m1,-4,1
aten_0.1.m1.19018.m1,-4,1
aten_0.1.m1.33503.m1,-3,1
aten_0.1.m1.3932.m1,0,1
aten_0.1.m1.18174.m1,0,1
aten_0.1.m1.11576.m1,1,1
aten_0.1.m1.19613.m1,0,1
aten_0.1.m1.9826.m1,0,1
aten_0.1.m1.33872.m1,-11,0.666196693
aten_0.1.m1.15579.m1,4,1
aten_0.1.m1.21025.m1,-2,1
aten_0.1.m1.28894.m1,11,0.022231772
aten_0.1.m1.28894.m1,11,0.022231772
aten_0.1.m1.15024.m1,0,1
aten_0.1.m1.17586.m1,-7,1
aten_0.1.m1.17586.m1,-7,1
aten_0.1.m1.3026.m1,0,1
aten_0.1.m1.3932.m1,-10,0.030051604
aten_0.1.m1.3932.m1,-10,0.030051604
aten_0.1.m1.11066.m1,3,1
aten_0.1.m1.1769.m1,-5,0.358799898
aten_0.1.m1.4682.m1,25,0.012057094
aten_0.1.m1.3800.m1,7,1
aten_0.1.m1.28268.m1,0,1
aten_0.1.m1.1398.m1,-13,0.380632722
aten_0.1.m1.1398.m1,-13,0.380632722
aten_0.1.m1.9866.m1,0,1
aten_0.1.m1.9866.m1,0,1
aten_0.1.m1.160.m1,0,1
aten_0.1.m1.160.m1,0,1
aten_0.1.m1.15840.m1,0,1
aten_0.1.m1.4849.m1,0,1
aten_0.1.m1.4849.m1,0,1
aten_0.1.m1.19100.m1,-10,0.59504063
aten_0.1.m1.19100.m1,-10,0.59504063
aten_0.1.m1.8194.m1,-21,0.046465044
aten_0.1.m1.27858.m1,0,1
aten_0.1.m1.27858.m1,0,1
aten_0.1.m1.3002.m1,-7,0.779650108
aten_0.1.m1.28945.m1,0,1
aten_0.1.m1.28945.m1,0,1
aten_0.1.m1.5419.m1,0,1
aten_0.1.m1.5419.m1,0,1
aten_0.1.m1.29949.m1,0,1
aten_0.1.m1.29366.m1,0,1
aten_0.1.m1.12604.m1,0,1
aten_0.1.m1.17566.m1,-17,0.082841021
aten_0.1.m1.33303.m1,-14,0.235563322
aten_0.1.m1.33303.m1,-14,0.235563322
aten_0.1.m1.16231.m1,8,0.082841021
aten_0.1.m1.16231.m1,8,0.082841021
aten_0.1.m1.11000.m1,0,1
aten_0.1.m1.7158.m1,2,1
aten_0.1.m1.26269.m1,-7,1
aten_0.1.m1.26012.m1,0,1
aten_0.1.m1.26012.m1,0,1
aten_0.1.m1.2550.m1,0,1
aten_0.1.m1.2550.m1,0,1
aten_0.1.m1.32215.m1,0,1
aten_0.1.m1.7916.m1,0,1
aten_0.1.m1.7916.m1,0,1
aten_0.1.m1.16141.m1,0,1
aten_0.1.m1.20860.m1,15,0.149700079
aten_0.1.m1.28129.m1,4,1
aten_0.1.m1.29958.m1,3,1
aten_0.1.m1.28438.m1,-24,0.024409781
aten_0.1.m1.28438.m1,-24,0.024409781
aten_0.1.m1.24826.m1,0,1
aten_0.1.m1.26939.m1,8,0.082841021
aten_0.1.m1.26939.m1,8,0.082841021
aten_0.1.m1.5622.m1,-11,0.478947113
aten_0.1.m1.5622.m1,-11,0.478947113
aten_0.1.m1.23652.m1,7,1
aten_0.1.m1.1362.m1,-11,0.319154092
aten_0.1.m1.34120.m1,17,0.005528963
aten_0.1.m1.16276.m1,24,0.024409781
aten_0.1.m1.16276.m1,24,0.024409781
aten_0.1.m1.17771.m1,0,1
aten_0.1.m1.15855.m1,0,1
aten_0.1.m1.12732.m1,2,1
aten_0.1.m1.12732.m1,2,1
aten_0.1.m1.9424.m1,0,1
aten_0.1.m1.23672.m1,-1,1
aten_0.1.m1.18509.m1,24,0.000649686
aten_0.1.m1.10000.m1,2,1
aten_0.1.m1.6638.m1,0,1
aten_0.1.m1.29622.m1,-6,0.83694844
aten_0.1.m1.29622.m1,-6,0.83694844
aten_0.1.m1.22356.m1,0,1
aten_0.1.m1.13065.m1,3,0.823946746
aten_0.1.m1.26560.m1,-12,0.365974035
aten_0.1.m1.20626.m1,0,1
aten_0.1.m1.32085.m1,-3,0.823946746
aten_0.1.m1.23365.m1,0,1
aten_0.1.m1.8702.m1,18,0.035757436
aten_0.1.m1.8702.m1,18,0.035757436
aten_0.1.m1.19309.m1,-12,0.320835368
aten_0.1.m1.10240.m1,0,1
aten_0.1.m1.7754.m1,4,1
aten_0.1.m1.27307.m1,-10,0.439138548
aten_0.1.m1.27307.m1,-10,0.439138548
aten_0.1.m1.18141.m1,-5,1
aten_0.1.m1.1715.m1,0,1
aten_0.1.m1.5664.m1,0,1
aten_0.1.m1.5664.m1,0,1
aten_0.1.m1.2744.m1,0,1
aten_0.1.m1.2744.m1,0,1
aten_0.1.m1.20582.m1,0,1
aten_0.1.m1.3705.m1,2,1
aten_0.1.m1.3705.m1,2,1
aten_0.1.m1.5532.m1,0,1
aten_0.1.m1.5532.m1,0,1
aten_0.1.m1.14089.m1,-4,1
aten_0.1.m1.16707.m1,19,0.115736367
aten_0.1.m1.16707.m1,19,0.115736367
aten_0.1.m1.18302.m1,0,1
aten_0.1.m1.18302.m1,0,1
aten_0.1.m1.21209.m1,4,1
aten_0.1.m1.27172.m1,24,0.024409781
aten_0.1.m1.27172.m1,24,0.024409781
aten_0.1.m1.26691.m1,0,1
aten_0.1.m1.26691.m1,0,1
aten_0.1.m1.11181.m1,-7,0.679571511
aten_0.1.m1.16599.m1,0,1
aten_0.1.m1.16599.m1,0,1
aten_0.1.m1.19913.m1,9,0.831973842
aten_0.1.m1.29607.m1,-3,1
aten_0.1.m1.3732.m1,7,1
aten_0.1.m1.24767.m1,-5,1
aten_0.1.m1.5645.m1,23,0.024409781
aten_0.1.m1.18262.m1,-7,1
aten_0.1.m1.18262.m1,-7,1
aten_0.1.m1.30432.m1,-7,0.779650108
aten_0.1.m1.3705.m1,0,1
aten_0.1.m1.8196.m1,0,1
aten_0.1.m1.18705.m1,-4,1
aten_0.1.m1.23703.m1,0,1
aten_0.1.m1.8852.m1,-1,1
aten_0.1.m1.23589.m1,9,0.686079772
aten_0.1.m1.5316.m1,0,1
aten_0.1.m1.29191.m1,-2,1
aten_0.1.m1.4793.m1,-7,1
aten_0.1.m1.160.m1,-14,0.343044049
aten_0.1.m1.19230.m1,-7,0.98617294
aten_0.1.m1.31852.m1,-4,1
aten_0.1.m1.1487.m1,-4,1
aten_0.1.m1.28483.m1,0,1
aten_0.1.m1.28483.m1,0,1
aten_0.1.m1.33460.m1,0,1
aten_0.1.m1.26457.m1,24,0.024409781
aten_0.1.m1.25249.m1,0,1
aten_0.1.m1.25249.m1,0,1
aten_0.1.m1.24184.m1,2,1
aten_0.1.m1.15736.m1,0,1
aten_0.1.m1.22903.m1,7,1
aten_0.1.m1.22903.m1,7,1
aten_0.1.m1.6765.m1,-12,0.550791569
aten_0.1.m1.8526.m1,-13,0.205980253
aten_0.1.m1.8526.m1,4,1
aten_0.1.m1.31591.m1,0,1
aten_0.1.m1.19967.m1,-4,1
aten_0.1.m1.26768.m1,-1,1
aten_0.1.m1.26768.m1,-1,1
aten_0.1.m1.15562.m1,0,1
aten_0.1.m1.5316.m1,-9,0.831973842
aten_0.1.m1.25967.m1,0,1
aten_0.1.m1.25967.m1,-9,0.779650108
aten_0.1.m1.2104.m1,-9,0.724154609
aten_0.1.m1.29498.m1,1,1
aten_0.1.m1.4046.m1,-12,0.365974035
aten_0.1.m1.9598.m1,-19,0.115736367
aten_0.1.m1.9598.m1,-19,0.115736367
aten_0.1.m1.2040.m1,-4,1
aten_0.1.m1.12013.m1,-14,0.057976449
aten_0.1.m1.4336.m1,0,1
aten_0.1.m1.23035.m1,3,1
aten_0.1.m1.31410.m1,-4,1
aten_0.1.m1.31410.m1,-4,1
aten_0.1.m1.27038.m1,-10,0.714891027
aten_0.1.m1.18479.m1,0,1
aten_0.1.m1.25014.m1,-10,0.714891027
aten_0.1.m1.14695.m1,22,4.59856082099987e-05
aten_0.1.m1.14695.m1,22,4.59856082099987e-05
aten_0.1.m1.3737.m1,10,0.758267114
aten_0.1.m1.29525.m1,8,0.652288775
aten_0.1.m1.29525.m1,8,0.652288775
aten_0.1.m1.16184.m1,0,1
aten_0.1.m1.16184.m1,0,1
aten_0.1.m1.12322.m1,0,1
aten_0.1.m1.12322.m1,0,1
aten_0.1.m1.20265.m1,0,1
aten_0.1.m1.15118.m1,3,1
aten_0.1.m1.4895.m1,21,0.064286164
aten_0.1.m1.4895.m1,21,0.064286164
aten_0.1.m1.22993.m1,-7,1
aten_0.1.m1.5084.m1,0,1
aten_0.1.m1.5084.m1,0,1
aten_0.1.m1.28822.m1,0,1
aten_0.1.m1.3514.m1,-18,0.153100412
aten_0.1.m1.3514.m1,-18,0.153100412
aten_0.1.m1.32984.m1,0,1
aten_0.1.m1.11057.m1,-5,1
aten_0.1.m1.15340.m1,3,1
aten_0.1.m1.15340.m1,3,1
aten_0.1.m1.4596.m1,0,1
aten_0.1.m1.4596.m1,0,1
aten_0.1.m1.25353.m1,0,1
aten_0.1.m1.6042.m1,-3,1
aten_0.1.m1.27878.m1,0,1
aten_0.1.m1.7244.m1,-3,1
aten_0.1.m1.1058.m1,5,1
aten_0.1.m1.31457.m1,8,0.082841021
aten_0.1.m1.4813.m1,2,1
aten_0.1.m1.4813.m1,2,1
aten_0.1.m1.4813.m1,0,1
aten_0.1.m1.4813.m1,0,1
aten_0.1.m1.29033.m1,0,1
aten_0.1.m1.143.m1,0,1
aten_0.1.m1.21705.m1,0,1
aten_0.1.m1.32637.m1,0,1
aten_0.1.m1.32637.m1,0,1
aten_0.1.m1.23914.m1,0,1
aten_0.1.m1.23914.m1,0,1
aten_0.1.m1.23179.m1,9,0.823946746
aten_0.1.m1.9072.m1,4,1
aten_0.1.m1.14728.m1,4,1
aten_0.1.m1.27878.m1,-12,0.365974035
aten_0.1.m1.32787.m1,7,1
aten_0.1.m1.32787.m1,7,1
aten_0.1.m1.8335.m1,-4,1
aten_0.1.m1.22990.m1,-8,0.484738186
aten_0.1.m1.30347.m1,-12,0.365974035
aten_0.1.m1.10912.m1,0,1
aten_0.1.m1.10912.m1,0,1
aten_0.1.m1.19756.m1,-2,1
aten_0.1.m1.19756.m1,-2,1
aten_0.1.m1.13794.m1,0,1
aten_0.1.m1.11695.m1,0,1
aten_0.1.m1.11695.m1,0,1
aten_0.1.m1.8408.m1,0,1
aten_0.1.m1.8408.m1,0,1
aten_0.1.m1.34115.m1,-13,0.317102795
aten_0.1.m1.8574.m1,3,0.823946746
aten_0.1.m1.14545.m1,10,0.317102795
aten_0.1.m1.30203.m1,-4,1
aten_0.1.m1.24624.m1,-16,0.072067257
aten_0.1.m1.24863.m1,2,1
aten_0.1.m1.18176.m1,7,0.439138548
aten_0.1.m1.18176.m1,7,0.439138548
aten_0.1.m1.31829.m1,0,1
aten_0.1.m1.10260.m1,24,0.024409781
aten_0.1.m1.26136.m1,1,1
aten_0.1.m1.26136.m1,1,1
aten_0.1.m1.24189.m1,0,1
aten_0.1.m1.5713.m1,0,1
aten_0.1.m1.5713.m1,0,1
aten_0.1.m1.26949.m1,3,0.823946746
aten_0.1.m1.26949.m1,3,0.823946746
aten_0.1.m1.6411.m1,0,1
aten_0.1.m1.29503.m1,9,0.779650108
aten_0.1.m1.11208.m1,0,1
aten_0.1.m1.27622.m1,3,0.823946746
aten_0.1.m1.6182.m1,-12,0.241683309
aten_0.1.m1.26083.m1,-6,1
aten_0.1.m1.29522.m1,-7,1
aten_0.1.m1.29522.m1,-7,1
aten_0.1.m1.8818.m1,-8,0.082841021
aten_0.1.m1.13592.m1,14,0.253504701
aten_0.1.m1.13592.m1,14,0.253504701
aten_0.1.m1.32068.m1,0,1
aten_0.1.m1.32068.m1,0,1
aten_0.1.m1.13159.m1,0,1
aten_0.1.m1.13159.m1,0,1
aten_0.1.m1.24909.m1,9,0.320835368
aten_0.1.m1.5229.m1,6,0.745503719
aten_0.1.m1.24083.m1,2,1
aten_0.1.m1.24083.m1,2,1
aten_0.1.m1.21243.m1,2,1
aten_0.1.m1.22809.m1,0,1
aten_0.1.m1.22809.m1,0,1
aten_0.1.m1.31169.m1,0,1
aten_0.1.m1.22428.m1,20,0.082841021
aten_0.1.m1.22428.m1,20,0.082841021
aten_0.1.m1.21997.m1,4,1
aten_0.1.m1.32244.m1,2,1
aten_0.1.m1.32244.m1,2,1
aten_0.1.m1.5427.m1,0,1
aten_0.1.m1.22603.m1,-16,0.197376924
aten_0.1.m1.16922.m1,-3,1
aten_0.1.m1.16922.m1,-3,1
aten_0.1.m1.24432.m1,5,1
aten_0.1.m1.24432.m1,5,1
aten_0.1.m1.29505.m1,0,1
aten_0.1.m1.5768.m1,21,0.014476039
aten_0.1.m1.25925.m1,0,1
aten_0.1.m1.33358.m1,-5,0.358799898
aten_0.1.m1.33358.m1,-5,0.358799898
aten_0.1.m1.2791.m1,0,1
aten_0.1.m1.2791.m1,0,1
aten_0.1.m1.25885.m1,-11,0.478947113
aten_0.1.m1.20785.m1,-16,0.241683309
aten_0.1.m1.20785.m1,-16,0.241683309
aten_0.1.m1.31277.m1,20,0.001025948
aten_0.1.m1.31277.m1,20,0.001025948
aten_0.1.m1.8533.m1,2,1
aten_0.1.m1.5938.m1,5,0.895693191
aten_0.1.m1.27708.m1,-2,1
aten_0.1.m1.24178.m1,10,0.239680874
aten_0.1.m1.25008.m1,2,1
aten_0.1.m1.25008.m1,2,1
aten_0.1.m1.25767.m1,3,0.823946746
aten_0.1.m1.16226.m1,-14,0.373776199
aten_0.1.m1.16226.m1,-14,0.373776199
aten_0.1.m1.14568.m1,9,0.823946746
aten_0.1.m1.23615.m1,12,0.5400878
aten_0.1.m1.10115.m1,12,0.433008542
aten_0.1.m1.10115.m1,12,0.433008542
aten_0.1.m1.15669.m1,9,0.320835368
aten_0.1.m1.6322.m1,-6,0.958489725
aten_0.1.m1.23588.m1,-8,0.679571511
aten_0.1.m1.23588.m1,-8,0.679571511
aten_0.1.m1.31321.m1,-18,0.082841021
aten_0.1.m1.31321.m1,-18,0.082841021
aten_0.1.m1.30556.m1,2,1
aten_0.1.m1.30556.m1,2,1
aten_0.1.m1.12826.m1,0,1
aten_0.1.m1.9725.m1,-5,1
aten_0.1.m1.9725.m1,-5,1
aten_0.1.m1.3357.m1,2,1
aten_0.1.m1.3357.m1,2,1
aten_0.1.m1.33281.m1,15,0.149700079
aten_0.1.m1.15340.m1,0,1
aten_0.1.m1.7640.m1,0,1
aten_0.1.m1.13997.m1,-18,0.104684536
aten_0.1.m1.19546.m1,7,1
aten_0.1.m1.7534.m1,1,1
aten_0.1.m1.16637.m1,-3,1
aten_0.1.m1.8837.m1,1,1
aten_0.1.m1.22602.m1,5,0.895693191
aten_0.1.m1.11018.m1,0,1
aten_0.1.m1.11018.m1,0,1
aten_0.1.m1.6953.m1,-3,1
aten_0.1.m1.21118.m1,-1,1
aten_0.1.m1.21118.m1,-1,1
aten_0.1.m1.29814.m1,-7,0.823946746
aten_0.1.m1.29814.m1,-7,0.823946746
aten_0.1.m1.12837.m1,5,0.686079772
aten_0.1.m1.28551.m1,2,1
aten_0.1.m1.28551.m1,2,1
aten_0.1.m1.32049.m1,0,1
aten_0.1.m1.32049.m1,0,1
aten_0.1.m1.20740.m1,-10,0.439138548
aten_0.1.m1.3018.m1,-2,1
aten_0.1.m1.3018.m1,-2,1
aten_0.1.m1.32215.m1,-4,1
aten_0.1.m1.32215.m1,-4,1
aten_0.1.m1.5479.m1,-8,0.831973842
aten_0.1.m1.7152.m1,0,1
aten_0.1.m1.31784.m1,1,1
aten_0.1.m1.3151.m1,-12,0.119871224
aten_0.1.m1.3151.m1,-12,0.119871224
aten_0.1.m1.16942.m1,-17,0.200047928
aten_0.1.m1.29706.m1,0,1
aten_0.1.m1.29706.m1,0,1
aten_0.1.m1.33019.m1,4,1
aten_0.1.m1.33019.m1,4,1
aten_0.1.m1.3705.m1,1,1
aten_0.1.m1.3705.m1,1,1
aten_0.1.m1.4849.m1,-6,0.83694844
aten_0.1.m1.4849.m1,-6,0.83694844
aten_0.1.m1.19651.m1,0,1
aten_0.1.m1.4803.m1,0,1
aten_0.1.m1.4681.m1,5,1
aten_0.1.m1.28462.m1,1,1
aten_0.1.m1.11005.m1,6,0.745503719
aten_0.1.m1.11005.m1,6,0.745503719
aten_0.1.m1.26864.m1,-4,1
aten_0.1.m1.26864.m1,-4,1
aten_0.1.m1.20101.m1,23,0.005839742
aten_0.1.m1.1921.m1,0,1
aten_0.1.m1.6723.m1,-2,1
aten_0.1.m1.19406.m1,0,1
aten_0.1.m1.32178.m1,14,0.200047928
aten_0.1.m1.32178.m1,14,0.200047928
aten_0.1.m1.5692.m1,12,0.241683309
aten_0.1.m1.5692.m1,12,0.241683309
aten_0.1.m1.13037.m1,17,0.000649686
aten_0.1.m1.13037.m1,17,0.000649686
aten_0.1.m1.11897.m1,7,0.779650108
aten_0.1.m1.11897.m1,7,0.779650108
aten_0.1.m1.11897.m1,-11,0.260297624
aten_0.1.m1.11897.m1,-11,0.260297624
aten_0.1.m1.10260.m1,6,1
aten_0.1.m1.25230.m1,0,1
aten_0.1.m1.30253.m1,0,1
aten_0.1.m1.30253.m1,0,1
aten_0.1.m1.1753.m1,1,1
aten_0.1.m1.5607.m1,-7,1
aten_0.1.m1.9992.m1,-1,1
aten_0.1.m1.9990.m1,8,0.652288775
aten_0.1.m1.9990.m1,8,0.652288775
aten_0.1.m1.31687.m1,42,2.75937268821042e-06
aten_0.1.m1.23567.m1,4,0.891477515
aten_0.1.m1.21697.m1,0,1
aten_0.1.m1.16869.m1,-2,1
aten_0.1.m1.16869.m1,-2,1
aten_0.1.m1.28822.m1,-15,0.062975675
aten_0.1.m1.28822.m1,-15,0.062975675
aten_0.1.m1.17393.m1,-3,1
aten_0.1.m1.18174.m1,-4,1
aten_0.1.m1.23452.m1,0,1
aten_0.1.m1.17775.m1,-7,1
aten_0.1.m1.32810.m1,0,1
aten_0.1.m1.32810.m1,0,1
aten_0.1.m1.28438.m1,-18,0.153157769
aten_0.1.m1.31817.m1,-5,1
aten_0.1.m1.32910.m1,7,0.919324265
aten_0.1.m1.4205.m1,-19,0.110485465
aten_0.1.m1.4205.m1,-19,0.110485465
aten_0.1.m1.32432.m1,7,1
aten_0.1.m1.3034.m1,-14,0.086699178
aten_0.1.m1.5420.m1,-8,0.831973842
aten_0.1.m1.26121.m1,1,1
aten_0.1.m1.16217.m1,-4,1
aten_0.1.m1.29633.m1,-15,0.274275637
aten_0.1.m1.29633.m1,-15,0.274275637
aten_0.1.m1.28034.m1,-13,0.317102795
aten_0.1.m1.28034.m1,-13,0.317102795
aten_0.1.m1.12445.m1,0,1
aten_0.1.m1.12445.m1,0,1
aten_0.1.m1.7064.m1,9,0.566425697
aten_0.1.m1.16196.m1,-5,1
aten_0.1.m1.16196.m1,-5,1
aten_0.1.m1.31940.m1,-5,1
aten_0.1.m1.21147.m1,-13,0.458998164
aten_0.1.m1.21147.m1,-13,0.458998164
aten_0.1.m1.24129.m1,4,1
aten_0.1.m1.8706.m1,0,1
aten_0.1.m1.8706.m1,0,1
aten_0.1.m1.16383.m1,1,1
aten_0.1.m1.16383.m1,1,1
aten_0.1.m1.16383.m1,1,1
aten_0.1.m1.33777.m1,1,1
aten_0.1.m1.12779.m1,-5,1
aten_0.1.m1.30548.m1,-8,0.679571511
aten_0.1.m1.30548.m1,-8,0.679571511
aten_0.1.m1.32210.m1,9,0.686079772
aten_0.1.m1.33676.m1,0,1
aten_0.1.m1.33676.m1,0,1
aten_0.1.m1.16617.m1,14,0.214788226
aten_0.1.m1.13925.m1,-4,1
aten_0.1.m1.19368.m1,-5,1
aten_0.1.m1.29167.m1,17,0.189613729
aten_0.1.m1.29167.m1,17,0.189613729
aten_0.1.m1.32787.m1,0,1
aten_0.1.m1.32787.m1,0,1
aten_0.1.m1.17447.m1,4,1
aten_0.1.m1.15982.m1,0,1
aten_0.1.m1.15982.m1,4,1
aten_0.1.m1.1018.m1,0,1
aten_0.1.m1.33433.m1,7,1
aten_0.1.m1.33433.m1,7,1
aten_0.1.m1.32857.m1,-10,0.745503719
aten_0.1.m1.24176.m1,0,1
aten_0.1.m1.24176.m1,0,1
aten_0.1.m1.29779.m1,5,1
aten_0.1.m1.30691.m1,-12,0.458998164
aten_0.1.m1.12520.m1,-6,1
aten_0.1.m1.12520.m1,-6,1
aten_0.1.m1.9652.m1,-7,1
aten_0.1.m1.21893.m1,7,0.566425697
aten_0.1.m1.21893.m1,7,0.566425697
aten_0.1.m1.11915.m1,0,1
aten_0.1.m1.29876.m1,0,1
aten_0.1.m1.29876.m1,0,1
aten_0.1.m1.2505.m1,1,1
aten_0.1.m1.2505.m1,1,1
aten_0.1.m1.1935.m1,0,1
aten_0.1.m1.1935.m1,0,1
aten_0.1.m1.12520.m1,-3,1
aten_0.1.m1.7271.m1,0,1
aten_0.1.m1.10937.m1,0,1
aten_0.1.m1.32982.m1,0,1
aten_0.1.m1.19698.m1,8,0.082841021
aten_0.1.m1.6359.m1,3,0.823946746
aten_0.1.m1.6359.m1,3,0.823946746
aten_0.1.m1.10354.m1,7,0.679571511
aten_0.1.m1.20138.m1,0,1
aten_0.1.m1.20138.m1,0,1
aten_0.1.m1.5792.m1,-1,1
aten_0.1.m1.22298.m1,-6,1
aten_0.1.m1.29721.m1,-10,0.59504063
aten_0.1.m1.16367.m1,0,1
aten_0.1.m1.18839.m1,3,1
aten_0.1.m1.18839.m1,3,1
aten_0.1.m1.14294.m1,0,1
aten_0.1.m1.19838.m1,0,1
aten_0.1.m1.19838.m1,0,1
aten_0.1.m1.6189.m1,0,1
aten_0.1.m1.6195.m1,0,1
aten_0.1.m1.6189.m1,0,1
aten_0.1.m1.23281.m1,0,1
aten_0.1.m1.10543.m1,-5,0.358799898
aten_0.1.m1.31848.m1,-2,1
aten_0.1.m1.55.m1,21,0.003755236
aten_0.1.m1.55.m1,21,0.003755236
aten_0.1.m1.4339.m1,0,1
aten_0.1.m1.4339.m1,0,1
aten_0.1.m1.160.m1,0,1
aten_0.1.m1.160.m1,0,1
aten_0.1.m1.23826.m1,8,0.082841021
aten_0.1.m1.5788.m1,0,1
aten_0.1.m1.5788.m1,0,1
aten_0.1.m1.6932.m1,10,0.030051604
aten_0.1.m1.18877.m1,28,0.000118865
aten_0.1.m1.18877.m1,28,0.000118865
aten_0.1.m1.18877.m1,28,0.000118865
aten_0.1.m1.13408.m1,-18,0.025745086
aten_0.1.m1.23703.m1,0,1
aten_0.1.m1.8722.m1,0,1
aten_0.1.m1.1401.m1,0,1
aten_0.1.m1.13099.m1,0,1
aten_0.1.m1.13099.m1,0,1
aten_0.1.m1.29695.m1,3,1
aten_0.1.m1.17763.m1,-2,1
aten_0.1.m1.17247.m1,0,1
aten_0.1.m1.17247.m1,0,1
aten_0.1.m1.31008.m1,7,1
aten_0.1.m1.6674.m1,0,1
aten_0.1.m1.11062.m1,-13,0.417770413
aten_0.1.m1.11062.m1,-13,0.417770413
aten_0.1.m1.16880.m1,0,1
aten_0.1.m1.18439.m1,0,1
aten_0.1.m1.18439.m1,0,1
aten_0.1.m1.22296.m1,15,0.099579491
aten_0.1.m1.5713.m1,0,1
aten_0.1.m1.5713.m1,0,1
aten_0.1.m1.11813.m1,0,1
aten_0.1.m1.16473.m1,0,1
aten_0.1.m1.2508.m1,0,1
aten_0.1.m1.18992.m1,0,1
aten_0.1.m1.18992.m1,0,1
aten_0.1.m1.9860.m1,0,1
aten_0.1.m1.9860.m1,0,1
aten_0.1.m1.18261.m1,0,1
aten_0.1.m1.18261.m1,0,1
aten_0.1.m1.17486.m1,7,0.679571511
aten_0.1.m1.28953.m1,-21,0.041567311
aten_0.1.m1.28953.m1,-21,0.041567311
aten_0.1.m1.293.m1,0,1
aten_0.1.m1.293.m1,0,1
aten_0.1.m1.22162.m1,-4,1
aten_0.1.m1.22162.m1,-4,1
aten_0.1.m1.28822.m1,0,1
aten_0.1.m1.1716.m1,2,1
aten_0.1.m1.1716.m1,2,1
aten_0.1.m1.17968.m1,4,1
aten_0.1.m1.17968.m1,4,1
aten_0.1.m1.20786.m1,0,1
aten_0.1.m1.25406.m1,-3,1
aten_0.1.m1.4438.m1,1,1
aten_0.1.m1.9930.m1,-3,0.823946746
aten_0.1.m1.13926.m1,0,1
aten_0.1.m1.13926.m1,0,1
aten_0.1.m1.29552.m1,4,1
aten_0.1.m1.29552.m1,4,1
aten_0.1.m1.23175.m1,0,1
aten_0.1.m1.23175.m1,0,1
aten_0.1.m1.30340.m1,0,1
aten_0.1.m1.157.m1,-1,1
aten_0.1.m1.67.m1,-6,0.745503719
aten_0.1.m1.67.m1,-6,0.745503719
aten_0.1.m1.28926.m1,0,1
aten_0.1.m1.28926.m1,0,1
aten_0.1.m1.11666.m1,10,0.745503719
aten_0.1.m1.11666.m1,10,0.745503719
aten_0.1.m1.8037.m1,0,1
aten_0.1.m1.8037.m1,0,1
aten_0.1.m1.15382.m1,-7,0.919324265
aten_0.1.m1.15382.m1,-7,0.919324265
aten_0.1.m1.7910.m1,19,0.090238319
aten_0.1.m1.7910.m1,19,0.090238319
aten_0.1.m1.18898.m1,0,1
aten_0.1.m1.18898.m1,0,1
aten_0.1.m1.33356.m1,6,0.958489725
aten_0.1.m1.33353.m1,6,0.958489725
aten_0.1.m1.33356.m1,6,0.958489725
aten_0.1.m1.33514.m1,0,1
aten_0.1.m1.33212.m1,-5,1
aten_0.1.m1.33212.m1,-5,1
aten_0.1.m1.7478.m1,1,1
aten_0.1.m1.7478.m1,1,1
aten_0.1.m1.29693.m1,5,0.686079772
aten_0.1.m1.29693.m1,5,0.686079772
aten_0.1.m1.13734.m1,10,0.707849019
aten_0.1.m1.894.m1,-27,0.006528998
aten_0.1.m1.20010.m1,0,1
aten_0.1.m1.29455.m1,10,0.707849019
aten_0.1.m1.29455.m1,10,0.707849019
aten_0.1.m1.7378.m1,4,0.779650108
aten_0.1.m1.7378.m1,4,0.779650108
aten_0.1.m1.1637.m1,0,1
aten_0.1.m1.28938.m1,0,1
aten_0.1.m1.21360.m1,0,1
aten_0.1.m1.21360.m1,0,1
aten_0.1.m1.31418.m1,0,1
aten_0.1.m1.31418.m1,0,1
aten_0.1.m1.7934.m1,0,1
aten_0.1.m1.18783.m1,0,1
aten_0.1.m1.18783.m1,0,1
aten_0.1.m1.9440.m1,0,1
aten_0.1.m1.16515.m1,12,0.365974035
aten_0.1.m1.3689.m1,-7,1
aten_0.1.m1.3689.m1,-7,1
aten_0.1.m1.26621.m1,0,1
aten_0.1.m1.26621.m1,0,1
aten_0.1.m1.11781.m1,12,0.241683309
aten_0.1.m1.11781.m1,12,0.241683309
aten_0.1.m1.18994.m1,0,1
aten_0.1.m1.15461.m1,0,1
aten_0.1.m1.15461.m1,0,1
aten_0.1.m1.3518.m1,-15,0.315355142
aten_0.1.m1.15729.m1,5,1
aten_0.1.m1.16337.m1,-11,0.235563322
aten_0.1.m1.16337.m1,-11,0.235563322
aten_0.1.m1.30704.m1,24,0.021981527
aten_0.1.m1.26412.m1,25,0.005476816
aten_0.1.m1.8852.m1,-1,1
aten_0.1.m1.22986.m1,1,1
aten_0.1.m1.5314.m1,14,0.086699178
aten_0.1.m1.5314.m1,14,0.086699178
aten_0.1.m1.324.m1,1,1
aten_0.1.m1.324.m1,1,1
aten_0.1.m1.32725.m1,-4,1
aten_0.1.m1.1169.m1,2,1
aten_0.1.m1.1087.m1,2,1
aten_0.1.m1.1087.m1,2,1
aten_0.1.m1.8269.m1,0,1
aten_0.1.m1.8269.m1,0,1
aten_0.1.m1.160.m1,18,0.140360402
aten_0.1.m1.160.m1,18,0.140360402
aten_0.1.m1.7215.m1,13,0.1474446
aten_0.1.m1.32176.m1,1,1
aten_0.1.m1.33619.m1,-10,0.59504063
aten_0.1.m1.30099.m1,1,1
aten_0.1.m1.30099.m1,1,1
aten_0.1.m1.15966.m1,0,1
aten_0.1.m1.8946.m1,-15,0.01511376
aten_0.1.m1.890.m1,17,0.082841021
aten_0.1.m1.22573.m1,0,1
aten_0.1.m1.22573.m1,0,1
aten_0.1.m1.9049.m1,0,1
aten_0.1.m1.16268.m1,-2,1
aten_0.1.m1.16268.m1,-2,1
aten_0.1.m1.28136.m1,-23,0.033995681
aten_0.1.m1.15727.m1,0,1
aten_0.1.m1.22396.m1,6,0.784053738
aten_0.1.m1.22396.m1,6,0.784053738
aten_0.1.m1.11026.m1,-1,1
aten_0.1.m1.27349.m1,13,0.104718901
aten_0.1.m1.27349.m1,13,0.104718901
aten_0.1.m1.14449.m1,23,0.021981527
aten_0.1.m1.13002.m1,15,0.099579491
aten_0.1.m1.15306.m1,0,1
aten_0.1.m1.22980.m1,2,1
aten_0.1.m1.22980.m1,2,1
aten_0.1.m1.22296.m1,-4,1
aten_0.1.m1.22296.m1,-4,1
aten_0.1.m1.14499.m1,8,0.679571511
aten_0.1.m1.14499.m1,8,0.679571511
aten_0.1.m1.11655.m1,-7,1
aten_0.1.m1.26637.m1,0,1
aten_0.1.m1.30319.m1,0,1
aten_0.1.m1.32283.m1,-2,1
aten_0.1.m1.30074.m1,11,0.208329801
aten_0.1.m1.30074.m1,11,0.208329801
aten_0.1.m1.23032.m1,7,0.823946746
aten_0.1.m1.32878.m1,1,1
aten_0.1.m1.7142.m1,3,1
aten_0.1.m1.17178.m1,0,1
aten_0.1.m1.17178.m1,0,1
aten_0.1.m1.12822.m1,0,1
aten_0.1.m1.12822.m1,0,1
aten_0.1.m1.3471.m1,0,1
aten_0.1.m1.3471.m1,0,1
aten_0.1.m1.24140.m1,-1,1
aten_0.1.m1.24424.m1,-6,0.496714564
aten_0.1.m1.24424.m1,-6,0.496714564
aten_0.1.m1.20029.m1,3,1
aten_0.1.m1.12822.m1,0,1
aten_0.1.m1.12822.m1,0,1
aten_0.1.m1.14990.m1,0,1
aten_0.1.m1.14990.m1,0,1
aten_0.1.m1.18534.m1,-7,1
aten_0.1.m1.16564.m1,0,1
aten_0.1.m1.16564.m1,0,1
aten_0.1.m1.15138.m1,4,1
aten_0.1.m1.30307.m1,-1,1
aten_0.1.m1.30307.m1,-1,1
aten_0.1.m1.15501.m1,-13,0.205980253
aten_0.1.m1.5692.m1,-5,1
aten_0.1.m1.5692.m1,-5,1
aten_0.1.m1.12093.m1,0,1
aten_0.1.m1.23415.m1,-4,1
aten_0.1.m1.973.m1,-3,0.823946746
aten_0.1.m1.744.m1,0,1
aten_0.1.m1.744.m1,0,1
aten_0.1.m1.19227.m1,0,1
aten_0.1.m1.19227.m1,0,1
aten_0.1.m1.5484.m1,-2,1
aten_0.1.m1.1799.m1,2,1
aten_0.1.m1.20132.m1,9,0.507749831
aten_0.1.m1.20132.m1,9,0.507749831
aten_0.1.m1.29429.m1,-2,1
aten_0.1.m1.29429.m1,-2,1
aten_0.1.m1.16799.m1,19,0.025745086
aten_0.1.m1.16799.m1,19,0.025745086
aten_0.1.m1.30436.m1,-1,1
aten_0.1.m1.30436.m1,-1,1
aten_0.1.m1.11005.m1,-1,1
aten_0.1.m1.11005.m1,-1,1
aten_0.1.m1.24359.m1,20,0.082841021
aten_0.1.m1.19824.m1,0,1
aten_0.1.m1.27861.m1,0,1
aten_0.1.m1.19538.m1,0,1
aten_0.1.m1.19538.m1,0,1
aten_0.1.m1.7164.m1,-13,0.417770413
aten_0.1.m1.24742.m1,1,1
aten_0.1.m1.24742.m1,1,1
aten_0.1.m1.4203.m1,0,1
aten_0.1.m1.29434.m1,1,1
aten_0.1.m1.4339.m1,0,1
aten_0.1.m1.4339.m1,0,1
aten_0.1.m1.15725.m1,0,1
aten_0.1.m1.15725.m1,0,1
aten_0.1.m1.7293.m1,6,0.83694844
aten_0.1.m1.7293.m1,6,0.83694844
aten_0.1.m1.1441.m1,5,0.686079772
aten_0.1.m1.1441.m1,5,0.686079772
aten_0.1.m1.22932.m1,-3,0.823946746
aten_0.1.m1.22932.m1,-3,0.823946746
aten_0.1.m1.6949.m1,0,1
aten_0.1.m1.6949.m1,0,1
aten_0.1.m1.6949.m1,0,1
aten_0.1.m1.25389.m1,0,1
aten_0.1.m1.20586.m1,0,1
aten_0.1.m1.20586.m1,0,1
aten_0.1.m1.18970.m1,0,1
aten_0.1.m1.18970.m1,0,1
aten_0.1.m1.16609.m1,0,1
aten_0.1.m1.19823.m1,0,1
aten_0.1.m1.24442.m1,0,1
aten_0.1.m1.24442.m1,0,1
aten_0.1.m1.18437.m1,3,1
aten_0.1.m1.30426.m1,-4,1
aten_0.1.m1.25616.m1,-1,1
aten_0.1.m1.25616.m1,-1,1
aten_0.1.m1.6388.m1,-3,1
aten_0.1.m1.22647.m1,16,0.052123187
aten_0.1.m1.16873.m1,12,0.365974035
aten_0.1.m1.16873.m1,12,0.365974035
aten_0.1.m1.1048.m1,12,0.175805049
aten_0.1.m1.22841.m1,3,1
aten_0.1.m1.22841.m1,3,1
aten_0.1.m1.18246.m1,0,1
aten_0.1.m1.13338.m1,3,1
aten_0.1.m1.13338.m1,3,1
aten_0.1.m1.22734.m1,22,0.0297157
aten_0.1.m1.22734.m1,22,0.0297157
aten_0.1.m1.20828.m1,23,0.027256126
aten_0.1.m1.2373.m1,0,1
aten_0.1.m1.2373.m1,0,1
aten_0.1.m1.22647.m1,1,1
aten_0.1.m1.22647.m1,1,1
aten_0.1.m1.12244.m1,0,1
aten_0.1.m1.5551.m1,7,1
aten_0.1.m1.2936.m1,-3,1
aten_0.1.m1.31209.m1,0,1
aten_0.1.m1.25572.m1,-1,1
aten_0.1.m1.25572.m1,-1,1
aten_0.1.m1.29522.m1,-12,0.013692594
aten_0.1.m1.12739.m1,2,1
aten_0.1.m1.12739.m1,2,1
aten_0.1.m1.11103.m1,-10,0.239680874
aten_0.1.m1.11103.m1,-10,0.239680874
aten_0.1.m1.16563.m1,0,1
aten_0.1.m1.16563.m1,0,1
aten_0.1.m1.1301.m1,-20,0.005528963
aten_0.1.m1.3508.m1,0,1
aten_0.1.m1.18499.m1,6,1
aten_0.1.m1.18499.m1,6,1
aten_0.1.m1.23619.m1,1,1
aten_0.1.m1.23619.m1,1,1
aten_0.1.m1.15093.m1,-18,0.024409781
aten_0.1.m1.15093.m1,-18,0.024409781
aten_0.1.m1.24840.m1,0,1
aten_0.1.m1.24840.m1,0,1
aten_0.1.m1.14386.m1,0,1
aten_0.1.m1.14386.m1,0,1
aten_0.1.m1.20618.m1,1,1
aten_0.1.m1.20618.m1,1,1
aten_0.1.m1.862.m1,0,1
aten_0.1.m1.14459.m1,-3,0.823946746
aten_0.1.m1.26186.m1,-9,0.831973842
aten_0.1.m1.26186.m1,-9,0.831973842
aten_0.1.m1.8706.m1,4,1
aten_0.1.m1.8706.m1,4,1
aten_0.1.m1.14866.m1,1,1
aten_0.1.m1.14866.m1,1,1
aten_0.1.m1.9439.m1,-2,1
aten_0.1.m1.20035.m1,-5,1
aten_0.1.m1.4861.m1,-4,1
aten_0.1.m1.26323.m1,-1,1
aten_0.1.m1.26323.m1,-1,1
aten_0.1.m1.10341.m1,0,1
aten_0.1.m1.13460.m1,-12,0.046715106
aten_0.1.m1.25789.m1,-4,1
aten_0.1.m1.1507.m1,0,1
aten_0.1.m1.1507.m1,0,1
aten_0.1.m1.18625.m1,3,1
aten_0.1.m1.18625.m1,3,1
aten_0.1.m1.9722.m1,1,1
aten_0.1.m1.9722.m1,1,1
aten_0.1.m1.602.m1,4,1
aten_0.1.m1.15672.m1,0,1
aten_0.1.m1.15672.m1,0,1
aten_0.1.m1.16212.m1,0,1
aten_0.1.m1.16212.m1,0,1
aten_0.1.m1.6332.m1,-2,1
aten_0.1.m1.6332.m1,-2,1
aten_0.1.m1.22772.m1,15,0.050481614
aten_0.1.m1.22772.m1,15,0.050481614
aten_0.1.m1.31297.m1,-8,0.241683309
aten_0.1.m1.31297.m1,-8,0.241683309
aten_0.1.m1.30202.m1,0,1
aten_0.1.m1.30202.m1,0,1
aten_0.1.m1.33246.m1,-3,1
aten_0.1.m1.2305.m1,0,1
aten_0.1.m1.11062.m1,-1,1
aten_0.1.m1.4887.m1,0,1
aten_0.1.m1.4887.m1,0,1
aten_0.1.m1.4887.m1,0,1
aten_0.1.m1.17843.m1,-4,1
aten_0.1.m1.17843.m1,-4,1
aten_0.1.m1.15617.m1,0,1
aten_0.1.m1.15617.m1,0,1
aten_0.1.m1.22863.m1,-7,1
aten_0.1.m1.4867.m1,0,1
aten_0.1.m1.21453.m1,0,1
aten_0.1.m1.30468.m1,2,1
aten_0.1.m1.30468.m1,2,1
aten_0.1.m1.5898.m1,-3,1
aten_0.1.m1.5898.m1,-3,1
aten_0.1.m1.5899.m1,-3,1
aten_0.1.m1.5899.m1,-3,1
aten_0.1.m1.12013.m1,-18,0.153100412
aten_0.1.m1.12013.m1,-18,0.153100412
aten_0.1.m1.13219.m1,5,1
aten_0.1.m1.13219.m1,5,1
aten_0.1.m1.13225.m1,5,1
aten_0.1.m1.20116.m1,5,0.993433057
aten_0.1.m1.20116.m1,5,0.993433057
aten_0.1.m1.16564.m1,0,1
aten_0.1.m1.3513.m1,-6,0.225787622
aten_0.1.m1.11103.m1,-10,0.239680874
aten_0.1.m1.11103.m1,-10,0.239680874
aten_0.1.m1.2688.m1,0,1
aten_0.1.m1.18518.m1,2,1
aten_0.1.m1.18518.m1,2,1
aten_0.1.m1.22898.m1,0,1
aten_0.1.m1.22898.m1,0,1
aten_0.1.m1.11018.m1,2,1
aten_0.1.m1.11018.m1,2,1
aten_0.1.m1.11166.m1,-27,0.009157704
aten_0.1.m1.11166.m1,-27,0.009157704
aten_0.1.m1.15519.m1,0,1
aten_0.1.m1.2954.m1,4,1
aten_0.1.m1.1987.m1,-4,1
aten_0.1.m1.1983.m1,-4,1
aten_0.1.m1.14136.m1,-2,1
aten_0.1.m1.14136.m1,-2,1
aten_0.1.m1.15280.m1,-12,0.013692594
aten_0.1.m1.15280.m1,-12,0.013692594
aten_0.1.m1.4432.m1,0,1
aten_0.1.m1.20470.m1,0,1
aten_0.1.m1.20470.m1,0,1
aten_0.1.m1.1635.m1,3,1
aten_0.1.m1.1635.m1,3,1
aten_0.1.m1.5964.m1,0,1
aten_0.1.m1.5964.m1,0,1
aten_0.1.m1.16811.m1,0,1
aten_0.1.m1.16811.m1,0,1
aten_0.1.m1.889.m1,-4,1
aten_0.1.m1.889.m1,-4,1
aten_0.1.m1.13309.m1,-14,0.0043086
aten_0.1.m1.13309.m1,-14,0.0043086
aten_0.1.m1.22763.m1,-2,1
aten_0.1.m1.22763.m1,-2,1
aten_0.1.m1.4859.m1,0,1
aten_0.1.m1.4859.m1,0,1
aten_0.1.m1.14977.m1,-13,0.433008542
aten_0.1.m1.14977.m1,-13,0.433008542
aten_0.1.m1.29905.m1,0,1
aten_0.1.m1.29911.m1,0,1
aten_0.1.m1.29905.m1,0,1
aten_0.1.m1.2791.m1,-1,1
aten_0.1.m1.2791.m1,-1,1
aten_0.1.m1.10528.m1,6,1
aten_0.1.m1.24048.m1,1,1
aten_0.1.m1.11066.m1,0,1
aten_0.1.m1.15147.m1,0,1
aten_0.1.m1.15147.m1,0,1
aten_0.1.m1.14738.m1,0,1
aten_0.1.m1.18227.m1,0,1
aten_0.1.m1.5135.m1,-6,1
aten_0.1.m1.13969.m1,0,1
aten_0.1.m1.13969.m1,0,1
aten_0.1.m1.23581.m1,-7,1
aten_0.1.m1.19656.m1,-2,1
aten_0.1.m1.19656.m1,-2,1
aten_0.1.m1.5512.m1,0,1
aten_0.1.m1.5510.m1,0,1
aten_0.1.m1.5512.m1,0,1
aten_0.1.m1.4896.m1,0,1
aten_0.1.m1.24242.m1,2,1
aten_0.1.m1.24242.m1,2,1
aten_0.1.m1.22394.m1,-1,1
aten_0.1.m1.22394.m1,-1,1
aten_0.1.m1.10933.m1,19,0.056295642
aten_0.1.m1.34125.m1,-1,1
aten_0.1.m1.34125.m1,-1,1
aten_0.1.m1.22564.m1,-8,0.811388949
aten_0.1.m1.22564.m1,-8,0.811388949
aten_0.1.m1.27866.m1,19,0.025745086
aten_0.1.m1.27866.m1,19,0.025745086
aten_0.1.m1.31586.m1,0,1
aten_0.1.m1.22879.m1,22,0.0043086
aten_0.1.m1.16647.m1,-2,1
aten_0.1.m1.26336.m1,0,1
aten_0.1.m1.26336.m1,0,1
aten_0.1.m1.1647.m1,2,1
aten_0.1.m1.1647.m1,2,1
aten_0.1.m1.18507.m1,0,1
aten_0.1.m1.18507.m1,0,1
aten_0.1.m1.29468.m1,-3,0.823946746
aten_0.1.m1.25269.m1,7,0.851604021
aten_0.1.m1.1279.m1,-1,1
aten_0.1.m1.1279.m1,-1,1
aten_0.1.m1.1276.m1,-1,1
aten_0.1.m1.10528.m1,20,0.082841021
aten_0.1.m1.10528.m1,20,0.082841021
aten_0.1.m1.10772.m1,-2,1
aten_0.1.m1.10772.m1,-2,1
aten_0.1.m1.23386.m1,-2,1
aten_0.1.m1.3704.m1,-14,0.200047928
aten_0.1.m1.7726.m1,19,0.065081121
aten_0.1.m1.7726.m1,19,0.065081121
aten_0.1.m1.29532.m1,-1,1
aten_0.1.m1.10547.m1,0,1
aten_0.1.m1.29008.m1,6,1
aten_0.1.m1.8721.m1,-9,0.823946746
aten_0.1.m1.8721.m1,-9,0.823946746
aten_0.1.m1.20959.m1,0,1
aten_0.1.m1.20959.m1,0,1
aten_0.1.m1.19227.m1,0,1
aten_0.1.m1.2937.m1,0,1
aten_0.1.m1.2937.m1,0,1
aten_0.1.m1.28591.m1,-14,0.343044049
aten_0.1.m1.27227.m1,0,1
aten_0.1.m1.27227.m1,0,1
aten_0.1.m1.18262.m1,1,1
aten_0.1.m1.18262.m1,1,1
aten_0.1.m1.4849.m1,13,0.458998164
aten_0.1.m1.4849.m1,13,0.458998164
aten_0.1.m1.32301.m1,0,1
aten_0.1.m1.32301.m1,4,1
aten_0.1.m1.11076.m1,-9,0.507749831
aten_0.1.m1.16655.m1,0,1
aten_0.1.m1.16655.m1,0,1
aten_0.1.m1.9203.m1,-1,1
aten_0.1.m1.9203.m1,-1,1
aten_0.1.m1.17873.m1,0,1
aten_0.1.m1.1893.m1,20,0.065411489
aten_0.1.m1.22863.m1,-19,0.008932174
aten_0.1.m1.3858.m1,19,0.01661715
aten_0.1.m1.3858.m1,19,0.01661715
aten_0.1.m1.3147.m1,13,0.082841021
aten_0.1.m1.7596.m1,-1,1
aten_0.1.m1.30691.m1,0,1
aten_0.1.m1.30691.m1,0,1
aten_0.1.m1.12920.m1,0,1
aten_0.1.m1.2871.m1,0,1
aten_0.1.m1.12547.m1,0,1
aten_0.1.m1.12547.m1,0,1
aten_0.1.m1.8073.m1,8,0.912469922
aten_0.1.m1.8073.m1,8,0.912469922
aten_0.1.m1.5090.m1,0,1
aten_0.1.m1.27377.m1,-19,0.041567311
aten_0.1.m1.27377.m1,-19,0.041567311
aten_0.1.m1.6129.m1,-7,1
aten_0.1.m1.6129.m1,-7,1
aten_0.1.m1.9093.m1,6,0.83694844
aten_0.1.m1.9093.m1,6,0.83694844
aten_0.1.m1.24872.m1,-21,0.020620777
aten_0.1.m1.24872.m1,-21,0.020620777
aten_0.1.m1.12127.m1,0,1
aten_0.1.m1.2715.m1,13,0.104718901
aten_0.1.m1.3573.m1,-18,0.140360402
aten_0.1.m1.3573.m1,-18,0.140360402
aten_0.1.m1.7054.m1,21,0.024409781
aten_0.1.m1.7054.m1,21,0.024409781
aten_0.1.m1.14113.m1,10,0.439138548
aten_0.1.m1.29104.m1,0,1
aten_0.1.m1.9208.m1,6,1
aten_0.1.m1.16380.m1,0,1
aten_0.1.m1.16380.m1,0,1
aten_0.1.m1.16380.m1,0,1
aten_0.1.m1.13151.m1,12,0.013692594
aten_0.1.m1.31993.m1,19,0.082841021
aten_0.1.m1.19936.m1,-15,0.01511376
aten_0.1.m1.19936.m1,-15,0.01511376
aten_0.1.m1.11829.m1,0,1
aten_0.1.m1.7087.m1,-2,1
aten_0.1.m1.16215.m1,-15,0.00244442
aten_0.1.m1.16215.m1,-15,0.00244442
aten_0.1.m1.21309.m1,18,0.025745086
aten_0.1.m1.27361.m1,8,0.679571511
aten_0.1.m1.10937.m1,2,1
aten_0.1.m1.23982.m1,-5,1
aten_0.1.m1.6276.m1,16,0.139852502
aten_0.1.m1.6276.m1,16,0.139852502
aten_0.1.m1.23445.m1,0,1
aten_0.1.m1.33609.m1,-5,1
aten_0.1.m1.33609.m1,-5,1
aten_0.1.m1.32728.m1,-10,0.59504063
aten_0.1.m1.32728.m1,-10,0.59504063
aten_0.1.m1.124.m1,0,1
aten_0.1.m1.124.m1,0,1
aten_0.1.m1.26487.m1,0,1
aten_0.1.m1.11044.m1,5,1
aten_0.1.m1.11044.m1,5,1
aten_0.1.m1.21021.m1,0,1
aten_0.1.m1.21021.m1,0,1
aten_0.1.m1.19947.m1,-7,0.851604021
aten_0.1.m1.8720.m1,1,1
aten_0.1.m1.8720.m1,1,1
aten_0.1.m1.24662.m1,-9,0.823946746
aten_0.1.m1.17290.m1,14,0.057976449
aten_0.1.m1.21136.m1,-8,0.082841021
aten_0.1.m1.22903.m1,0,1
aten_0.1.m1.22903.m1,0,1
aten_0.1.m1.12035.m1,14,0.365974035
aten_0.1.m1.19111.m1,-1,1
aten_0.1.m1.19111.m1,-1,1
aten_0.1.m1.32923.m1,-17,0.000649686
aten_0.1.m1.7110.m1,0,1
aten_0.1.m1.22815.m1,-5,1
aten_0.1.m1.22815.m1,-5,1
aten_0.1.m1.23445.m1,0,1
aten_0.1.m1.33351.m1,0,1
aten_0.1.m1.33351.m1,0,1
aten_0.1.m1.29326.m1,6,1
aten_0.1.m1.29326.m1,6,1
aten_0.1.m1.6682.m1,-9,0.686079772
aten_0.1.m1.6682.m1,-9,0.686079772
aten_0.1.m1.28932.m1,0,1
aten_0.1.m1.28932.m1,0,1
aten_0.1.m1.22759.m1,-12,0.241683309
aten_0.1.m1.11616.m1,-6,1
aten_0.1.m1.7618.m1,12,0.365974035
aten_0.1.m1.7417.m1,0,1
aten_0.1.m1.7417.m1,0,1
aten_0.1.m1.6240.m1,0,1
aten_0.1.m1.17289.m1,-19,0.041567311
aten_0.1.m1.17289.m1,-19,0.041567311
aten_0.1.m1.15971.m1,-12,0.241683309
aten_0.1.m1.15971.m1,-12,0.241683309
aten_0.1.m1.22436.m1,9,0.566425697
aten_0.1.m1.8050.m1,-22,0.037236677
aten_0.1.m1.8050.m1,-22,0.037236677
aten_0.1.m1.18515.m1,0,1
aten_0.1.m1.18515.m1,0,1
aten_0.1.m1.8827.m1,0,1
aten_0.1.m1.8827.m1,0,1
aten_0.1.m1.15563.m1,-10,0.758267114
aten_0.1.m1.29845.m1,0,1
aten_0.1.m1.29845.m1,0,1
aten_0.1.m1.5482.m1,10,0.439138548
aten_0.1.m1.16855.m1,0,1
aten_0.1.m1.16855.m1,0,1
aten_0.1.m1.18135.m1,-3,0.823946746
aten_0.1.m1.18135.m1,-3,0.823946746
aten_0.1.m1.6189.m1,0,1
aten_0.1.m1.6189.m1,0,1
aten_0.1.m1.28810.m1,5,1
aten_0.1.m1.28810.m1,5,1
aten_0.1.m1.32744.m1,-3,0.823946746
aten_0.1.m1.32836.m1,6,1
aten_0.1.m1.29684.m1,0,1
aten_0.1.m1.9203.m1,0,1
aten_0.1.m1.9203.m1,0,1
aten_0.1.m1.32207.m1,-14,0.138443349
aten_0.1.m1.32207.m1,-14,0.138443349
aten_0.1.m1.32204.m1,0,1
aten_0.1.m1.32204.m1,0,1
aten_0.1.m1.10800.m1,-7,1
aten_0.1.m1.10800.m1,-7,1
aten_0.1.m1.19036.m1,0,1
aten_0.1.m1.12420.m1,-4,1
aten_0.1.m1.12425.m1,-4,1
aten_0.1.m1.33353.m1,2,1
aten_0.1.m1.33356.m1,2,1
aten_0.1.m1.19111.m1,0,1
aten_0.1.m1.19111.m1,0,1
aten_0.1.m1.22734.m1,0,1
aten_0.1.m1.22734.m1,0,1
aten_0.1.m1.32197.m1,0,1
aten_0.1.m1.25666.m1,0,1
aten_0.1.m1.25666.m1,0,1
aten_0.1.m1.9580.m1,-4,1
aten_0.1.m1.9580.m1,-4,1
aten_0.1.m1.8224.m1,7,1
aten_0.1.m1.28767.m1,0,1
aten_0.1.m1.28767.m1,0,1
aten_0.1.m1.27959.m1,0,1
aten_0.1.m1.33802.m1,0,1
aten_0.1.m1.33424.m1,0,1
aten_0.1.m1.33424.m1,0,1
aten_0.1.m1.18552.m1,0,1
aten_0.1.m1.3513.m1,4,1
aten_0.1.m1.3513.m1,4,1
aten_0.1.m1.29533.m1,0,1
aten_0.1.m1.9990.m1,-1,1
aten_0.1.m1.9990.m1,-1,1
aten_0.1.m1.7064.m1,0,1
aten_0.1.m1.9380.m1,-11,0.022231772
aten_0.1.m1.9101.m1,15,0.295626129
aten_0.1.m1.9101.m1,15,0.295626129
aten_0.1.m1.16217.m1,0,1
aten_0.1.m1.30427.m1,0,1
aten_0.1.m1.24180.m1,0,1
aten_0.1.m1.24180.m1,0,1
aten_0.1.m1.24180.m1,0,1
aten_0.1.m1.24180.m1,0,1
aten_0.1.m1.4234.m1,0,1
aten_0.1.m1.21019.m1,0,1
aten_0.1.m1.14097.m1,-20,0.005528963
aten_0.1.m1.5964.m1,0,1
aten_0.1.m1.29498.m1,5,0.358799898
aten_0.1.m1.11085.m1,-4,1
aten_0.1.m1.11085.m1,-4,1
aten_0.1.m1.15178.m1,-6,0.496714564
aten_0.1.m1.10768.m1,-1,1
aten_0.1.m1.10768.m1,-1,1
aten_0.1.m1.30713.m1,10,0.503957807
aten_0.1.m1.30713.m1,10,0.503957807
aten_0.1.m1.4842.m1,2,1
aten_0.1.m1.19313.m1,-4,1
aten_0.1.m1.15848.m1,0,1
aten_0.1.m1.16056.m1,0,1
aten_0.1.m1.28618.m1,0,1
aten_0.1.m1.28618.m1,0,1
aten_0.1.m1.8500.m1,0,1
aten_0.1.m1.8500.m1,13,0.205980253
aten_0.1.m1.29658.m1,0,1
aten_0.1.m1.32215.m1,-3,0.823946746
aten_0.1.m1.6842.m1,0,1
aten_0.1.m1.6842.m1,0,1
aten_0.1.m1.3692.m1,4,1
aten_0.1.m1.3692.m1,4,1
aten_0.1.m1.23776.m1,7,0.992876843
aten_0.1.m1.23776.m1,7,0.992876843
aten_0.1.m1.2331.m1,-4,1
aten_0.1.m1.2335.m1,-4,1
aten_0.1.m1.33699.m1,0,1
aten_0.1.m1.33699.m1,0,1
aten_0.1.m1.17597.m1,5,1
aten_0.1.m1.17597.m1,5,1
aten_0.1.m1.13483.m1,23,0.021981527
aten_0.1.m1.13483.m1,23,0.021981527
aten_0.1.m1.16392.m1,-5,1
aten_0.1.m1.16392.m1,-5,1
aten_0.1.m1.16393.m1,0,1
aten_0.1.m1.16393.m1,0,1
aten_0.1.m1.16393.m1,0,1
aten_0.1.m1.34111.m1,4,1
aten_0.1.m1.16217.m1,0,1
aten_0.1.m1.21453.m1,-7,1
aten_0.1.m1.22257.m1,-3,1
aten_0.1.m1.22257.m1,-3,1
aten_0.1.m1.22257.m1,-3,1
aten_0.1.m1.14137.m1,-5,1
aten_0.1.m1.14137.m1,-5,1
aten_0.1.m1.5838.m1,0,1
aten_0.1.m1.23328.m1,0,1
aten_0.1.m1.23328.m1,0,1
aten_0.1.m1.32551.m1,-15,0.247263243
aten_0.1.m1.32551.m1,-15,0.247263243
aten_0.1.m1.5787.m1,13,0.380632722
aten_0.1.m1.11966.m1,0,1
aten_0.1.m1.12222.m1,2,1
aten_0.1.m1.12222.m1,2,1
aten_0.1.m1.25646.m1,16,0.119403093
aten_0.1.m1.25646.m1,16,0.119403093
aten_0.1.m1.33885.m1,0,1
aten_0.1.m1.33885.m1,0,1
aten_0.1.m1.16811.m1,0,1
aten_0.1.m1.16811.m1,0,1
aten_0.1.m1.28273.m1,-6,0.225787622
aten_0.1.m1.2671.m1,-1,1
aten_0.1.m1.2674.m1,-1,1
aten_0.1.m1.11627.m1,4,1
aten_0.1.m1.5958.m1,-1,1
aten_0.1.m1.15242.m1,11,0.631590725
aten_0.1.m1.15242.m1,11,0.631590725
aten_0.1.m1.143.m1,-18,0.099579491
aten_0.1.m1.143.m1,-18,0.099579491
aten_0.1.m1.30355.m1,-2,1
aten_0.1.m1.27568.m1,6,1
aten_0.1.m1.24081.m1,0,1
aten_0.1.m1.24081.m1,0,1
aten_0.1.m1.22393.m1,-3,1
aten_0.1.m1.22393.m1,-3,1
aten_0.1.m1.29634.m1,-10,0.59504063
aten_0.1.m1.29634.m1,-10,0.59504063
aten_0.1.m1.17164.m1,0,1
aten_0.1.m1.26916.m1,3,1
aten_0.1.m1.26916.m1,3,1
aten_0.1.m1.5309.m1,-5,0.993433057
aten_0.1.m1.5309.m1,-5,0.993433057
aten_0.1.m1.28953.m1,0,1
aten_0.1.m1.28953.m1,0,1
aten_0.1.m1.34111.m1,0,1
aten_0.1.m1.7243.m1,-5,0.993433057
aten_0.1.m1.7243.m1,-5,0.993433057
aten_0.1.m1.19176.m1,0,1
aten_0.1.m1.19176.m1,0,1
aten_0.1.m1.1114.m1,0,1
aten_0.1.m1.3523.m1,0,1
aten_0.1.m1.3523.m1,0,1
aten_0.1.m1.31596.m1,0,1
aten_0.1.m1.25979.m1,4,1
aten_0.1.m1.30465.m1,10,0.707849019
aten_0.1.m1.15967.m1,-3,0.823946746
aten_0.1.m1.7941.m1,0,1
aten_0.1.m1.9641.m1,12,0.241683309
aten_0.1.m1.27886.m1,-1,1
aten_0.1.m1.27886.m1,-1,1
aten_0.1.m1.27866.m1,-4,1
aten_0.1.m1.27866.m1,-4,1
aten_0.1.m1.11666.m1,0,1
aten_0.1.m1.11666.m1,0,1
aten_0.1.m1.11655.m1,0,1
aten_0.1.m1.11655.m1,0,1
aten_0.1.m1.27173.m1,12,0.365974035
aten_0.1.m1.4147.m1,0,1
aten_0.1.m1.4147.m1,0,1
aten_0.1.m1.33116.m1,-10,0.030051604
aten_0.1.m1.33116.m1,-10,0.030051604
aten_0.1.m1.29876.m1,0,1
aten_0.1.m1.29876.m1,0,1
aten_0.1.m1.12779.m1,12,0.496714564
aten_0.1.m1.12779.m1,12,0.496714564
aten_0.1.m1.12779.m1,1,1
aten_0.1.m1.12779.m1,1,1
aten_0.1.m1.14291.m1,18,0.150665417
aten_0.1.m1.29135.m1,16,0.072067257
aten_0.1.m1.15429.m1,0,1
aten_0.1.m1.29695.m1,13,0.065081121
aten_0.1.m1.24698.m1,2,1
aten_0.1.m1.29356.m1,-11,0.022231772
aten_0.1.m1.29356.m1,-11,0.022231772
aten_0.1.m1.9414.m1,0,1
aten_0.1.m1.9414.m1,0,1
aten_0.1.m1.29914.m1,0,1
aten_0.1.m1.2435.m1,-14,0.373776199
aten_0.1.m1.30707.m1,3,1
aten_0.1.m1.30707.m1,3,1
aten_0.1.m1.32709.m1,0,1
aten_0.1.m1.30321.m1,19,0.041567311
aten_0.1.m1.17452.m1,2,1
aten_0.1.m1.28512.m1,0,1
aten_0.1.m1.31774.m1,0,1
aten_0.1.m1.31774.m1,0,1
aten_0.1.m1.29356.m1,-2,1
aten_0.1.m1.33324.m1,-10,0.714891027
aten_0.1.m1.24698.m1,-11,0.596555899
aten_0.1.m1.20200.m1,-11,0.65473896
aten_0.1.m1.20200.m1,-11,0.65473896
aten_0.1.m1.110.m1,0,1
aten_0.1.m1.26594.m1,0,1
aten_0.1.m1.5454.m1,-1,1
aten_0.1.m1.5454.m1,-1,1
aten_0.1.m1.23408.m1,-19,0.000261935
aten_0.1.m1.23408.m1,-19,0.000261935
aten_0.1.m1.30844.m1,10,0.503957807
aten_0.1.m1.30844.m1,10,0.503957807
aten_0.1.m1.30841.m1,7,1
aten_0.1.m1.30841.m1,7,1
aten_0.1.m1.14320.m1,0,1
aten_0.1.m1.14320.m1,0,1
aten_0.1.m1.25516.m1,-2,1
aten_0.1.m1.16793.m1,-1,1
aten_0.1.m1.22012.m1,-5,0.895693191
aten_0.1.m1.6438.m1,1,1
aten_0.1.m1.6438.m1,1,1
aten_0.1.m1.14991.m1,0,1
aten_0.1.m1.12402.m1,4,1
aten_0.1.m1.6537.m1,0,1
aten_0.1.m1.6537.m1,0,1
aten_0.1.m1.15629.m1,0,1
aten_0.1.m1.15629.m1,0,1
aten_0.1.m1.2915.m1,0,1
aten_0.1.m1.2915.m1,0,1
aten_0.1.m1.32186.m1,0,1
aten_0.1.m1.32186.m1,0,1
aten_0.1.m1.3847.m1,1,1
aten_0.1.m1.14515.m1,0,1
aten_0.1.m1.14515.m1,0,1
aten_0.1.m1.11104.m1,-1,1
aten_0.1.m1.11104.m1,-1,1
aten_0.1.m1.14762.m1,0,1
aten_0.1.m1.14762.m1,0,1
aten_0.1.m1.24934.m1,-16,0.009021492
aten_0.1.m1.20757.m1,-2,1
aten_0.1.m1.20757.m1,-2,1
aten_0.1.m1.2270.m1,-1,1
aten_0.1.m1.2270.m1,-1,1
aten_0.1.m1.12096.m1,-7,0.823946746
aten_0.1.m1.28633.m1,3,1
aten_0.1.m1.28633.m1,3,1
aten_0.1.m1.1849.m1,0,1
aten_0.1.m1.1849.m1,0,1
aten_0.1.m1.6516.m1,-2,1
aten_0.1.m1.14959.m1,-19,0.001851099
aten_0.1.m1.14959.m1,-19,0.001851099
aten_0.1.m1.6240.m1,2,1
aten_0.1.m1.6240.m1,2,1
aten_0.1.m1.27793.m1,0,1
aten_0.1.m1.27793.m1,0,1
aten_0.1.m1.18519.m1,-8,0.241683309
aten_0.1.m1.18519.m1,-8,0.241683309
aten_0.1.m1.19814.m1,0,1
aten_0.1.m1.21004.m1,1,1
aten_0.1.m1.21004.m1,1,1
aten_0.1.m1.11670.m1,1,1
aten_0.1.m1.5749.m1,0,1
aten_0.1.m1.6891.m1,0,1
aten_0.1.m1.6891.m1,0,1
aten_0.1.m1.4495.m1,0,1
aten_0.1.m1.4495.m1,0,1
aten_0.1.m1.23184.m1,0,1
aten_0.1.m1.23184.m1,0,1
aten_0.1.m1.1540.m1,0,1
aten_0.1.m1.1540.m1,0,1
aten_0.1.m1.7307.m1,10,0.503957807
aten_0.1.m1.7317.m1,10,0.503957807
aten_0.1.m1.7307.m1,10,0.503957807
aten_0.1.m1.7317.m1,10,0.503957807
aten_0.1.m1.10770.m1,0,1
aten_0.1.m1.10770.m1,0,1
aten_0.1.m1.10985.m1,8,0.679571511
aten_0.1.m1.9021.m1,0,1
aten_0.1.m1.9021.m1,0,1
aten_0.1.m1.19353.m1,18,0.153100412
aten_0.1.m1.32841.m1,7,0.779650108
aten_0.1.m1.32841.m1,7,0.779650108
aten_0.1.m1.24180.m1,3,1
aten_0.1.m1.24180.m1,3,1
aten_0.1.m1.24180.m1,3,1
aten_0.1.m1.32283.m1,-3,0.823946746
aten_0.1.m1.8230.m1,15,0.225787622
aten_0.1.m1.11302.m1,18,0.153100412
aten_0.1.m1.32190.m1,-24,0.024409781
aten_0.1.m1.32190.m1,-24,0.024409781
aten_0.1.m1.7501.m1,0,1
aten_0.1.m1.7501.m1,0,1
aten_0.1.m1.20569.m1,0,1
aten_0.1.m1.20569.m1,0,1
aten_0.1.m1.2300.m1,0,1
aten_0.1.m1.2300.m1,0,1
aten_0.1.m1.23445.m1,0,1
aten_0.1.m1.19955.m1,0,1
aten_0.1.m1.19955.m1,0,1
aten_0.1.m1.29247.m1,0,1
aten_0.1.m1.1099.m1,0,1
aten_0.1.m1.1099.m1,0,1
aten_0.1.m1.1384.m1,4,1
aten_0.1.m1.1384.m1,4,1
aten_0.1.m1.23468.m1,-27,0.006941668
aten_0.1.m1.23468.m1,-27,0.006941668
aten_0.1.m1.16025.m1,0,1
aten_0.1.m1.7941.m1,0,1
aten_0.1.m1.29283.m1,4,1
aten_0.1.m1.29283.m1,4,1
aten_0.1.m1.22547.m1,19,0.041567311
aten_0.1.m1.22547.m1,19,0.041567311
aten_0.1.m1.30624.m1,21,0.030051604
aten_0.1.m1.13971.m1,17,0.082841021
aten_0.1.m1.31083.m1,8,0.082841021
aten_0.1.m1.18793.m1,6,0.83694844
aten_0.1.m1.18793.m1,6,0.83694844
aten_0.1.m1.33832.m1,0,1
aten_0.1.m1.28677.m1,0,1
aten_0.1.m1.15855.m1,0,1
aten_0.1.m1.12926.m1,2,1
aten_0.1.m1.23452.m1,3,1
aten_0.1.m1.30322.m1,0,1
aten_0.1.m1.29114.m1,8,0.883172472