no,id,pop,lifestage,species,reef,tank,Temp,symbiont,family_temp,family,indcross,reefcross,reefcross_timepoint,pure_hybrid
1,Mod1-JewBotxDav6Bul-Cn1-T0-rep1,JewxDav_T0,larvae,aten,NA,NA,T0,NA,Mod1_T0,Mod1,JewBotxDav6Bul,JewxDav,JewxDav_T0,hybrid_north_south
2,T.F39-Jew2xPal1-Cn30-T0-rep1,JewxPal_T0,larvae,aten,NA,NA,T0,NA,T.F39_T0,T.F39,Jew2xPal1,JewxPal,JewxPal_T0,hybrid_north_south
3,T.F38-Jew6xPal1-Cn31-T0-rep3,JewxPal_T0,larvae,aten,NA,NA,T0,NA,T.F38_T0,T.F38,Jew6xPal1,JewxPal,JewxPal_T0,hybrid_north_south
4,Mod2-Par6BulxPar6Bul-Cn3-T0-rep3,ParxPar_T0,larvae,aten,NA,NA,T0,NA,Mod2_T0,Mod2,Par6BulxPar6Bul,ParxPar,ParxPar_T0,pure_north
5,Mod3-Par6BulxDav6Bul-Cn5-T0-rep5,ParxDav_T0,larvae,aten,NA,NA,T0,NA,Mod3_T0,Mod3,Par6BulxDav6Bul,ParxDav,ParxDav_T0,hybrid_north_south
6,Mod5-Swi6BulxDav6Bul-Cn9-T0-rep1,SwixDav_T0,larvae,aten,NA,NA,T0,NA,Mod5_T0,Mod5,Swi6BulxDav6Bul,SwixDav,SwixDav_T0,hybrid_north_south
7,Mod6-MunPalBulxDav6Bul-Cn13-T0-rep3,PalxDav_T0,larvae,aten,NA,NA,T0,NA,Mod6_T0,Mod6,MunPalBulxDav6Bul,PalxDav,PalxDav_T0,hybrid_south
8,Mod1-JewBotxDav6Bul-Cn1-T0-rep2,JewxDav_T0,larvae,aten,NA,NA,T0,NA,Mod1_T0,Mod1,JewBotxDav6Bul,JewxDav,JewxDav_T0,hybrid_north_south
9,T.F39-Jew2xPal1-Cn30-T0-rep2,JewxPal_T0,larvae,aten,NA,NA,T0,NA,T.F39_T0,T.F39,Jew2xPal1,JewxPal,JewxPal_T0,hybrid_north_south
10,T.F38-Jew6xPal1-Cn31-T0-rep4,JewxPal_T0,larvae,aten,NA,NA,T0,NA,T.F38_T0,T.F38,Jew6xPal1,JewxPal,JewxPal_T0,hybrid_north_south
11,Mod2-Par6BulxPar6Bul-Cn3-T0-rep4,ParxPar_T0,larvae,aten,NA,NA,T0,NA,Mod2_T0,Mod2,Par6BulxPar6Bul,ParxPar,ParxPar_T0,pure_north
12,Mod3-Par6BulxDav6Bul-Cn5-T0-rep6,ParxDav_T0,larvae,aten,NA,NA,T0,NA,Mod3_T0,Mod3,Par6BulxDav6Bul,ParxDav,ParxDav_T0,hybrid_north_south
13,Mod5-Swi6BulxDav6Bul-Cn9-T0-rep2,SwixDav_T0,larvae,aten,NA,NA,T0,NA,Mod5_T0,Mod5,Swi6BulxDav6Bul,SwixDav,SwixDav_T0,hybrid_north_south
14,Mod6-MunPalBulxDav6Bul-Cn13-T0-rep4,PalxDav_T0,larvae,aten,NA,NA,T0,NA,Mod6_T0,Mod6,MunPalBulxDav6Bul,PalxDav,PalxDav_T0,hybrid_south
15,Mod1-JewBotxDav6Bul-Cn1-T0-rep3,JewxDav_T0,larvae,aten,NA,NA,T0,NA,Mod1_T0,Mod1,JewBotxDav6Bul,JewxDav,JewxDav_T0,hybrid_north_south
16,T.F39-Jew2xPal1-Cn30-T0-rep3,JewxPal_T0,larvae,aten,NA,NA,T0,NA,T.F39_T0,T.F39,Jew2xPal1,JewxPal,JewxPal_T0,hybrid_north_south
17,T.F38-Jew6xPal1-Cn31-T0-rep5,JewxPal_T0,larvae,aten,NA,NA,T0,NA,T.F38_T0,T.F38,Jew6xPal1,JewxPal,JewxPal_T0,hybrid_north_south
18,Mod2-Par6BulxPar6Bul-Cn3-T0-rep5,ParxPar_T0,larvae,aten,NA,NA,T0,NA,Mod2_T0,Mod2,Par6BulxPar6Bul,ParxPar,ParxPar_T0,pure_north
19,Mod4-Swi6BulxSwi6Bul-Cn7-T0-rep1,SwixSwi_T0,larvae,aten,NA,NA,T0,NA,Mod4_T0,Mod4,Swi6BulxSwi6Bul,SwixSwi,SwixSwi_T0,pure_north
20,Mod5-Swi6BulxDav6Bul-Cn9-T0-rep3,SwixDav_T0,larvae,aten,NA,NA,T0,NA,Mod5_T0,Mod5,Swi6BulxDav6Bul,SwixDav,SwixDav_T0,hybrid_north_south
21,Mod6-MunPalBulxDav6Bul-Cn13-T0-rep5,PalxDav_T0,larvae,aten,NA,NA,T0,NA,Mod6_T0,Mod6,MunPalBulxDav6Bul,PalxDav,PalxDav_T0,hybrid_south
22,Mod1-JewBotxDav6Bul-Cn1-T0-rep4,JewxDav_T0,larvae,aten,NA,NA,T0,NA,Mod1_T0,Mod1,JewBotxDav6Bul,JewxDav,JewxDav_T0,hybrid_north_south
23,T.F39-Jew2xPal1-Cn30-T0-rep4,JewxPal_T0,larvae,aten,NA,NA,T0,NA,T.F39_T0,T.F39,Jew2xPal1,JewxPal,JewxPal_T0,hybrid_north_south
24,T.F38-Jew6xPal1-Cn31-T0-rep6,JewxPal_T0,larvae,aten,NA,NA,T0,NA,T.F38_T0,T.F38,Jew6xPal1,JewxPal,JewxPal_T0,hybrid_north_south
25,Mod2-Par6BulxPar6Bul-Cn3-T0-rep6,ParxPar_T0,larvae,aten,NA,NA,T0,NA,Mod2_T0,Mod2,Par6BulxPar6Bul,ParxPar,ParxPar_T0,pure_north
26,Mod4-Swi6BulxSwi6Bul-Cn7-T0-rep2,SwixSwi_T0,larvae,aten,NA,NA,T0,NA,Mod4_T0,Mod4,Swi6BulxSwi6Bul,SwixSwi,SwixSwi_T0,pure_north
27,Mod5-Swi6BulxDav6Bul-Cn9-T0-rep4,SwixDav_T0,larvae,aten,NA,NA,T0,NA,Mod5_T0,Mod5,Swi6BulxDav6Bul,SwixDav,SwixDav_T0,hybrid_north_south
28,Mod6-MunPalBulxDav6Bul-Cn13-T0-rep6,PalxDav_T0,larvae,aten,NA,NA,T0,NA,Mod6_T0,Mod6,MunPalBulxDav6Bul,PalxDav,PalxDav_T0,hybrid_south
29,Mod1-JewBotxDav6Bul-Cn1-T0-rep5,JewxDav_T0,larvae,aten,NA,NA,T0,NA,Mod1_T0,Mod1,JewBotxDav6Bul,JewxDav,JewxDav_T0,hybrid_north_south
30,T.F39-Jew2xPal1-Cn30-T0-rep5,JewxPal_T0,larvae,aten,NA,NA,T0,NA,T.F39_T0,T.F39,Jew2xPal1,JewxPal,JewxPal_T0,hybrid_north_south
31,Mod3-Par6BulxDav6Bul-Cn5-T0-rep1,ParxDav_T0,larvae,aten,NA,NA,T0,NA,Mod3_T0,Mod3,Par6BulxDav6Bul,ParxDav,ParxDav_T0,hybrid_north_south
32,Mod4-Swi6BulxSwi6Bul-Cn7-T0-rep3,SwixSwi_T0,larvae,aten,NA,NA,T0,NA,Mod4_T0,Mod4,Swi6BulxSwi6Bul,SwixSwi,SwixSwi_T0,pure_north
33,Mod5-Swi6BulxDav6Bul-Cn9-T0-rep5,SwixDav_T0,larvae,aten,NA,NA,T0,NA,Mod5_T0,Mod5,Swi6BulxDav6Bul,SwixDav,SwixDav_T0,hybrid_north_south
34,Mod1-JewBotxDav6Bul-Cn1-T0-rep6,JewxDav_T0,larvae,aten,NA,NA,T0,NA,Mod1_T0,Mod1,JewBotxDav6Bul,JewxDav,JewxDav_T0,hybrid_north_south
35,T.F39-Jew2xPal1-Cn30-T0-rep6,JewxPal_T0,larvae,aten,NA,NA,T0,NA,T.F39_T0,T.F39,Jew2xPal1,JewxPal,JewxPal_T0,hybrid_north_south
36,Mod3-Par6BulxDav6Bul-Cn5-T0-rep2,ParxDav_T0,larvae,aten,NA,NA,T0,NA,Mod3_T0,Mod3,Par6BulxDav6Bul,ParxDav,ParxDav_T0,hybrid_north_south
37,Mod4-Swi6BulxSwi6Bul-Cn7-T0-rep4,SwixSwi_T0,larvae,aten,NA,NA,T0,NA,Mod4_T0,Mod4,Swi6BulxSwi6Bul,SwixSwi,SwixSwi_T0,pure_north
38,Mod5-Swi6BulxDav6Bul-Cn9-T0-rep6,SwixDav_T0,larvae,aten,NA,NA,T0,NA,Mod5_T0,Mod5,Swi6BulxDav6Bul,SwixDav,SwixDav_T0,hybrid_north_south
39,Mod2-Par6BulxPar6Bul-Cn3-T0-rep1,ParxPar_T0,larvae,aten,NA,NA,T0,NA,Mod2_T0,Mod2,Par6BulxPar6Bul,ParxPar,ParxPar_T0,pure_north
40,T.F38-Jew6xPal1-Cn31-T0-rep1,JewxPal_T0,larvae,aten,NA,NA,T0,NA,T.F38_T0,T.F38,Jew6xPal1,JewxPal,JewxPal_T0,hybrid_north_south
41,Mod3-Par6BulxDav6Bul-Cn5-T0-rep3,ParxDav_T0,larvae,aten,NA,NA,T0,NA,Mod3_T0,Mod3,Par6BulxDav6Bul,ParxDav,ParxDav_T0,hybrid_north_south
42,Mod4-Swi6BulxSwi6Bul-Cn7-T0-rep5,SwixSwi_T0,larvae,aten,NA,NA,T0,NA,Mod4_T0,Mod4,Swi6BulxSwi6Bul,SwixSwi,SwixSwi_T0,pure_north
43,Mod6-MunPalBulxDav6Bul-Cn13-T0-rep1,PalxDav_T0,larvae,aten,NA,NA,T0,NA,Mod6_T0,Mod6,MunPalBulxDav6Bul,PalxDav,PalxDav_T0,hybrid_south
44,Mod2-Par6BulxPar6Bul-Cn3-T0-rep2,ParxPar_T0,larvae,aten,NA,NA,T0,NA,Mod2_T0,Mod2,Par6BulxPar6Bul,ParxPar,ParxPar_T0,pure_north
45,T.F38-Jew6xPal1-Cn31-T0-rep2,JewxPal_T0,larvae,aten,NA,NA,T0,NA,T.F38_T0,T.F38,Jew6xPal1,JewxPal,JewxPal_T0,hybrid_north_south
46,Mod3-Par6BulxDav6Bul-Cn5-T0-rep4,ParxDav_T0,larvae,aten,NA,NA,T0,NA,Mod3_T0,Mod3,Par6BulxDav6Bul,ParxDav,ParxDav_T0,hybrid_north_south
47,Mod4-Swi6BulxSwi6Bul-Cn7-T0-rep6,SwixSwi_T0,larvae,aten,NA,NA,T0,NA,Mod4_T0,Mod4,Swi6BulxSwi6Bul,SwixSwi,SwixSwi_T0,pure_north
48,Mod6-MunPalBulxDav6Bul-Cn13-T0-rep2,PalxDav_T0,larvae,aten,NA,NA,T0,NA,Mod6_T0,Mod6,MunPalBulxDav6Bul,PalxDav,PalxDav_T0,hybrid_south
49,T.F29-Swi6xDav1-Cn68-T0-rep5,SwixDav_T0,larvae,aten,NA,NA,T0,NA,T.F29_T0,T.F29,Swi6xDav1,SwixDav,SwixDav_T0,hybrid_north_south
50,T.F14-Dav8xDav6-Cn70-T0-rep1,DavxDav_T0,larvae,aten,NA,NA,T0,NA,T.F14_T0,T.F14,Dav8xDav6,DavxDav,DavxDav_T0,pure_south
51,T.F31-Swi4xDav8-Cn72-T0-rep3,SwixDav_T0,larvae,aten,NA,NA,T0,NA,T.F31_T0,T.F31,Swi4xDav8,SwixDav,SwixDav_T0,hybrid_north_south
52,T.F42-Jew8xPal1-Cn55-T0-rep3,JewxPal_T0,larvae,aten,NA,NA,T0,NA,T.F42_T0,T.F42,Jew8xPal1,JewxPal,JewxPal_T0,hybrid_north_south
53,T.F40-Jew3xPal1-Cn60-T0-rep5,JewxPal_T0,larvae,aten,NA,NA,T0,NA,T.F40_T0,T.F40,Jew3xPal1,JewxPal,JewxPal_T0,hybrid_north_south
54,T.F64-Jew8xDav1-Cn65-T0-rep1,JewxDav_T0,larvae,aten,NA,NA,T0,NA,T.F64_T0,T.F64,Jew8xDav1,JewxDav,JewxDav_T0,hybrid_north_south
55,T.F32-Swi7xDav10-Cn67-T0-rep3,SwixDav_T0,larvae,aten,NA,NA,T0,NA,T.F32_T0,T.F32,Swi7xDav10,SwixDav,SwixDav_T0,hybrid_north_south
56,T.F29-Swi6xDav1-Cn68-T0-rep6,SwixDav_T0,larvae,aten,NA,NA,T0,NA,T.F29_T0,T.F29,Swi6xDav1,SwixDav,SwixDav_T0,hybrid_north_south
57,T.F14-Dav8xDav6-Cn70-T0-rep2,DavxDav_T0,larvae,aten,NA,NA,T0,NA,T.F14_T0,T.F14,Dav8xDav6,DavxDav,DavxDav_T0,pure_south
58,T.F31-Swi4xDav8-Cn72-T0-rep4,SwixDav_T0,larvae,aten,NA,NA,T0,NA,T.F31_T0,T.F31,Swi4xDav8,SwixDav,SwixDav_T0,hybrid_north_south
59,T.F42-Jew8xPal1-Cn55-T0-rep4,JewxPal_T0,larvae,aten,NA,NA,T0,NA,T.F42_T0,T.F42,Jew8xPal1,JewxPal,JewxPal_T0,hybrid_north_south
60,T.F40-Jew3xPal1-Cn60-T0-rep6,JewxPal_T0,larvae,aten,NA,NA,T0,NA,T.F40_T0,T.F40,Jew3xPal1,JewxPal,JewxPal_T0,hybrid_north_south
61,T.F64-Jew8xDav1-Cn65-T0-rep2,JewxDav_T0,larvae,aten,NA,NA,T0,NA,T.F64_T0,T.F64,Jew8xDav1,JewxDav,JewxDav_T0,hybrid_north_south
62,T.F32-Swi7xDav10-Cn67-T0-rep4,SwixDav_T0,larvae,aten,NA,NA,T0,NA,T.F32_T0,T.F32,Swi7xDav10,SwixDav,SwixDav_T0,hybrid_north_south
63,T.F12-Swi4xSwi7-Cn69-T0-rep1,SwixSwi_T0,larvae,aten,NA,NA,T0,NA,T.F12_T0,T.F12,Swi4xSwi7,SwixSwi,SwixSwi_T0,pure_north
64,T.F14-Dav8xDav6-Cn70-T0-rep3,DavxDav_T0,larvae,aten,NA,NA,T0,NA,T.F14_T0,T.F14,Dav8xDav6,DavxDav,DavxDav_T0,pure_south
65,T.F31-Swi4xDav8-Cn72-T0-rep5,SwixDav_T0,larvae,aten,NA,NA,T0,NA,T.F31_T0,T.F31,Swi4xDav8,SwixDav,SwixDav_T0,hybrid_north_south
66,T.F42-Jew8xPal1-Cn55-T0-rep5,JewxPal_T0,larvae,aten,NA,NA,T0,NA,T.F42_T0,T.F42,Jew8xPal1,JewxPal,JewxPal_T0,hybrid_north_south
67,T.F65-Jew8xDav13-Cn62-T0-rep1,JewxDav_T0,larvae,aten,NA,NA,T0,NA,T.F65_T0,T.F65,Jew8xDav13,JewxDav,JewxDav_T0,hybrid_north_south
68,T.F64-Jew8xDav1-Cn65-T0-rep3,JewxDav_T0,larvae,aten,NA,NA,T0,NA,T.F64_T0,T.F64,Jew8xDav1,JewxDav,JewxDav_T0,hybrid_north_south
69,T.F32-Swi7xDav10-Cn67-T0-rep5,SwixDav_T0,larvae,aten,NA,NA,T0,NA,T.F32_T0,T.F32,Swi7xDav10,SwixDav,SwixDav_T0,hybrid_north_south
70,T.F12-Swi4xSwi7-Cn69-T0-rep2,SwixSwi_T0,larvae,aten,NA,NA,T0,NA,T.F12_T0,T.F12,Swi4xSwi7,SwixSwi,SwixSwi_T0,pure_north
71,T.F14-Dav8xDav6-Cn70-T0-rep4,DavxDav_T0,larvae,aten,NA,NA,T0,NA,T.F14_T0,T.F14,Dav8xDav6,DavxDav,DavxDav_T0,pure_south
72,T.F31-Swi4xDav8-Cn72-T0-rep6,SwixDav_T0,larvae,aten,NA,NA,T0,NA,T.F31_T0,T.F31,Swi4xDav8,SwixDav,SwixDav_T0,hybrid_north_south
73,T.F42-Jew8xPal1-Cn55-T0-rep6,JewxPal_T0,larvae,aten,NA,NA,T0,NA,T.F42_T0,T.F42,Jew8xPal1,JewxPal,JewxPal_T0,hybrid_north_south
74,T.F65-Jew8xDav13-Cn62-T0-rep2,JewxDav_T0,larvae,aten,NA,NA,T0,NA,T.F65_T0,T.F65,Jew8xDav13,JewxDav,JewxDav_T0,hybrid_north_south
75,T.F64-Jew8xDav1-Cn65-T0-rep4,JewxDav_T0,larvae,aten,NA,NA,T0,NA,T.F64_T0,T.F64,Jew8xDav1,JewxDav,JewxDav_T0,hybrid_north_south
76,T.F32-Swi7xDav10-Cn67-T0-rep6,SwixDav_T0,larvae,aten,NA,NA,T0,NA,T.F32_T0,T.F32,Swi7xDav10,SwixDav,SwixDav_T0,hybrid_north_south
77,T.F12-Swi4xSwi7-Cn69-T0-rep3,SwixSwi_T0,larvae,aten,NA,NA,T0,NA,T.F12_T0,T.F12,Swi4xSwi7,SwixSwi,SwixSwi_T0,pure_north
78,T.F14-Dav8xDav6-Cn70-T0-rep5,DavxDav_T0,larvae,aten,NA,NA,T0,NA,T.F14_T0,T.F14,Dav8xDav6,DavxDav,DavxDav_T0,pure_south
79,T.F19-Jew8xDav10-Cn73-T0-rep1,JewxDav_T0,larvae,aten,NA,NA,T0,NA,T.F19_T0,T.F19,Jew8xDav10,JewxDav,JewxDav_T0,hybrid_north_south
80,T.F40-Jew3xPal1-Cn60-T0-rep1,JewxPal_T0,larvae,aten,NA,NA,T0,NA,T.F40_T0,T.F40,Jew3xPal1,JewxPal,JewxPal_T0,hybrid_north_south
81,T.F65-Jew8xDav13-Cn62-T0-rep3,JewxDav_T0,larvae,aten,NA,NA,T0,NA,T.F65_T0,T.F65,Jew8xDav13,JewxDav,JewxDav_T0,hybrid_north_south
82,T.F64-Jew8xDav1-Cn65-T0-rep5,JewxDav_T0,larvae,aten,NA,NA,T0,NA,T.F64_T0,T.F64,Jew8xDav1,JewxDav,JewxDav_T0,hybrid_north_south
83,T.F29-Swi6xDav1-Cn68-T0-rep1,SwixDav_T0,larvae,aten,NA,NA,T0,NA,T.F29_T0,T.F29,Swi6xDav1,SwixDav,SwixDav_T0,hybrid_north_south
84,T.F12-Swi4xSwi7-Cn69-T0-rep4,SwixSwi_T0,larvae,aten,NA,NA,T0,NA,T.F12_T0,T.F12,Swi4xSwi7,SwixSwi,SwixSwi_T0,pure_north
85,T.F14-Dav8xDav6-Cn70-T0-rep6,DavxDav_T0,larvae,aten,NA,NA,T0,NA,T.F14_T0,T.F14,Dav8xDav6,DavxDav,DavxDav_T0,pure_south
86,T.F19-Jew8xDav10-Cn73-T0-rep2,JewxDav_T0,larvae,aten,NA,NA,T0,NA,T.F19_T0,T.F19,Jew8xDav10,JewxDav,JewxDav_T0,hybrid_north_south
87,T.F40-Jew3xPal1-Cn60-T0-rep2,JewxPal_T0,larvae,aten,NA,NA,T0,NA,T.F40_T0,T.F40,Jew3xPal1,JewxPal,JewxPal_T0,hybrid_north_south
88,T.F65-Jew8xDav13-Cn62-T0-rep4,JewxDav_T0,larvae,aten,NA,NA,T0,NA,T.F65_T0,T.F65,Jew8xDav13,JewxDav,JewxDav_T0,hybrid_north_south
89,T.F64-Jew8xDav1-Cn65-T0-rep6,JewxDav_T0,larvae,aten,NA,NA,T0,NA,T.F64_T0,T.F64,Jew8xDav1,JewxDav,JewxDav_T0,hybrid_north_south
90,T.F29-Swi6xDav1-Cn68-T0-rep2,SwixDav_T0,larvae,aten,NA,NA,T0,NA,T.F29_T0,T.F29,Swi6xDav1,SwixDav,SwixDav_T0,hybrid_north_south
91,T.F12-Swi4xSwi7-Cn69-T0-rep5,SwixSwi_T0,larvae,aten,NA,NA,T0,NA,T.F12_T0,T.F12,Swi4xSwi7,SwixSwi,SwixSwi_T0,pure_north
92,T.F31-Swi4xDav8-Cn72-T0-rep1,SwixDav_T0,larvae,aten,NA,NA,T0,NA,T.F31_T0,T.F31,Swi4xDav8,SwixDav,SwixDav_T0,hybrid_north_south
93,T.F42-Jew8xPal1-Cn55-T0-rep1,JewxPal_T0,larvae,aten,NA,NA,T0,NA,T.F42_T0,T.F42,Jew8xPal1,JewxPal,JewxPal_T0,hybrid_north_south
94,T.F40-Jew3xPal1-Cn60-T0-rep3,JewxPal_T0,larvae,aten,NA,NA,T0,NA,T.F40_T0,T.F40,Jew3xPal1,JewxPal,JewxPal_T0,hybrid_north_south
95,T.F65-Jew8xDav13-Cn62-T0-rep5,JewxDav_T0,larvae,aten,NA,NA,T0,NA,T.F65_T0,T.F65,Jew8xDav13,JewxDav,JewxDav_T0,hybrid_north_south
96,T.F32-Swi7xDav10-Cn67-T0-rep1,SwixDav_T0,larvae,aten,NA,NA,T0,NA,T.F32_T0,T.F32,Swi7xDav10,SwixDav,SwixDav_T0,hybrid_north_south
97,T.F29-Swi6xDav1-Cn68-T0-rep3,SwixDav_T0,larvae,aten,NA,NA,T0,NA,T.F29_T0,T.F29,Swi6xDav1,SwixDav,SwixDav_T0,hybrid_north_south
98,T.F12-Swi4xSwi7-Cn69-T0-rep6,SwixSwi_T0,larvae,aten,NA,NA,T0,NA,T.F12_T0,T.F12,Swi4xSwi7,SwixSwi,SwixSwi_T0,pure_north
99,T.F31-Swi4xDav8-Cn72-T0-rep2,SwixDav_T0,larvae,aten,NA,NA,T0,NA,T.F31_T0,T.F31,Swi4xDav8,SwixDav,SwixDav_T0,hybrid_north_south
100,T.F42-Jew8xPal1-Cn55-T0-rep2,JewxPal_T0,larvae,aten,NA,NA,T0,NA,T.F42_T0,T.F42,Jew8xPal1,JewxPal,JewxPal_T0,hybrid_north_south
101,T.F40-Jew3xPal1-Cn60-T0-rep4,JewxPal_T0,larvae,aten,NA,NA,T0,NA,T.F40_T0,T.F40,Jew3xPal1,JewxPal,JewxPal_T0,hybrid_north_south
102,T.F65-Jew8xDav13-Cn62-T0-rep6,JewxDav_T0,larvae,aten,NA,NA,T0,NA,T.F65_T0,T.F65,Jew8xDav13,JewxDav,JewxDav_T0,hybrid_north_south
103,T.F32-Swi7xDav10-Cn67-T0-rep2,SwixDav_T0,larvae,aten,NA,NA,T0,NA,T.F32_T0,T.F32,Swi7xDav10,SwixDav,SwixDav_T0,hybrid_north_south
104,T.F29-Swi6xDav1-Cn68-T0-rep4,SwixDav_T0,larvae,aten,NA,NA,T0,NA,T.F29_T0,T.F29,Swi6xDav1,SwixDav,SwixDav_T0,hybrid_north_south
105,T.F19-Jew8xDav10-Cn73-T0-rep3,JewxDav_T0,larvae,aten,NA,NA,T0,NA,T.F19_T0,T.F19,Jew8xDav10,JewxDav,JewxDav_T0,hybrid_north_south
106,T.F35-Pal2xPal5-Cn86-T0-rep3,PalxPal_T0,larvae,aten,NA,NA,T0,NA,T.F35_T0,T.F35,Pal2xPal5,PalxPal,PalxPal_T0,pure_south
107,T.F18-Jew8xDav6-Cn87-T0-rep5,JewxDav_T0,larvae,aten,NA,NA,T0,NA,T.F18_T0,T.F18,Jew8xDav6,JewxDav,JewxDav_T0,hybrid_north_south
108,T.F9-Swi6xSwi4-Cn93-T0-rep1,SwixSwi_T0,larvae,aten,NA,NA,T0,NA,T.F9_T0,T.F9,Swi6xSwi4,SwixSwi,SwixSwi_T0,pure_north
109,T.F1-Jew8xJew2-Cn74-T0-rep5,JewxJew_T0,larvae,aten,NA,NA,T0,NA,T.F1_T0,T.F1,Jew8xJew2,JewxJew,JewxJew_T0,pure_north
110,T.F5-Par4xPar2-Cn76-T0-rep1,ParxPar_T0,larvae,aten,NA,NA,T0,NA,T.F5_T0,T.F5,Par4xPar2,ParxPar,ParxPar_T0,pure_north
111,T.F22-Par5xDav6-Cn78-T0-rep3,ParxDav_T0,larvae,aten,NA,NA,T0,NA,T.F22_T0,T.F22,Par5xDav6,ParxDav,ParxDav_T0,hybrid_north_south
112,T.F34-Pal5xPal4-Cn79-T0-rep5,PalxPal_T0,larvae,aten,NA,NA,T0,NA,T.F34_T0,T.F34,Pal5xPal4,PalxPal,PalxPal_T0,pure_south
113,T.F36-Pal4xDav1-Cn81-T0-rep1,PalxDav_T0,larvae,aten,NA,NA,T0,NA,T.F36_T0,T.F36,Pal4xDav1,PalxDav,PalxDav_T0,hybrid_south
114,T.F16-Dav1xDav8-Cn82-T0-rep3,DavxDav_T0,larvae,aten,NA,NA,T0,NA,T.F16_T0,T.F16,Dav1xDav8,DavxDav,DavxDav_T0,pure_south
115,T.F6-Par5xPar4-Cn83-T0-rep5,ParxPar_T0,larvae,aten,NA,NA,T0,NA,T.F6_T0,T.F6,Par5xPar4,ParxPar,ParxPar_T0,pure_north
116,T.F4-Jew2xJew8-Cn85-T0-rep1,JewxJew_T0,larvae,aten,NA,NA,T0,NA,T.F4_T0,T.F4,Jew2xJew8,JewxJew,JewxJew_T0,pure_north
117,T.F19-Jew8xDav10-Cn73-T0-rep4,JewxDav_T0,larvae,aten,NA,NA,T0,NA,T.F19_T0,T.F19,Jew8xDav10,JewxDav,JewxDav_T0,hybrid_north_south
118,T.F35-Pal2xPal5-Cn86-T0-rep4,PalxPal_T0,larvae,aten,NA,NA,T0,NA,T.F35_T0,T.F35,Pal2xPal5,PalxPal,PalxPal_T0,pure_south
119,T.F18-Jew8xDav6-Cn87-T0-rep6,JewxDav_T0,larvae,aten,NA,NA,T0,NA,T.F18_T0,T.F18,Jew8xDav6,JewxDav,JewxDav_T0,hybrid_north_south
120,T.F9-Swi6xSwi4-Cn93-T0-rep2,SwixSwi_T0,larvae,aten,NA,NA,T0,NA,T.F9_T0,T.F9,Swi6xSwi4,SwixSwi,SwixSwi_T0,pure_north
121,T.F1-Jew8xJew2-Cn74-T0-rep6,JewxJew_T0,larvae,aten,NA,NA,T0,NA,T.F1_T0,T.F1,Jew8xJew2,JewxJew,JewxJew_T0,pure_north
122,T.F5-Par4xPar2-Cn76-T0-rep2,ParxPar_T0,larvae,aten,NA,NA,T0,NA,T.F5_T0,T.F5,Par4xPar2,ParxPar,ParxPar_T0,pure_north
123,T.F22-Par5xDav6-Cn78-T0-rep4,ParxDav_T0,larvae,aten,NA,NA,T0,NA,T.F22_T0,T.F22,Par5xDav6,ParxDav,ParxDav_T0,hybrid_north_south
124,T.F34-Pal5xPal4-Cn79-T0-rep6,PalxPal_T0,larvae,aten,NA,NA,T0,NA,T.F34_T0,T.F34,Pal5xPal4,PalxPal,PalxPal_T0,pure_south
125,T.F36-Pal4xDav1-Cn81-T0-rep2,PalxDav_T0,larvae,aten,NA,NA,T0,NA,T.F36_T0,T.F36,Pal4xDav1,PalxDav,PalxDav_T0,hybrid_south
126,T.F16-Dav1xDav8-Cn82-T0-rep4,DavxDav_T0,larvae,aten,NA,NA,T0,NA,T.F16_T0,T.F16,Dav1xDav8,DavxDav,DavxDav_T0,pure_south
127,T.F6-Par5xPar4-Cn83-T0-rep6,ParxPar_T0,larvae,aten,NA,NA,T0,NA,T.F6_T0,T.F6,Par5xPar4,ParxPar,ParxPar_T0,pure_north
128,T.F4-Jew2xJew8-Cn85-T0-rep2,JewxJew_T0,larvae,aten,NA,NA,T0,NA,T.F4_T0,T.F4,Jew2xJew8,JewxJew,JewxJew_T0,pure_north
129,T.F19-Jew8xDav10-Cn73-T0-rep5,JewxDav_T0,larvae,aten,NA,NA,T0,NA,T.F19_T0,T.F19,Jew8xDav10,JewxDav,JewxDav_T0,hybrid_north_south
130,T.F35-Pal2xPal5-Cn86-T0-rep5,PalxPal_T0,larvae,aten,NA,NA,T0,NA,T.F35_T0,T.F35,Pal2xPal5,PalxPal,PalxPal_T0,pure_south
131,T.F8-Par2xPar5-Cn90-T0-rep1,ParxPar_T0,larvae,aten,NA,NA,T0,NA,T.F8_T0,T.F8,Par2xPar5,ParxPar,ParxPar_T0,pure_north
132,T.F9-Swi6xSwi4-Cn93-T0-rep3,SwixSwi_T0,larvae,aten,NA,NA,T0,NA,T.F9_T0,T.F9,Swi6xSwi4,SwixSwi,SwixSwi_T0,pure_north
133,T.F13-Dav6xDav1-Cn75-T0-rep1,DavxDav_T0,larvae,aten,NA,NA,T0,NA,T.F13_T0,T.F13,Dav6xDav1,DavxDav,DavxDav_T0,pure_south
134,T.F5-Par4xPar2-Cn76-T0-rep3,ParxPar_T0,larvae,aten,NA,NA,T0,NA,T.F5_T0,T.F5,Par4xPar2,ParxPar,ParxPar_T0,pure_north
135,T.F22-Par5xDav6-Cn78-T0-rep5,ParxDav_T0,larvae,aten,NA,NA,T0,NA,T.F22_T0,T.F22,Par5xDav6,ParxDav,ParxDav_T0,hybrid_north_south
136,T.F10-Swi7xSwi6-Cn80-T0-rep1,SwixSwi_T0,larvae,aten,NA,NA,T0,NA,T.F10_T0,T.F10,Swi7xSwi6,SwixSwi,SwixSwi_T0,pure_north
137,T.F36-Pal4xDav1-Cn81-T0-rep3,PalxDav_T0,larvae,aten,NA,NA,T0,NA,T.F36_T0,T.F36,Pal4xDav1,PalxDav,PalxDav_T0,hybrid_south
138,T.F16-Dav1xDav8-Cn82-T0-rep5,DavxDav_T0,larvae,aten,NA,NA,T0,NA,T.F16_T0,T.F16,Dav1xDav8,DavxDav,DavxDav_T0,pure_south
139,T.F37-Pal2xDav1-Cn84-T0-rep1,PalxDav_T0,larvae,aten,NA,NA,T0,NA,T.F37_T0,T.F37,Pal2xDav1,PalxDav,PalxDav_T0,hybrid_south
140,T.F4-Jew2xJew8-Cn85-T0-rep3,JewxJew_T0,larvae,aten,NA,NA,T0,NA,T.F4_T0,T.F4,Jew2xJew8,JewxJew,JewxJew_T0,pure_north
141,T.F19-Jew8xDav10-Cn73-T0-rep6,JewxDav_T0,larvae,aten,NA,NA,T0,NA,T.F19_T0,T.F19,Jew8xDav10,JewxDav,JewxDav_T0,hybrid_north_south
142,T.F35-Pal2xPal5-Cn86-T0-rep6,PalxPal_T0,larvae,aten,NA,NA,T0,NA,T.F35_T0,T.F35,Pal2xPal5,PalxPal,PalxPal_T0,pure_south
143,T.F8-Par2xPar5-Cn90-T0-rep2,ParxPar_T0,larvae,aten,NA,NA,T0,NA,T.F8_T0,T.F8,Par2xPar5,ParxPar,ParxPar_T0,pure_north
144,T.F9-Swi6xSwi4-Cn93-T0-rep4,SwixSwi_T0,larvae,aten,NA,NA,T0,NA,T.F9_T0,T.F9,Swi6xSwi4,SwixSwi,SwixSwi_T0,pure_north
145,T.F13-Dav6xDav1-Cn75-T0-rep2,DavxDav_T0,larvae,aten,NA,NA,T0,NA,T.F13_T0,T.F13,Dav6xDav1,DavxDav,DavxDav_T0,pure_south
146,T.F5-Par4xPar2-Cn76-T0-rep4,ParxPar_T0,larvae,aten,NA,NA,T0,NA,T.F5_T0,T.F5,Par4xPar2,ParxPar,ParxPar_T0,pure_north
147,T.F22-Par5xDav6-Cn78-T0-rep6,ParxDav_T0,larvae,aten,NA,NA,T0,NA,T.F22_T0,T.F22,Par5xDav6,ParxDav,ParxDav_T0,hybrid_north_south
148,T.F10-Swi7xSwi6-Cn80-T0-rep2,SwixSwi_T0,larvae,aten,NA,NA,T0,NA,T.F10_T0,T.F10,Swi7xSwi6,SwixSwi,SwixSwi_T0,pure_north
149,T.F36-Pal4xDav1-Cn81-T0-rep4,PalxDav_T0,larvae,aten,NA,NA,T0,NA,T.F36_T0,T.F36,Pal4xDav1,PalxDav,PalxDav_T0,hybrid_south
150,T.F16-Dav1xDav8-Cn82-T0-rep6,DavxDav_T0,larvae,aten,NA,NA,T0,NA,T.F16_T0,T.F16,Dav1xDav8,DavxDav,DavxDav_T0,pure_south
151,T.F37-Pal2xDav1-Cn84-T0-rep2,PalxDav_T0,larvae,aten,NA,NA,T0,NA,T.F37_T0,T.F37,Pal2xDav1,PalxDav,PalxDav_T0,hybrid_south
152,T.F4-Jew2xJew8-Cn85-T0-rep4,JewxJew_T0,larvae,aten,NA,NA,T0,NA,T.F4_T0,T.F4,Jew2xJew8,JewxJew,JewxJew_T0,pure_north
153,T.F1-Jew8xJew2-Cn74-T0-rep1,JewxJew_T0,larvae,aten,NA,NA,T0,NA,T.F1_T0,T.F1,Jew8xJew2,JewxJew,JewxJew_T0,pure_north
154,T.F18-Jew8xDav6-Cn87-T0-rep1,JewxDav_T0,larvae,aten,NA,NA,T0,NA,T.F18_T0,T.F18,Jew8xDav6,JewxDav,JewxDav_T0,hybrid_north_south
155,T.F8-Par2xPar5-Cn90-T0-rep3,ParxPar_T0,larvae,aten,NA,NA,T0,NA,T.F8_T0,T.F8,Par2xPar5,ParxPar,ParxPar_T0,pure_north
156,T.F9-Swi6xSwi4-Cn93-T0-rep5,SwixSwi_T0,larvae,aten,NA,NA,T0,NA,T.F9_T0,T.F9,Swi6xSwi4,SwixSwi,SwixSwi_T0,pure_north
157,T.F13-Dav6xDav1-Cn75-T0-rep3,DavxDav_T0,larvae,aten,NA,NA,T0,NA,T.F13_T0,T.F13,Dav6xDav1,DavxDav,DavxDav_T0,pure_south
158,T.F5-Par4xPar2-Cn76-T0-rep5,ParxPar_T0,larvae,aten,NA,NA,T0,NA,T.F5_T0,T.F5,Par4xPar2,ParxPar,ParxPar_T0,pure_north
159,T.F34-Pal5xPal4-Cn79-T0-rep1,PalxPal_T0,larvae,aten,NA,NA,T0,NA,T.F34_T0,T.F34,Pal5xPal4,PalxPal,PalxPal_T0,pure_south
160,T.F10-Swi7xSwi6-Cn80-T0-rep3,SwixSwi_T0,larvae,aten,NA,NA,T0,NA,T.F10_T0,T.F10,Swi7xSwi6,SwixSwi,SwixSwi_T0,pure_north
161,T.F36-Pal4xDav1-Cn81-T0-rep5,PalxDav_T0,larvae,aten,NA,NA,T0,NA,T.F36_T0,T.F36,Pal4xDav1,PalxDav,PalxDav_T0,hybrid_south
162,T.F6-Par5xPar4-Cn83-T0-rep1,ParxPar_T0,larvae,aten,NA,NA,T0,NA,T.F6_T0,T.F6,Par5xPar4,ParxPar,ParxPar_T0,pure_north
163,T.F37-Pal2xDav1-Cn84-T0-rep3,PalxDav_T0,larvae,aten,NA,NA,T0,NA,T.F37_T0,T.F37,Pal2xDav1,PalxDav,PalxDav_T0,hybrid_south
164,T.F4-Jew2xJew8-Cn85-T0-rep5,JewxJew_T0,larvae,aten,NA,NA,T0,NA,T.F4_T0,T.F4,Jew2xJew8,JewxJew,JewxJew_T0,pure_north
165,T.F1-Jew8xJew2-Cn74-T0-rep2,JewxJew_T0,larvae,aten,NA,NA,T0,NA,T.F1_T0,T.F1,Jew8xJew2,JewxJew,JewxJew_T0,pure_north
166,T.F18-Jew8xDav6-Cn87-T0-rep2,JewxDav_T0,larvae,aten,NA,NA,T0,NA,T.F18_T0,T.F18,Jew8xDav6,JewxDav,JewxDav_T0,hybrid_north_south
167,T.F8-Par2xPar5-Cn90-T0-rep4,ParxPar_T0,larvae,aten,NA,NA,T0,NA,T.F8_T0,T.F8,Par2xPar5,ParxPar,ParxPar_T0,pure_north
168,T.F9-Swi6xSwi4-Cn93-T0-rep6,SwixSwi_T0,larvae,aten,NA,NA,T0,NA,T.F9_T0,T.F9,Swi6xSwi4,SwixSwi,SwixSwi_T0,pure_north
169,T.F13-Dav6xDav1-Cn75-T0-rep4,DavxDav_T0,larvae,aten,NA,NA,T0,NA,T.F13_T0,T.F13,Dav6xDav1,DavxDav,DavxDav_T0,pure_south
170,T.F5-Par4xPar2-Cn76-T0-rep6,ParxPar_T0,larvae,aten,NA,NA,T0,NA,T.F5_T0,T.F5,Par4xPar2,ParxPar,ParxPar_T0,pure_north
171,T.F34-Pal5xPal4-Cn79-T0-rep2,PalxPal_T0,larvae,aten,NA,NA,T0,NA,T.F34_T0,T.F34,Pal5xPal4,PalxPal,PalxPal_T0,pure_south
172,T.F10-Swi7xSwi6-Cn80-T0-rep4,SwixSwi_T0,larvae,aten,NA,NA,T0,NA,T.F10_T0,T.F10,Swi7xSwi6,SwixSwi,SwixSwi_T0,pure_north
173,T.F36-Pal4xDav1-Cn81-T0-rep6,PalxDav_T0,larvae,aten,NA,NA,T0,NA,T.F36_T0,T.F36,Pal4xDav1,PalxDav,PalxDav_T0,hybrid_south
174,T.F6-Par5xPar4-Cn83-T0-rep2,ParxPar_T0,larvae,aten,NA,NA,T0,NA,T.F6_T0,T.F6,Par5xPar4,ParxPar,ParxPar_T0,pure_north
175,T.F37-Pal2xDav1-Cn84-T0-rep4,PalxDav_T0,larvae,aten,NA,NA,T0,NA,T.F37_T0,T.F37,Pal2xDav1,PalxDav,PalxDav_T0,hybrid_south
176,T.F4-Jew2xJew8-Cn85-T0-rep6,JewxJew_T0,larvae,aten,NA,NA,T0,NA,T.F4_T0,T.F4,Jew2xJew8,JewxJew,JewxJew_T0,pure_north
177,T.F1-Jew8xJew2-Cn74-T0-rep3,JewxJew_T0,larvae,aten,NA,NA,T0,NA,T.F1_T0,T.F1,Jew8xJew2,JewxJew,JewxJew_T0,pure_north
178,T.F18-Jew8xDav6-Cn87-T0-rep3,JewxDav_T0,larvae,aten,NA,NA,T0,NA,T.F18_T0,T.F18,Jew8xDav6,JewxDav,JewxDav_T0,hybrid_north_south
179,T.F8-Par2xPar5-Cn90-T0-rep5,ParxPar_T0,larvae,aten,NA,NA,T0,NA,T.F8_T0,T.F8,Par2xPar5,ParxPar,ParxPar_T0,pure_north
180,T.F13-Dav6xDav1-Cn75-T0-rep5,DavxDav_T0,larvae,aten,NA,NA,T0,NA,T.F13_T0,T.F13,Dav6xDav1,DavxDav,DavxDav_T0,pure_south
181,T.F22-Par5xDav6-Cn78-T0-rep1,ParxDav_T0,larvae,aten,NA,NA,T0,NA,T.F22_T0,T.F22,Par5xDav6,ParxDav,ParxDav_T0,hybrid_north_south
182,T.F34-Pal5xPal4-Cn79-T0-rep3,PalxPal_T0,larvae,aten,NA,NA,T0,NA,T.F34_T0,T.F34,Pal5xPal4,PalxPal,PalxPal_T0,pure_south
183,T.F10-Swi7xSwi6-Cn80-T0-rep5,SwixSwi_T0,larvae,aten,NA,NA,T0,NA,T.F10_T0,T.F10,Swi7xSwi6,SwixSwi,SwixSwi_T0,pure_north
184,T.F16-Dav1xDav8-Cn82-T0-rep1,DavxDav_T0,larvae,aten,NA,NA,T0,NA,T.F16_T0,T.F16,Dav1xDav8,DavxDav,DavxDav_T0,pure_south
185,T.F6-Par5xPar4-Cn83-T0-rep3,ParxPar_T0,larvae,aten,NA,NA,T0,NA,T.F6_T0,T.F6,Par5xPar4,ParxPar,ParxPar_T0,pure_north
186,T.F37-Pal2xDav1-Cn84-T0-rep5,PalxDav_T0,larvae,aten,NA,NA,T0,NA,T.F37_T0,T.F37,Pal2xDav1,PalxDav,PalxDav_T0,hybrid_south
187,T.F35-Pal2xPal5-Cn86-T0-rep1,PalxPal_T0,larvae,aten,NA,NA,T0,NA,T.F35_T0,T.F35,Pal2xPal5,PalxPal,PalxPal_T0,pure_south
188,T.F1-Jew8xJew2-Cn74-T0-rep4,JewxJew_T0,larvae,aten,NA,NA,T0,NA,T.F1_T0,T.F1,Jew8xJew2,JewxJew,JewxJew_T0,pure_north
189,T.F18-Jew8xDav6-Cn87-T0-rep4,JewxDav_T0,larvae,aten,NA,NA,T0,NA,T.F18_T0,T.F18,Jew8xDav6,JewxDav,JewxDav_T0,hybrid_north_south
190,T.F8-Par2xPar5-Cn90-T0-rep6,ParxPar_T0,larvae,aten,NA,NA,T0,NA,T.F8_T0,T.F8,Par2xPar5,ParxPar,ParxPar_T0,pure_north
191,T.F13-Dav6xDav1-Cn75-T0-rep6,DavxDav_T0,larvae,aten,NA,NA,T0,NA,T.F13_T0,T.F13,Dav6xDav1,DavxDav,DavxDav_T0,pure_south
192,T.F22-Par5xDav6-Cn78-T0-rep2,ParxDav_T0,larvae,aten,NA,NA,T0,NA,T.F22_T0,T.F22,Par5xDav6,ParxDav,ParxDav_T0,hybrid_north_south
193,T.F34-Pal5xPal4-Cn79-T0-rep4,PalxPal_T0,larvae,aten,NA,NA,T0,NA,T.F34_T0,T.F34,Pal5xPal4,PalxPal,PalxPal_T0,pure_south
194,T.F10-Swi7xSwi6-Cn80-T0-rep6,SwixSwi_T0,larvae,aten,NA,NA,T0,NA,T.F10_T0,T.F10,Swi7xSwi6,SwixSwi,SwixSwi_T0,pure_north
195,T.F16-Dav1xDav8-Cn82-T0-rep2,DavxDav_T0,larvae,aten,NA,NA,T0,NA,T.F16_T0,T.F16,Dav1xDav8,DavxDav,DavxDav_T0,pure_south
196,T.F6-Par5xPar4-Cn83-T0-rep4,ParxPar_T0,larvae,aten,NA,NA,T0,NA,T.F6_T0,T.F6,Par5xPar4,ParxPar,ParxPar_T0,pure_north
197,T.F37-Pal2xDav1-Cn84-T0-rep6,PalxDav_T0,larvae,aten,NA,NA,T0,NA,T.F37_T0,T.F37,Pal2xDav1,PalxDav,PalxDav_T0,hybrid_south
198,T.F35-Pal2xPal5-Cn86-T0-rep2,PalxPal_T0,larvae,aten,NA,NA,T0,NA,T.F35_T0,T.F35,Pal2xPal5,PalxPal,PalxPal_T0,pure_south
199,T.F33-Pal4xPal2-Cn94-T0-rep1,PalxPal_T0,larvae,aten,NA,NA,T0,NA,T.F33_T0,T.F33,Pal4xPal2,PalxPal,PalxPal_T0,pure_south
200,T.F9-Swi6xSwi4-Bt132-T1-Hot-rep1,SwixSwi_Hot,larvae,aten,NA,NA,Hot,NA,T.F9_Hot,T.F9,Swi6xSwi4,SwixSwi,SwixSwi_Hot,pure_north
201,T.F68-Jew8xJew3-Cn100-T0-rep3,JewxJew_T0,larvae,aten,NA,NA,T0,NA,T.F68_T0,T.F68,Jew8xJew3,JewxJew,JewxJew_T0,pure_north
202,T.F33-Pal4xPal2-Cn94-T0-rep2,PalxPal_T0,larvae,aten,NA,NA,T0,NA,T.F33_T0,T.F33,Pal4xPal2,PalxPal,PalxPal_T0,pure_south
203,T.F9-Swi6xSwi4-Bt132-T1-Hot-rep2,SwixSwi_Hot,larvae,aten,NA,NA,Hot,NA,T.F9_Hot,T.F9,Swi6xSwi4,SwixSwi,SwixSwi_Hot,pure_north
204,T.F68-Jew8xJew3-Cn100-T0-rep4,JewxJew_T0,larvae,aten,NA,NA,T0,NA,T.F68_T0,T.F68,Jew8xJew3,JewxJew,JewxJew_T0,pure_north
205,T.F33-Pal4xPal2-Cn94-T0-rep3,PalxPal_T0,larvae,aten,NA,NA,T0,NA,T.F33_T0,T.F33,Pal4xPal2,PalxPal,PalxPal_T0,pure_south
206,T.F9-Swi6xSwi4-Bt132-T1-Hot-rep3,SwixSwi_Hot,larvae,aten,NA,NA,Hot,NA,T.F9_Hot,T.F9,Swi6xSwi4,SwixSwi,SwixSwi_Hot,pure_north
207,T.F68-Jew8xJew3-Cn100-T0-rep5,JewxJew_T0,larvae,aten,NA,NA,T0,NA,T.F68_T0,T.F68,Jew8xJew3,JewxJew,JewxJew_T0,pure_north
208,T.F9-Swi6xSwi4-Bt131-T1-Amb-rep1,SwixSwi_Amb,larvae,aten,NA,NA,Amb,NA,T.F9_Amb,T.F9,Swi6xSwi4,SwixSwi,SwixSwi_Amb,pure_north
209,T.F33-Pal4xPal2-Cn94-T0-rep4,PalxPal_T0,larvae,aten,NA,NA,T0,NA,T.F33_T0,T.F33,Pal4xPal2,PalxPal,PalxPal_T0,pure_south
210,T.F9-Swi6xSwi4-Bt132-T1-Hot-rep4,SwixSwi_Hot,larvae,aten,NA,NA,Hot,NA,T.F9_Hot,T.F9,Swi6xSwi4,SwixSwi,SwixSwi_Hot,pure_north
211,T.F68-Jew8xJew3-Cn100-T0-rep6,JewxJew_T0,larvae,aten,NA,NA,T0,NA,T.F68_T0,T.F68,Jew8xJew3,JewxJew,JewxJew_T0,pure_north
212,T.F9-Swi6xSwi4-Bt131-T1-Amb-rep2,SwixSwi_Amb,larvae,aten,NA,NA,Amb,NA,T.F9_Amb,T.F9,Swi6xSwi4,SwixSwi,SwixSwi_Amb,pure_north
213,T.F33-Pal4xPal2-Cn94-T0-rep5,PalxPal_T0,larvae,aten,NA,NA,T0,NA,T.F33_T0,T.F33,Pal4xPal2,PalxPal,PalxPal_T0,pure_south
214,T.F9-Swi6xSwi4-Bt132-T1-Hot-rep5,SwixSwi_Hot,larvae,aten,NA,NA,Hot,NA,T.F9_Hot,T.F9,Swi6xSwi4,SwixSwi,SwixSwi_Hot,pure_north
215,T.F9-Swi6xSwi4-Bt131-T1-Amb-rep3,SwixSwi_Amb,larvae,aten,NA,NA,Amb,NA,T.F9_Amb,T.F9,Swi6xSwi4,SwixSwi,SwixSwi_Amb,pure_north
216,T.F33-Pal4xPal2-Cn94-T0-rep6,PalxPal_T0,larvae,aten,NA,NA,T0,NA,T.F33_T0,T.F33,Pal4xPal2,PalxPal,PalxPal_T0,pure_south
217,T.F9-Swi6xSwi4-Bt132-T1-Hot-rep6,SwixSwi_Hot,larvae,aten,NA,NA,Hot,NA,T.F9_Hot,T.F9,Swi6xSwi4,SwixSwi,SwixSwi_Hot,pure_north
218,T.F9-Swi6xSwi4-Bt131-T1-Amb-rep4,SwixSwi_Amb,larvae,aten,NA,NA,Amb,NA,T.F9_Amb,T.F9,Swi6xSwi4,SwixSwi,SwixSwi_Amb,pure_north
219,T.F68-Jew8xJew3-Cn100-T0-rep1,JewxJew_T0,larvae,aten,NA,NA,T0,NA,T.F68_T0,T.F68,Jew8xJew3,JewxJew,JewxJew_T0,pure_north
220,T.F9-Swi6xSwi4-Bt131-T1-Amb-rep5,SwixSwi_Amb,larvae,aten,NA,NA,Amb,NA,T.F9_Amb,T.F9,Swi6xSwi4,SwixSwi,SwixSwi_Amb,pure_north
221,T.F68-Jew8xJew3-Cn100-T0-rep2,JewxJew_T0,larvae,aten,NA,NA,T0,NA,T.F68_T0,T.F68,Jew8xJew3,JewxJew,JewxJew_T0,pure_north
222,T.F9-Swi6xSwi4-Bt131-T1-Amb-rep6,SwixSwi_Amb,larvae,aten,NA,NA,Amb,NA,T.F9_Amb,T.F9,Swi6xSwi4,SwixSwi,SwixSwi_Amb,pure_north
223,Mod6-MunPalBulxDav6Bul-Bt87-T3-Amb-rep5,PalxDav_Amb,larvae,aten,NA,NA,Amb,NA,Mod6_Amb,Mod6,MunPalBulxDav6Bul,PalxDav,PalxDav_Amb,hybrid_south
224,Mod1-JewBotxDav6Bul-Bt121-T2-Hot-rep1,JewxDav_Hot,larvae,aten,NA,NA,Hot,NA,Mod1_Hot,Mod1,JewBotxDav6Bul,JewxDav,JewxDav_Hot,hybrid_north_south
225,Mod1-JewBotxDav6Bul-Bt122-T3-Amb-rep3,JewxDav_Amb,larvae,aten,NA,NA,Amb,NA,Mod1_Amb,Mod1,JewBotxDav6Bul,JewxDav,JewxDav_Amb,hybrid_north_south
226,Mod2-Par6BulxPar6Bul-Bt109-T3-Amb-rep5,ParxPar_Amb,larvae,aten,NA,NA,Amb,NA,Mod2_Amb,Mod2,Par6BulxPar6Bul,ParxPar,ParxPar_Amb,pure_north
227,Mod3-Par6BulxDav6Bul-Bt137-T3-Amb-rep1,ParxDav_Amb,larvae,aten,NA,NA,Amb,NA,Mod3_Amb,Mod3,Par6BulxDav6Bul,ParxDav,ParxDav_Amb,hybrid_north_south
228,Mod4-Swi6BulxSwi6Bul-Bt126-T2-Hot-rep3,SwixSwi_Hot,larvae,aten,NA,NA,Hot,NA,Mod4_Hot,Mod4,Swi6BulxSwi6Bul,SwixSwi,SwixSwi_Hot,pure_north
229,Mod4-Swi6BulxSwi6Bul-Bt125-T3-Amb-rep5,SwixSwi_Amb,larvae,aten,NA,NA,Amb,NA,Mod4_Amb,Mod4,Swi6BulxSwi6Bul,SwixSwi,SwixSwi_Amb,pure_north
230,Mod5-Swi6BulxDav6Bul-Bt19-T2-Hot-rep1,SwixDav_Hot,larvae,aten,NA,NA,Hot,NA,Mod5_Hot,Mod5,Swi6BulxDav6Bul,SwixDav,SwixDav_Hot,hybrid_north_south
231,Mod6-MunPalBulxDav6Bul-Bt136-T2-Hot-rep3,PalxDav_Hot,larvae,aten,NA,NA,Hot,NA,Mod6_Hot,Mod6,MunPalBulxDav6Bul,PalxDav,PalxDav_Hot,hybrid_south
232,Mod6-MunPalBulxDav6Bul-Bt87-T3-Amb-rep6,PalxDav_Amb,larvae,aten,NA,NA,Amb,NA,Mod6_Amb,Mod6,MunPalBulxDav6Bul,PalxDav,PalxDav_Amb,hybrid_south
233,Mod1-JewBotxDav6Bul-Bt121-T2-Hot-rep2,JewxDav_Hot,larvae,aten,NA,NA,Hot,NA,Mod1_Hot,Mod1,JewBotxDav6Bul,JewxDav,JewxDav_Hot,hybrid_north_south
234,Mod1-JewBotxDav6Bul-Bt122-T3-Amb-rep4,JewxDav_Amb,larvae,aten,NA,NA,Amb,NA,Mod1_Amb,Mod1,JewBotxDav6Bul,JewxDav,JewxDav_Amb,hybrid_north_south
235,Mod2-Par6BulxPar6Bul-Bt109-T3-Amb-rep6,ParxPar_Amb,larvae,aten,NA,NA,Amb,NA,Mod2_Amb,Mod2,Par6BulxPar6Bul,ParxPar,ParxPar_Amb,pure_north
236,Mod3-Par6BulxDav6Bul-Bt137-T3-Amb-rep2,ParxDav_Amb,larvae,aten,NA,NA,Amb,NA,Mod3_Amb,Mod3,Par6BulxDav6Bul,ParxDav,ParxDav_Amb,hybrid_north_south
237,Mod4-Swi6BulxSwi6Bul-Bt126-T2-Hot-rep4,SwixSwi_Hot,larvae,aten,NA,NA,Hot,NA,Mod4_Hot,Mod4,Swi6BulxSwi6Bul,SwixSwi,SwixSwi_Hot,pure_north
238,Mod4-Swi6BulxSwi6Bul-Bt125-T3-Amb-rep6,SwixSwi_Amb,larvae,aten,NA,NA,Amb,NA,Mod4_Amb,Mod4,Swi6BulxSwi6Bul,SwixSwi,SwixSwi_Amb,pure_north
239,Mod5-Swi6BulxDav6Bul-Bt19-T2-Hot-rep2,SwixDav_Hot,larvae,aten,NA,NA,Hot,NA,Mod5_Hot,Mod5,Swi6BulxDav6Bul,SwixDav,SwixDav_Hot,hybrid_north_south
240,Mod6-MunPalBulxDav6Bul-Bt136-T2-Hot-rep4,PalxDav_Hot,larvae,aten,NA,NA,Hot,NA,Mod6_Hot,Mod6,MunPalBulxDav6Bul,PalxDav,PalxDav_Hot,hybrid_south
241,Mod1-JewBotxDav6Bul-Bt121-T2-Hot-rep3,JewxDav_Hot,larvae,aten,NA,NA,Hot,NA,Mod1_Hot,Mod1,JewBotxDav6Bul,JewxDav,JewxDav_Hot,hybrid_north_south
242,Mod1-JewBotxDav6Bul-Bt122-T3-Amb-rep5,JewxDav_Amb,larvae,aten,NA,NA,Amb,NA,Mod1_Amb,Mod1,JewBotxDav6Bul,JewxDav,JewxDav_Amb,hybrid_north_south
243,Mod3-Par6BulxDav6Bul-Bt159-T2-Hot-rep1,ParxDav_Hot,larvae,aten,NA,NA,Hot,NA,Mod3_Hot,Mod3,Par6BulxDav6Bul,ParxDav,ParxDav_Hot,hybrid_north_south
244,Mod3-Par6BulxDav6Bul-Bt137-T3-Amb-rep3,ParxDav_Amb,larvae,aten,NA,NA,Amb,NA,Mod3_Amb,Mod3,Par6BulxDav6Bul,ParxDav,ParxDav_Amb,hybrid_north_south
245,Mod4-Swi6BulxSwi6Bul-Bt126-T2-Hot-rep5,SwixSwi_Hot,larvae,aten,NA,NA,Hot,NA,Mod4_Hot,Mod4,Swi6BulxSwi6Bul,SwixSwi,SwixSwi_Hot,pure_north
246,Mod5-Swi6BulxDav6Bul-Bt122-T3-Amb-rep1,SwixDav_Amb,larvae,aten,NA,NA,Amb,NA,Mod5_Amb,Mod5,Swi6BulxDav6Bul,SwixDav,SwixDav_Amb,hybrid_north_south
247,Mod5-Swi6BulxDav6Bul-Bt19-T2-Hot-rep3,SwixDav_Hot,larvae,aten,NA,NA,Hot,NA,Mod5_Hot,Mod5,Swi6BulxDav6Bul,SwixDav,SwixDav_Hot,hybrid_north_south
248,Mod6-MunPalBulxDav6Bul-Bt136-T2-Hot-rep5,PalxDav_Hot,larvae,aten,NA,NA,Hot,NA,Mod6_Hot,Mod6,MunPalBulxDav6Bul,PalxDav,PalxDav_Hot,hybrid_south
249,Mod1-JewBotxDav6Bul-Bt121-T2-Hot-rep4,JewxDav_Hot,larvae,aten,NA,NA,Hot,NA,Mod1_Hot,Mod1,JewBotxDav6Bul,JewxDav,JewxDav_Hot,hybrid_north_south
250,Mod1-JewBotxDav6Bul-Bt122-T3-Amb-rep6,JewxDav_Amb,larvae,aten,NA,NA,Amb,NA,Mod1_Amb,Mod1,JewBotxDav6Bul,JewxDav,JewxDav_Amb,hybrid_north_south
251,Mod3-Par6BulxDav6Bul-Bt159-T2-Hot-rep2,ParxDav_Hot,larvae,aten,NA,NA,Hot,NA,Mod3_Hot,Mod3,Par6BulxDav6Bul,ParxDav,ParxDav_Hot,hybrid_north_south
252,Mod3-Par6BulxDav6Bul-Bt137-T3-Amb-rep4,ParxDav_Amb,larvae,aten,NA,NA,Amb,NA,Mod3_Amb,Mod3,Par6BulxDav6Bul,ParxDav,ParxDav_Amb,hybrid_north_south
253,Mod4-Swi6BulxSwi6Bul-Bt126-T2-Hot-rep6,SwixSwi_Hot,larvae,aten,NA,NA,Hot,NA,Mod4_Hot,Mod4,Swi6BulxSwi6Bul,SwixSwi,SwixSwi_Hot,pure_north
254,Mod5-Swi6BulxDav6Bul-Bt122-T3-Amb-rep2,SwixDav_Amb,larvae,aten,NA,NA,Amb,NA,Mod5_Amb,Mod5,Swi6BulxDav6Bul,SwixDav,SwixDav_Amb,hybrid_north_south
255,Mod5-Swi6BulxDav6Bul-Bt19-T2-Hot-rep4,SwixDav_Hot,larvae,aten,NA,NA,Hot,NA,Mod5_Hot,Mod5,Swi6BulxDav6Bul,SwixDav,SwixDav_Hot,hybrid_north_south
256,Mod6-MunPalBulxDav6Bul-Bt136-T2-Hot-rep6,PalxDav_Hot,larvae,aten,NA,NA,Hot,NA,Mod6_Hot,Mod6,MunPalBulxDav6Bul,PalxDav,PalxDav_Hot,hybrid_south
257,Mod1-JewBotxDav6Bul-Bt121-T2-Hot-rep5,JewxDav_Hot,larvae,aten,NA,NA,Hot,NA,Mod1_Hot,Mod1,JewBotxDav6Bul,JewxDav,JewxDav_Hot,hybrid_north_south
258,Mod2-Par6BulxPar6Bul-Bt109-T3-Amb-rep1,ParxPar_Amb,larvae,aten,NA,NA,Amb,NA,Mod2_Amb,Mod2,Par6BulxPar6Bul,ParxPar,ParxPar_Amb,pure_north
259,Mod3-Par6BulxDav6Bul-Bt159-T2-Hot-rep3,ParxDav_Hot,larvae,aten,NA,NA,Hot,NA,Mod3_Hot,Mod3,Par6BulxDav6Bul,ParxDav,ParxDav_Hot,hybrid_north_south
260,Mod3-Par6BulxDav6Bul-Bt137-T3-Amb-rep5,ParxDav_Amb,larvae,aten,NA,NA,Amb,NA,Mod3_Amb,Mod3,Par6BulxDav6Bul,ParxDav,ParxDav_Amb,hybrid_north_south
261,Mod4-Swi6BulxSwi6Bul-Bt125-T3-Amb-rep1,SwixSwi_Amb,larvae,aten,NA,NA,Amb,NA,Mod4_Amb,Mod4,Swi6BulxSwi6Bul,SwixSwi,SwixSwi_Amb,pure_north
262,Mod5-Swi6BulxDav6Bul-Bt122-T3-Amb-rep3,SwixDav_Amb,larvae,aten,NA,NA,Amb,NA,Mod5_Amb,Mod5,Swi6BulxDav6Bul,SwixDav,SwixDav_Amb,hybrid_north_south
263,Mod5-Swi6BulxDav6Bul-Bt19-T2-Hot-rep5,SwixDav_Hot,larvae,aten,NA,NA,Hot,NA,Mod5_Hot,Mod5,Swi6BulxDav6Bul,SwixDav,SwixDav_Hot,hybrid_north_south
264,Mod6-MunPalBulxDav6Bul-Bt87-T3-Amb-rep1,PalxDav_Amb,larvae,aten,NA,NA,Amb,NA,Mod6_Amb,Mod6,MunPalBulxDav6Bul,PalxDav,PalxDav_Amb,hybrid_south
265,Mod1-JewBotxDav6Bul-Bt121-T2-Hot-rep6,JewxDav_Hot,larvae,aten,NA,NA,Hot,NA,Mod1_Hot,Mod1,JewBotxDav6Bul,JewxDav,JewxDav_Hot,hybrid_north_south
266,Mod2-Par6BulxPar6Bul-Bt109-T3-Amb-rep2,ParxPar_Amb,larvae,aten,NA,NA,Amb,NA,Mod2_Amb,Mod2,Par6BulxPar6Bul,ParxPar,ParxPar_Amb,pure_north
267,Mod3-Par6BulxDav6Bul-Bt159-T2-Hot-rep4,ParxDav_Hot,larvae,aten,NA,NA,Hot,NA,Mod3_Hot,Mod3,Par6BulxDav6Bul,ParxDav,ParxDav_Hot,hybrid_north_south
268,Mod3-Par6BulxDav6Bul-Bt137-T3-Amb-rep6,ParxDav_Amb,larvae,aten,NA,NA,Amb,NA,Mod3_Amb,Mod3,Par6BulxDav6Bul,ParxDav,ParxDav_Amb,hybrid_north_south
269,Mod4-Swi6BulxSwi6Bul-Bt125-T3-Amb-rep2,SwixSwi_Amb,larvae,aten,NA,NA,Amb,NA,Mod4_Amb,Mod4,Swi6BulxSwi6Bul,SwixSwi,SwixSwi_Amb,pure_north
270,Mod5-Swi6BulxDav6Bul-Bt122-T3-Amb-rep4,SwixDav_Amb,larvae,aten,NA,NA,Amb,NA,Mod5_Amb,Mod5,Swi6BulxDav6Bul,SwixDav,SwixDav_Amb,hybrid_north_south
271,Mod5-Swi6BulxDav6Bul-Bt19-T2-Hot-rep6,SwixDav_Hot,larvae,aten,NA,NA,Hot,NA,Mod5_Hot,Mod5,Swi6BulxDav6Bul,SwixDav,SwixDav_Hot,hybrid_north_south
272,Mod6-MunPalBulxDav6Bul-Bt87-T3-Amb-rep2,PalxDav_Amb,larvae,aten,NA,NA,Amb,NA,Mod6_Amb,Mod6,MunPalBulxDav6Bul,PalxDav,PalxDav_Amb,hybrid_south
273,Mod1-JewBotxDav6Bul-Bt122-T3-Amb-rep1,JewxDav_Amb,larvae,aten,NA,NA,Amb,NA,Mod1_Amb,Mod1,JewBotxDav6Bul,JewxDav,JewxDav_Amb,hybrid_north_south
274,Mod2-Par6BulxPar6Bul-Bt109-T3-Amb-rep3,ParxPar_Amb,larvae,aten,NA,NA,Amb,NA,Mod2_Amb,Mod2,Par6BulxPar6Bul,ParxPar,ParxPar_Amb,pure_north
275,Mod3-Par6BulxDav6Bul-Bt159-T2-Hot-rep5,ParxDav_Hot,larvae,aten,NA,NA,Hot,NA,Mod3_Hot,Mod3,Par6BulxDav6Bul,ParxDav,ParxDav_Hot,hybrid_north_south
276,Mod4-Swi6BulxSwi6Bul-Bt126-T2-Hot-rep1,SwixSwi_Hot,larvae,aten,NA,NA,Hot,NA,Mod4_Hot,Mod4,Swi6BulxSwi6Bul,SwixSwi,SwixSwi_Hot,pure_north
277,Mod4-Swi6BulxSwi6Bul-Bt125-T3-Amb-rep3,SwixSwi_Amb,larvae,aten,NA,NA,Amb,NA,Mod4_Amb,Mod4,Swi6BulxSwi6Bul,SwixSwi,SwixSwi_Amb,pure_north
278,Mod5-Swi6BulxDav6Bul-Bt122-T3-Amb-rep5,SwixDav_Amb,larvae,aten,NA,NA,Amb,NA,Mod5_Amb,Mod5,Swi6BulxDav6Bul,SwixDav,SwixDav_Amb,hybrid_north_south
279,Mod6-MunPalBulxDav6Bul-Bt136-T2-Hot-rep1,PalxDav_Hot,larvae,aten,NA,NA,Hot,NA,Mod6_Hot,Mod6,MunPalBulxDav6Bul,PalxDav,PalxDav_Hot,hybrid_south
280,Mod6-MunPalBulxDav6Bul-Bt87-T3-Amb-rep3,PalxDav_Amb,larvae,aten,NA,NA,Amb,NA,Mod6_Amb,Mod6,MunPalBulxDav6Bul,PalxDav,PalxDav_Amb,hybrid_south
281,Mod1-JewBotxDav6Bul-Bt122-T3-Amb-rep2,JewxDav_Amb,larvae,aten,NA,NA,Amb,NA,Mod1_Amb,Mod1,JewBotxDav6Bul,JewxDav,JewxDav_Amb,hybrid_north_south
282,Mod2-Par6BulxPar6Bul-Bt109-T3-Amb-rep4,ParxPar_Amb,larvae,aten,NA,NA,Amb,NA,Mod2_Amb,Mod2,Par6BulxPar6Bul,ParxPar,ParxPar_Amb,pure_north
283,Mod4-Swi6BulxSwi6Bul-Bt126-T2-Hot-rep2,SwixSwi_Hot,larvae,aten,NA,NA,Hot,NA,Mod4_Hot,Mod4,Swi6BulxSwi6Bul,SwixSwi,SwixSwi_Hot,pure_north
284,Mod4-Swi6BulxSwi6Bul-Bt125-T3-Amb-rep4,SwixSwi_Amb,larvae,aten,NA,NA,Amb,NA,Mod4_Amb,Mod4,Swi6BulxSwi6Bul,SwixSwi,SwixSwi_Amb,pure_north
285,Mod5-Swi6BulxDav6Bul-Bt122-T3-Amb-rep6,SwixDav_Amb,larvae,aten,NA,NA,Amb,NA,Mod5_Amb,Mod5,Swi6BulxDav6Bul,SwixDav,SwixDav_Amb,hybrid_north_south
286,Mod6-MunPalBulxDav6Bul-Bt136-T2-Hot-rep2,PalxDav_Hot,larvae,aten,NA,NA,Hot,NA,Mod6_Hot,Mod6,MunPalBulxDav6Bul,PalxDav,PalxDav_Hot,hybrid_south
287,Mod6-MunPalBulxDav6Bul-Bt87-T3-Amb-rep4,PalxDav_Amb,larvae,aten,NA,NA,Amb,NA,Mod6_Amb,Mod6,MunPalBulxDav6Bul,PalxDav,PalxDav_Amb,hybrid_south
288,T.F38-Jew6xPal1-Bt133-T3-Amb-rep3,JewxPal_Amb,larvae,aten,NA,NA,Amb,NA,T.F38_Amb,T.F38,Jew6xPal1,JewxPal,JewxPal_Amb,hybrid_north_south
289,T.F43-Jew6xPal4-Bt64-T2-Hot-rep5,JewxPal_Hot,larvae,aten,NA,NA,Hot,NA,T.F43_Hot,T.F43,Jew6xPal4,JewxPal,JewxPal_Hot,hybrid_north_south
290,T.F54-Jew6xDav1-Bt64-T2-Hot-rep1,JewxDav_Hot,larvae,aten,NA,NA,Hot,NA,T.F54_Hot,T.F54,Jew6xDav1,JewxDav,JewxDav_Hot,hybrid_north_south
291,T.F39-Jew2xPal1-Bt112-T2-Hot-rep5,JewxPal_Hot,larvae,aten,NA,NA,Hot,NA,T.F39_Hot,T.F39,Jew2xPal1,JewxPal,JewxPal_Hot,hybrid_north_south
292,T.F38-Jew6xPal1-Bt134-T2-Hot-rep1,JewxPal_Hot,larvae,aten,NA,NA,Hot,NA,T.F38_Hot,T.F38,Jew6xPal1,JewxPal,JewxPal_Hot,hybrid_north_south
293,T.F38-Jew6xPal1-Bt133-T3-Amb-rep4,JewxPal_Amb,larvae,aten,NA,NA,Amb,NA,T.F38_Amb,T.F38,Jew6xPal1,JewxPal,JewxPal_Amb,hybrid_north_south
294,T.F43-Jew6xPal4-Bt64-T2-Hot-rep6,JewxPal_Hot,larvae,aten,NA,NA,Hot,NA,T.F43_Hot,T.F43,Jew6xPal4,JewxPal,JewxPal_Hot,hybrid_north_south
295,T.F54-Jew6xDav1-Bt64-T2-Hot-rep2,JewxDav_Hot,larvae,aten,NA,NA,Hot,NA,T.F54_Hot,T.F54,Jew6xDav1,JewxDav,JewxDav_Hot,hybrid_north_south
296,T.F39-Jew2xPal1-Bt112-T2-Hot-rep6,JewxPal_Hot,larvae,aten,NA,NA,Hot,NA,T.F39_Hot,T.F39,Jew2xPal1,JewxPal,JewxPal_Hot,hybrid_north_south
297,T.F38-Jew6xPal1-Bt134-T2-Hot-rep2,JewxPal_Hot,larvae,aten,NA,NA,Hot,NA,T.F38_Hot,T.F38,Jew6xPal1,JewxPal,JewxPal_Hot,hybrid_north_south
298,T.F38-Jew6xPal1-Bt133-T3-Amb-rep5,JewxPal_Amb,larvae,aten,NA,NA,Amb,NA,T.F38_Amb,T.F38,Jew6xPal1,JewxPal,JewxPal_Amb,hybrid_north_south
299,T.F43-Jew6xPal4-Bt62-T3-Amb-rep1,JewxPal_Amb,larvae,aten,NA,NA,Amb,NA,T.F43_Amb,T.F43,Jew6xPal4,JewxPal,JewxPal_Amb,hybrid_north_south
300,T.F54-Jew6xDav1-Bt64-T2-Hot-rep3,JewxDav_Hot,larvae,aten,NA,NA,Hot,NA,T.F54_Hot,T.F54,Jew6xDav1,JewxDav,JewxDav_Hot,hybrid_north_south
301,T.F39-Jew2xPal1-Bt140-T3-Amb-rep1,JewxPal_Amb,larvae,aten,NA,NA,Amb,NA,T.F39_Amb,T.F39,Jew2xPal1,JewxPal,JewxPal_Amb,hybrid_north_south
302,T.F38-Jew6xPal1-Bt134-T2-Hot-rep3,JewxPal_Hot,larvae,aten,NA,NA,Hot,NA,T.F38_Hot,T.F38,Jew6xPal1,JewxPal,JewxPal_Hot,hybrid_north_south
303,T.F38-Jew6xPal1-Bt133-T3-Amb-rep6,JewxPal_Amb,larvae,aten,NA,NA,Amb,NA,T.F38_Amb,T.F38,Jew6xPal1,JewxPal,JewxPal_Amb,hybrid_north_south
304,T.F43-Jew6xPal4-Bt62-T3-Amb-rep2,JewxPal_Amb,larvae,aten,NA,NA,Amb,NA,T.F43_Amb,T.F43,Jew6xPal4,JewxPal,JewxPal_Amb,hybrid_north_south
305,T.F54-Jew6xDav1-Bt64-T2-Hot-rep4,JewxDav_Hot,larvae,aten,NA,NA,Hot,NA,T.F54_Hot,T.F54,Jew6xDav1,JewxDav,JewxDav_Hot,hybrid_north_south
306,T.F39-Jew2xPal1-Bt140-T3-Amb-rep2,JewxPal_Amb,larvae,aten,NA,NA,Amb,NA,T.F39_Amb,T.F39,Jew2xPal1,JewxPal,JewxPal_Amb,hybrid_north_south
307,T.F38-Jew6xPal1-Bt134-T2-Hot-rep4,JewxPal_Hot,larvae,aten,NA,NA,Hot,NA,T.F38_Hot,T.F38,Jew6xPal1,JewxPal,JewxPal_Hot,hybrid_north_south
308,T.F43-Jew6xPal4-Bt64-T2-Hot-rep1,JewxPal_Hot,larvae,aten,NA,NA,Hot,NA,T.F43_Hot,T.F43,Jew6xPal4,JewxPal,JewxPal_Hot,hybrid_north_south
309,T.F43-Jew6xPal4-Bt62-T3-Amb-rep3,JewxPal_Amb,larvae,aten,NA,NA,Amb,NA,T.F43_Amb,T.F43,Jew6xPal4,JewxPal,JewxPal_Amb,hybrid_north_south
310,T.F54-Jew6xDav1-Bt64-T2-Hot-rep5,JewxDav_Hot,larvae,aten,NA,NA,Hot,NA,T.F54_Hot,T.F54,Jew6xDav1,JewxDav,JewxDav_Hot,hybrid_north_south
311,T.F39-Jew2xPal1-Bt112-T2-Hot-rep1,JewxPal_Hot,larvae,aten,NA,NA,Hot,NA,T.F39_Hot,T.F39,Jew2xPal1,JewxPal,JewxPal_Hot,hybrid_north_south
312,T.F39-Jew2xPal1-Bt140-T3-Amb-rep3,JewxPal_Amb,larvae,aten,NA,NA,Amb,NA,T.F39_Amb,T.F39,Jew2xPal1,JewxPal,JewxPal_Amb,hybrid_north_south
313,T.F38-Jew6xPal1-Bt134-T2-Hot-rep5,JewxPal_Hot,larvae,aten,NA,NA,Hot,NA,T.F38_Hot,T.F38,Jew6xPal1,JewxPal,JewxPal_Hot,hybrid_north_south
314,T.F43-Jew6xPal4-Bt64-T2-Hot-rep2,JewxPal_Hot,larvae,aten,NA,NA,Hot,NA,T.F43_Hot,T.F43,Jew6xPal4,JewxPal,JewxPal_Hot,hybrid_north_south
315,T.F43-Jew6xPal4-Bt62-T3-Amb-rep4,JewxPal_Amb,larvae,aten,NA,NA,Amb,NA,T.F43_Amb,T.F43,Jew6xPal4,JewxPal,JewxPal_Amb,hybrid_north_south
316,T.F54-Jew6xDav1-Bt64-T2-Hot-rep6,JewxDav_Hot,larvae,aten,NA,NA,Hot,NA,T.F54_Hot,T.F54,Jew6xDav1,JewxDav,JewxDav_Hot,hybrid_north_south
317,T.F39-Jew2xPal1-Bt112-T2-Hot-rep2,JewxPal_Hot,larvae,aten,NA,NA,Hot,NA,T.F39_Hot,T.F39,Jew2xPal1,JewxPal,JewxPal_Hot,hybrid_north_south
318,T.F39-Jew2xPal1-Bt140-T3-Amb-rep4,JewxPal_Amb,larvae,aten,NA,NA,Amb,NA,T.F39_Amb,T.F39,Jew2xPal1,JewxPal,JewxPal_Amb,hybrid_north_south
319,T.F38-Jew6xPal1-Bt134-T2-Hot-rep6,JewxPal_Hot,larvae,aten,NA,NA,Hot,NA,T.F38_Hot,T.F38,Jew6xPal1,JewxPal,JewxPal_Hot,hybrid_north_south
320,T.F43-Jew6xPal4-Bt64-T2-Hot-rep3,JewxPal_Hot,larvae,aten,NA,NA,Hot,NA,T.F43_Hot,T.F43,Jew6xPal4,JewxPal,JewxPal_Hot,hybrid_north_south
321,T.F43-Jew6xPal4-Bt62-T3-Amb-rep5,JewxPal_Amb,larvae,aten,NA,NA,Amb,NA,T.F43_Amb,T.F43,Jew6xPal4,JewxPal,JewxPal_Amb,hybrid_north_south
322,T.F39-Jew2xPal1-Bt112-T2-Hot-rep3,JewxPal_Hot,larvae,aten,NA,NA,Hot,NA,T.F39_Hot,T.F39,Jew2xPal1,JewxPal,JewxPal_Hot,hybrid_north_south
323,T.F39-Jew2xPal1-Bt140-T3-Amb-rep5,JewxPal_Amb,larvae,aten,NA,NA,Amb,NA,T.F39_Amb,T.F39,Jew2xPal1,JewxPal,JewxPal_Amb,hybrid_north_south
324,T.F38-Jew6xPal1-Bt133-T3-Amb-rep1,JewxPal_Amb,larvae,aten,NA,NA,Amb,NA,T.F38_Amb,T.F38,Jew6xPal1,JewxPal,JewxPal_Amb,hybrid_north_south
325,T.F43-Jew6xPal4-Bt64-T2-Hot-rep4,JewxPal_Hot,larvae,aten,NA,NA,Hot,NA,T.F43_Hot,T.F43,Jew6xPal4,JewxPal,JewxPal_Hot,hybrid_north_south
326,T.F43-Jew6xPal4-Bt62-T3-Amb-rep6,JewxPal_Amb,larvae,aten,NA,NA,Amb,NA,T.F43_Amb,T.F43,Jew6xPal4,JewxPal,JewxPal_Amb,hybrid_north_south
327,T.F39-Jew2xPal1-Bt112-T2-Hot-rep4,JewxPal_Hot,larvae,aten,NA,NA,Hot,NA,T.F39_Hot,T.F39,Jew2xPal1,JewxPal,JewxPal_Hot,hybrid_north_south
328,T.F39-Jew2xPal1-Bt140-T3-Amb-rep6,JewxPal_Amb,larvae,aten,NA,NA,Amb,NA,T.F39_Amb,T.F39,Jew2xPal1,JewxPal,JewxPal_Amb,hybrid_north_south
329,T.F38-Jew6xPal1-Bt133-T3-Amb-rep2,JewxPal_Amb,larvae,aten,NA,NA,Amb,NA,T.F38_Amb,T.F38,Jew6xPal1,JewxPal,JewxPal_Amb,hybrid_north_south
330,T.F54-Jew6xDav1-Bt62-T3-Amb-rep1,JewxDav_Amb,larvae,aten,NA,NA,Amb,NA,T.F54_Amb,T.F54,Jew6xDav1,JewxDav,JewxDav_Amb,hybrid_north_south
331,T.F29-Swi6xDav1-Bt114-T2-Hot-rep1,SwixDav_Hot,larvae,aten,NA,NA,Hot,NA,T.F29_Hot,T.F29,Swi6xDav1,SwixDav,SwixDav_Hot,hybrid_north_south
332,T.F12-Swi4xSwi7-Bt5-T3-Amb-rep3,SwixSwi_Amb,larvae,aten,NA,NA,Amb,NA,T.F12_Amb,T.F12,Swi4xSwi7,SwixSwi,SwixSwi_Amb,pure_north
333,T.F14-Dav8xDav6-Bt134-T2-Hot-rep5,DavxDav_Hot,larvae,aten,NA,NA,Hot,NA,T.F14_Hot,T.F14,Dav8xDav6,DavxDav,DavxDav_Hot,pure_south
334,T.F42-Jew8xPal1-Bt91-T2-Hot-rep3,JewxPal_Hot,larvae,aten,NA,NA,Hot,NA,T.F42_Hot,T.F42,Jew8xPal1,JewxPal,JewxPal_Hot,hybrid_north_south
335,T.F42-Jew8xPal1-Bt95-T3-Amb-rep5,JewxPal_Amb,larvae,aten,NA,NA,Amb,NA,T.F42_Amb,T.F42,Jew8xPal1,JewxPal,JewxPal_Amb,hybrid_north_south
336,T.F40-Jew3xPal1-Bt169-T3-Amb-rep1,JewxPal_Amb,larvae,aten,NA,NA,Amb,NA,T.F40_Amb,T.F40,Jew3xPal1,JewxPal,JewxPal_Amb,hybrid_north_south
337,T.F65-Jew8xDav13-Bt2-T2-Hot-rep3,JewxDav_Hot,larvae,aten,NA,NA,Hot,NA,T.F65_Hot,T.F65,Jew8xDav13,JewxDav,JewxDav_Hot,hybrid_north_south
338,T.F65-Jew8xDav13-Bt5-T3-Amb-rep5,JewxDav_Amb,larvae,aten,NA,NA,Amb,NA,T.F65_Amb,T.F65,Jew8xDav13,JewxDav,JewxDav_Amb,hybrid_north_south
339,T.F64-Jew8xDav1-Bt139-T3-Amb-rep1,JewxDav_Amb,larvae,aten,NA,NA,Amb,NA,T.F64_Amb,T.F64,Jew8xDav1,JewxDav,JewxDav_Amb,hybrid_north_south
340,T.F31-Swi4xDav8-Bt166-T2-Hot-rep3,SwixDav_Hot,larvae,aten,NA,NA,Hot,NA,T.F31_Hot,T.F31,Swi4xDav8,SwixDav,SwixDav_Hot,hybrid_north_south
341,T.F32-Swi7xDav10-Bt87-T3-Amb-rep5,SwixDav_Amb,larvae,aten,NA,NA,Amb,NA,T.F32_Amb,T.F32,Swi7xDav10,SwixDav,SwixDav_Amb,hybrid_north_south
342,T.F54-Jew6xDav1-Bt62-T3-Amb-rep2,JewxDav_Amb,larvae,aten,NA,NA,Amb,NA,T.F54_Amb,T.F54,Jew6xDav1,JewxDav,JewxDav_Amb,hybrid_north_south
343,T.F12-Swi4xSwi7-Bt5-T3-Amb-rep4,SwixSwi_Amb,larvae,aten,NA,NA,Amb,NA,T.F12_Amb,T.F12,Swi4xSwi7,SwixSwi,SwixSwi_Amb,pure_north
344,T.F14-Dav8xDav6-Bt134-T2-Hot-rep6,DavxDav_Hot,larvae,aten,NA,NA,Hot,NA,T.F14_Hot,T.F14,Dav8xDav6,DavxDav,DavxDav_Hot,pure_south
345,T.F42-Jew8xPal1-Bt91-T2-Hot-rep4,JewxPal_Hot,larvae,aten,NA,NA,Hot,NA,T.F42_Hot,T.F42,Jew8xPal1,JewxPal,JewxPal_Hot,hybrid_north_south
346,T.F42-Jew8xPal1-Bt95-T3-Amb-rep6,JewxPal_Amb,larvae,aten,NA,NA,Amb,NA,T.F42_Amb,T.F42,Jew8xPal1,JewxPal,JewxPal_Amb,hybrid_north_south
347,T.F40-Jew3xPal1-Bt169-T3-Amb-rep2,JewxPal_Amb,larvae,aten,NA,NA,Amb,NA,T.F40_Amb,T.F40,Jew3xPal1,JewxPal,JewxPal_Amb,hybrid_north_south
348,T.F65-Jew8xDav13-Bt2-T2-Hot-rep4,JewxDav_Hot,larvae,aten,NA,NA,Hot,NA,T.F65_Hot,T.F65,Jew8xDav13,JewxDav,JewxDav_Hot,hybrid_north_south
349,T.F65-Jew8xDav13-Bt5-T3-Amb-rep6,JewxDav_Amb,larvae,aten,NA,NA,Amb,NA,T.F65_Amb,T.F65,Jew8xDav13,JewxDav,JewxDav_Amb,hybrid_north_south
350,T.F64-Jew8xDav1-Bt139-T3-Amb-rep2,JewxDav_Amb,larvae,aten,NA,NA,Amb,NA,T.F64_Amb,T.F64,Jew8xDav1,JewxDav,JewxDav_Amb,hybrid_north_south
351,T.F31-Swi4xDav8-Bt166-T2-Hot-rep4,SwixDav_Hot,larvae,aten,NA,NA,Hot,NA,T.F31_Hot,T.F31,Swi4xDav8,SwixDav,SwixDav_Hot,hybrid_north_south
352,T.F32-Swi7xDav10-Bt87-T3-Amb-rep6,SwixDav_Amb,larvae,aten,NA,NA,Amb,NA,T.F32_Amb,T.F32,Swi7xDav10,SwixDav,SwixDav_Amb,hybrid_north_south
353,T.F54-Jew6xDav1-Bt62-T3-Amb-rep3,JewxDav_Amb,larvae,aten,NA,NA,Amb,NA,T.F54_Amb,T.F54,Jew6xDav1,JewxDav,JewxDav_Amb,hybrid_north_south
354,T.F12-Swi4xSwi7-Bt5-T3-Amb-rep5,SwixSwi_Amb,larvae,aten,NA,NA,Amb,NA,T.F12_Amb,T.F12,Swi4xSwi7,SwixSwi,SwixSwi_Amb,pure_north
355,T.F14-Dav8xDav6-Bt133-T3-Amb-rep1,DavxDav_Amb,larvae,aten,NA,NA,Amb,NA,T.F14_Amb,T.F14,Dav8xDav6,DavxDav,DavxDav_Amb,pure_south
356,T.F42-Jew8xPal1-Bt91-T2-Hot-rep5,JewxPal_Hot,larvae,aten,NA,NA,Hot,NA,T.F42_Hot,T.F42,Jew8xPal1,JewxPal,JewxPal_Hot,hybrid_north_south
357,T.F40-Jew3xPal1-Bt186-T2-Hot-rep1,JewxPal_Hot,larvae,aten,NA,NA,Hot,NA,T.F40_Hot,T.F40,Jew3xPal1,JewxPal,JewxPal_Hot,hybrid_north_south
358,T.F40-Jew3xPal1-Bt169-T3-Amb-rep3,JewxPal_Amb,larvae,aten,NA,NA,Amb,NA,T.F40_Amb,T.F40,Jew3xPal1,JewxPal,JewxPal_Amb,hybrid_north_south
359,T.F65-Jew8xDav13-Bt2-T2-Hot-rep5,JewxDav_Hot,larvae,aten,NA,NA,Hot,NA,T.F65_Hot,T.F65,Jew8xDav13,JewxDav,JewxDav_Hot,hybrid_north_south
360,T.F64-Jew8xDav1-Bt102-T2-Hot-rep1,JewxDav_Hot,larvae,aten,NA,NA,Hot,NA,T.F64_Hot,T.F64,Jew8xDav1,JewxDav,JewxDav_Hot,hybrid_north_south
361,T.F64-Jew8xDav1-Bt139-T3-Amb-rep3,JewxDav_Amb,larvae,aten,NA,NA,Amb,NA,T.F64_Amb,T.F64,Jew8xDav1,JewxDav,JewxDav_Amb,hybrid_north_south
362,T.F29-Swi6xDav1-Bt124-T3-Amb-rep1,SwixDav_Amb,larvae,aten,NA,NA,Amb,NA,T.F29_Amb,T.F29,Swi6xDav1,SwixDav,SwixDav_Amb,hybrid_north_south
363,T.F54-Jew6xDav1-Bt62-T3-Amb-rep4,JewxDav_Amb,larvae,aten,NA,NA,Amb,NA,T.F54_Amb,T.F54,Jew6xDav1,JewxDav,JewxDav_Amb,hybrid_north_south
364,T.F29-Swi6xDav1-Bt114-T2-Hot-rep4,SwixDav_Hot,larvae,aten,NA,NA,Hot,NA,T.F29_Hot,T.F29,Swi6xDav1,SwixDav,SwixDav_Hot,hybrid_north_south
365,T.F12-Swi4xSwi7-Bt5-T3-Amb-rep6,SwixSwi_Amb,larvae,aten,NA,NA,Amb,NA,T.F12_Amb,T.F12,Swi4xSwi7,SwixSwi,SwixSwi_Amb,pure_north
366,T.F14-Dav8xDav6-Bt133-T3-Amb-rep2,DavxDav_Amb,larvae,aten,NA,NA,Amb,NA,T.F14_Amb,T.F14,Dav8xDav6,DavxDav,DavxDav_Amb,pure_south
367,T.F42-Jew8xPal1-Bt91-T2-Hot-rep6,JewxPal_Hot,larvae,aten,NA,NA,Hot,NA,T.F42_Hot,T.F42,Jew8xPal1,JewxPal,JewxPal_Hot,hybrid_north_south
368,T.F40-Jew3xPal1-Bt186-T2-Hot-rep2,JewxPal_Hot,larvae,aten,NA,NA,Hot,NA,T.F40_Hot,T.F40,Jew3xPal1,JewxPal,JewxPal_Hot,hybrid_north_south
369,T.F40-Jew3xPal1-Bt169-T3-Amb-rep4,JewxPal_Amb,larvae,aten,NA,NA,Amb,NA,T.F40_Amb,T.F40,Jew3xPal1,JewxPal,JewxPal_Amb,hybrid_north_south
370,T.F65-Jew8xDav13-Bt2-T2-Hot-rep6,JewxDav_Hot,larvae,aten,NA,NA,Hot,NA,T.F65_Hot,T.F65,Jew8xDav13,JewxDav,JewxDav_Hot,hybrid_north_south
371,T.F64-Jew8xDav1-Bt102-T2-Hot-rep2,JewxDav_Hot,larvae,aten,NA,NA,Hot,NA,T.F64_Hot,T.F64,Jew8xDav1,JewxDav,JewxDav_Hot,hybrid_north_south
372,T.F64-Jew8xDav1-Bt139-T3-Amb-rep4,JewxDav_Amb,larvae,aten,NA,NA,Amb,NA,T.F64_Amb,T.F64,Jew8xDav1,JewxDav,JewxDav_Amb,hybrid_north_south
373,T.F29-Swi6xDav1-Bt124-T3-Amb-rep2,SwixDav_Amb,larvae,aten,NA,NA,Amb,NA,T.F29_Amb,T.F29,Swi6xDav1,SwixDav,SwixDav_Amb,hybrid_north_south
374,T.F54-Jew6xDav1-Bt62-T3-Amb-rep5,JewxDav_Amb,larvae,aten,NA,NA,Amb,NA,T.F54_Amb,T.F54,Jew6xDav1,JewxDav,JewxDav_Amb,hybrid_north_south
375,T.F29-Swi6xDav1-Bt114-T2-Hot-rep5,SwixDav_Hot,larvae,aten,NA,NA,Hot,NA,T.F29_Hot,T.F29,Swi6xDav1,SwixDav,SwixDav_Hot,hybrid_north_south
376,T.F14-Dav8xDav6-Bt134-T2-Hot-rep1,DavxDav_Hot,larvae,aten,NA,NA,Hot,NA,T.F14_Hot,T.F14,Dav8xDav6,DavxDav,DavxDav_Hot,pure_south
377,T.F14-Dav8xDav6-Bt133-T3-Amb-rep3,DavxDav_Amb,larvae,aten,NA,NA,Amb,NA,T.F14_Amb,T.F14,Dav8xDav6,DavxDav,DavxDav_Amb,pure_south
378,T.F42-Jew8xPal1-Bt95-T3-Amb-rep1,JewxPal_Amb,larvae,aten,NA,NA,Amb,NA,T.F42_Amb,T.F42,Jew8xPal1,JewxPal,JewxPal_Amb,hybrid_north_south
379,T.F40-Jew3xPal1-Bt169-T3-Amb-rep5,JewxPal_Amb,larvae,aten,NA,NA,Amb,NA,T.F40_Amb,T.F40,Jew3xPal1,JewxPal,JewxPal_Amb,hybrid_north_south
380,T.F65-Jew8xDav13-Bt5-T3-Amb-rep1,JewxDav_Amb,larvae,aten,NA,NA,Amb,NA,T.F65_Amb,T.F65,Jew8xDav13,JewxDav,JewxDav_Amb,hybrid_north_south
381,T.F64-Jew8xDav1-Bt102-T2-Hot-rep3,JewxDav_Hot,larvae,aten,NA,NA,Hot,NA,T.F64_Hot,T.F64,Jew8xDav1,JewxDav,JewxDav_Hot,hybrid_north_south
382,T.F64-Jew8xDav1-Bt139-T3-Amb-rep5,JewxDav_Amb,larvae,aten,NA,NA,Amb,NA,T.F64_Amb,T.F64,Jew8xDav1,JewxDav,JewxDav_Amb,hybrid_north_south
383,T.F32-Swi7xDav10-Bt87-T3-Amb-rep1,SwixDav_Amb,larvae,aten,NA,NA,Amb,NA,T.F32_Amb,T.F32,Swi7xDav10,SwixDav,SwixDav_Amb,hybrid_north_south
384,T.F29-Swi6xDav1-Bt124-T3-Amb-rep3,SwixDav_Amb,larvae,aten,NA,NA,Amb,NA,T.F29_Amb,T.F29,Swi6xDav1,SwixDav,SwixDav_Amb,hybrid_north_south
385,T.F54-Jew6xDav1-Bt62-T3-Amb-rep6,JewxDav_Amb,larvae,aten,NA,NA,Amb,NA,T.F54_Amb,T.F54,Jew6xDav1,JewxDav,JewxDav_Amb,hybrid_north_south
386,T.F14-Dav8xDav6-Bt134-T2-Hot-rep2,DavxDav_Hot,larvae,aten,NA,NA,Hot,NA,T.F14_Hot,T.F14,Dav8xDav6,DavxDav,DavxDav_Hot,pure_south
387,T.F14-Dav8xDav6-Bt133-T3-Amb-rep4,DavxDav_Amb,larvae,aten,NA,NA,Amb,NA,T.F14_Amb,T.F14,Dav8xDav6,DavxDav,DavxDav_Amb,pure_south
388,T.F42-Jew8xPal1-Bt95-T3-Amb-rep2,JewxPal_Amb,larvae,aten,NA,NA,Amb,NA,T.F42_Amb,T.F42,Jew8xPal1,JewxPal,JewxPal_Amb,hybrid_north_south
389,T.F40-Jew3xPal1-Bt169-T3-Amb-rep6,JewxPal_Amb,larvae,aten,NA,NA,Amb,NA,T.F40_Amb,T.F40,Jew3xPal1,JewxPal,JewxPal_Amb,hybrid_north_south
390,T.F65-Jew8xDav13-Bt5-T3-Amb-rep2,JewxDav_Amb,larvae,aten,NA,NA,Amb,NA,T.F65_Amb,T.F65,Jew8xDav13,JewxDav,JewxDav_Amb,hybrid_north_south
391,T.F64-Jew8xDav1-Bt139-T3-Amb-rep6,JewxDav_Amb,larvae,aten,NA,NA,Amb,NA,T.F64_Amb,T.F64,Jew8xDav1,JewxDav,JewxDav_Amb,hybrid_north_south
392,T.F32-Swi7xDav10-Bt87-T3-Amb-rep2,SwixDav_Amb,larvae,aten,NA,NA,Amb,NA,T.F32_Amb,T.F32,Swi7xDav10,SwixDav,SwixDav_Amb,hybrid_north_south
393,T.F29-Swi6xDav1-Bt124-T3-Amb-rep4,SwixDav_Amb,larvae,aten,NA,NA,Amb,NA,T.F29_Amb,T.F29,Swi6xDav1,SwixDav,SwixDav_Amb,hybrid_north_south
394,T.F42-Jew8xPal1-Bt91-T2-Hot-rep1,JewxPal_Hot,larvae,aten,NA,NA,Hot,NA,T.F42_Hot,T.F42,Jew8xPal1,JewxPal,JewxPal_Hot,hybrid_north_south
395,T.F12-Swi4xSwi7-Bt5-T3-Amb-rep1,SwixSwi_Amb,larvae,aten,NA,NA,Amb,NA,T.F12_Amb,T.F12,Swi4xSwi7,SwixSwi,SwixSwi_Amb,pure_north
396,T.F14-Dav8xDav6-Bt134-T2-Hot-rep3,DavxDav_Hot,larvae,aten,NA,NA,Hot,NA,T.F14_Hot,T.F14,Dav8xDav6,DavxDav,DavxDav_Hot,pure_south
397,T.F42-Jew8xPal1-Bt95-T3-Amb-rep3,JewxPal_Amb,larvae,aten,NA,NA,Amb,NA,T.F42_Amb,T.F42,Jew8xPal1,JewxPal,JewxPal_Amb,hybrid_north_south
398,T.F65-Jew8xDav13-Bt2-T2-Hot-rep1,JewxDav_Hot,larvae,aten,NA,NA,Hot,NA,T.F65_Hot,T.F65,Jew8xDav13,JewxDav,JewxDav_Hot,hybrid_north_south
399,T.F65-Jew8xDav13-Bt5-T3-Amb-rep3,JewxDav_Amb,larvae,aten,NA,NA,Amb,NA,T.F65_Amb,T.F65,Jew8xDav13,JewxDav,JewxDav_Amb,hybrid_north_south
400,T.F64-Jew8xDav1-Bt102-T2-Hot-rep5,JewxDav_Hot,larvae,aten,NA,NA,Hot,NA,T.F64_Hot,T.F64,Jew8xDav1,JewxDav,JewxDav_Hot,hybrid_north_south
401,T.F31-Swi4xDav8-Bt166-T2-Hot-rep1,SwixDav_Hot,larvae,aten,NA,NA,Hot,NA,T.F31_Hot,T.F31,Swi4xDav8,SwixDav,SwixDav_Hot,hybrid_north_south
402,T.F32-Swi7xDav10-Bt87-T3-Amb-rep3,SwixDav_Amb,larvae,aten,NA,NA,Amb,NA,T.F32_Amb,T.F32,Swi7xDav10,SwixDav,SwixDav_Amb,hybrid_north_south
403,T.F29-Swi6xDav1-Bt124-T3-Amb-rep5,SwixDav_Amb,larvae,aten,NA,NA,Amb,NA,T.F29_Amb,T.F29,Swi6xDav1,SwixDav,SwixDav_Amb,hybrid_north_south
404,T.F42-Jew8xPal1-Bt91-T2-Hot-rep2,JewxPal_Hot,larvae,aten,NA,NA,Hot,NA,T.F42_Hot,T.F42,Jew8xPal1,JewxPal,JewxPal_Hot,hybrid_north_south
405,T.F12-Swi4xSwi7-Bt5-T3-Amb-rep2,SwixSwi_Amb,larvae,aten,NA,NA,Amb,NA,T.F12_Amb,T.F12,Swi4xSwi7,SwixSwi,SwixSwi_Amb,pure_north
406,T.F14-Dav8xDav6-Bt134-T2-Hot-rep4,DavxDav_Hot,larvae,aten,NA,NA,Hot,NA,T.F14_Hot,T.F14,Dav8xDav6,DavxDav,DavxDav_Hot,pure_south
407,T.F42-Jew8xPal1-Bt95-T3-Amb-rep4,JewxPal_Amb,larvae,aten,NA,NA,Amb,NA,T.F42_Amb,T.F42,Jew8xPal1,JewxPal,JewxPal_Amb,hybrid_north_south
408,T.F65-Jew8xDav13-Bt2-T2-Hot-rep2,JewxDav_Hot,larvae,aten,NA,NA,Hot,NA,T.F65_Hot,T.F65,Jew8xDav13,JewxDav,JewxDav_Hot,hybrid_north_south
409,T.F65-Jew8xDav13-Bt5-T3-Amb-rep4,JewxDav_Amb,larvae,aten,NA,NA,Amb,NA,T.F65_Amb,T.F65,Jew8xDav13,JewxDav,JewxDav_Amb,hybrid_north_south
410,T.F64-Jew8xDav1-Bt102-T2-Hot-rep6,JewxDav_Hot,larvae,aten,NA,NA,Hot,NA,T.F64_Hot,T.F64,Jew8xDav1,JewxDav,JewxDav_Hot,hybrid_north_south
411,T.F31-Swi4xDav8-Bt166-T2-Hot-rep2,SwixDav_Hot,larvae,aten,NA,NA,Hot,NA,T.F31_Hot,T.F31,Swi4xDav8,SwixDav,SwixDav_Hot,hybrid_north_south
412,T.F32-Swi7xDav10-Bt87-T3-Amb-rep4,SwixDav_Amb,larvae,aten,NA,NA,Amb,NA,T.F32_Amb,T.F32,Swi7xDav10,SwixDav,SwixDav_Amb,hybrid_north_south
413,T.F29-Swi6xDav1-Bt124-T3-Amb-rep6,SwixDav_Amb,larvae,aten,NA,NA,Amb,NA,T.F29_Amb,T.F29,Swi6xDav1,SwixDav,SwixDav_Amb,hybrid_north_south
414,T.F14-Dav8xDav6-Bt133-T3-Amb-rep5,DavxDav_Amb,larvae,aten,NA,NA,Amb,NA,T.F14_Amb,T.F14,Dav8xDav6,DavxDav,DavxDav_Amb,pure_south
415,T.F36-Pal4xDav1-Bt10-T2-Hot-rep1,PalxDav_Hot,larvae,aten,NA,NA,Hot,NA,T.F36_Hot,T.F36,Pal4xDav1,PalxDav,PalxDav_Hot,hybrid_south
416,T.F36-Pal4xDav1-Bt9-T3-Amb-rep3,PalxDav_Amb,larvae,aten,NA,NA,Amb,NA,T.F36_Amb,T.F36,Pal4xDav1,PalxDav,PalxDav_Amb,hybrid_south
417,T.F19-Jew8xDav10-Bt69-T3-Amb-rep1,JewxDav_Amb,larvae,aten,NA,NA,Amb,NA,T.F19_Amb,T.F19,Jew8xDav10,JewxDav,JewxDav_Amb,hybrid_north_south
418,T.F1-Jew8xJew2-Bt33-T2-Hot-rep3,JewxJew_Hot,larvae,aten,NA,NA,Hot,NA,T.F1_Hot,T.F1,Jew8xJew2,JewxJew,JewxJew_Hot,pure_north
419,T.F1-Jew8xJew2-Bt35-T3-Amb-rep5,JewxJew_Amb,larvae,aten,NA,NA,Amb,NA,T.F1_Amb,T.F1,Jew8xJew2,JewxJew,JewxJew_Amb,pure_north
420,T.F13-Dav6xDav1-Bt139-T3-Amb-rep1,DavxDav_Amb,larvae,aten,NA,NA,Amb,NA,T.F13_Amb,T.F13,Dav6xDav1,DavxDav,DavxDav_Amb,pure_south
421,T.F5-Par4xPar2-Bt159-T2-Hot-rep3,ParxPar_Hot,larvae,aten,NA,NA,Hot,NA,T.F5_Hot,T.F5,Par4xPar2,ParxPar,ParxPar_Hot,pure_north
422,T.F5-Par4xPar2-Bt157-T3-Amb-rep5,ParxPar_Amb,larvae,aten,NA,NA,Amb,NA,T.F5_Amb,T.F5,Par4xPar2,ParxPar,ParxPar_Amb,pure_north
423,T.F34-Pal5xPal4-Bt116-T2-Hot-rep1,PalxPal_Hot,larvae,aten,NA,NA,Hot,NA,T.F34_Hot,T.F34,Pal5xPal4,PalxPal,PalxPal_Hot,pure_south
424,T.F34-Pal5xPal4-Bt140-T3-Amb-rep3,PalxPal_Amb,larvae,aten,NA,NA,Amb,NA,T.F34_Amb,T.F34,Pal5xPal4,PalxPal,PalxPal_Amb,pure_south
425,T.F14-Dav8xDav6-Bt133-T3-Amb-rep6,DavxDav_Amb,larvae,aten,NA,NA,Amb,NA,T.F14_Amb,T.F14,Dav8xDav6,DavxDav,DavxDav_Amb,pure_south
426,T.F36-Pal4xDav1-Bt10-T2-Hot-rep2,PalxDav_Hot,larvae,aten,NA,NA,Hot,NA,T.F36_Hot,T.F36,Pal4xDav1,PalxDav,PalxDav_Hot,hybrid_south
427,T.F36-Pal4xDav1-Bt9-T3-Amb-rep4,PalxDav_Amb,larvae,aten,NA,NA,Amb,NA,T.F36_Amb,T.F36,Pal4xDav1,PalxDav,PalxDav_Amb,hybrid_south
428,T.F19-Jew8xDav10-Bt69-T3-Amb-rep2,JewxDav_Amb,larvae,aten,NA,NA,Amb,NA,T.F19_Amb,T.F19,Jew8xDav10,JewxDav,JewxDav_Amb,hybrid_north_south
429,T.F1-Jew8xJew2-Bt33-T2-Hot-rep4,JewxJew_Hot,larvae,aten,NA,NA,Hot,NA,T.F1_Hot,T.F1,Jew8xJew2,JewxJew,JewxJew_Hot,pure_north
430,T.F1-Jew8xJew2-Bt35-T3-Amb-rep6,JewxJew_Amb,larvae,aten,NA,NA,Amb,NA,T.F1_Amb,T.F1,Jew8xJew2,JewxJew,JewxJew_Amb,pure_north
431,T.F13-Dav6xDav1-Bt139-T3-Amb-rep2,DavxDav_Amb,larvae,aten,NA,NA,Amb,NA,T.F13_Amb,T.F13,Dav6xDav1,DavxDav,DavxDav_Amb,pure_south
432,T.F5-Par4xPar2-Bt159-T2-Hot-rep4,ParxPar_Hot,larvae,aten,NA,NA,Hot,NA,T.F5_Hot,T.F5,Par4xPar2,ParxPar,ParxPar_Hot,pure_north
433,T.F5-Par4xPar2-Bt157-T3-Amb-rep6,ParxPar_Amb,larvae,aten,NA,NA,Amb,NA,T.F5_Amb,T.F5,Par4xPar2,ParxPar,ParxPar_Amb,pure_north
434,T.F34-Pal5xPal4-Bt116-T2-Hot-rep2,PalxPal_Hot,larvae,aten,NA,NA,Hot,NA,T.F34_Hot,T.F34,Pal5xPal4,PalxPal,PalxPal_Hot,pure_south
435,T.F34-Pal5xPal4-Bt140-T3-Amb-rep4,PalxPal_Amb,larvae,aten,NA,NA,Amb,NA,T.F34_Amb,T.F34,Pal5xPal4,PalxPal,PalxPal_Amb,pure_south
436,T.F31-Swi4xDav8-Bt144-T3-Amb-rep1,SwixDav_Amb,larvae,aten,NA,NA,Amb,NA,T.F31_Amb,T.F31,Swi4xDav8,SwixDav,SwixDav_Amb,hybrid_north_south
437,T.F10-Swi7xSwi6-Bt168-T3-Amb-rep1,SwixSwi_Amb,larvae,aten,NA,NA,Amb,NA,T.F10_Amb,T.F10,Swi7xSwi6,SwixSwi,SwixSwi_Amb,pure_north
438,T.F36-Pal4xDav1-Bt9-T3-Amb-rep5,PalxDav_Amb,larvae,aten,NA,NA,Amb,NA,T.F36_Amb,T.F36,Pal4xDav1,PalxDav,PalxDav_Amb,hybrid_south
439,T.F19-Jew8xDav10-Bt69-T3-Amb-rep3,JewxDav_Amb,larvae,aten,NA,NA,Amb,NA,T.F19_Amb,T.F19,Jew8xDav10,JewxDav,JewxDav_Amb,hybrid_north_south
440,T.F1-Jew8xJew2-Bt33-T2-Hot-rep5,JewxJew_Hot,larvae,aten,NA,NA,Hot,NA,T.F1_Hot,T.F1,Jew8xJew2,JewxJew,JewxJew_Hot,pure_north
441,T.F13-Dav6xDav1-Bt139-T3-Amb-rep3,DavxDav_Amb,larvae,aten,NA,NA,Amb,NA,T.F13_Amb,T.F13,Dav6xDav1,DavxDav,DavxDav_Amb,pure_south
442,T.F5-Par4xPar2-Bt159-T2-Hot-rep5,ParxPar_Hot,larvae,aten,NA,NA,Hot,NA,T.F5_Hot,T.F5,Par4xPar2,ParxPar,ParxPar_Hot,pure_north
443,T.F22-Par5xDav6-Bt156-T3-Amb-rep1,ParxDav_Amb,larvae,aten,NA,NA,Amb,NA,T.F22_Amb,T.F22,Par5xDav6,ParxDav,ParxDav_Amb,hybrid_north_south
444,T.F34-Pal5xPal4-Bt116-T2-Hot-rep3,PalxPal_Hot,larvae,aten,NA,NA,Hot,NA,T.F34_Hot,T.F34,Pal5xPal4,PalxPal,PalxPal_Hot,pure_south
445,T.F34-Pal5xPal4-Bt140-T3-Amb-rep5,PalxPal_Amb,larvae,aten,NA,NA,Amb,NA,T.F34_Amb,T.F34,Pal5xPal4,PalxPal,PalxPal_Amb,pure_south
446,T.F31-Swi4xDav8-Bt144-T3-Amb-rep2,SwixDav_Amb,larvae,aten,NA,NA,Amb,NA,T.F31_Amb,T.F31,Swi4xDav8,SwixDav,SwixDav_Amb,hybrid_north_south
447,T.F10-Swi7xSwi6-Bt168-T3-Amb-rep2,SwixSwi_Amb,larvae,aten,NA,NA,Amb,NA,T.F10_Amb,T.F10,Swi7xSwi6,SwixSwi,SwixSwi_Amb,pure_north
448,T.F36-Pal4xDav1-Bt9-T3-Amb-rep6,PalxDav_Amb,larvae,aten,NA,NA,Amb,NA,T.F36_Amb,T.F36,Pal4xDav1,PalxDav,PalxDav_Amb,hybrid_south
449,T.F19-Jew8xDav10-Bt69-T3-Amb-rep4,JewxDav_Amb,larvae,aten,NA,NA,Amb,NA,T.F19_Amb,T.F19,Jew8xDav10,JewxDav,JewxDav_Amb,hybrid_north_south
450,T.F1-Jew8xJew2-Bt33-T2-Hot-rep6,JewxJew_Hot,larvae,aten,NA,NA,Hot,NA,T.F1_Hot,T.F1,Jew8xJew2,JewxJew,JewxJew_Hot,pure_north
451,T.F13-Dav6xDav1-Bt139-T3-Amb-rep4,DavxDav_Amb,larvae,aten,NA,NA,Amb,NA,T.F13_Amb,T.F13,Dav6xDav1,DavxDav,DavxDav_Amb,pure_south
452,T.F5-Par4xPar2-Bt159-T2-Hot-rep6,ParxPar_Hot,larvae,aten,NA,NA,Hot,NA,T.F5_Hot,T.F5,Par4xPar2,ParxPar,ParxPar_Hot,pure_north
453,T.F22-Par5xDav6-Bt156-T3-Amb-rep2,ParxDav_Amb,larvae,aten,NA,NA,Amb,NA,T.F22_Amb,T.F22,Par5xDav6,ParxDav,ParxDav_Amb,hybrid_north_south
454,T.F34-Pal5xPal4-Bt116-T2-Hot-rep4,PalxPal_Hot,larvae,aten,NA,NA,Hot,NA,T.F34_Hot,T.F34,Pal5xPal4,PalxPal,PalxPal_Hot,pure_south
455,T.F34-Pal5xPal4-Bt140-T3-Amb-rep6,PalxPal_Amb,larvae,aten,NA,NA,Amb,NA,T.F34_Amb,T.F34,Pal5xPal4,PalxPal,PalxPal_Amb,pure_south
456,T.F31-Swi4xDav8-Bt144-T3-Amb-rep3,SwixDav_Amb,larvae,aten,NA,NA,Amb,NA,T.F31_Amb,T.F31,Swi4xDav8,SwixDav,SwixDav_Amb,hybrid_north_south
457,T.F10-Swi7xSwi6-Bt168-T3-Amb-rep3,SwixSwi_Amb,larvae,aten,NA,NA,Amb,NA,T.F10_Amb,T.F10,Swi7xSwi6,SwixSwi,SwixSwi_Amb,pure_north
458,T.F36-Pal4xDav1-Bt10-T2-Hot-rep5,PalxDav_Hot,larvae,aten,NA,NA,Hot,NA,T.F36_Hot,T.F36,Pal4xDav1,PalxDav,PalxDav_Hot,hybrid_south
459,T.F16-Dav1xDav8-Bt33-T2-Hot-rep1,DavxDav_Hot,larvae,aten,NA,NA,Hot,NA,T.F16_Hot,T.F16,Dav1xDav8,DavxDav,DavxDav_Hot,pure_south
460,T.F19-Jew8xDav10-Bt69-T3-Amb-rep5,JewxDav_Amb,larvae,aten,NA,NA,Amb,NA,T.F19_Amb,T.F19,Jew8xDav10,JewxDav,JewxDav_Amb,hybrid_north_south
461,T.F1-Jew8xJew2-Bt35-T3-Amb-rep1,JewxJew_Amb,larvae,aten,NA,NA,Amb,NA,T.F1_Amb,T.F1,Jew8xJew2,JewxJew,JewxJew_Amb,pure_north
462,T.F13-Dav6xDav1-Bt139-T3-Amb-rep5,DavxDav_Amb,larvae,aten,NA,NA,Amb,NA,T.F13_Amb,T.F13,Dav6xDav1,DavxDav,DavxDav_Amb,pure_south
463,T.F5-Par4xPar2-Bt157-T3-Amb-rep1,ParxPar_Amb,larvae,aten,NA,NA,Amb,NA,T.F5_Amb,T.F5,Par4xPar2,ParxPar,ParxPar_Amb,pure_north
464,T.F22-Par5xDav6-Bt156-T3-Amb-rep3,ParxDav_Amb,larvae,aten,NA,NA,Amb,NA,T.F22_Amb,T.F22,Par5xDav6,ParxDav,ParxDav_Amb,hybrid_north_south
465,T.F34-Pal5xPal4-Bt116-T2-Hot-rep5,PalxPal_Hot,larvae,aten,NA,NA,Hot,NA,T.F34_Hot,T.F34,Pal5xPal4,PalxPal,PalxPal_Hot,pure_south
466,T.F10-Swi7xSwi6-Bt100-T2-Hot-rep1,SwixSwi_Hot,larvae,aten,NA,NA,Hot,NA,T.F10_Hot,T.F10,Swi7xSwi6,SwixSwi,SwixSwi_Hot,pure_north
467,T.F31-Swi4xDav8-Bt144-T3-Amb-rep4,SwixDav_Amb,larvae,aten,NA,NA,Amb,NA,T.F31_Amb,T.F31,Swi4xDav8,SwixDav,SwixDav_Amb,hybrid_north_south
468,T.F10-Swi7xSwi6-Bt168-T3-Amb-rep4,SwixSwi_Amb,larvae,aten,NA,NA,Amb,NA,T.F10_Amb,T.F10,Swi7xSwi6,SwixSwi,SwixSwi_Amb,pure_north
469,T.F36-Pal4xDav1-Bt10-T2-Hot-rep6,PalxDav_Hot,larvae,aten,NA,NA,Hot,NA,T.F36_Hot,T.F36,Pal4xDav1,PalxDav,PalxDav_Hot,hybrid_south
470,T.F16-Dav1xDav8-Bt33-T2-Hot-rep2,DavxDav_Hot,larvae,aten,NA,NA,Hot,NA,T.F16_Hot,T.F16,Dav1xDav8,DavxDav,DavxDav_Hot,pure_south
471,T.F19-Jew8xDav10-Bt69-T3-Amb-rep6,JewxDav_Amb,larvae,aten,NA,NA,Amb,NA,T.F19_Amb,T.F19,Jew8xDav10,JewxDav,JewxDav_Amb,hybrid_north_south
472,T.F1-Jew8xJew2-Bt35-T3-Amb-rep2,JewxJew_Amb,larvae,aten,NA,NA,Amb,NA,T.F1_Amb,T.F1,Jew8xJew2,JewxJew,JewxJew_Amb,pure_north
473,T.F13-Dav6xDav1-Bt139-T3-Amb-rep6,DavxDav_Amb,larvae,aten,NA,NA,Amb,NA,T.F13_Amb,T.F13,Dav6xDav1,DavxDav,DavxDav_Amb,pure_south
474,T.F5-Par4xPar2-Bt157-T3-Amb-rep2,ParxPar_Amb,larvae,aten,NA,NA,Amb,NA,T.F5_Amb,T.F5,Par4xPar2,ParxPar,ParxPar_Amb,pure_north
475,T.F22-Par5xDav6-Bt156-T3-Amb-rep4,ParxDav_Amb,larvae,aten,NA,NA,Amb,NA,T.F22_Amb,T.F22,Par5xDav6,ParxDav,ParxDav_Amb,hybrid_north_south
476,T.F34-Pal5xPal4-Bt116-T2-Hot-rep6,PalxPal_Hot,larvae,aten,NA,NA,Hot,NA,T.F34_Hot,T.F34,Pal5xPal4,PalxPal,PalxPal_Hot,pure_south
477,T.F10-Swi7xSwi6-Bt100-T2-Hot-rep2,SwixSwi_Hot,larvae,aten,NA,NA,Hot,NA,T.F10_Hot,T.F10,Swi7xSwi6,SwixSwi,SwixSwi_Hot,pure_north
478,T.F31-Swi4xDav8-Bt144-T3-Amb-rep5,SwixDav_Amb,larvae,aten,NA,NA,Amb,NA,T.F31_Amb,T.F31,Swi4xDav8,SwixDav,SwixDav_Amb,hybrid_north_south
479,T.F10-Swi7xSwi6-Bt168-T3-Amb-rep5,SwixSwi_Amb,larvae,aten,NA,NA,Amb,NA,T.F10_Amb,T.F10,Swi7xSwi6,SwixSwi,SwixSwi_Amb,pure_north
480,T.F36-Pal4xDav1-Bt9-T3-Amb-rep1,PalxDav_Amb,larvae,aten,NA,NA,Amb,NA,T.F36_Amb,T.F36,Pal4xDav1,PalxDav,PalxDav_Amb,hybrid_south
481,T.F1-Jew8xJew2-Bt33-T2-Hot-rep1,JewxJew_Hot,larvae,aten,NA,NA,Hot,NA,T.F1_Hot,T.F1,Jew8xJew2,JewxJew,JewxJew_Hot,pure_north
482,T.F1-Jew8xJew2-Bt35-T3-Amb-rep3,JewxJew_Amb,larvae,aten,NA,NA,Amb,NA,T.F1_Amb,T.F1,Jew8xJew2,JewxJew,JewxJew_Amb,pure_north
483,T.F5-Par4xPar2-Bt159-T2-Hot-rep1,ParxPar_Hot,larvae,aten,NA,NA,Hot,NA,T.F5_Hot,T.F5,Par4xPar2,ParxPar,ParxPar_Hot,pure_north
484,T.F5-Par4xPar2-Bt157-T3-Amb-rep3,ParxPar_Amb,larvae,aten,NA,NA,Amb,NA,T.F5_Amb,T.F5,Par4xPar2,ParxPar,ParxPar_Amb,pure_north
485,T.F22-Par5xDav6-Bt156-T3-Amb-rep5,ParxDav_Amb,larvae,aten,NA,NA,Amb,NA,T.F22_Amb,T.F22,Par5xDav6,ParxDav,ParxDav_Amb,hybrid_north_south
486,T.F34-Pal5xPal4-Bt140-T3-Amb-rep1,PalxPal_Amb,larvae,aten,NA,NA,Amb,NA,T.F34_Amb,T.F34,Pal5xPal4,PalxPal,PalxPal_Amb,pure_south
487,T.F10-Swi7xSwi6-Bt100-T2-Hot-rep3,SwixSwi_Hot,larvae,aten,NA,NA,Hot,NA,T.F10_Hot,T.F10,Swi7xSwi6,SwixSwi,SwixSwi_Hot,pure_north
488,T.F31-Swi4xDav8-Bt144-T3-Amb-rep6,SwixDav_Amb,larvae,aten,NA,NA,Amb,NA,T.F31_Amb,T.F31,Swi4xDav8,SwixDav,SwixDav_Amb,hybrid_north_south
489,T.F10-Swi7xSwi6-Bt168-T3-Amb-rep6,SwixSwi_Amb,larvae,aten,NA,NA,Amb,NA,T.F10_Amb,T.F10,Swi7xSwi6,SwixSwi,SwixSwi_Amb,pure_north
490,T.F36-Pal4xDav1-Bt9-T3-Amb-rep2,PalxDav_Amb,larvae,aten,NA,NA,Amb,NA,T.F36_Amb,T.F36,Pal4xDav1,PalxDav,PalxDav_Amb,hybrid_south
491,T.F1-Jew8xJew2-Bt33-T2-Hot-rep2,JewxJew_Hot,larvae,aten,NA,NA,Hot,NA,T.F1_Hot,T.F1,Jew8xJew2,JewxJew,JewxJew_Hot,pure_north
492,T.F1-Jew8xJew2-Bt35-T3-Amb-rep4,JewxJew_Amb,larvae,aten,NA,NA,Amb,NA,T.F1_Amb,T.F1,Jew8xJew2,JewxJew,JewxJew_Amb,pure_north
493,T.F5-Par4xPar2-Bt159-T2-Hot-rep2,ParxPar_Hot,larvae,aten,NA,NA,Hot,NA,T.F5_Hot,T.F5,Par4xPar2,ParxPar,ParxPar_Hot,pure_north
494,T.F5-Par4xPar2-Bt157-T3-Amb-rep4,ParxPar_Amb,larvae,aten,NA,NA,Amb,NA,T.F5_Amb,T.F5,Par4xPar2,ParxPar,ParxPar_Amb,pure_north
495,T.F22-Par5xDav6-Bt156-T3-Amb-rep6,ParxDav_Amb,larvae,aten,NA,NA,Amb,NA,T.F22_Amb,T.F22,Par5xDav6,ParxDav,ParxDav_Amb,hybrid_north_south
496,T.F34-Pal5xPal4-Bt140-T3-Amb-rep2,PalxPal_Amb,larvae,aten,NA,NA,Amb,NA,T.F34_Amb,T.F34,Pal5xPal4,PalxPal,PalxPal_Amb,pure_south
497,T.F16-Dav1xDav8-Bt33-T2-Hot-rep3,DavxDav_Hot,larvae,aten,NA,NA,Hot,NA,T.F16_Hot,T.F16,Dav1xDav8,DavxDav,DavxDav_Hot,pure_south
498,T.F24-Par2xDav8-Bt53-T3-Amb-rep3,ParxDav_Amb,larvae,aten,NA,NA,Amb,NA,T.F24_Amb,T.F24,Par2xDav8,ParxDav,ParxDav_Amb,hybrid_north_south
499,T.F68-Jew8xJew3-Bt126-T2-Hot-rep1,JewxJew_Hot,larvae,aten,NA,NA,Hot,NA,T.F68_Hot,T.F68,Jew8xJew3,JewxJew,JewxJew_Hot,pure_north
500,T.F16-Dav1xDav8-Bt35-T3-Amb-rep5,DavxDav_Amb,larvae,aten,NA,NA,Amb,NA,T.F16_Amb,T.F16,Dav1xDav8,DavxDav,DavxDav_Amb,pure_south
501,T.F37-Pal2xDav1-Bt100-T2-Hot-rep1,PalxDav_Hot,larvae,aten,NA,NA,Hot,NA,T.F37_Hot,T.F37,Pal2xDav1,PalxDav,PalxDav_Hot,hybrid_south
502,T.F37-Pal2xDav1-Bt168-T3-Amb-rep3,PalxDav_Amb,larvae,aten,NA,NA,Amb,NA,T.F37_Amb,T.F37,Pal2xDav1,PalxDav,PalxDav_Amb,hybrid_south
503,T.F4-Jew2xJew8-Bt9-T3-Amb-rep5,JewxJew_Amb,larvae,aten,NA,NA,Amb,NA,T.F4_Amb,T.F4,Jew2xJew8,JewxJew,JewxJew_Amb,pure_north
504,T.F18-Jew8xDav6-Bt117-T3-Amb-rep3,JewxDav_Amb,larvae,aten,NA,NA,Amb,NA,T.F18_Amb,T.F18,Jew8xDav6,JewxDav,JewxDav_Amb,hybrid_north_south
505,T.F8-Par2xPar5-Bt120-T2-Hot-rep5,ParxPar_Hot,larvae,aten,NA,NA,Hot,NA,T.F8_Hot,T.F8,Par2xPar5,ParxPar,ParxPar_Hot,pure_north
506,T.F24-Par2xDav8-Bt56-T2-Hot-rep1,ParxDav_Hot,larvae,aten,NA,NA,Hot,NA,T.F24_Hot,T.F24,Par2xDav8,ParxDav,ParxDav_Hot,hybrid_north_south
507,T.F16-Dav1xDav8-Bt33-T2-Hot-rep4,DavxDav_Hot,larvae,aten,NA,NA,Hot,NA,T.F16_Hot,T.F16,Dav1xDav8,DavxDav,DavxDav_Hot,pure_south
508,T.F24-Par2xDav8-Bt53-T3-Amb-rep4,ParxDav_Amb,larvae,aten,NA,NA,Amb,NA,T.F24_Amb,T.F24,Par2xDav8,ParxDav,ParxDav_Amb,hybrid_north_south
509,T.F33-Pal4xPal2-Bt12-T2-Hot-rep6,PalxPal_Hot,larvae,aten,NA,NA,Hot,NA,T.F33_Hot,T.F33,Pal4xPal2,PalxPal,PalxPal_Hot,pure_south
510,T.F68-Jew8xJew3-Bt126-T2-Hot-rep2,JewxJew_Hot,larvae,aten,NA,NA,Hot,NA,T.F68_Hot,T.F68,Jew8xJew3,JewxJew,JewxJew_Hot,pure_north
511,T.F16-Dav1xDav8-Bt35-T3-Amb-rep6,DavxDav_Amb,larvae,aten,NA,NA,Amb,NA,T.F16_Amb,T.F16,Dav1xDav8,DavxDav,DavxDav_Amb,pure_south
512,T.F37-Pal2xDav1-Bt100-T2-Hot-rep2,PalxDav_Hot,larvae,aten,NA,NA,Hot,NA,T.F37_Hot,T.F37,Pal2xDav1,PalxDav,PalxDav_Hot,hybrid_south
513,T.F37-Pal2xDav1-Bt168-T3-Amb-rep4,PalxDav_Amb,larvae,aten,NA,NA,Amb,NA,T.F37_Amb,T.F37,Pal2xDav1,PalxDav,PalxDav_Amb,hybrid_south
514,T.F4-Jew2xJew8-Bt9-T3-Amb-rep6,JewxJew_Amb,larvae,aten,NA,NA,Amb,NA,T.F4_Amb,T.F4,Jew2xJew8,JewxJew,JewxJew_Amb,pure_north
515,T.F18-Jew8xDav6-Bt117-T3-Amb-rep4,JewxDav_Amb,larvae,aten,NA,NA,Amb,NA,T.F18_Amb,T.F18,Jew8xDav6,JewxDav,JewxDav_Amb,hybrid_north_south
516,T.F8-Par2xPar5-Bt120-T2-Hot-rep6,ParxPar_Hot,larvae,aten,NA,NA,Hot,NA,T.F8_Hot,T.F8,Par2xPar5,ParxPar,ParxPar_Hot,pure_north
517,T.F24-Par2xDav8-Bt56-T2-Hot-rep2,ParxDav_Hot,larvae,aten,NA,NA,Hot,NA,T.F24_Hot,T.F24,Par2xDav8,ParxDav,ParxDav_Hot,hybrid_north_south
518,T.F16-Dav1xDav8-Bt33-T2-Hot-rep5,DavxDav_Hot,larvae,aten,NA,NA,Hot,NA,T.F16_Hot,T.F16,Dav1xDav8,DavxDav,DavxDav_Hot,pure_south
519,T.F24-Par2xDav8-Bt53-T3-Amb-rep5,ParxDav_Amb,larvae,aten,NA,NA,Amb,NA,T.F24_Amb,T.F24,Par2xDav8,ParxDav,ParxDav_Amb,hybrid_north_south
520,T.F33-Pal4xPal2-Bt11-T3-Amb-rep1,PalxPal_Amb,larvae,aten,NA,NA,Amb,NA,T.F33_Amb,T.F33,Pal4xPal2,PalxPal,PalxPal_Amb,pure_south
521,T.F68-Jew8xJew3-Bt126-T2-Hot-rep3,JewxJew_Hot,larvae,aten,NA,NA,Hot,NA,T.F68_Hot,T.F68,Jew8xJew3,JewxJew,JewxJew_Hot,pure_north
522,T.F6-Par5xPar4-Bt156-T3-Amb-rep1,ParxPar_Amb,larvae,aten,NA,NA,Amb,NA,T.F6_Amb,T.F6,Par5xPar4,ParxPar,ParxPar_Amb,pure_north
523,T.F37-Pal2xDav1-Bt168-T3-Amb-rep5,PalxDav_Amb,larvae,aten,NA,NA,Amb,NA,T.F37_Amb,T.F37,Pal2xDav1,PalxDav,PalxDav_Amb,hybrid_south
524,T.F35-Pal2xPal5-Bt95-T3-Amb-rep1,PalxPal_Amb,larvae,aten,NA,NA,Amb,NA,T.F35_Amb,T.F35,Pal2xPal5,PalxPal,PalxPal_Amb,pure_south
525,T.F18-Jew8xDav6-Bt117-T3-Amb-rep5,JewxDav_Amb,larvae,aten,NA,NA,Amb,NA,T.F18_Amb,T.F18,Jew8xDav6,JewxDav,JewxDav_Amb,hybrid_north_south
526,T.F8-Par2xPar5-Bt117-T3-Amb-rep1,ParxPar_Amb,larvae,aten,NA,NA,Amb,NA,T.F8_Amb,T.F8,Par2xPar5,ParxPar,ParxPar_Amb,pure_north
527,T.F24-Par2xDav8-Bt56-T2-Hot-rep3,ParxDav_Hot,larvae,aten,NA,NA,Hot,NA,T.F24_Hot,T.F24,Par2xDav8,ParxDav,ParxDav_Hot,hybrid_north_south
528,T.F16-Dav1xDav8-Bt33-T2-Hot-rep6,DavxDav_Hot,larvae,aten,NA,NA,Hot,NA,T.F16_Hot,T.F16,Dav1xDav8,DavxDav,DavxDav_Hot,pure_south
529,T.F24-Par2xDav8-Bt53-T3-Amb-rep6,ParxDav_Amb,larvae,aten,NA,NA,Amb,NA,T.F24_Amb,T.F24,Par2xDav8,ParxDav,ParxDav_Amb,hybrid_north_south
530,T.F33-Pal4xPal2-Bt11-T3-Amb-rep2,PalxPal_Amb,larvae,aten,NA,NA,Amb,NA,T.F33_Amb,T.F33,Pal4xPal2,PalxPal,PalxPal_Amb,pure_south
531,T.F68-Jew8xJew3-Bt126-T2-Hot-rep4,JewxJew_Hot,larvae,aten,NA,NA,Hot,NA,T.F68_Hot,T.F68,Jew8xJew3,JewxJew,JewxJew_Hot,pure_north
532,T.F6-Par5xPar4-Bt156-T3-Amb-rep2,ParxPar_Amb,larvae,aten,NA,NA,Amb,NA,T.F6_Amb,T.F6,Par5xPar4,ParxPar,ParxPar_Amb,pure_north
533,T.F37-Pal2xDav1-Bt168-T3-Amb-rep6,PalxDav_Amb,larvae,aten,NA,NA,Amb,NA,T.F37_Amb,T.F37,Pal2xDav1,PalxDav,PalxDav_Amb,hybrid_south
534,T.F35-Pal2xPal5-Bt95-T3-Amb-rep2,PalxPal_Amb,larvae,aten,NA,NA,Amb,NA,T.F35_Amb,T.F35,Pal2xPal5,PalxPal,PalxPal_Amb,pure_south
535,T.F18-Jew8xDav6-Bt117-T3-Amb-rep6,JewxDav_Amb,larvae,aten,NA,NA,Amb,NA,T.F18_Amb,T.F18,Jew8xDav6,JewxDav,JewxDav_Amb,hybrid_north_south
536,T.F8-Par2xPar5-Bt117-T3-Amb-rep2,ParxPar_Amb,larvae,aten,NA,NA,Amb,NA,T.F8_Amb,T.F8,Par2xPar5,ParxPar,ParxPar_Amb,pure_north
537,T.F24-Par2xDav8-Bt56-T2-Hot-rep4,ParxDav_Hot,larvae,aten,NA,NA,Hot,NA,T.F24_Hot,T.F24,Par2xDav8,ParxDav,ParxDav_Hot,hybrid_north_south
538,T.F16-Dav1xDav8-Bt35-T3-Amb-rep1,DavxDav_Amb,larvae,aten,NA,NA,Amb,NA,T.F16_Amb,T.F16,Dav1xDav8,DavxDav,DavxDav_Amb,pure_south
539,T.F33-Pal4xPal2-Bt12-T2-Hot-rep1,PalxPal_Hot,larvae,aten,NA,NA,Hot,NA,T.F33_Hot,T.F33,Pal4xPal2,PalxPal,PalxPal_Hot,pure_south
540,T.F33-Pal4xPal2-Bt11-T3-Amb-rep3,PalxPal_Amb,larvae,aten,NA,NA,Amb,NA,T.F33_Amb,T.F33,Pal4xPal2,PalxPal,PalxPal_Amb,pure_south
541,T.F68-Jew8xJew3-Bt126-T2-Hot-rep5,JewxJew_Hot,larvae,aten,NA,NA,Hot,NA,T.F68_Hot,T.F68,Jew8xJew3,JewxJew,JewxJew_Hot,pure_north
542,T.F6-Par5xPar4-Bt156-T3-Amb-rep3,ParxPar_Amb,larvae,aten,NA,NA,Amb,NA,T.F6_Amb,T.F6,Par5xPar4,ParxPar,ParxPar_Amb,pure_north
543,T.F4-Jew2xJew8-Bt9-T3-Amb-rep1,JewxJew_Amb,larvae,aten,NA,NA,Amb,NA,T.F4_Amb,T.F4,Jew2xJew8,JewxJew,JewxJew_Amb,pure_north
544,T.F35-Pal2xPal5-Bt95-T3-Amb-rep3,PalxPal_Amb,larvae,aten,NA,NA,Amb,NA,T.F35_Amb,T.F35,Pal2xPal5,PalxPal,PalxPal_Amb,pure_south
545,T.F18-Jew8xDav6-Bt120-T2-Hot-rep5,JewxDav_Hot,larvae,aten,NA,NA,Hot,NA,T.F18_Hot,T.F18,Jew8xDav6,JewxDav,JewxDav_Hot,hybrid_north_south
546,T.F8-Par2xPar5-Bt120-T2-Hot-rep1,ParxPar_Hot,larvae,aten,NA,NA,Hot,NA,T.F8_Hot,T.F8,Par2xPar5,ParxPar,ParxPar_Hot,pure_north
547,T.F8-Par2xPar5-Bt117-T3-Amb-rep3,ParxPar_Amb,larvae,aten,NA,NA,Amb,NA,T.F8_Amb,T.F8,Par2xPar5,ParxPar,ParxPar_Amb,pure_north
548,T.F24-Par2xDav8-Bt56-T2-Hot-rep5,ParxDav_Hot,larvae,aten,NA,NA,Hot,NA,T.F24_Hot,T.F24,Par2xDav8,ParxDav,ParxDav_Hot,hybrid_north_south
549,T.F16-Dav1xDav8-Bt35-T3-Amb-rep2,DavxDav_Amb,larvae,aten,NA,NA,Amb,NA,T.F16_Amb,T.F16,Dav1xDav8,DavxDav,DavxDav_Amb,pure_south
550,T.F33-Pal4xPal2-Bt12-T2-Hot-rep2,PalxPal_Hot,larvae,aten,NA,NA,Hot,NA,T.F33_Hot,T.F33,Pal4xPal2,PalxPal,PalxPal_Hot,pure_south
551,T.F33-Pal4xPal2-Bt11-T3-Amb-rep4,PalxPal_Amb,larvae,aten,NA,NA,Amb,NA,T.F33_Amb,T.F33,Pal4xPal2,PalxPal,PalxPal_Amb,pure_south
552,T.F68-Jew8xJew3-Bt126-T2-Hot-rep6,JewxJew_Hot,larvae,aten,NA,NA,Hot,NA,T.F68_Hot,T.F68,Jew8xJew3,JewxJew,JewxJew_Hot,pure_north
553,T.F6-Par5xPar4-Bt156-T3-Amb-rep4,ParxPar_Amb,larvae,aten,NA,NA,Amb,NA,T.F6_Amb,T.F6,Par5xPar4,ParxPar,ParxPar_Amb,pure_north
554,T.F4-Jew2xJew8-Bt9-T3-Amb-rep2,JewxJew_Amb,larvae,aten,NA,NA,Amb,NA,T.F4_Amb,T.F4,Jew2xJew8,JewxJew,JewxJew_Amb,pure_north
555,T.F35-Pal2xPal5-Bt95-T3-Amb-rep4,PalxPal_Amb,larvae,aten,NA,NA,Amb,NA,T.F35_Amb,T.F35,Pal2xPal5,PalxPal,PalxPal_Amb,pure_south
556,T.F18-Jew8xDav6-Bt120-T2-Hot-rep6,JewxDav_Hot,larvae,aten,NA,NA,Hot,NA,T.F18_Hot,T.F18,Jew8xDav6,JewxDav,JewxDav_Hot,hybrid_north_south
557,T.F8-Par2xPar5-Bt120-T2-Hot-rep2,ParxPar_Hot,larvae,aten,NA,NA,Hot,NA,T.F8_Hot,T.F8,Par2xPar5,ParxPar,ParxPar_Hot,pure_north
558,T.F8-Par2xPar5-Bt117-T3-Amb-rep4,ParxPar_Amb,larvae,aten,NA,NA,Amb,NA,T.F8_Amb,T.F8,Par2xPar5,ParxPar,ParxPar_Amb,pure_north
559,T.F24-Par2xDav8-Bt56-T2-Hot-rep6,ParxDav_Hot,larvae,aten,NA,NA,Hot,NA,T.F24_Hot,T.F24,Par2xDav8,ParxDav,ParxDav_Hot,hybrid_north_south
560,T.F16-Dav1xDav8-Bt35-T3-Amb-rep3,DavxDav_Amb,larvae,aten,NA,NA,Amb,NA,T.F16_Amb,T.F16,Dav1xDav8,DavxDav,DavxDav_Amb,pure_south
561,T.F33-Pal4xPal2-Bt11-T3-Amb-rep5,PalxPal_Amb,larvae,aten,NA,NA,Amb,NA,T.F33_Amb,T.F33,Pal4xPal2,PalxPal,PalxPal_Amb,pure_south
562,T.F6-Par5xPar4-Bt156-T3-Amb-rep5,ParxPar_Amb,larvae,aten,NA,NA,Amb,NA,T.F6_Amb,T.F6,Par5xPar4,ParxPar,ParxPar_Amb,pure_north
563,T.F37-Pal2xDav1-Bt168-T3-Amb-rep1,PalxDav_Amb,larvae,aten,NA,NA,Amb,NA,T.F37_Amb,T.F37,Pal2xDav1,PalxDav,PalxDav_Amb,hybrid_south
564,T.F4-Jew2xJew8-Bt9-T3-Amb-rep3,JewxJew_Amb,larvae,aten,NA,NA,Amb,NA,T.F4_Amb,T.F4,Jew2xJew8,JewxJew,JewxJew_Amb,pure_north
565,T.F35-Pal2xPal5-Bt95-T3-Amb-rep5,PalxPal_Amb,larvae,aten,NA,NA,Amb,NA,T.F35_Amb,T.F35,Pal2xPal5,PalxPal,PalxPal_Amb,pure_south
566,T.F18-Jew8xDav6-Bt117-T3-Amb-rep1,JewxDav_Amb,larvae,aten,NA,NA,Amb,NA,T.F18_Amb,T.F18,Jew8xDav6,JewxDav,JewxDav_Amb,hybrid_north_south
567,T.F8-Par2xPar5-Bt120-T2-Hot-rep3,ParxPar_Hot,larvae,aten,NA,NA,Hot,NA,T.F8_Hot,T.F8,Par2xPar5,ParxPar,ParxPar_Hot,pure_north
568,T.F8-Par2xPar5-Bt117-T3-Amb-rep5,ParxPar_Amb,larvae,aten,NA,NA,Amb,NA,T.F8_Amb,T.F8,Par2xPar5,ParxPar,ParxPar_Amb,pure_north
569,T.F24-Par2xDav8-Bt53-T3-Amb-rep1,ParxDav_Amb,larvae,aten,NA,NA,Amb,NA,T.F24_Amb,T.F24,Par2xDav8,ParxDav,ParxDav_Amb,hybrid_north_south
570,T.F16-Dav1xDav8-Bt35-T3-Amb-rep4,DavxDav_Amb,larvae,aten,NA,NA,Amb,NA,T.F16_Amb,T.F16,Dav1xDav8,DavxDav,DavxDav_Amb,pure_south
571,T.F33-Pal4xPal2-Bt11-T3-Amb-rep6,PalxPal_Amb,larvae,aten,NA,NA,Amb,NA,T.F33_Amb,T.F33,Pal4xPal2,PalxPal,PalxPal_Amb,pure_south
572,T.F6-Par5xPar4-Bt156-T3-Amb-rep6,ParxPar_Amb,larvae,aten,NA,NA,Amb,NA,T.F6_Amb,T.F6,Par5xPar4,ParxPar,ParxPar_Amb,pure_north
573,T.F37-Pal2xDav1-Bt168-T3-Amb-rep2,PalxDav_Amb,larvae,aten,NA,NA,Amb,NA,T.F37_Amb,T.F37,Pal2xDav1,PalxDav,PalxDav_Amb,hybrid_south
574,T.F4-Jew2xJew8-Bt9-T3-Amb-rep4,JewxJew_Amb,larvae,aten,NA,NA,Amb,NA,T.F4_Amb,T.F4,Jew2xJew8,JewxJew,JewxJew_Amb,pure_north
575,T.F35-Pal2xPal5-Bt95-T3-Amb-rep6,PalxPal_Amb,larvae,aten,NA,NA,Amb,NA,T.F35_Amb,T.F35,Pal2xPal5,PalxPal,PalxPal_Amb,pure_south
576,T.F18-Jew8xDav6-Bt117-T3-Amb-rep2,JewxDav_Amb,larvae,aten,NA,NA,Amb,NA,T.F18_Amb,T.F18,Jew8xDav6,JewxDav,JewxDav_Amb,hybrid_north_south
577,T.F8-Par2xPar5-Bt120-T2-Hot-rep4,ParxPar_Hot,larvae,aten,NA,NA,Hot,NA,T.F8_Hot,T.F8,Par2xPar5,ParxPar,ParxPar_Hot,pure_north
578,T.F8-Par2xPar5-Bt117-T3-Amb-rep6,ParxPar_Amb,larvae,aten,NA,NA,Amb,NA,T.F8_Amb,T.F8,Par2xPar5,ParxPar,ParxPar_Amb,pure_north
579,T.F24-Par2xDav8-Bt53-T3-Amb-rep2,ParxDav_Amb,larvae,aten,NA,NA,Amb,NA,T.F24_Amb,T.F24,Par2xDav8,ParxDav,ParxDav_Amb,hybrid_north_south
580,T.F68-Jew8xJew3-Bt125-T3-Amb-rep1,JewxJew_Amb,larvae,aten,NA,NA,Amb,NA,T.F68_Amb,T.F68,Jew8xJew3,JewxJew,JewxJew_Amb,pure_north
581,T.F68-Jew8xJew3-Bt125-T3-Amb-rep2,JewxJew_Amb,larvae,aten,NA,NA,Amb,NA,T.F68_Amb,T.F68,Jew8xJew3,JewxJew,JewxJew_Amb,pure_north
582,T.F68-Jew8xJew3-Bt125-T3-Amb-rep3,JewxJew_Amb,larvae,aten,NA,NA,Amb,NA,T.F68_Amb,T.F68,Jew8xJew3,JewxJew,JewxJew_Amb,pure_north
583,T.F68-Jew8xJew3-Bt125-T3-Amb-rep4,JewxJew_Amb,larvae,aten,NA,NA,Amb,NA,T.F68_Amb,T.F68,Jew8xJew3,JewxJew,JewxJew_Amb,pure_north
584,T.F68-Jew8xJew3-Bt125-T3-Amb-rep5,JewxJew_Amb,larvae,aten,NA,NA,Amb,NA,T.F68_Amb,T.F68,Jew8xJew3,JewxJew,JewxJew_Amb,pure_north
585,T.F68-Jew8xJew3-Bt125-T3-Amb-rep6,JewxJew_Amb,larvae,aten,NA,NA,Amb,NA,T.F68_Amb,T.F68,Jew8xJew3,JewxJew,JewxJew_Amb,pure_north
598,A.ten_B.Jewell_1,Jewell,adult,aten,Jewell,NA,NA,NA,NA,NA,NA,NA,NA,NA
604,A.ten_B.Jewell_2,Jewell,adult,aten,Jewell,NA,NA,NA,NA,NA,NA,NA,NA,NA
610,A.ten_B.Jewell_3,Jewell,adult,aten,Jewell,NA,NA,NA,NA,NA,NA,NA,NA,NA
616,A.ten_B.Jewell_4,Jewell,adult,aten,Jewell,NA,NA,NA,NA,NA,NA,NA,NA,NA
621,A.ten_B.Jewell_5,Jewell,adult,aten,Jewell,NA,NA,NA,NA,NA,NA,NA,NA,NA
626,A.ten_B.Jewell_6,Jewell,adult,aten,Jewell,NA,NA,NA,NA,NA,NA,NA,NA,NA
588,A.ten_B.Jewell_7,Jewell,adult,aten,Jewell,NA,NA,NA,NA,NA,NA,NA,NA,NA
593,A.ten_B.Jewell_8,Jewell,adult,aten,Jewell,NA,NA,NA,NA,NA,NA,NA,NA,NA
599,A.ten_Backnumbers_1,Backnumbers,adult,aten,Backnumbers,NA,NA,NA,NA,NA,NA,NA,NA,NA
605,A.ten_Backnumbers_2,Backnumbers,adult,aten,Backnumbers,NA,NA,NA,NA,NA,NA,NA,NA,NA
611,A.ten_Backnumbers_3,Backnumbers,adult,aten,Backnumbers,NA,NA,NA,NA,NA,NA,NA,NA,NA
617,A.ten_Davies_1,Davies,adult,aten,Davies,NA,NA,NA,NA,NA,NA,NA,NA,NA
623,A.ten_Davies_10,Davies,adult,aten,Davies,NA,NA,NA,NA,NA,NA,NA,NA,NA
628,A.ten_Davies_11,Davies,adult,aten,Davies,NA,NA,NA,NA,NA,NA,NA,NA,NA
590,A.ten_Davies_12,Davies,adult,aten,Davies,NA,NA,NA,NA,NA,NA,NA,NA,NA
595,A.ten_Davies_13,Davies,adult,aten,Davies,NA,NA,NA,NA,NA,NA,NA,NA,NA
622,A.ten_Davies_2,Davies,adult,aten,Davies,NA,NA,NA,NA,NA,NA,NA,NA,NA
627,A.ten_Davies_3,Davies,adult,aten,Davies,NA,NA,NA,NA,NA,NA,NA,NA,NA
589,A.ten_Davies_4,Davies,adult,aten,Davies,NA,NA,NA,NA,NA,NA,NA,NA,NA
594,A.ten_Davies_5,Davies,adult,aten,Davies,NA,NA,NA,NA,NA,NA,NA,NA,NA
600,A.ten_Davies_6,Davies,adult,aten,Davies,NA,NA,NA,NA,NA,NA,NA,NA,NA
606,A.ten_Davies_7,Davies,adult,aten,Davies,NA,NA,NA,NA,NA,NA,NA,NA,NA
612,A.ten_Davies_8,Davies,adult,aten,Davies,NA,NA,NA,NA,NA,NA,NA,NA,NA
618,A.ten_Davies_9,Davies,adult,aten,Davies,NA,NA,NA,NA,NA,NA,NA,NA,NA
601,A.ten_Davies_D1,Davies,adult,aten,Davies,NA,NA,NA,NA,NA,NA,NA,NA,NA
607,A.ten_Davies_D2,Davies,adult,aten,Davies,NA,NA,NA,NA,NA,NA,NA,NA,NA
613,A.ten_Palms_1,Palms,adult,aten,Palms,NA,NA,NA,NA,NA,NA,NA,NA,NA
619,A.ten_Palms_2,Palms,adult,aten,Palms,NA,NA,NA,NA,NA,NA,NA,NA,NA
624,A.ten_Palms_3,Palms,adult,aten,Palms,NA,NA,NA,NA,NA,NA,NA,NA,NA
629,A.ten_Palms_4,Palms,adult,aten,Palms,NA,NA,NA,NA,NA,NA,NA,NA,NA
586,A.ten_Palms_5,Palms,adult,aten,Palms,NA,NA,NA,NA,NA,NA,NA,NA,NA
591,A.ten_Palms_6,Palms,adult,aten,Palms,NA,NA,NA,NA,NA,NA,NA,NA,NA
596,A.ten_Parke_1,Parke,adult,aten,Parke,NA,NA,NA,NA,NA,NA,NA,NA,NA
602,A.ten_Parke_2,Parke,adult,aten,Parke,NA,NA,NA,NA,NA,NA,NA,NA,NA
608,A.ten_Parke_3,Parke,adult,aten,Parke,NA,NA,NA,NA,NA,NA,NA,NA,NA
614,A.ten_Parke_4,Parke,adult,aten,Parke,NA,NA,NA,NA,NA,NA,NA,NA,NA
620,A.ten_Parke_5,Parke,adult,aten,Parke,NA,NA,NA,NA,NA,NA,NA,NA,NA
625,A.ten_Switzer_1,Switzer,adult,aten,Switzer,NA,NA,NA,NA,NA,NA,NA,NA,NA
587,A.ten_Switzer_2,Switzer,adult,aten,Switzer,NA,NA,NA,NA,NA,NA,NA,NA,NA
592,A.ten_Switzer_3,Switzer,adult,aten,Switzer,NA,NA,NA,NA,NA,NA,NA,NA,NA
597,A.ten_Switzer_4,Switzer,adult,aten,Switzer,NA,NA,NA,NA,NA,NA,NA,NA,NA
603,A.ten_Switzer_5,Switzer,adult,aten,Switzer,NA,NA,NA,NA,NA,NA,NA,NA,NA
609,A.ten_Switzer_6,Switzer,adult,aten,Switzer,NA,NA,NA,NA,NA,NA,NA,NA,NA
615,A.ten_Switzer_7,Switzer,adult,aten,Switzer,NA,NA,NA,NA,NA,NA,NA,NA,NA
630,T5_C81_3CM,Palms4xDavies1_HOT,juvenile,aten,NA,T5,HOT,SS,T.F36_HOT,T.F36,Palms4xDavies1,PalmsxDavies,Palms4xDavies1_HOT,hybrid_south
631,T7_C30_3CM,Jewell2xPalms1_AMB,juvenile,aten,NA,T7,AMB,SS,T.F39_AMB,T.F39,Jewell2xPalms1,JewellxPalms,Jewell2xPalms1_AMB,hybrid_north_south
632,T4_C96_1SM,Switzer2xDavies1_AMB,juvenile,aten,NA,T4,AMB,SS,T.F26_AMB,T.F26,Switzer2xDavies1,SwitzerxDavies,Switzer2xDavies1_AMB,hybrid_north_south
633,T2_C82_2C,Davies1xDavies8_AMB,juvenile,aten,NA,T2,AMB,D1,T.F16_AMB,T.F16,Davies1xDavies8,DaviesxDavies,Davies1xDavies8_AMB,pure_south
634,T1_C62_4S,Jewell8xDavies13_HOT,juvenile,aten,NA,T1,HOT,SS,T.F65_HOT,T.F65,Jewell8xDavies13,JewellxDavies,Jewell8xDavies13_HOT,hybrid_north_south
635,T2_C96_3C,Switzer2xDavies1_AMB,juvenile,aten,NA,T2,AMB,D1,T.F26_AMB,T.F26,Switzer2xDavies1,SwitzerxDavies,Switzer2xDavies1_AMB,hybrid_north_south
636,T2_C62_3C,Jewell8xDavies13_AMB,juvenile,aten,NA,T2,AMB,D1,T.F65_AMB,T.F65,Jewell8xDavies13,JewellxDavies,Jewell8xDavies13_AMB,hybrid_north_south
637,T3_C79_2C,Palms5xPalms4_HOT,juvenile,aten,NA,T3,HOT,D1,T.F34_HOT,T.F34,Palms5xPalms4,PalmsxPalms,Palms5xPalms4_HOT,pure_south
638,T3_C74_3C,Jewell8xJewell2_HOT,juvenile,aten,NA,T3,HOT,D1,T.F1_HOT,T.F1,Jewell8xJewell2,JewellxJewell,Jewell8xJewell2_HOT,pure_north
639,T3_C70_1C,Davies8xDavies6_HOT,juvenile,aten,NA,T3,HOT,D1,T.F14_HOT,T.F14,Davies8xDavies6,DaviesxDavies,Davies8xDavies6_HOT,pure_south
640,T4_C87_4C,Jewell8xDavies6_AMB,juvenile,aten,NA,T4,AMB,SS,T.F18_AMB,T.F18,Jewell8xDavies6,JewellxDavies,Jewell8xDavies6_AMB,hybrid_north_south
641,T7_C96_2C,Switzer2xDavies1_AMB,juvenile,aten,NA,T7,AMB,SS,T.F26_AMB,T.F26,Switzer2xDavies1,SwitzerxDavies,Switzer2xDavies1_AMB,hybrid_north_south
642,T5_C29_5S,Jewell8xPalms5_HOT,juvenile,aten,NA,T5,HOT,SS,T.F53_HOT,T.F53,Jewell8xPalms5,JewellxPalms,Jewell8xPalms5_HOT,hybrid_north_south
643,T7_C86_6S,Palms2xPalms5_AMB,juvenile,aten,NA,T7,AMB,SS,T.F35_AMB,T.F35,Palms2xPalms5,PalmsxPalms,Palms2xPalms5_AMB,pure_south
644,T4_C96_3C,Switzer2xDavies1_AMB,juvenile,aten,NA,T4,AMB,SS,T.F26_AMB,T.F26,Switzer2xDavies1,SwitzerxDavies,Switzer2xDavies1_AMB,hybrid_north_south
645,T1_C86_2S,Palms2xPalms5_HOT,juvenile,aten,NA,T1,HOT,SS,T.F35_HOT,T.F35,Palms2xPalms5,PalmsxPalms,Palms2xPalms5_HOT,pure_south
646,T2_C96_4C,Switzer2xDavies1_AMB,juvenile,aten,NA,T2,AMB,D1,T.F26_AMB,T.F26,Switzer2xDavies1,SwitzerxDavies,Switzer2xDavies1_AMB,hybrid_north_south
647,T1_C81_3C,Palms4xDavies1_HOT,juvenile,aten,NA,T1,HOT,SS,T.F36_HOT,T.F36,Palms4xDavies1,PalmsxDavies,Palms4xDavies1_HOT,hybrid_south
648,T3_C79_3C,Palms5xPalms4_HOT,juvenile,aten,NA,T3,HOT,D1,T.F34_HOT,T.F34,Palms5xPalms4,PalmsxPalms,Palms5xPalms4_HOT,pure_south
649,T3_C62_4S,Jewell8xDavies13_HOT,juvenile,aten,NA,T3,HOT,D1,T.F65_HOT,T.F65,Jewell8xDavies13,JewellxDavies,Jewell8xDavies13_HOT,hybrid_north_south
650,T3_C70_2SM,Davies8xDavies6_HOT,juvenile,aten,NA,T3,HOT,D1,T.F14_HOT,T.F14,Davies8xDavies6,DaviesxDavies,Davies8xDavies6_HOT,pure_south
651,T5_C70_1C,Davies8xDavies6_HOT,juvenile,aten,NA,T5,HOT,SS,T.F14_HOT,T.F14,Davies8xDavies6,DaviesxDavies,Davies8xDavies6_HOT,pure_south
652,T7_C70_1CM,Davies8xDavies6_AMB,juvenile,aten,NA,T7,AMB,SS,T.F14_AMB,T.F14,Davies8xDavies6,DaviesxDavies,Davies8xDavies6_AMB,pure_south
653,T5_C78_6C,Parke5xDavies6_HOT,juvenile,aten,NA,T5,HOT,SS,T.F22_HOT,T.F22,Parke5xDavies6,ParkexDavies,Parke5xDavies6_HOT,hybrid_north_south
654,T4_C74_2C,Jewell8xJewell2_AMB,juvenile,aten,NA,T4,AMB,SS,T.F1_AMB,T.F1,Jewell8xJewell2,JewellxJewell,Jewell8xJewell2_AMB,pure_north
655,T4_C96_6S,Switzer2xDavies1_AMB,juvenile,aten,NA,T4,AMB,SS,T.F26_AMB,T.F26,Switzer2xDavies1,SwitzerxDavies,Switzer2xDavies1_AMB,hybrid_north_south
656,T2_C70_4S,Davies8xDavies6_AMB,juvenile,aten,NA,T2,AMB,D1,T.F14_AMB,T.F14,Davies8xDavies6,DaviesxDavies,Davies8xDavies6_AMB,pure_south
657,T1_C86_3C,Palms2xPalms5_HOT,juvenile,aten,NA,T1,HOT,SS,T.F35_HOT,T.F35,Palms2xPalms5,PalmsxPalms,Palms2xPalms5_HOT,pure_south
658,T2_C86_1C,Palms2xPalms5_AMB,juvenile,aten,NA,T2,AMB,D1,T.F35_AMB,T.F35,Palms2xPalms5,PalmsxPalms,Palms2xPalms5_AMB,pure_south
659,T2_C79_6S,Palms5xPalms4_AMB,juvenile,aten,NA,T2,AMB,D1,T.F34_AMB,T.F34,Palms5xPalms4,PalmsxPalms,Palms5xPalms4_AMB,pure_south
660,T3_C78_3C,Parke5xDavies6_HOT,juvenile,aten,NA,T3,HOT,D1,T.F22_HOT,T.F22,Parke5xDavies6,ParkexDavies,Parke5xDavies6_HOT,hybrid_north_south
661,T3_C62_7S,Jewell8xDavies13_HOT,juvenile,aten,NA,T3,HOT,D1,T.F65_HOT,T.F65,Jewell8xDavies13,JewellxDavies,Jewell8xDavies13_HOT,hybrid_north_south
662,T3_C86_1C,Palms2xPalms5_HOT,juvenile,aten,NA,T3,HOT,D1,T.F35_HOT,T.F35,Palms2xPalms5,PalmsxPalms,Palms2xPalms5_HOT,pure_south
663,T5_C70_2S,Davies8xDavies6_HOT,juvenile,aten,NA,T5,HOT,SS,T.F14_HOT,T.F14,Davies8xDavies6,DaviesxDavies,Davies8xDavies6_HOT,pure_south
664,T1_C87_1S,Jewell8xDavies6_HOT,juvenile,aten,NA,T1,HOT,SS,T.F18_HOT,T.F18,Jewell8xDavies6,JewellxDavies,Jewell8xDavies6_HOT,hybrid_north_south
665,T5_C74_3C,Jewell8xJewell2_HOT,juvenile,aten,NA,T5,HOT,SS,T.F1_HOT,T.F1,Jewell8xJewell2,JewellxJewell,Jewell8xJewell2_HOT,pure_north
666,T4_C82_5S,Davies1xDavies8_AMB,juvenile,aten,NA,T4,AMB,SS,T.F16_AMB,T.F16,Davies1xDavies8,DaviesxDavies,Davies1xDavies8_AMB,pure_south
667,T5_C62_4S,Jewell8xDavies13_HOT,juvenile,aten,NA,T5,HOT,SS,T.F65_HOT,T.F65,Jewell8xDavies13,JewellxDavies,Jewell8xDavies13_HOT,hybrid_north_south
668,T2_C70_5S,Davies8xDavies6_AMB,juvenile,aten,NA,T2,AMB,D1,T.F14_AMB,T.F14,Davies8xDavies6,DaviesxDavies,Davies8xDavies6_AMB,pure_south
669,T1_C78_2C,Parke5xDavies6_HOT,juvenile,aten,NA,T1,HOT,SS,T.F22_HOT,T.F22,Parke5xDavies6,ParkexDavies,Parke5xDavies6_HOT,hybrid_north_south
670,T2_C86_4S,Palms2xPalms5_AMB,juvenile,aten,NA,T2,AMB,D1,T.F35_AMB,T.F35,Palms2xPalms5,PalmsxPalms,Palms2xPalms5_AMB,pure_south
671,T2_C79_7S,Palms5xPalms4_AMB,juvenile,aten,NA,T2,AMB,D1,T.F34_AMB,T.F34,Palms5xPalms4,PalmsxPalms,Palms5xPalms4_AMB,pure_south
672,T3_C78_4C,Parke5xDavies6_HOT,juvenile,aten,NA,T3,HOT,D1,T.F22_HOT,T.F22,Parke5xDavies6,ParkexDavies,Parke5xDavies6_HOT,hybrid_north_south
673,T4_C79_5C,Palms5xPalms4_AMB,juvenile,aten,NA,T4,AMB,SS,T.F34_AMB,T.F34,Palms5xPalms4,PalmsxPalms,Palms5xPalms4_AMB,pure_south
674,T3_C86_2CM,Palms2xPalms5_HOT,juvenile,aten,NA,T3,HOT,D1,T.F35_HOT,T.F35,Palms2xPalms5,PalmsxPalms,Palms2xPalms5_HOT,pure_south
675,T7_C82_1S,Davies1xDavies8_AMB,juvenile,aten,NA,T7,AMB,SS,T.F16_AMB,T.F16,Davies1xDavies8,DaviesxDavies,Davies1xDavies8_AMB,pure_south
676,T4_C70_2S,Davies8xDavies6_AMB,juvenile,aten,NA,T4,AMB,SS,T.F14_AMB,T.F14,Davies8xDavies6,DaviesxDavies,Davies8xDavies6_AMB,pure_south
677,T5_C62_6S,Jewell8xDavies13_HOT,juvenile,aten,NA,T5,HOT,SS,T.F65_HOT,T.F65,Jewell8xDavies13,JewellxDavies,Jewell8xDavies13_HOT,hybrid_north_south
678,T2_C29_6C,Jewell8xPalms5_AMB,juvenile,aten,NA,T2,AMB,D1,T.F53_AMB,T.F53,Jewell8xPalms5,JewellxPalms,Jewell8xPalms5_AMB,hybrid_north_south
679,T1_C29_2S,Jewell8xPalms5_HOT,juvenile,aten,NA,T1,HOT,SS,T.F53_HOT,T.F53,Jewell8xPalms5,JewellxPalms,Jewell8xPalms5_HOT,hybrid_north_south
680,T2_C78_3C,Parke5xDavies6_AMB,juvenile,aten,NA,T2,AMB,D1,T.F22_AMB,T.F22,Parke5xDavies6,ParkexDavies,Parke5xDavies6_AMB,hybrid_north_south
681,T1_C30_1S,Jewell2xPalms1_HOT,juvenile,aten,NA,T1,HOT,SS,T.F39_HOT,T.F39,Jewell2xPalms1,JewellxPalms,Jewell2xPalms1_HOT,hybrid_north_south
682,T7_C78_1C,Parke5xDavies6_AMB,juvenile,aten,NA,T7,AMB,SS,T.F22_AMB,T.F22,Parke5xDavies6,ParkexDavies,Parke5xDavies6_AMB,hybrid_north_south
683,T4_C79_6S,Palms5xPalms4_AMB,juvenile,aten,NA,T4,AMB,SS,T.F34_AMB,T.F34,Palms5xPalms4,PalmsxPalms,Palms5xPalms4_AMB,pure_south
684,T3_C86_5S,Palms2xPalms5_HOT,juvenile,aten,NA,T3,HOT,D1,T.F35_HOT,T.F35,Palms2xPalms5,PalmsxPalms,Palms2xPalms5_HOT,pure_south
685,T1_C87_4S,Jewell8xDavies6_HOT,juvenile,aten,NA,T1,HOT,SS,T.F18_HOT,T.F18,Jewell8xDavies6,JewellxDavies,Jewell8xDavies6_HOT,hybrid_north_south
686,T7_C82_6S,Davies1xDavies8_AMB,juvenile,aten,NA,T7,AMB,SS,T.F16_AMB,T.F16,Davies1xDavies8,DaviesxDavies,Davies1xDavies8_AMB,pure_south
687,T4_C70_3CM,Davies8xDavies6_AMB,juvenile,aten,NA,T4,AMB,SS,T.F14_AMB,T.F14,Davies8xDavies6,DaviesxDavies,Davies8xDavies6_AMB,pure_south
688,T5_C86_1CM,Palms2xPalms5_HOT,juvenile,aten,NA,T5,HOT,SS,T.F35_HOT,T.F35,Palms2xPalms5,PalmsxPalms,Palms2xPalms5_HOT,pure_south
689,T1_C29_4S,Jewell8xPalms5_HOT,juvenile,aten,NA,T1,HOT,SS,T.F53_HOT,T.F53,Jewell8xPalms5,JewellxPalms,Jewell8xPalms5_HOT,hybrid_north_south
690,T2_C78_4S,Parke5xDavies6_AMB,juvenile,aten,NA,T2,AMB,D1,T.F22_AMB,T.F22,Parke5xDavies6,ParkexDavies,Parke5xDavies6_AMB,hybrid_north_south
691,T1_C30_2S,Jewell2xPalms1_HOT,juvenile,aten,NA,T1,HOT,SS,T.F39_HOT,T.F39,Jewell2xPalms1,JewellxPalms,Jewell2xPalms1_HOT,hybrid_north_south
692,T7_C78_4S,Parke5xDavies6_AMB,juvenile,aten,NA,T7,AMB,SS,T.F22_AMB,T.F22,Parke5xDavies6,ParkexDavies,Parke5xDavies6_AMB,hybrid_north_south
693,T4_C62_2S,Jewell8xDavies13_AMB,juvenile,aten,NA,T4,AMB,SS,T.F65_AMB,T.F65,Jewell8xDavies13,JewellxDavies,Jewell8xDavies13_AMB,hybrid_north_south
694,T3_C87_1C,Jewell8xDavies6_HOT,juvenile,aten,NA,T3,HOT,D1,T.F18_HOT,T.F18,Jewell8xDavies6,JewellxDavies,Jewell8xDavies6_HOT,hybrid_north_south
695,T4_C74_7S,Jewell8xJewell2_AMB,juvenile,aten,NA,T4,AMB,SS,T.F1_AMB,T.F1,Jewell8xJewell2,JewellxJewell,Jewell8xJewell2_AMB,pure_north
696,T2_C87_4S,Jewell8xDavies6_AMB,juvenile,aten,NA,T2,AMB,D1,T.F18_AMB,T.F18,Jewell8xDavies6,JewellxDavies,Jewell8xDavies6_AMB,hybrid_north_south
697,T7_C74_3S,Jewell8xJewell2_AMB,juvenile,aten,NA,T7,AMB,SS,T.F1_AMB,T.F1,Jewell8xJewell2,JewellxJewell,Jewell8xJewell2_AMB,pure_north
698,T4_C70_6S,Davies8xDavies6_AMB,juvenile,aten,NA,T4,AMB,SS,T.F14_AMB,T.F14,Davies8xDavies6,DaviesxDavies,Davies8xDavies6_AMB,pure_south
699,T1_C82_2C,Davies1xDavies8_HOT,juvenile,aten,NA,T1,HOT,SS,T.F16_HOT,T.F16,Davies1xDavies8,DaviesxDavies,Davies1xDavies8_HOT,pure_south
700,T2_C62_1C,Jewell8xDavies13_AMB,juvenile,aten,NA,T2,AMB,D1,T.F65_AMB,T.F65,Jewell8xDavies13,JewellxDavies,Jewell8xDavies13_AMB,hybrid_north_south
701,T3_C96_2C,Switzer2xDavies1_HOT,juvenile,aten,NA,T3,HOT,D1,T.F26_HOT,T.F26,Switzer2xDavies1,SwitzerxDavies,Switzer2xDavies1_HOT,hybrid_north_south
702,T7_C87_2C,Jewell8xDavies6_AMB,juvenile,aten,NA,T7,AMB,SS,T.F18_AMB,T.F18,Jewell8xDavies6,JewellxDavies,Jewell8xDavies6_AMB,hybrid_north_south
703,T4_C62_4S,Jewell8xDavies13_AMB,juvenile,aten,NA,T4,AMB,SS,T.F65_AMB,T.F65,Jewell8xDavies13,JewellxDavies,Jewell8xDavies13_AMB,hybrid_north_south
704,T3_C30_1C,Jewell2xPalms1_HOT,juvenile,aten,NA,T3,HOT,D1,T.F39_HOT,T.F39,Jewell2xPalms1,JewellxPalms,Jewell2xPalms1_HOT,hybrid_north_south
705,T4_C30_3C,Jewell2xPalms1_AMB,juvenile,aten,NA,T4,AMB,SS,T.F39_AMB,T.F39,Jewell2xPalms1,JewellxPalms,Jewell2xPalms1_AMB,hybrid_north_south
706,T2_C82_1CM,Davies1xDavies8_AMB,juvenile,aten,NA,T2,AMB,D1,T.F16_AMB,T.F16,Davies1xDavies8,DaviesxDavies,Davies1xDavies8_AMB,pure_south
707,T7_C30_1C,Jewell2xPalms1_AMB,juvenile,aten,NA,T7,AMB,SS,T.F39_AMB,T.F39,Jewell2xPalms1,JewellxPalms,Jewell2xPalms1_AMB,hybrid_north_south
708,T4_C70_7C,Davies8xDavies6_AMB,juvenile,aten,NA,T4,AMB,SS,T.F14_AMB,T.F14,Davies8xDavies6,DaviesxDavies,Davies8xDavies6_AMB,pure_south
709,T1_C62_3S,Jewell8xDavies13_HOT,juvenile,aten,NA,T1,HOT,SS,T.F65_HOT,T.F65,Jewell8xDavies13,JewellxDavies,Jewell8xDavies13_HOT,hybrid_north_south
710,T2_C96_2C,Switzer2xDavies1_AMB,juvenile,aten,NA,T2,AMB,D1,T.F26_AMB,T.F26,Switzer2xDavies1,SwitzerxDavies,Switzer2xDavies1_AMB,hybrid_north_south
711,T2_C62_2C,Jewell8xDavies13_AMB,juvenile,aten,NA,T2,AMB,D1,T.F65_AMB,T.F65,Jewell8xDavies13,JewellxDavies,Jewell8xDavies13_AMB,hybrid_north_south
712,T3_C96_3C,Switzer2xDavies1_HOT,juvenile,aten,NA,T3,HOT,D1,T.F26_HOT,T.F26,Switzer2xDavies1,SwitzerxDavies,Switzer2xDavies1_HOT,hybrid_north_south
713,T7_C87_3C,Jewell8xDavies6_AMB,juvenile,aten,NA,T7,AMB,SS,T.F18_AMB,T.F18,Jewell8xDavies6,JewellxDavies,Jewell8xDavies6_AMB,hybrid_north_south
714,T2_C81_3S,Palms4xDavies1_AMB,juvenile,aten,NA,T2,AMB,D1,T.F36_AMB,T.F36,Palms4xDavies1,PalmsxDavies,Palms4xDavies1_AMB,hybrid_south
715,T3_C82_4S,Davies1xDavies8_HOT,juvenile,aten,NA,T3,HOT,D1,T.F16_HOT,T.F16,Davies1xDavies8,DaviesxDavies,Davies1xDavies8_HOT,pure_south
716,T4_C30_6CM,Jewell2xPalms1_AMB,juvenile,aten,NA,T4,AMB,SS,T.F39_AMB,T.F39,Jewell2xPalms1,JewellxPalms,Jewell2xPalms1_AMB,hybrid_north_south
717,T7_C62_5S,Jewell8xDavies13_AMB,juvenile,aten,NA,T7,AMB,SS,T.F65_AMB,T.F65,Jewell8xDavies13,JewellxDavies,Jewell8xDavies13_AMB,hybrid_north_south
718,T8_C74_5C,Jewell8xJewell2_AMB,juvenile,aten,NA,T8,AMB,Wild,T.F1_AMB,T.F1,Jewell8xJewell2,JewellxJewell,Jewell8xJewell2_AMB,pure_north
719,T9_C79_2C,Palms5xPalms4_HOT,juvenile,aten,NA,T9,HOT,Wild,T.F34_HOT,T.F34,Palms5xPalms4,PalmsxPalms,Palms5xPalms4_HOT,pure_south
720,T10_C81_7C,Palms4xDavies1_AMB,juvenile,aten,NA,T10,AMB,D1,T.F36_AMB,T.F36,Palms4xDavies1,PalmsxDavies,Palms4xDavies1_AMB,hybrid_south
721,T4_C29_5C,Jewell8xPalms5_AMB,juvenile,aten,NA,T4,AMB,SS,T.F53_AMB,T.F53,Jewell8xPalms5,JewellxPalms,Jewell8xPalms5_AMB,hybrid_north_south
722,T6_C29_4C,Jewell8xPalms5_HOT,juvenile,aten,NA,T6,HOT,Wild,T.F53_HOT,T.F53,Jewell8xPalms5,JewellxPalms,Jewell8xPalms5_HOT,hybrid_north_south
723,T9_C81_6C,Palms4xDavies1_HOT,juvenile,aten,NA,T9,HOT,Wild,T.F36_HOT,T.F36,Palms4xDavies1,PalmsxDavies,Palms4xDavies1_HOT,hybrid_south
724,T8_C81_1C,Palms4xDavies1_AMB,juvenile,aten,NA,T8,AMB,Wild,T.F36_AMB,T.F36,Palms4xDavies1,PalmsxDavies,Palms4xDavies1_AMB,hybrid_south
725,T7_C81_2SM,Palms4xDavies1_AMB,juvenile,aten,NA,T7,AMB,SS,T.F36_AMB,T.F36,Palms4xDavies1,PalmsxDavies,Palms4xDavies1_AMB,hybrid_south
726,T8_C30_4S,Jewell2xPalms1_AMB,juvenile,aten,NA,T8,AMB,Wild,T.F39_AMB,T.F39,Jewell2xPalms1,JewellxPalms,Jewell2xPalms1_AMB,hybrid_north_south
727,T6_C30_1C,Jewell2xPalms1_HOT,juvenile,aten,NA,T6,HOT,Wild,T.F39_HOT,T.F39,Jewell2xPalms1,JewellxPalms,Jewell2xPalms1_HOT,hybrid_north_south
728,T9_C87_4C,Jewell8xDavies6_HOT,juvenile,aten,NA,T9,HOT,Wild,T.F18_HOT,T.F18,Jewell8xDavies6,JewellxDavies,Jewell8xDavies6_HOT,hybrid_north_south
729,T4_C86_4S,Palms2xPalms5_AMB,juvenile,aten,NA,T4,AMB,SS,T.F35_AMB,T.F35,Palms2xPalms5,PalmsxPalms,Palms2xPalms5_AMB,pure_south
730,T8_C29_2C,Jewell8xPalms5_AMB,juvenile,aten,NA,T8,AMB,Wild,T.F53_AMB,T.F53,Jewell8xPalms5,JewellxPalms,Jewell8xPalms5_AMB,hybrid_north_south
731,T9_C29_1S,Jewell8xPalms5_HOT,juvenile,aten,NA,T9,HOT,Wild,T.F53_HOT,T.F53,Jewell8xPalms5,JewellxPalms,Jewell8xPalms5_HOT,hybrid_north_south
732,T10_C81_8C,Palms4xDavies1_AMB,juvenile,aten,NA,T10,AMB,D1,T.F36_AMB,T.F36,Palms4xDavies1,PalmsxDavies,Palms4xDavies1_AMB,hybrid_south
733,T5_C79_3S,Palms5xPalms4_HOT,juvenile,aten,NA,T5,HOT,SS,T.F34_HOT,T.F34,Palms5xPalms4,PalmsxPalms,Palms5xPalms4_HOT,pure_south
734,T6_C81_1CM,Palms4xDavies1_HOT,juvenile,aten,NA,T6,HOT,Wild,T.F36_HOT,T.F36,Palms4xDavies1,PalmsxDavies,Palms4xDavies1_HOT,hybrid_south
735,T9_C96_6C,Switzer2xDavies1_HOT,juvenile,aten,NA,T9,HOT,Wild,T.F26_HOT,T.F26,Switzer2xDavies1,SwitzerxDavies,Switzer2xDavies1_HOT,hybrid_north_south
736,T8_C81_4C,Palms4xDavies1_AMB,juvenile,aten,NA,T8,AMB,Wild,T.F36_AMB,T.F36,Palms4xDavies1,PalmsxDavies,Palms4xDavies1_AMB,hybrid_south
737,T8_C87_2C,Jewell8xDavies6_AMB,juvenile,aten,NA,T8,AMB,Wild,T.F18_AMB,T.F18,Jewell8xDavies6,JewellxDavies,Jewell8xDavies6_AMB,hybrid_north_south
738,T8_C96_1S,Switzer2xDavies1_AMB,juvenile,aten,NA,T8,AMB,Wild,T.F26_AMB,T.F26,Switzer2xDavies1,SwitzerxDavies,Switzer2xDavies1_AMB,hybrid_north_south
739,T9_C78_1C,Parke5xDavies6_HOT,juvenile,aten,NA,T9,HOT,Wild,T.F22_HOT,T.F22,Parke5xDavies6,ParkexDavies,Parke5xDavies6_HOT,hybrid_north_south
740,T4_C78_1SM,Parke5xDavies6_AMB,juvenile,aten,NA,T4,AMB,SS,T.F22_AMB,T.F22,Parke5xDavies6,ParkexDavies,Parke5xDavies6_AMB,hybrid_north_south
741,T8_C82_1CM,Davies1xDavies8_AMB,juvenile,aten,NA,T8,AMB,Wild,T.F16_AMB,T.F16,Davies1xDavies8,DaviesxDavies,Davies1xDavies8_AMB,pure_south
742,T10_C79_1C,Palms5xPalms4_AMB,juvenile,aten,NA,T10,AMB,D1,T.F34_AMB,T.F34,Palms5xPalms4,PalmsxPalms,Palms5xPalms4_AMB,pure_south
743,T5_C79_4S,Palms5xPalms4_HOT,juvenile,aten,NA,T5,HOT,SS,T.F34_HOT,T.F34,Palms5xPalms4,PalmsxPalms,Palms5xPalms4_HOT,pure_south
744,T6_C81_2C,Palms4xDavies1_HOT,juvenile,aten,NA,T6,HOT,Wild,T.F36_HOT,T.F36,Palms4xDavies1,PalmsxDavies,Palms4xDavies1_HOT,hybrid_south
745,T9_C96_7C,Switzer2xDavies1_HOT,juvenile,aten,NA,T9,HOT,Wild,T.F26_HOT,T.F26,Switzer2xDavies1,SwitzerxDavies,Switzer2xDavies1_HOT,hybrid_north_south
746,T9_C30_1CM,Jewell2xPalms1_HOT,juvenile,aten,NA,T9,HOT,Wild,T.F39_HOT,T.F39,Jewell2xPalms1,JewellxPalms,Jewell2xPalms1_HOT,hybrid_north_south
747,T8_C87_3C,Jewell8xDavies6_AMB,juvenile,aten,NA,T8,AMB,Wild,T.F18_AMB,T.F18,Jewell8xDavies6,JewellxDavies,Jewell8xDavies6_AMB,hybrid_north_south
748,T8_C78_1SM,Parke5xDavies6_AMB,juvenile,aten,NA,T8,AMB,Wild,T.F22_AMB,T.F22,Parke5xDavies6,ParkexDavies,Parke5xDavies6_AMB,hybrid_north_south
749,T6_C30_4S,Jewell2xPalms1_HOT,juvenile,aten,NA,T6,HOT,Wild,T.F39_HOT,T.F39,Jewell2xPalms1,JewellxPalms,Jewell2xPalms1_HOT,hybrid_north_south
750,T9_C78_2S,Parke5xDavies6_HOT,juvenile,aten,NA,T9,HOT,Wild,T.F22_HOT,T.F22,Parke5xDavies6,ParkexDavies,Parke5xDavies6_HOT,hybrid_north_south
751,T4_C78_3C,Parke5xDavies6_AMB,juvenile,aten,NA,T4,AMB,SS,T.F22_AMB,T.F22,Parke5xDavies6,ParkexDavies,Parke5xDavies6_AMB,hybrid_north_south
752,T9_C70_1S,Davies8xDavies6_HOT,juvenile,aten,NA,T9,HOT,Wild,T.F14_HOT,T.F14,Davies8xDavies6,DaviesxDavies,Davies8xDavies6_HOT,pure_south
753,T9_C82_1C,Davies1xDavies8_HOT,juvenile,aten,NA,T9,HOT,Wild,T.F16_HOT,T.F16,Davies1xDavies8,DaviesxDavies,Davies1xDavies8_HOT,pure_south
754,T10_C29_2C,Jewell8xPalms5_AMB,juvenile,aten,NA,T10,AMB,D1,T.F53_AMB,T.F53,Jewell8xPalms5,JewellxPalms,Jewell8xPalms5_AMB,hybrid_north_south
755,T5_C30_1C,Jewell2xPalms1_HOT,juvenile,aten,NA,T5,HOT,SS,T.F39_HOT,T.F39,Jewell2xPalms1,JewellxPalms,Jewell2xPalms1_HOT,hybrid_north_south
756,T6_C70_1C,Davies8xDavies6_HOT,juvenile,aten,NA,T6,HOT,Wild,T.F14_HOT,T.F14,Davies8xDavies6,DaviesxDavies,Davies8xDavies6_HOT,pure_south
757,T9_C62_2S,Jewell8xDavies13_HOT,juvenile,aten,NA,T9,HOT,Wild,T.F65_HOT,T.F65,Jewell8xDavies13,JewellxDavies,Jewell8xDavies13_HOT,hybrid_north_south
758,T8_C70_2C,Davies8xDavies6_AMB,juvenile,aten,NA,T8,AMB,Wild,T.F14_AMB,T.F14,Davies8xDavies6,DaviesxDavies,Davies8xDavies6_AMB,pure_south
759,T8_C78_3C,Parke5xDavies6_AMB,juvenile,aten,NA,T8,AMB,Wild,T.F22_AMB,T.F22,Parke5xDavies6,ParkexDavies,Parke5xDavies6_AMB,hybrid_north_south
760,T6_C96_1C,Switzer2xDavies1_HOT,juvenile,aten,NA,T6,HOT,Wild,T.F26_HOT,T.F26,Switzer2xDavies1,SwitzerxDavies,Switzer2xDavies1_HOT,hybrid_north_south
761,T6_C78_1C,Parke5xDavies6_HOT,juvenile,aten,NA,T6,HOT,Wild,T.F22_HOT,T.F22,Parke5xDavies6,ParkexDavies,Parke5xDavies6_HOT,hybrid_north_south
762,T4_C81_7C,Palms4xDavies1_AMB,juvenile,aten,NA,T4,AMB,SS,T.F36_AMB,T.F36,Palms4xDavies1,PalmsxDavies,Palms4xDavies1_AMB,hybrid_south
763,T9_C86_1CM,Palms2xPalms5_HOT,juvenile,aten,NA,T9,HOT,Wild,T.F35_HOT,T.F35,Palms2xPalms5,PalmsxPalms,Palms2xPalms5_HOT,pure_south
764,T9_C74_1SM,Jewell8xJewell2_HOT,juvenile,aten,NA,T9,HOT,Wild,T.F1_HOT,T.F1,Jewell8xJewell2,JewellxJewell,Jewell8xJewell2_HOT,pure_north
765,T10_C29_4C,Jewell8xPalms5_AMB,juvenile,aten,NA,T10,AMB,D1,T.F53_AMB,T.F53,Jewell8xPalms5,JewellxPalms,Jewell8xPalms5_AMB,hybrid_north_south
766,T11_C87_4S,Jewell8xDavies6_HOT,juvenile,aten,NA,T11,HOT,D1,T.F18_HOT,T.F18,Jewell8xDavies6,JewellxDavies,Jewell8xDavies6_HOT,hybrid_north_south
767,T9_C62_3C,Jewell8xDavies13_HOT,juvenile,aten,NA,T9,HOT,Wild,T.F65_HOT,T.F65,Jewell8xDavies13,JewellxDavies,Jewell8xDavies13_HOT,hybrid_north_south
768,T8_C79_1CM,Palms5xPalms4_AMB,juvenile,aten,NA,T8,AMB,Wild,T.F34_AMB,T.F34,Palms5xPalms4,PalmsxPalms,Palms5xPalms4_AMB,pure_south
769,T8_C62_3SM,Jewell8xDavies13_AMB,juvenile,aten,NA,T8,AMB,Wild,T.F65_AMB,T.F65,Jewell8xDavies13,JewellxDavies,Jewell8xDavies13_AMB,hybrid_north_south
770,T6_C96_2C,Switzer2xDavies1_HOT,juvenile,aten,NA,T6,HOT,Wild,T.F26_HOT,T.F26,Switzer2xDavies1,SwitzerxDavies,Switzer2xDavies1_HOT,hybrid_north_south
771,T6_C78_2S,Parke5xDavies6_HOT,juvenile,aten,NA,T6,HOT,Wild,T.F22_HOT,T.F22,Parke5xDavies6,ParkexDavies,Parke5xDavies6_HOT,hybrid_north_south
772,T4_C81_8C,Palms4xDavies1_AMB,juvenile,aten,NA,T4,AMB,SS,T.F36_AMB,T.F36,Palms4xDavies1,PalmsxDavies,Palms4xDavies1_AMB,hybrid_south
773,T9_C86_2S,Palms2xPalms5_HOT,juvenile,aten,NA,T9,HOT,Wild,T.F35_HOT,T.F35,Palms2xPalms5,PalmsxPalms,Palms2xPalms5_HOT,pure_south
774,T11_C79_1C,Palms5xPalms4_HOT,juvenile,aten,NA,T11,HOT,D1,T.F34_HOT,T.F34,Palms5xPalms4,PalmsxPalms,Palms5xPalms4_HOT,pure_south
775,T6_C82_1CM,Davies1xDavies8_HOT,juvenile,aten,NA,T6,HOT,Wild,T.F16_HOT,T.F16,Davies1xDavies8,DaviesxDavies,Davies1xDavies8_HOT,pure_south
776,T6_C79_1SM,Palms5xPalms4_HOT,juvenile,aten,NA,T6,HOT,Wild,T.F34_HOT,T.F34,Palms5xPalms4,PalmsxPalms,Palms5xPalms4_HOT,pure_south
777,T11_C87_5S,Jewell8xDavies6_HOT,juvenile,aten,NA,T11,HOT,D1,T.F18_HOT,T.F18,Jewell8xDavies6,JewellxDavies,Jewell8xDavies6_HOT,hybrid_north_south
778,T9_C62_4S,Jewell8xDavies13_HOT,juvenile,aten,NA,T9,HOT,Wild,T.F65_HOT,T.F65,Jewell8xDavies13,JewellxDavies,Jewell8xDavies13_HOT,hybrid_north_south
779,T8_C79_4C,Palms5xPalms4_AMB,juvenile,aten,NA,T8,AMB,Wild,T.F34_AMB,T.F34,Palms5xPalms4,PalmsxPalms,Palms5xPalms4_AMB,pure_south
780,T10_C70_2C,Davies8xDavies6_AMB,juvenile,aten,NA,T10,AMB,D1,T.F14_AMB,T.F14,Davies8xDavies6,DaviesxDavies,Davies8xDavies6_AMB,pure_south
781,T6_C96_3C,Switzer2xDavies1_HOT,juvenile,aten,NA,T6,HOT,Wild,T.F26_HOT,T.F26,Switzer2xDavies1,SwitzerxDavies,Switzer2xDavies1_HOT,hybrid_north_south
782,T8_C86_1S,Palms2xPalms5_AMB,juvenile,aten,NA,T8,AMB,Wild,T.F35_AMB,T.F35,Palms2xPalms5,PalmsxPalms,Palms2xPalms5_AMB,pure_south
783,T4_C29_1SM,Jewell8xPalms5_AMB,juvenile,aten,NA,T4,AMB,SS,T.F53_AMB,T.F53,Jewell8xPalms5,JewellxPalms,Jewell8xPalms5_AMB,hybrid_north_south
784,T9_C86_3S,Palms2xPalms5_HOT,juvenile,aten,NA,T9,HOT,Wild,T.F35_HOT,T.F35,Palms2xPalms5,PalmsxPalms,Palms2xPalms5_HOT,pure_south
785,T10_C81_5C,Palms4xDavies1_AMB,juvenile,aten,NA,T10,AMB,D1,T.F36_AMB,T.F36,Palms4xDavies1,PalmsxDavies,Palms4xDavies1_AMB,hybrid_south
786,T6_C82_2C,Davies1xDavies8_HOT,juvenile,aten,NA,T6,HOT,Wild,T.F16_HOT,T.F16,Davies1xDavies8,DaviesxDavies,Davies1xDavies8_HOT,pure_south
787,T6_C79_3C,Palms5xPalms4_HOT,juvenile,aten,NA,T6,HOT,Wild,T.F34_HOT,T.F34,Palms5xPalms4,PalmsxPalms,Palms5xPalms4_HOT,pure_south
788,T7_C29_4CM,Jewell8xPalms5_AMB,juvenile,aten,NA,T7,AMB,SS,T.F53_AMB,T.F53,Jewell8xPalms5,JewellxPalms,Jewell8xPalms5_AMB,hybrid_north_south
789,T10_C82_5C,Davies1xDavies8_AMB,juvenile,aten,NA,T10,AMB,D1,T.F16_AMB,T.F16,Davies1xDavies8,DaviesxDavies,Davies1xDavies8_AMB,pure_south
790,T8_C30_1CM,Jewell2xPalms1_AMB,juvenile,aten,NA,T8,AMB,Wild,T.F39_AMB,T.F39,Jewell2xPalms1,JewellxPalms,Jewell2xPalms1_AMB,hybrid_north_south
791,T10_C70_4C,Davies8xDavies6_AMB,juvenile,aten,NA,T10,AMB,D1,T.F14_AMB,T.F14,Davies8xDavies6,DaviesxDavies,Davies8xDavies6_AMB,pure_south
792,T9_C87_1C,Jewell8xDavies6_HOT,juvenile,aten,NA,T9,HOT,Wild,T.F18_HOT,T.F18,Jewell8xDavies6,JewellxDavies,Jewell8xDavies6_HOT,hybrid_north_south
793,T8_C86_2S,Palms2xPalms5_AMB,juvenile,aten,NA,T8,AMB,Wild,T.F35_AMB,T.F35,Palms2xPalms5,PalmsxPalms,Palms2xPalms5_AMB,pure_south
794,T4_C29_2S,Jewell8xPalms5_AMB,juvenile,aten,NA,T4,AMB,SS,T.F53_AMB,T.F53,Jewell8xPalms5,JewellxPalms,Jewell8xPalms5_AMB,hybrid_north_south
795,T9_C79_1S,Palms5xPalms4_HOT,juvenile,aten,NA,T9,HOT,Wild,T.F34_HOT,T.F34,Palms5xPalms4,PalmsxPalms,Palms5xPalms4_HOT,pure_south
796,T10_C81_6C,Palms4xDavies1_AMB,juvenile,aten,NA,T10,AMB,D1,T.F36_AMB,T.F36,Palms4xDavies1,PalmsxDavies,Palms4xDavies1_AMB,hybrid_south
797,T6_C29_2S,Jewell8xPalms5_HOT,juvenile,aten,NA,T6,HOT,Wild,T.F53_HOT,T.F53,Jewell8xPalms5,JewellxPalms,Jewell8xPalms5_HOT,hybrid_north_south
798,T9_C81_4S,Palms4xDavies1_HOT,juvenile,aten,NA,T9,HOT,Wild,T.F36_HOT,T.F36,Palms4xDavies1,PalmsxDavies,Palms4xDavies1_HOT,hybrid_south
799,T6_C87_2C,Jewell8xDavies6_HOT,juvenile,aten,NA,T6,HOT,Wild,T.F18_HOT,T.F18,Jewell8xDavies6,JewellxDavies,Jewell8xDavies6_HOT,hybrid_north_south
800,T10_C86_1S,Palms2xPalms5_AMB,juvenile,aten,NA,T10,AMB,D1,T.F35_AMB,T.F35,Palms2xPalms5,PalmsxPalms,Palms2xPalms5_AMB,pure_south
801,T8_C30_2C,Jewell2xPalms1_AMB,juvenile,aten,NA,T8,AMB,Wild,T.F39_AMB,T.F39,Jewell2xPalms1,JewellxPalms,Jewell2xPalms1_AMB,hybrid_north_south
802,T7_C79_4S,Palms5xPalms4_AMB,juvenile,aten,NA,T7,AMB,SS,T.F34_AMB,T.F34,Palms5xPalms4,PalmsxPalms,Palms5xPalms4_AMB,pure_south
803,T9_C87_2S,Jewell8xDavies6_HOT,juvenile,aten,NA,T9,HOT,Wild,T.F18_HOT,T.F18,Jewell8xDavies6,JewellxDavies,Jewell8xDavies6_HOT,hybrid_north_south
804,T8_C74_4C,Jewell8xJewell2_AMB,juvenile,aten,NA,T8,AMB,Wild,T.F1_AMB,T.F1,Jewell8xJewell2,JewellxJewell,Jewell8xJewell2_AMB,pure_north
805,T11_C81_4S,Palms4xDavies1_HOT,juvenile,aten,NA,T11,HOT,D1,T.F36_HOT,T.F36,Palms4xDavies1,PalmsxDavies,Palms4xDavies1_HOT,hybrid_south
806,T13_C87_4S,Jewell8xDavies6_AMB,juvenile,aten,NA,T13,AMB,SS,T.F18_AMB,T.F18,Jewell8xDavies6,JewellxDavies,Jewell8xDavies6_AMB,hybrid_north_south
807,T14_C62_1S,Jewell8xDavies13_HOT,juvenile,aten,NA,T14,HOT,Wild,T.F65_HOT,T.F65,Jewell8xDavies13,JewellxDavies,Jewell8xDavies13_HOT,hybrid_north_south
808,T15_C74_1C,Jewell8xJewell2_AMB,juvenile,aten,NA,T15,AMB,Wild,T.F1_AMB,T.F1,Jewell8xJewell2,JewellxJewell,Jewell8xJewell2_AMB,pure_north
809,T10_C62_2S,Jewell8xDavies13_AMB,juvenile,aten,NA,T10,AMB,D1,T.F65_AMB,T.F65,Jewell8xDavies13,JewellxDavies,Jewell8xDavies13_AMB,hybrid_north_south
810,T12_C78_2C,Parke5xDavies6_HOT,juvenile,aten,NA,T12,HOT,D1,T.F22_HOT,T.F22,Parke5xDavies6,ParkexDavies,Parke5xDavies6_HOT,hybrid_north_south
811,T10_C78_3S,Parke5xDavies6_AMB,juvenile,aten,NA,T10,AMB,D1,T.F22_AMB,T.F22,Parke5xDavies6,ParkexDavies,Parke5xDavies6_AMB,hybrid_north_south
812,T14_C78_1S,Parke5xDavies6_HOT,juvenile,aten,NA,T14,HOT,Wild,T.F22_HOT,T.F22,Parke5xDavies6,ParkexDavies,Parke5xDavies6_HOT,hybrid_north_south
813,T12_C29_2C,Jewell8xPalms5_HOT,juvenile,aten,NA,T12,HOT,D1,T.F53_HOT,T.F53,Jewell8xPalms5,JewellxPalms,Jewell8xPalms5_HOT,hybrid_north_south
814,T15_C87_4CM,Jewell8xDavies6_AMB,juvenile,aten,NA,T15,AMB,Wild,T.F18_AMB,T.F18,Jewell8xDavies6,JewellxDavies,Jewell8xDavies6_AMB,hybrid_north_south
815,T14_C74_1C,Jewell8xJewell2_HOT,juvenile,aten,NA,T14,HOT,Wild,T.F1_HOT,T.F1,Jewell8xJewell2,JewellxJewell,Jewell8xJewell2_HOT,pure_north
816,T12_C86_5C,Palms2xPalms5_HOT,juvenile,aten,NA,T12,HOT,D1,T.F35_HOT,T.F35,Palms2xPalms5,PalmsxPalms,Palms2xPalms5_HOT,pure_south
817,T11_C62_2S,Jewell8xDavies13_HOT,juvenile,aten,NA,T11,HOT,D1,T.F65_HOT,T.F65,Jewell8xDavies13,JewellxDavies,Jewell8xDavies13_HOT,hybrid_north_south
818,T13_C87_5C,Jewell8xDavies6_AMB,juvenile,aten,NA,T13,AMB,SS,T.F18_AMB,T.F18,Jewell8xDavies6,JewellxDavies,Jewell8xDavies6_AMB,hybrid_north_south
819,T14_C62_3S,Jewell8xDavies13_HOT,juvenile,aten,NA,T14,HOT,Wild,T.F65_HOT,T.F65,Jewell8xDavies13,JewellxDavies,Jewell8xDavies13_HOT,hybrid_north_south
820,T15_C74_3S,Jewell8xJewell2_AMB,juvenile,aten,NA,T15,AMB,Wild,T.F1_AMB,T.F1,Jewell8xJewell2,JewellxJewell,Jewell8xJewell2_AMB,pure_north
821,T10_C62_3SM,Jewell8xDavies13_AMB,juvenile,aten,NA,T10,AMB,D1,T.F65_AMB,T.F65,Jewell8xDavies13,JewellxDavies,Jewell8xDavies13_AMB,hybrid_north_south
822,T12_C78_4C,Parke5xDavies6_HOT,juvenile,aten,NA,T12,HOT,D1,T.F22_HOT,T.F22,Parke5xDavies6,ParkexDavies,Parke5xDavies6_HOT,hybrid_north_south
823,T11_C74_1CM,Jewell8xJewell2_HOT,juvenile,aten,NA,T11,HOT,D1,T.F1_HOT,T.F1,Jewell8xJewell2,JewellxJewell,Jewell8xJewell2_HOT,pure_north
824,T14_C87_2C,Jewell8xDavies6_HOT,juvenile,aten,NA,T14,HOT,Wild,T.F18_HOT,T.F18,Jewell8xDavies6,JewellxDavies,Jewell8xDavies6_HOT,hybrid_north_south
825,T12_C29_3C,Jewell8xPalms5_HOT,juvenile,aten,NA,T12,HOT,D1,T.F53_HOT,T.F53,Jewell8xPalms5,JewellxPalms,Jewell8xPalms5_HOT,hybrid_north_south
826,T16_C96_1S,Switzer2xDavies1_HOT,juvenile,aten,NA,T16,HOT,SS,T.F26_HOT,T.F26,Switzer2xDavies1,SwitzerxDavies,Switzer2xDavies1_HOT,hybrid_north_south
827,T14_C74_3S,Jewell8xJewell2_HOT,juvenile,aten,NA,T14,HOT,Wild,T.F1_HOT,T.F1,Jewell8xJewell2,JewellxJewell,Jewell8xJewell2_HOT,pure_north
828,T12_C62_2S,Jewell8xDavies13_HOT,juvenile,aten,NA,T12,HOT,D1,T.F65_HOT,T.F65,Jewell8xDavies13,JewellxDavies,Jewell8xDavies13_HOT,hybrid_north_south
829,T11_C62_3S,Jewell8xDavies13_HOT,juvenile,aten,NA,T11,HOT,D1,T.F65_HOT,T.F65,Jewell8xDavies13,JewellxDavies,Jewell8xDavies13_HOT,hybrid_north_south
830,T13_C86_4S,Palms2xPalms5_AMB,juvenile,aten,NA,T13,AMB,SS,T.F35_AMB,T.F35,Palms2xPalms5,PalmsxPalms,Palms2xPalms5_AMB,pure_south
831,T14_C82_1C,Davies1xDavies8_HOT,juvenile,aten,NA,T14,HOT,Wild,T.F16_HOT,T.F16,Davies1xDavies8,DaviesxDavies,Davies1xDavies8_HOT,pure_south
832,T15_C86_1S,Palms2xPalms5_AMB,juvenile,aten,NA,T15,AMB,Wild,T.F35_AMB,T.F35,Palms2xPalms5,PalmsxPalms,Palms2xPalms5_AMB,pure_south
833,T10_C30_2CM,Jewell2xPalms1_AMB,juvenile,aten,NA,T10,AMB,D1,T.F39_AMB,T.F39,Jewell2xPalms1,JewellxPalms,Jewell2xPalms1_AMB,hybrid_north_south
834,T12_C81_1C,Palms4xDavies1_HOT,juvenile,aten,NA,T12,HOT,D1,T.F36_HOT,T.F36,Palms4xDavies1,PalmsxDavies,Palms4xDavies1_HOT,hybrid_south
835,T11_C74_5S,Jewell8xJewell2_HOT,juvenile,aten,NA,T11,HOT,D1,T.F1_HOT,T.F1,Jewell8xJewell2,JewellxJewell,Jewell8xJewell2_HOT,pure_north
836,T14_C29_1C,Jewell8xPalms5_HOT,juvenile,aten,NA,T14,HOT,Wild,T.F53_HOT,T.F53,Jewell8xPalms5,JewellxPalms,Jewell8xPalms5_HOT,hybrid_north_south
837,T12_C70_1CM,Davies8xDavies6_HOT,juvenile,aten,NA,T12,HOT,D1,T.F14_HOT,T.F14,Davies8xDavies6,DaviesxDavies,Davies8xDavies6_HOT,pure_south
838,T16_C96_2S,Switzer2xDavies1_HOT,juvenile,aten,NA,T16,HOT,SS,T.F26_HOT,T.F26,Switzer2xDavies1,SwitzerxDavies,Switzer2xDavies1_HOT,hybrid_north_south
839,T14_C74_6C,Jewell8xJewell2_HOT,juvenile,aten,NA,T14,HOT,Wild,T.F1_HOT,T.F1,Jewell8xJewell2,JewellxJewell,Jewell8xJewell2_HOT,pure_north
840,T12_C30_2C,Jewell2xPalms1_HOT,juvenile,aten,NA,T12,HOT,D1,T.F39_HOT,T.F39,Jewell2xPalms1,JewellxPalms,Jewell2xPalms1_HOT,hybrid_north_south
841,T12_C79_3C,Palms5xPalms4_HOT,juvenile,aten,NA,T12,HOT,D1,T.F34_HOT,T.F34,Palms5xPalms4,PalmsxPalms,Palms5xPalms4_HOT,pure_south
842,T13_C86_5S,Palms2xPalms5_AMB,juvenile,aten,NA,T13,AMB,SS,T.F35_AMB,T.F35,Palms2xPalms5,PalmsxPalms,Palms2xPalms5_AMB,pure_south
843,T14_C82_3C,Davies1xDavies8_HOT,juvenile,aten,NA,T14,HOT,Wild,T.F16_HOT,T.F16,Davies1xDavies8,DaviesxDavies,Davies1xDavies8_HOT,pure_south
844,T15_C86_2CM,Palms2xPalms5_AMB,juvenile,aten,NA,T15,AMB,Wild,T.F35_AMB,T.F35,Palms2xPalms5,PalmsxPalms,Palms2xPalms5_AMB,pure_south
845,T10_C30_3C,Jewell2xPalms1_AMB,juvenile,aten,NA,T10,AMB,D1,T.F39_AMB,T.F39,Jewell2xPalms1,JewellxPalms,Jewell2xPalms1_AMB,hybrid_north_south
846,T12_C81_2CM,Palms4xDavies1_HOT,juvenile,aten,NA,T12,HOT,D1,T.F36_HOT,T.F36,Palms4xDavies1,PalmsxDavies,Palms4xDavies1_HOT,hybrid_south
847,T13_C78_7S,Parke5xDavies6_AMB,juvenile,aten,NA,T13,AMB,SS,T.F22_AMB,T.F22,Parke5xDavies6,ParkexDavies,Parke5xDavies6_AMB,hybrid_north_south
848,T14_C79_2S,Palms5xPalms4_HOT,juvenile,aten,NA,T14,HOT,Wild,T.F34_HOT,T.F34,Palms5xPalms4,PalmsxPalms,Palms5xPalms4_HOT,pure_south
849,T12_C70_2C,Davies8xDavies6_HOT,juvenile,aten,NA,T12,HOT,D1,T.F14_HOT,T.F14,Davies8xDavies6,DaviesxDavies,Davies8xDavies6_HOT,pure_south
850,T11_C96_6C,Switzer2xDavies1_HOT,juvenile,aten,NA,T11,HOT,D1,T.F26_HOT,T.F26,Switzer2xDavies1,SwitzerxDavies,Switzer2xDavies1_HOT,hybrid_north_south
851,T14_C74_8S,Jewell8xJewell2_HOT,juvenile,aten,NA,T14,HOT,Wild,T.F1_HOT,T.F1,Jewell8xJewell2,JewellxJewell,Jewell8xJewell2_HOT,pure_north
852,T12_C30_3C,Jewell2xPalms1_HOT,juvenile,aten,NA,T12,HOT,D1,T.F39_HOT,T.F39,Jewell2xPalms1,JewellxPalms,Jewell2xPalms1_HOT,hybrid_north_south
853,T13_C79_1C,Palms5xPalms4_AMB,juvenile,aten,NA,T13,AMB,SS,T.F34_AMB,T.F34,Palms5xPalms4,PalmsxPalms,Palms5xPalms4_AMB,pure_south
854,T13_C86_6S,Palms2xPalms5_AMB,juvenile,aten,NA,T13,AMB,SS,T.F35_AMB,T.F35,Palms2xPalms5,PalmsxPalms,Palms2xPalms5_AMB,pure_south
855,T14_C81_1C,Palms4xDavies1_HOT,juvenile,aten,NA,T14,HOT,Wild,T.F36_HOT,T.F36,Palms4xDavies1,PalmsxDavies,Palms4xDavies1_HOT,hybrid_south
856,T15_C86_4S,Palms2xPalms5_AMB,juvenile,aten,NA,T15,AMB,Wild,T.F35_AMB,T.F35,Palms2xPalms5,PalmsxPalms,Palms2xPalms5_AMB,pure_south
857,T11_C29_1S,Jewell8xPalms5_HOT,juvenile,aten,NA,T11,HOT,D1,T.F53_HOT,T.F53,Jewell8xPalms5,JewellxPalms,Jewell8xPalms5_HOT,hybrid_north_south
858,T12_C81_4C,Palms4xDavies1_HOT,juvenile,aten,NA,T12,HOT,D1,T.F36_HOT,T.F36,Palms4xDavies1,PalmsxDavies,Palms4xDavies1_HOT,hybrid_south
859,T13_C74_1S,Jewell8xJewell2_AMB,juvenile,aten,NA,T13,AMB,SS,T.F1_AMB,T.F1,Jewell8xJewell2,JewellxJewell,Jewell8xJewell2_AMB,pure_north
860,T11_C86_3C,Palms2xPalms5_HOT,juvenile,aten,NA,T11,HOT,D1,T.F35_HOT,T.F35,Palms2xPalms5,PalmsxPalms,Palms2xPalms5_HOT,pure_south
861,T15_C79_1CM,Palms5xPalms4_AMB,juvenile,aten,NA,T15,AMB,Wild,T.F34_AMB,T.F34,Palms5xPalms4,PalmsxPalms,Palms5xPalms4_AMB,pure_south
862,T13_C81_1S,Palms4xDavies1_AMB,juvenile,aten,NA,T13,AMB,SS,T.F36_AMB,T.F36,Palms4xDavies1,PalmsxDavies,Palms4xDavies1_AMB,hybrid_south
863,T10_C87_2CM,Jewell8xDavies6_AMB,juvenile,aten,NA,T10,AMB,D1,T.F18_AMB,T.F18,Jewell8xDavies6,JewellxDavies,Jewell8xDavies6_AMB,hybrid_north_south
864,T12_C30_8S,Jewell2xPalms1_HOT,juvenile,aten,NA,T12,HOT,D1,T.F39_HOT,T.F39,Jewell2xPalms1,JewellxPalms,Jewell2xPalms1_HOT,hybrid_north_south
865,T13_C79_3C,Palms5xPalms4_AMB,juvenile,aten,NA,T13,AMB,SS,T.F34_AMB,T.F34,Palms5xPalms4,PalmsxPalms,Palms5xPalms4_AMB,pure_south
866,T13_C29_4C,Jewell8xPalms5_AMB,juvenile,aten,NA,T13,AMB,SS,T.F53_AMB,T.F53,Jewell8xPalms5,JewellxPalms,Jewell8xPalms5_AMB,hybrid_north_south
867,T15_C81_3C,Palms4xDavies1_AMB,juvenile,aten,NA,T15,AMB,Wild,T.F36_AMB,T.F36,Palms4xDavies1,PalmsxDavies,Palms4xDavies1_AMB,hybrid_south
868,T15_C62_4S,Jewell8xDavies13_AMB,juvenile,aten,NA,T15,AMB,Wild,T.F65_AMB,T.F65,Jewell8xDavies13,JewellxDavies,Jewell8xDavies13_AMB,hybrid_north_south
869,T11_C29_2CM,Jewell8xPalms5_HOT,juvenile,aten,NA,T11,HOT,D1,T.F53_HOT,T.F53,Jewell8xPalms5,JewellxPalms,Jewell8xPalms5_HOT,hybrid_north_south
870,T12_C74_3C,Jewell8xJewell2_HOT,juvenile,aten,NA,T12,HOT,D1,T.F1_HOT,T.F1,Jewell8xJewell2,JewellxJewell,Jewell8xJewell2_HOT,pure_north
871,T13_C74_2S,Jewell8xJewell2_AMB,juvenile,aten,NA,T13,AMB,SS,T.F1_AMB,T.F1,Jewell8xJewell2,JewellxJewell,Jewell8xJewell2_AMB,pure_north
872,T12_C87_4CM,Jewell8xDavies6_HOT,juvenile,aten,NA,T12,HOT,D1,T.F18_HOT,T.F18,Jewell8xDavies6,JewellxDavies,Jewell8xDavies6_HOT,hybrid_north_south
873,T13_C81_6CM,Palms4xDavies1_AMB,juvenile,aten,NA,T13,AMB,SS,T.F36_AMB,T.F36,Palms4xDavies1,PalmsxDavies,Palms4xDavies1_AMB,hybrid_south
874,T10_C87_3C,Jewell8xDavies6_AMB,juvenile,aten,NA,T10,AMB,D1,T.F18_AMB,T.F18,Jewell8xDavies6,JewellxDavies,Jewell8xDavies6_AMB,hybrid_north_south
875,T12_C82_2C,Davies1xDavies8_HOT,juvenile,aten,NA,T12,HOT,D1,T.F16_HOT,T.F16,Davies1xDavies8,DaviesxDavies,Davies1xDavies8_HOT,pure_south
876,T10_C74_2S,Jewell8xJewell2_AMB,juvenile,aten,NA,T10,AMB,D1,T.F1_AMB,T.F1,Jewell8xJewell2,JewellxJewell,Jewell8xJewell2_AMB,pure_north
877,T13_C30_2C,Jewell2xPalms1_AMB,juvenile,aten,NA,T13,AMB,SS,T.F39_AMB,T.F39,Jewell2xPalms1,JewellxPalms,Jewell2xPalms1_AMB,hybrid_north_south
878,T15_C29_1C,Jewell8xPalms5_AMB,juvenile,aten,NA,T15,AMB,Wild,T.F53_AMB,T.F53,Jewell8xPalms5,JewellxPalms,Jewell8xPalms5_AMB,hybrid_north_south
879,T11_C82_1C,Davies1xDavies8_HOT,juvenile,aten,NA,T11,HOT,D1,T.F16_HOT,T.F16,Davies1xDavies8,DaviesxDavies,Davies1xDavies8_HOT,pure_south
880,T12_C74_4C,Jewell8xJewell2_HOT,juvenile,aten,NA,T12,HOT,D1,T.F1_HOT,T.F1,Jewell8xJewell2,JewellxJewell,Jewell8xJewell2_HOT,pure_north
881,T13_C62_2S,Jewell8xDavies13_AMB,juvenile,aten,NA,T13,AMB,SS,T.F65_AMB,T.F65,Jewell8xDavies13,JewellxDavies,Jewell8xDavies13_AMB,hybrid_north_south
882,T12_C87_5S,Jewell8xDavies6_HOT,juvenile,aten,NA,T12,HOT,D1,T.F18_HOT,T.F18,Jewell8xDavies6,JewellxDavies,Jewell8xDavies6_HOT,hybrid_north_south
883,T15_C79_2C,Palms5xPalms4_AMB,juvenile,aten,NA,T15,AMB,Wild,T.F34_AMB,T.F34,Palms5xPalms4,PalmsxPalms,Palms5xPalms4_AMB,pure_south
884,T13_C82_4C,Davies1xDavies8_AMB,juvenile,aten,NA,T13,AMB,SS,T.F16_AMB,T.F16,Davies1xDavies8,DaviesxDavies,Davies1xDavies8_AMB,pure_south
885,T12_C96_2S,Switzer2xDavies1_HOT,juvenile,aten,NA,T12,HOT,D1,T.F26_HOT,T.F26,Switzer2xDavies1,SwitzerxDavies,Switzer2xDavies1_HOT,hybrid_north_south
886,T12_C82_3C,Davies1xDavies8_HOT,juvenile,aten,NA,T12,HOT,D1,T.F16_HOT,T.F16,Davies1xDavies8,DaviesxDavies,Davies1xDavies8_HOT,pure_south
887,T10_C74_3SM,Jewell8xJewell2_AMB,juvenile,aten,NA,T10,AMB,D1,T.F1_AMB,T.F1,Jewell8xJewell2,JewellxJewell,Jewell8xJewell2_AMB,pure_north
888,T14_C30_1C,Jewell2xPalms1_HOT,juvenile,aten,NA,T14,HOT,Wild,T.F39_HOT,T.F39,Jewell2xPalms1,JewellxPalms,Jewell2xPalms1_HOT,hybrid_north_south
889,T15_C29_2C,Jewell8xPalms5_AMB,juvenile,aten,NA,T15,AMB,Wild,T.F53_AMB,T.F53,Jewell8xPalms5,JewellxPalms,Jewell8xPalms5_AMB,hybrid_north_south
890,T11_C30_2CM,Jewell2xPalms1_HOT,juvenile,aten,NA,T11,HOT,D1,T.F39_HOT,T.F39,Jewell2xPalms1,JewellxPalms,Jewell2xPalms1_HOT,hybrid_north_south
891,T10_C78_1S,Parke5xDavies6_AMB,juvenile,aten,NA,T10,AMB,D1,T.F22_AMB,T.F22,Parke5xDavies6,ParkexDavies,Parke5xDavies6_AMB,hybrid_north_south
892,T13_C96_1CM,Switzer2xDavies1_AMB,juvenile,aten,NA,T13,AMB,SS,T.F26_AMB,T.F26,Switzer2xDavies1,SwitzerxDavies,Switzer2xDavies1_AMB,hybrid_north_south
893,T12_C29_1CM,Jewell8xPalms5_HOT,juvenile,aten,NA,T12,HOT,D1,T.F53_HOT,T.F53,Jewell8xPalms5,JewellxPalms,Jewell8xPalms5_HOT,hybrid_north_south
894,T15_C87_3S,Jewell8xDavies6_AMB,juvenile,aten,NA,T15,AMB,Wild,T.F18_AMB,T.F18,Jewell8xDavies6,JewellxDavies,Jewell8xDavies6_AMB,hybrid_north_south
895,T13_C82_6S,Davies1xDavies8_AMB,juvenile,aten,NA,T13,AMB,SS,T.F16_AMB,T.F16,Davies1xDavies8,DaviesxDavies,Davies1xDavies8_AMB,pure_south
896,T12_C86_4S,Palms2xPalms5_HOT,juvenile,aten,NA,T12,HOT,D1,T.F35_HOT,T.F35,Palms2xPalms5,PalmsxPalms,Palms2xPalms5_HOT,pure_south
897,T12_C82_9C,Davies1xDavies8_HOT,juvenile,aten,NA,T12,HOT,D1,T.F16_HOT,T.F16,Davies1xDavies8,DaviesxDavies,Davies1xDavies8_HOT,pure_south
898,T17_C70_8S,Davies8xDavies6_AMB,juvenile,aten,NA,T17,AMB,Wild,T.F14_AMB,T.F14,Davies8xDavies6,DaviesxDavies,Davies8xDavies6_AMB,pure_south
899,T1_C87_2CM,Jewell8xDavies6_HOT,juvenile,aten,NA,T1,HOT,SS,T.F18_HOT,T.F18,Jewell8xDavies6,JewellxDavies,Jewell8xDavies6_HOT,hybrid_north_south
900,T18_C78_1CM,Parke5xDavies6_AMB,juvenile,aten,NA,T18,AMB,D1,T.F22_AMB,T.F22,Parke5xDavies6,ParkexDavies,Parke5xDavies6_AMB,hybrid_north_south
901,T16_C82_6S,Davies1xDavies8_HOT,juvenile,aten,NA,T16,HOT,SS,T.F16_HOT,T.F16,Davies1xDavies8,DaviesxDavies,Davies1xDavies8_HOT,pure_south
902,T17_C81_3C,Palms4xDavies1_AMB,juvenile,aten,NA,T17,AMB,Wild,T.F36_AMB,T.F36,Palms4xDavies1,PalmsxDavies,Palms4xDavies1_AMB,hybrid_south
903,T15_C82_2C,Davies1xDavies8_AMB,juvenile,aten,NA,T15,AMB,Wild,T.F16_AMB,T.F16,Davies1xDavies8,DaviesxDavies,Davies1xDavies8_AMB,pure_south
904,T18_C86_2S,Palms2xPalms5_AMB,juvenile,aten,NA,T18,AMB,D1,T.F35_AMB,T.F35,Palms2xPalms5,PalmsxPalms,Palms2xPalms5_AMB,pure_south
905,T16_C78_4S,Parke5xDavies6_HOT,juvenile,aten,NA,T16,HOT,SS,T.F22_HOT,T.F22,Parke5xDavies6,ParkexDavies,Parke5xDavies6_HOT,hybrid_north_south
906,T16_C74_3S,Jewell8xJewell2_HOT,juvenile,aten,NA,T16,HOT,SS,T.F1_HOT,T.F1,Jewell8xJewell2,JewellxJewell,Jewell8xJewell2_HOT,pure_north
907,T16_C79_1CM,Palms5xPalms4_HOT,juvenile,aten,NA,T16,HOT,SS,T.F34_HOT,T.F34,Palms5xPalms4,PalmsxPalms,Palms5xPalms4_HOT,pure_south
908,T18_C30_3C,Jewell2xPalms1_AMB,juvenile,aten,NA,T18,AMB,D1,T.F39_AMB,T.F39,Jewell2xPalms1,JewellxPalms,Jewell2xPalms1_AMB,hybrid_north_south
909,T15_C96_1C,Switzer2xDavies1_AMB,juvenile,aten,NA,T15,AMB,Wild,T.F26_AMB,T.F26,Switzer2xDavies1,SwitzerxDavies,Switzer2xDavies1_AMB,hybrid_north_south
910,T1_C70_2C,Davies8xDavies6_HOT,juvenile,aten,NA,T1,HOT,SS,T.F14_HOT,T.F14,Davies8xDavies6,DaviesxDavies,Davies8xDavies6_HOT,pure_south
911,T17_C62_7CM,Jewell8xDavies13_AMB,juvenile,aten,NA,T17,AMB,Wild,T.F65_AMB,T.F65,Jewell8xDavies13,JewellxDavies,Jewell8xDavies13_AMB,hybrid_north_south
912,T16_C82_7S,Davies1xDavies8_HOT,juvenile,aten,NA,T16,HOT,SS,T.F16_HOT,T.F16,Davies1xDavies8,DaviesxDavies,Davies1xDavies8_HOT,pure_south
913,T17_C30_4C,Jewell2xPalms1_AMB,juvenile,aten,NA,T17,AMB,Wild,T.F39_AMB,T.F39,Jewell2xPalms1,JewellxPalms,Jewell2xPalms1_AMB,hybrid_north_south
914,T16_C81_2C,Palms4xDavies1_HOT,juvenile,aten,NA,T16,HOT,SS,T.F36_HOT,T.F36,Palms4xDavies1,PalmsxDavies,Palms4xDavies1_HOT,hybrid_south
915,T18_C78_4S,Parke5xDavies6_AMB,juvenile,aten,NA,T18,AMB,D1,T.F22_AMB,T.F22,Parke5xDavies6,ParkexDavies,Parke5xDavies6_AMB,hybrid_north_south
916,T18_C87_2S,Jewell8xDavies6_AMB,juvenile,aten,NA,T18,AMB,D1,T.F18_AMB,T.F18,Jewell8xDavies6,JewellxDavies,Jewell8xDavies6_AMB,hybrid_north_south
917,T16_C74_4S,Jewell8xJewell2_HOT,juvenile,aten,NA,T16,HOT,SS,T.F1_HOT,T.F1,Jewell8xJewell2,JewellxJewell,Jewell8xJewell2_HOT,pure_north
918,T16_C79_2C,Palms5xPalms4_HOT,juvenile,aten,NA,T16,HOT,SS,T.F34_HOT,T.F34,Palms5xPalms4,PalmsxPalms,Palms5xPalms4_HOT,pure_south
919,T18_C30_4S,Jewell2xPalms1_AMB,juvenile,aten,NA,T18,AMB,D1,T.F39_AMB,T.F39,Jewell2xPalms1,JewellxPalms,Jewell2xPalms1_AMB,hybrid_north_south
920,T15_C96_3CM,Switzer2xDavies1_AMB,juvenile,aten,NA,T15,AMB,Wild,T.F26_AMB,T.F26,Switzer2xDavies1,SwitzerxDavies,Switzer2xDavies1_AMB,hybrid_north_south
921,T1_C70_3C,Davies8xDavies6_HOT,juvenile,aten,NA,T1,HOT,SS,T.F14_HOT,T.F14,Davies8xDavies6,DaviesxDavies,Davies8xDavies6_HOT,pure_south
922,T5_C86_3C,Palms2xPalms5_HOT,juvenile,aten,NA,T5,HOT,SS,T.F35_HOT,T.F35,Palms2xPalms5,PalmsxPalms,Palms2xPalms5_HOT,pure_south
923,T16_C82_8S,Davies1xDavies8_HOT,juvenile,aten,NA,T16,HOT,SS,T.F16_HOT,T.F16,Davies1xDavies8,DaviesxDavies,Davies1xDavies8_HOT,pure_south
924,T18_C86_3S,Palms2xPalms5_AMB,juvenile,aten,NA,T18,AMB,D1,T.F35_AMB,T.F35,Palms2xPalms5,PalmsxPalms,Palms2xPalms5_AMB,pure_south
925,T16_C81_3C,Palms4xDavies1_HOT,juvenile,aten,NA,T16,HOT,SS,T.F36_HOT,T.F36,Palms4xDavies1,PalmsxDavies,Palms4xDavies1_HOT,hybrid_south
926,T16_C96_3S,Switzer2xDavies1_HOT,juvenile,aten,NA,T16,HOT,SS,T.F26_HOT,T.F26,Switzer2xDavies1,SwitzerxDavies,Switzer2xDavies1_HOT,hybrid_north_south
927,T18_C87_6C,Jewell8xDavies6_AMB,juvenile,aten,NA,T18,AMB,D1,T.F18_AMB,T.F18,Jewell8xDavies6,JewellxDavies,Jewell8xDavies6_AMB,hybrid_north_south
928,T17_C87_5S,Jewell8xDavies6_AMB,juvenile,aten,NA,T17,AMB,Wild,T.F18_AMB,T.F18,Jewell8xDavies6,JewellxDavies,Jewell8xDavies6_AMB,hybrid_north_south
929,T16_C79_3C,Palms5xPalms4_HOT,juvenile,aten,NA,T16,HOT,SS,T.F34_HOT,T.F34,Palms5xPalms4,PalmsxPalms,Palms5xPalms4_HOT,pure_south
930,T17_C29_6C,Jewell8xPalms5_AMB,juvenile,aten,NA,T17,AMB,Wild,T.F53_AMB,T.F53,Jewell8xPalms5,JewellxPalms,Jewell8xPalms5_AMB,hybrid_north_south
931,T1_C96_4C,Switzer2xDavies1_HOT,juvenile,aten,NA,T1,HOT,SS,T.F26_HOT,T.F26,Switzer2xDavies1,SwitzerxDavies,Switzer2xDavies1_HOT,hybrid_north_south
932,T7_C62_4SM,Jewell8xDavies13_AMB,juvenile,aten,NA,T7,AMB,SS,T.F65_AMB,T.F65,Jewell8xDavies13,JewellxDavies,Jewell8xDavies13_AMB,hybrid_north_south
933,T17_C82_1C,Davies1xDavies8_AMB,juvenile,aten,NA,T17,AMB,Wild,T.F16_AMB,T.F16,Davies1xDavies8,DaviesxDavies,Davies1xDavies8_AMB,pure_south
934,T15_C78_1S,Parke5xDavies6_AMB,juvenile,aten,NA,T15,AMB,Wild,T.F22_AMB,T.F22,Parke5xDavies6,ParkexDavies,Parke5xDavies6_AMB,hybrid_north_south
935,T16_C81_4C,Palms4xDavies1_HOT,juvenile,aten,NA,T16,HOT,SS,T.F36_HOT,T.F36,Palms4xDavies1,PalmsxDavies,Palms4xDavies1_HOT,hybrid_south
936,T16_C96_5CM,Switzer2xDavies1_HOT,juvenile,aten,NA,T16,HOT,SS,T.F26_HOT,T.F26,Switzer2xDavies1,SwitzerxDavies,Switzer2xDavies1_HOT,hybrid_north_south
937,T18_C74_2S,Jewell8xJewell2_AMB,juvenile,aten,NA,T18,AMB,D1,T.F1_AMB,T.F1,Jewell8xJewell2,JewellxJewell,Jewell8xJewell2_AMB,pure_north
938,T17_C70_3S,Davies8xDavies6_AMB,juvenile,aten,NA,T17,AMB,Wild,T.F14_AMB,T.F14,Davies8xDavies6,DaviesxDavies,Davies8xDavies6_AMB,pure_south
939,T17_C96_1CM,Switzer2xDavies1_AMB,juvenile,aten,NA,T17,AMB,Wild,T.F26_AMB,T.F26,Switzer2xDavies1,SwitzerxDavies,Switzer2xDavies1_AMB,hybrid_north_south
940,T18_C29_1C,Jewell8xPalms5_AMB,juvenile,aten,NA,T18,AMB,D1,T.F53_AMB,T.F53,Jewell8xPalms5,JewellxPalms,Jewell8xPalms5_AMB,hybrid_north_south
941,T16_C29_4S,Jewell8xPalms5_HOT,juvenile,aten,NA,T16,HOT,SS,T.F53_HOT,T.F53,Jewell8xPalms5,JewellxPalms,Jewell8xPalms5_HOT,hybrid_north_south
942,T5_C30_4S,Jewell2xPalms1_HOT,juvenile,aten,NA,T5,HOT,SS,T.F39_HOT,T.F39,Jewell2xPalms1,JewellxPalms,Jewell2xPalms1_HOT,hybrid_north_south
943,T11_C79_4C,Palms5xPalms4_HOT,juvenile,aten,NA,T11,HOT,D1,T.F34_HOT,T.F34,Palms5xPalms4,PalmsxPalms,Palms5xPalms4_HOT,pure_south
944,T17_C82_2CM,Davies1xDavies8_AMB,juvenile,aten,NA,T17,AMB,Wild,T.F16_AMB,T.F16,Davies1xDavies8,DaviesxDavies,Davies1xDavies8_AMB,pure_south
945,T15_C78_2S,Parke5xDavies6_AMB,juvenile,aten,NA,T15,AMB,Wild,T.F22_AMB,T.F22,Parke5xDavies6,ParkexDavies,Parke5xDavies6_AMB,hybrid_north_south
946,T16_C87_1C,Jewell8xDavies6_HOT,juvenile,aten,NA,T16,HOT,SS,T.F18_HOT,T.F18,Jewell8xDavies6,JewellxDavies,Jewell8xDavies6_HOT,hybrid_north_south
947,T16_C70_2C,Davies8xDavies6_HOT,juvenile,aten,NA,T16,HOT,SS,T.F14_HOT,T.F14,Davies8xDavies6,DaviesxDavies,Davies8xDavies6_HOT,pure_south
948,T18_C74_3S,Jewell8xJewell2_AMB,juvenile,aten,NA,T18,AMB,D1,T.F1_AMB,T.F1,Jewell8xJewell2,JewellxJewell,Jewell8xJewell2_AMB,pure_north
949,T17_C62_4S,Jewell8xDavies13_AMB,juvenile,aten,NA,T17,AMB,Wild,T.F65_AMB,T.F65,Jewell8xDavies13,JewellxDavies,Jewell8xDavies13_AMB,hybrid_north_south
950,T17_C96_3C,Switzer2xDavies1_AMB,juvenile,aten,NA,T17,AMB,Wild,T.F26_AMB,T.F26,Switzer2xDavies1,SwitzerxDavies,Switzer2xDavies1_AMB,hybrid_north_south
951,T18_C29_6C,Jewell8xPalms5_AMB,juvenile,aten,NA,T18,AMB,D1,T.F53_AMB,T.F53,Jewell8xPalms5,JewellxPalms,Jewell8xPalms5_AMB,hybrid_north_south
952,T16_C86_3S,Palms2xPalms5_HOT,juvenile,aten,NA,T16,HOT,SS,T.F35_HOT,T.F35,Palms2xPalms5,PalmsxPalms,Palms2xPalms5_HOT,pure_south
953,T5_C30_2C,Jewell2xPalms1_HOT,juvenile,aten,NA,T5,HOT,SS,T.F39_HOT,T.F39,Jewell2xPalms1,JewellxPalms,Jewell2xPalms1_HOT,hybrid_north_south
954,T11_C81_3C,Palms4xDavies1_HOT,juvenile,aten,NA,T11,HOT,D1,T.F36_HOT,T.F36,Palms4xDavies1,PalmsxDavies,Palms4xDavies1_HOT,hybrid_south
955,T17_C79_1S,Palms5xPalms4_AMB,juvenile,aten,NA,T17,AMB,Wild,T.F34_AMB,T.F34,Palms5xPalms4,PalmsxPalms,Palms5xPalms4_AMB,pure_south
956,T15_C78_4S,Parke5xDavies6_AMB,juvenile,aten,NA,T15,AMB,Wild,T.F22_AMB,T.F22,Parke5xDavies6,ParkexDavies,Parke5xDavies6_AMB,hybrid_north_south
957,T16_C87_3S,Jewell8xDavies6_HOT,juvenile,aten,NA,T16,HOT,SS,T.F18_HOT,T.F18,Jewell8xDavies6,JewellxDavies,Jewell8xDavies6_HOT,hybrid_north_south
958,T16_C70_3S,Davies8xDavies6_HOT,juvenile,aten,NA,T16,HOT,SS,T.F14_HOT,T.F14,Davies8xDavies6,DaviesxDavies,Davies8xDavies6_HOT,pure_south
959,T18_C74_4S,Jewell8xJewell2_AMB,juvenile,aten,NA,T18,AMB,D1,T.F1_AMB,T.F1,Jewell8xJewell2,JewellxJewell,Jewell8xJewell2_AMB,pure_north
960,T17_C62_5S,Jewell8xDavies13_AMB,juvenile,aten,NA,T17,AMB,Wild,T.F65_AMB,T.F65,Jewell8xDavies13,JewellxDavies,Jewell8xDavies13_AMB,hybrid_north_south
961,T18_C79_2C,Palms5xPalms4_AMB,juvenile,aten,NA,T18,AMB,D1,T.F34_AMB,T.F34,Palms5xPalms4,PalmsxPalms,Palms5xPalms4_AMB,pure_south
962,T18_C82_1C,Davies1xDavies8_AMB,juvenile,aten,NA,T18,AMB,D1,T.F16_AMB,T.F16,Davies1xDavies8,DaviesxDavies,Davies1xDavies8_AMB,pure_south
963,T16_C86_4C,Palms2xPalms5_HOT,juvenile,aten,NA,T16,HOT,SS,T.F35_HOT,T.F35,Palms2xPalms5,PalmsxPalms,Palms2xPalms5_HOT,pure_south
964,T11_C78_4C,Parke5xDavies6_HOT,juvenile,aten,NA,T11,HOT,D1,T.F22_HOT,T.F22,Parke5xDavies6,ParkexDavies,Parke5xDavies6_HOT,hybrid_north_south
965,T17_C70_6C,Davies8xDavies6_AMB,juvenile,aten,NA,T17,AMB,Wild,T.F14_AMB,T.F14,Davies8xDavies6,DaviesxDavies,Davies8xDavies6_AMB,pure_south
966,T17_C74_4S,Jewell8xJewell2_AMB,juvenile,aten,NA,T17,AMB,Wild,T.F1_AMB,T.F1,Jewell8xJewell2,JewellxJewell,Jewell8xJewell2_AMB,pure_north
967,T15_C30_3S,Jewell2xPalms1_AMB,juvenile,aten,NA,T15,AMB,Wild,T.F39_AMB,T.F39,Jewell2xPalms1,JewellxPalms,Jewell2xPalms1_AMB,hybrid_north_south
968,T18_C96_3C,Switzer2xDavies1_AMB,juvenile,aten,NA,T18,AMB,D1,T.F26_AMB,T.F26,Switzer2xDavies1,SwitzerxDavies,Switzer2xDavies1_AMB,hybrid_north_south
969,T16_C78_2S,Parke5xDavies6_HOT,juvenile,aten,NA,T16,HOT,SS,T.F22_HOT,T.F22,Parke5xDavies6,ParkexDavies,Parke5xDavies6_HOT,hybrid_north_south
970,T16_C74_1S,Jewell8xJewell2_HOT,juvenile,aten,NA,T16,HOT,SS,T.F1_HOT,T.F1,Jewell8xJewell2,JewellxJewell,Jewell8xJewell2_HOT,pure_north
971,T16_C62_4S,Jewell8xDavies13_HOT,juvenile,aten,NA,T16,HOT,SS,T.F65_HOT,T.F65,Jewell8xDavies13,JewellxDavies,Jewell8xDavies13_HOT,hybrid_north_south
972,T18_C79_3C,Palms5xPalms4_AMB,juvenile,aten,NA,T18,AMB,D1,T.F34_AMB,T.F34,Palms5xPalms4,PalmsxPalms,Palms5xPalms4_AMB,pure_south
973,T18_C82_3S,Davies1xDavies8_AMB,juvenile,aten,NA,T18,AMB,D1,T.F16_AMB,T.F16,Davies1xDavies8,DaviesxDavies,Davies1xDavies8_AMB,pure_south
974,T16_C82_5S,Davies1xDavies8_HOT,juvenile,aten,NA,T16,HOT,SS,T.F16_HOT,T.F16,Davies1xDavies8,DaviesxDavies,Davies1xDavies8_HOT,pure_south
975,T12_C82_1CM,Davies1xDavies8_HOT,juvenile,aten,NA,T12,HOT,D1,T.F16_HOT,T.F16,Davies1xDavies8,DaviesxDavies,Davies1xDavies8_HOT,pure_south
976,T17_C70_7CM,Davies8xDavies6_AMB,juvenile,aten,NA,T17,AMB,Wild,T.F14_AMB,T.F14,Davies8xDavies6,DaviesxDavies,Davies8xDavies6_AMB,pure_south
977,T17_C81_2S,Palms4xDavies1_AMB,juvenile,aten,NA,T17,AMB,Wild,T.F36_AMB,T.F36,Palms4xDavies1,PalmsxDavies,Palms4xDavies1_AMB,hybrid_south
978,T15_C82_4C,Davies1xDavies8_AMB,juvenile,aten,NA,T15,AMB,Wild,T.F16_AMB,T.F16,Davies1xDavies8,DaviesxDavies,Davies1xDavies8_AMB,pure_south
979,T18_C96_4C,Switzer2xDavies1_AMB,juvenile,aten,NA,T18,AMB,D1,T.F26_AMB,T.F26,Switzer2xDavies1,SwitzerxDavies,Switzer2xDavies1_AMB,hybrid_north_south
980,T16_C78_3S,Parke5xDavies6_HOT,juvenile,aten,NA,T16,HOT,SS,T.F22_HOT,T.F22,Parke5xDavies6,ParkexDavies,Parke5xDavies6_HOT,hybrid_north_south
981,T16_C74_2S,Jewell8xJewell2_HOT,juvenile,aten,NA,T16,HOT,SS,T.F1_HOT,T.F1,Jewell8xJewell2,JewellxJewell,Jewell8xJewell2_HOT,pure_north
982,T16_C30_2S,Jewell2xPalms1_HOT,juvenile,aten,NA,T16,HOT,SS,T.F39_HOT,T.F39,Jewell2xPalms1,JewellxPalms,Jewell2xPalms1_HOT,hybrid_north_south
983,T17_C29_4CM,Jewell8xPalms5_AMB,juvenile,aten,NA,T17,AMB,Wild,T.F53_AMB,T.F53,Jewell8xPalms5,JewellxPalms,Jewell8xPalms5_AMB,hybrid_north_south
984,T18_C30_2CM,Jewell2xPalms1_AMB,juvenile,aten,NA,T18,AMB,D1,T.F39_AMB,T.F39,Jewell2xPalms1,JewellxPalms,Jewell2xPalms1_AMB,hybrid_north_south
