MCMC	Heritability
1	0.821839
2	0.951149
3	0.936782
4	0.905172
5	0.887931
6	0.962644
7	0.899425
8	0.965517
9	0.922414
10	0.936782
11	0.873563
12	0.873563
13	0.609195
14	0.951149
15	0.962644
16	0.896552
17	0.603448
18	0.971264
19	0.95977
20	0.951149
21	0.965517
22	0.977011
23	0.683908
24	0.850575
25	0.925287
26	0.813218
27	0.936782
28	0.95977
29	0.928161
30	0.971264
31	0.977011
32	0.95977
33	0.87069
34	0.83908
35	0.91954
36	0.945402
37	0.962644
38	0.893678
39	0.95977
40	0.95977
41	0.824713
42	0.951149
43	0.635057
44	0.95977
45	0.847701
46	0.948276
47	0.91954
48	0.977011
49	0.810345
50	0.87069
51	0.951149
52	1
53	0.916667
54	0.982759
55	0.781609
56	0.83908
57	0.896552
58	0.859195
59	0.908046
60	0.885057
61	0.75
62	0.890805
63	0.905172
64	0.813218
65	0.974138
66	0.836207
67	0.724138
68	0.951149
69	0.87069
70	0.818966
71	0.916667
72	0.931034
73	0.982759
74	0.942529
75	0.882184
76	0.770115
77	0.681034
78	0.942529
79	0.971264
80	0.787356
81	0.931034
82	0.87069
83	0.942529
84	0.91954
85	0.962644
86	0.893678
87	0.689655
88	0.956897
89	0.974138
90	0.635057
91	0.928161
92	0.833333
93	0.954023
94	0.95977
95	0.971264
96	0.994253
97	0.968391
98	1
99	0.988506
100	0.968391
101	0.971264
102	0.922414
103	0.965517
104	0.939655
105	0.977011
106	0.902299
107	0.942529
108	0.821839
109	0.954023
110	0.95977
111	0.922414
112	0.948276
113	0.939655
114	0.913793
115	0.971264
116	0.942529
117	0.928161
118	0.637931
119	0.936782
120	0.902299
121	0.977011
122	0.977011
123	0.936782
124	0.887931
125	0.882184
126	0.939655
127	1
128	0.899425
129	0.954023
130	0.977011
131	0.971264
132	0.913793
133	0.864943
134	0.933908
135	0.867816
136	0.678161
137	0.833333
138	0.752874
139	0.936782
140	0.859195
141	0.893678
142	0.971264
143	0.933908
144	0.91954
145	0.95977
146	0.896552
147	0.841954
148	0.902299
149	0.91092
150	0.968391
151	0.712644
152	0.729885
153	0.948276
154	0.795977
155	0.948276
156	0.913793
157	0.95977
158	0.91954
159	0.908046
160	0.741379
161	0.563218
162	0.925287
163	0.971264
164	0.948276
165	0.885057
166	0.965517
167	0.795977
168	0.965517
169	0.977011
170	0.985632
171	0.985632
172	0.945402
173	0.902299
174	0.956897
175	0.925287
176	0.882184
177	0.945402
178	0.942529
179	0.942529
180	0.962644
181	0.916667
182	0.706897
183	0.954023
184	0.91092
185	0.824713
186	0.942529
187	0.948276
188	0.95977
189	0.977011
190	0.867816
191	0.95977
192	0.761494
193	0.859195
194	0.91954
195	0.836207
196	0.801724
197	0.913793
198	0.942529
199	0.928161
200	0.951149
201	0.954023
202	0.807471
203	0.962644
204	0.945402
205	0.741379
206	0.965517
207	0.979885
208	0.821839
209	0.87069
210	0.942529
211	0.95977
212	0.948276
213	0.87931
214	0.974138
215	0.905172
216	0.939655
217	0.859195
218	0.933908
219	0.971264
220	0.752874
221	0.689655
222	0.956897
223	0.95977
224	0.893678
225	0.925287
226	0.864943
227	0.862069
228	0.956897
229	1
230	0.91954
231	0.721264
232	0.864943
233	0.954023
234	0.841954
235	0.95977
236	0.965517
237	0.936782
238	0.971264
239	0.75
240	0.87069
241	0.867816
242	0.864943
243	0.844828
244	0.841954
245	0.931034
246	0.913793
247	0.965517
248	0.882184
249	0.850575
250	0.965517
251	0.902299
252	0.977011
253	0.933908
254	0.942529
255	0.974138
256	0.942529
257	0.968391
258	0.87069
259	0.965517
260	0.962644
261	0.793103
262	0.772989
263	0.988506
264	0.945402
265	0.951149
266	0.83908
267	0.95977
268	0.942529
269	0.951149
270	0.968391
271	0.954023
272	0.95977
273	0.836207
274	0.985632
275	0.936782
276	0.902299
277	0.974138
278	0.908046
279	0.890805
280	0.594828
281	0.87931
282	0.882184
283	0.890805
284	0.942529
285	0.954023
286	0.968391
287	0.939655
288	0.873563
289	0.945402
290	0.95977
291	0.887931
292	0.942529
293	0.859195
294	0.899425
295	0.95977
296	0.885057
297	0.942529
298	0.91954
299	0.827586
300	0.856322
301	0.87931
302	0.954023
303	0.893678
304	0.988506
305	0.87069
306	0.862069
307	0.87069
308	0.887931
309	0.908046
310	0.715517
311	0.965517
312	0.902299
313	0.816092
314	0.988506
315	0.985632
316	0.833333
317	0.922414
318	0.867816
319	0.939655
320	0.902299
321	0.873563
322	0.876437
323	0.712644
324	0.902299
325	0.956897
326	0.982759
327	0.977011
328	0.758621
329	0.922414
330	0.951149
331	0.942529
332	0.954023
333	0.893678
334	0.902299
335	0.977011
336	0.951149
337	0.841954
338	0.979885
339	0.896552
340	0.913793
341	0.896552
342	0.922414
343	0.939655
344	0.795977
345	0.767241
346	0.954023
347	0.833333
348	0.925287
349	0.91954
350	0.95977
351	0.979885
352	0.956897
353	0.974138
354	0.873563
355	0.939655
356	0.962644
357	0.962644
358	0.844828
359	0.945402
360	0.784483
361	0.905172
362	0.922414
363	0.971264
364	0.954023
365	0.885057
366	0.982759
367	0.922414
368	0.649425
369	0.856322
370	0.945402
371	0.933908
372	0.933908
373	0.885057
374	0.942529
375	0.936782
376	0.893678
377	0.971264
378	0.956897
379	1
380	0.876437
381	0.83908
382	0.887931
383	0.951149
384	0.962644
385	0.942529
386	0.66092
387	0.962644
388	0.936782
389	0.979885
390	0.982759
391	0.931034
392	0.867816
393	0.974138
394	0.977011
395	0.816092
396	0.744253
397	0.942529
398	0.882184
399	0.885057
400	0.902299
401	0.971264
402	0.942529
403	0.87069
404	0.936782
405	0.956897
406	0.948276
407	0.91092
408	0.979885
409	0.867816
410	0.887931
411	0.772989
412	0.922414
413	0.925287
414	0.954023
415	0.916667
416	0.925287
417	0.646552
418	0.91092
419	0.925287
420	0.951149
421	1
422	1
423	0.971264
424	0.772989
425	0.951149
426	0.885057
427	0.83046
428	0.951149
429	0.965517
430	0.985632
431	0.913793
432	0.922414
433	0.833333
434	0.948276
435	0.87069
436	0.948276
437	0.899425
438	0.971264
439	0.965517
440	0.968391
441	0.87069
442	0.913793
443	0.951149
444	0.982759
445	0.971264
446	0.841954
447	0.922414
448	0.95977
449	0.979885
450	0.933908
451	0.824713
452	0.968391
453	0.948276
454	0.965517
455	0.551724
456	0.948276
457	0.948276
458	0.862069
459	0.95977
460	0.945402
461	0.922414
462	0.974138
463	0.968391
464	0.968391
465	0.807471
466	0.977011
467	0.859195
468	0.979885
469	0.948276
470	0.979885
471	1
472	0.948276
473	0.928161
474	0.971264
475	0.971264
476	0.948276
477	0.902299
478	0.887931
479	0.876437
480	0.956897
481	0.798851
482	0.988506
483	0.922414
484	0.965517
485	0.939655
486	0.948276
487	0.893678
488	0.83046
489	0.942529
490	0.913793
491	0.974138
492	0.902299
493	0.951149
494	0.91954
495	0.899425
496	0.968391
497	0.974138
498	0.83046
499	0.936782
500	0.83046
501	0.939655
502	0.908046
503	0.83046
504	0.847701
505	0.801724
506	0.896552
507	0.945402
508	0.948276
509	0.974138
510	0.764368
511	0.804598
512	1
513	0.91954
514	0.968391
515	0.956897
516	0.675287
517	0.942529
518	0.864943
519	0.813218
520	0.997126
521	0.925287
522	0.965517
523	0.971264
524	0.876437
525	0.956897
526	0.968391
527	0.968391
528	0.954023
529	0.75
530	0.885057
531	0.95977
532	0.752874
533	0.893678
534	0.913793
535	0.95977
536	0.899425
537	0.83046
538	0.974138
539	0.908046
540	0.954023
541	0.804598
542	0.954023
543	0.850575
544	0.896552
545	0.954023
546	0.954023
547	0.954023
548	0.798851
549	0.87069
550	0.95977
551	0.853448
552	0.841954
553	0.893678
554	0.902299
555	0.591954
556	0.979885
557	0.982759
558	0.836207
559	0.936782
560	1
561	0.902299
562	0.658046
563	0.979885
564	0.936782
565	0.974138
566	0.873563
567	0.951149
568	0.91954
569	0.974138
570	0.942529
571	0.965517
572	0.982759
573	0.977011
574	0.62069
575	0.977011
576	0.982759
577	0.942529
578	0.954023
579	0.913793
580	0.862069
581	0.965517
582	0.876437
583	0.925287
584	0.936782
585	0.643678
586	0.956897
587	0.962644
588	0.856322
589	0.939655
590	0.784483
591	0.922414
592	0.813218
593	0.936782
594	0.810345
595	0.945402
596	0.962644
597	0.965517
598	0.724138
599	0.896552
600	0.87069
601	0.945402
602	0.933908
603	0.836207
604	0.706897
605	0.890805
606	0.890805
607	0.893678
608	0.951149
609	0.965517
610	0.979885
611	0.948276
612	0.945402
613	0.933908
614	0.859195
615	0.62931
616	0.744253
617	0.951149
618	0.974138
619	0.948276
620	0.876437
621	0.862069
622	0.922414
623	0.913793
624	0.83908
625	0.928161
626	0.954023
627	0.951149
628	0.801724
629	0.873563
630	0.87931
631	0.764368
632	0.896552
633	0.971264
634	0.95977
635	0.956897
636	0.951149
637	0.948276
638	0.908046
639	0.939655
640	0.91954
641	0.913793
642	0.908046
643	0.985632
644	0.735632
645	0.971264
646	0.965517
647	0.916667
648	0.908046
649	0.873563
650	0.79023
651	0.916667
652	0.954023
653	0.87931
654	0.922414
655	0.965517
656	0.956897
657	0.893678
658	0.887931
659	0.985632
660	0.948276
661	0.962644
662	0.922414
663	0.985632
664	0.954023
665	0.916667
666	0.962644
667	0.974138
668	0.956897
669	0.908046
670	0.925287
671	0.942529
672	0.818966
673	0.933908
674	1
675	0.982759
676	0.962644
677	0.954023
678	0.965517
679	0.91092
680	0.925287
681	0.977011
682	0.675287
683	0.942529
684	0.974138
685	0.971264
686	0.787356
687	0.758621
688	0.948276
689	0.899425
690	0.853448
691	0.787356
692	0.956897
693	0.520115
694	0.744253
695	0.942529
696	0.988506
697	0.902299
698	0.95977
699	0.951149
700	0.988506
701	0.896552
702	0.948276
703	0.91954
704	0.962644
705	0.994253
706	0.890805
707	0.847701
708	0.91954
709	0.945402
710	0.864943
711	0.882184
712	0.902299
713	0.936782
714	0.965517
715	0.902299
716	0.922414
717	0.83046
718	0.899425
719	0.87931
720	0.979885
721	0.948276
722	0.922414
723	0.761494
724	0.948276
725	0.787356
726	0.931034
727	0.87069
728	0.841954
729	0.971264
730	0.87931
731	0.985632
732	0.79023
733	0.609195
734	0.971264
735	0.928161
736	0.933908
737	0.824713
738	0.968391
739	0.945402
740	0.968391
741	0.928161
742	0.942529
743	0.87069
744	0.931034
745	0.977011
746	0.965517
747	0.767241
748	0.974138
749	0.965517
750	0.936782
751	0.70977
752	0.770115
753	0.936782
754	0.942529
755	0.890805
756	0.985632
757	0.916667
758	0.931034
759	0.936782
760	0.977011
761	0.939655
762	0.813218
763	0.936782
764	0.965517
765	0.933908
766	0.931034
767	0.936782
768	0.991379
769	0.936782
770	0.968391
771	0.977011
772	0.887931
773	0.87931
774	0.933908
775	0.91954
776	0.95977
777	0.833333
778	0.701149
779	0.933908
780	0.982759
781	0.945402
782	0.856322
783	0.933908
784	0.885057
785	0.864943
786	0.890805
787	0.954023
788	0.908046
789	0.804598
790	0.931034
791	0.91092
792	0.95977
793	0.931034
794	0.867816
795	0.867816
796	0.704023
797	0.954023
798	0.902299
799	0.793103
800	0.922414
801	0.908046
802	0.91954
803	0.767241
804	0.885057
805	0.821839
806	0.928161
807	0.876437
808	0.683908
809	0.951149
810	0.936782
811	0.841954
812	0.948276
813	0.87931
814	0.922414
815	0.942529
816	0.962644
817	0.951149
818	0.95977
819	0.968391
820	0.962644
821	0.853448
822	0.977011
823	0.968391
824	0.982759
825	0.925287
826	0.83908
827	0.945402
828	0.956897
829	1
830	0.971264
831	0.945402
832	0.948276
833	0.965517
834	0.643678
835	0.887931
836	0.712644
837	0.916667
838	0.833333
839	0.87931
840	0.982759
841	0.982759
842	0.841954
843	0.936782
844	0.971264
845	0.913793
846	0.859195
847	0.982759
848	0.931034
849	0.951149
850	0.925287
851	0.965517
852	0.977011
853	0.931034
854	0.931034
855	0.939655
856	0.982759
857	0.951149
858	0.956897
859	1
860	0.951149
861	0.87931
862	0.87069
863	0.982759
864	0.727011
865	0.968391
866	0.985632
867	0.807471
868	0.91954
869	0.936782
870	0.965517
871	0.896552
872	0.899425
873	0.948276
874	0.778736
875	0.942529
876	0.971264
877	0.942529
878	0.936782
879	0.997126
880	0.936782
881	0.979885
882	0.942529
883	0.744253
884	0.755747
885	0.755747
886	0.916667
887	0.91092
888	0.925287
889	0.902299
890	0.821839
891	0.925287
892	0.913793
893	0.899425
894	0.908046
895	0.864943
896	0.968391
897	0.928161
898	0.933908
899	0.91954
900	0.933908
901	0.795977
902	0.91092
903	0.729885
904	0.813218
905	0.954023
906	0.735632
907	0.683908
908	0.933908
909	0.761494
910	0.91092
911	0.686782
912	0.931034
913	0.974138
914	0.804598
915	0.956897
916	0.945402
917	0.885057
918	0.939655
919	0.994253
920	0.916667
921	0.95977
922	0.951149
923	0.982759
924	0.942529
925	0.873563
926	0.79023
927	0.954023
928	0.876437
929	0.591954
930	0.95977
931	0.942529
932	0.962644
933	0.916667
934	0.977011
935	0.91954
936	0.931034
937	0.836207
938	0.942529
939	0.925287
940	0.971264
941	0.867816
942	0.893678
943	0.968391
944	0.873563
945	0.747126
946	0.977011
947	0.732759
948	0.931034
949	0.95977
950	0.991379
951	0.902299
952	0.890805
953	0.890805
954	0.913793
955	0.965517
956	0.916667
957	0.954023
958	0.971264
959	0.890805
960	0.931034
961	1
962	0.758621
963	0.83046
964	0.804598
965	0.962644
966	0.971264
967	0.962644
968	0.867816
969	0.945402
970	0.87931
971	0.942529
972	0.951149
973	0.922414
974	0.862069
975	0.985632
976	0.942529
977	0.954023
978	0.87069
979	0.864943
980	0.844828
981	0.729885
982	0.954023
983	0.925287
984	0.971264
985	0.824713
986	0.971264
987	0.721264
988	0.95977
989	0.994253
990	1
991	0.862069
992	0.91954
993	0.925287
994	1
995	0.933908
996	0.954023
997	0.87069
998	0.936782
999	0.968391
1000	0.781609
1001	0.965517
1002	0.982759
1003	0.896552
1004	0.962644
1005	0.968391
1006	0.954023
1007	0.882184
1008	0.867816
1009	0.847701
1010	0.951149
1011	0.965517
1012	0.982759
1013	1
1014	0.945402
1015	0.956897
1016	0.954023
1017	0.933908
1018	0.942529
1019	0.70977
1020	0.864943
1021	0.939655
1022	0.979885
1023	0.936782
1024	0.902299
1025	0.968391
1026	0.951149
1027	0.979885
1028	0.856322
1029	0.962644
1030	0.91092
1031	0.965517
1032	0.902299
1033	0.936782
1034	0.741379
1035	0.977011
1036	0.913793
1037	0.916667
1038	0.856322
1039	0.942529
1040	0.95977
1041	0.643678
1042	0.916667
1043	0.977011
1044	0.844828
1045	0.885057
1046	0.971264
1047	1
1048	0.968391
1049	0.91954
1050	0.956897
1051	0.91092
1052	0.761494
1053	0.954023
1054	0.945402
1055	0.873563
1056	0.931034
1057	0.951149
1058	0.864943
1059	0.951149
1060	0.979885
1061	0.784483
1062	0.962644
1063	0.948276
1064	0.977011
1065	0.982759
1066	0.939655
1067	0.971264
1068	0.913793
1069	0.956897
1070	0.896552
1071	0.962644
1072	0.925287
1073	0.954023
1074	0.931034
1075	0.931034
1076	0.95977
1077	0.735632
1078	0.867816
1079	0.833333
1080	0.856322
1081	0.965517
1082	0.925287
1083	0.678161
1084	0.954023
1085	0.948276
1086	0.936782
1087	1
1088	0.91954
1089	0.91954
1090	0.954023
1091	0.890805
1092	0.853448
1093	0.954023
1094	0.836207
1095	0.75
1096	1
1097	0.853448
1098	0.936782
1099	0.833333
1100	0.948276
1101	0.718391
1102	0.704023
1103	0.962644
1104	0.913793
1105	0.755747
1106	0.810345
1107	0.767241
1108	0.770115
1109	0.948276
1110	0.956897
1111	0.948276
1112	0.945402
1113	0.977011
1114	0.867816
1115	0.795977
1116	0.91954
1117	0.945402
1118	0.95977
1119	0.862069
1120	0.701149
1121	0.885057
1122	0.856322
1123	0.873563
1124	0.977011
1125	0.977011
1126	0.836207
1127	0.954023
1128	0.784483
1129	0.864943
1130	0.867816
1131	0.942529
1132	0.971264
1133	0.971264
1134	0.925287
1135	0.933908
1136	0.813218
1137	0.890805
1138	0.948276
1139	1
1140	0.954023
1141	0.844828
1142	0.994253
1143	0.902299
1144	0.936782
1145	0.844828
1146	0.971264
1147	0.948276
1148	0.83908
1149	0.974138
1150	0.896552
1151	0.715517
1152	0.925287
1153	0.948276
1154	0.979885
1155	0.890805
1156	0.977011
1157	0.925287
1158	0.974138
1159	0.91954
1160	0.87069
1161	0.867816
1162	0.945402
1163	0.887931
1164	0.956897
1165	0.905172
1166	0.962644
1167	0.804598
1168	0.916667
1169	0.795977
1170	0.761494
1171	0.801724
1172	0.913793
1173	0.95977
1174	0.977011
1175	0.939655
1176	0.954023
1177	0.942529
1178	0.988506
1179	0.956897
1180	1
1181	0.945402
1182	0.902299
1183	0.991379
1184	0.95977
1185	0.91954
1186	0.95977
1187	0.962644
1188	0.905172
1189	0.933908
1190	0.752874
1191	0.913793
1192	0.965517
1193	0.931034
1194	0.905172
1195	0.905172
1196	0.95977
1197	0.942529
1198	0.744253
1199	0.971264
1200	0.974138
1201	0.551724
1202	0.962644
1203	0.954023
1204	0.977011
1205	0.971264
1206	0.971264
1207	0.755747
1208	0.965517
1209	0.982759
1210	0.844828
1211	0.902299
1212	0.908046
1213	1
1214	0.902299
1215	0.977011
1216	0.948276
1217	0.954023
1218	0.945402
1219	0.520115
1220	0.991379
1221	0.882184
1222	0.942529
1223	0.928161
1224	0.95977
1225	0.908046
1226	0.859195
1227	0.922414
1228	0.936782
1229	0.902299
1230	0.925287
1231	0.908046
1232	0.974138
1233	0.977011
1234	0.841954
1235	1
1236	0.91092
1237	0.948276
1238	0.931034
1239	0.896552
1240	0.91954
1241	0.876437
1242	0.899425
1243	0.885057
1244	0.925287
1245	0.925287
1246	0.945402
1247	0.948276
1248	0.95977
1249	0.764368
1250	0.95977
1251	0.936782
1252	0.974138
1253	0.87931
1254	0.908046
1255	0.87931
1256	0.974138
1257	0.827586
1258	0.951149
1259	0.807471
1260	0.91092
1261	0.600575
1262	0.95977
1263	0.954023
1264	0.887931
1265	0.787356
1266	0.784483
1267	0.948276
1268	0.882184
1269	0.87931
1270	0.968391
1271	0.962644
1272	0.977011
1273	0.902299
1274	0.847701
1275	0.928161
1276	0.974138
1277	0.83046
1278	0.847701
1279	0.928161
1280	0.933908
1281	0.95977
1282	0.95977
1283	0.867816
1284	0.968391
1285	0.979885
1286	0.968391
1287	0.931034
1288	0.931034
1289	0.979885
1290	0.859195
1291	0.91954
1292	0.925287
1293	0.936782
1294	0.908046
1295	0.859195
1296	0.931034
1297	0.83046
1298	0.876437
1299	0.887931
1300	0.925287
1301	0.75
1302	0.982759
1303	0.977011
1304	0.905172
1305	0.956897
1306	0.936782
1307	0.956897
1308	0.936782
1309	0.977011
1310	0.974138
1311	0.70977
1312	0.916667
1313	0.87931
1314	0.95977
1315	0.95977
1316	0.971264
1317	0.876437
1318	0.862069
1319	0.951149
1320	0.948276
1321	0.939655
1322	0.945402
1323	0.95977
1324	0.864943
1325	0.867816
1326	0.899425
1327	0.87069
1328	0.968391
1329	0.971264
1330	0.945402
1331	0.887931
1332	0.968391
1333	0.945402
1334	0.859195
1335	0.954023
1336	0.968391
1337	0.965517
1338	0.936782
1339	0.890805
1340	0.962644
1341	0.974138
1342	0.856322
1343	0.948276
1344	0.971264
1345	0.801724
1346	0.951149
1347	0.899425
1348	0.968391
1349	0.75
1350	0.974138
1351	0.887931
1352	0.939655
1353	0.971264
1354	0.862069
1355	0.887931
1356	0.925287
1357	0.859195
1358	0.942529
1359	0.853448
1360	0.655172
1361	0.79023
1362	0.965517
1363	0.945402
1364	0.954023
1365	0.701149
1366	0.922414
1367	0.928161
1368	0.603448
1369	0.701149
1370	0.91954
1371	0.948276
1372	0.942529
1373	0.942529
1374	0.982759
1375	0.844828
1376	0.979885
1377	0.885057
1378	0.735632
1379	0.977011
1380	0.951149
1381	0.925287
1382	0.658046
1383	0.936782
1384	0.95977
1385	0.971264
1386	0.623563
1387	0.95977
1388	0.772989
1389	0.971264
1390	0.971264
1391	0.887931
1392	0.971264
1393	0.977011
1394	0.890805
1395	0.841954
1396	0.956897
1397	0.939655
1398	0.867816
1399	1
1400	0.977011
1401	0.916667
1402	0.936782
1403	0.956897
1404	0.968391
1405	0.956897
1406	0.977011
1407	0.977011
1408	0.551724
1409	0.91092
1410	0.925287
1411	0.942529
1412	0.853448
1413	0.841954
1414	0.985632
1415	0.977011
1416	0.928161
1417	0.844828
1418	0.873563
1419	0.833333
1420	0.882184
1421	0.954023
1422	0.908046
1423	0.939655
1424	0.971264
1425	0.873563
1426	0.818966
1427	0.974138
1428	0.968391
1429	0.971264
1430	0.962644
1431	0.971264
1432	0.91954
1433	0.928161
1434	0.908046
1435	0.951149
1436	0.913793
1437	0.974138
1438	0.974138
1439	0.781609
1440	0.939655
1441	0.887931
1442	0.887931
1443	0.905172
1444	0.801724
1445	0.945402
1446	0.968391
1447	0.873563
1448	0.951149
1449	0.882184
1450	0.908046
1451	0.945402
1452	0.942529
1453	0.945402
1454	0.813218
1455	0.821839
1456	0.850575
1457	0.968391
1458	0.971264
1459	0.896552
1460	0.908046
1461	0.864943
1462	0.951149
1463	0.896552
1464	0.905172
1465	0.956897
1466	0.91954
1467	0.735632
1468	0.95977
1469	0.83908
1470	0.988506
1471	0.925287
1472	0.83046
1473	0.979885
1474	0.867816
1475	0.968391
1476	0.939655
1477	0.95977
1478	0.936782
1479	0.965517
1480	0.810345
1481	0.899425
1482	0.87931
1483	0.991379
1484	0.954023
1485	0.908046
1486	0.652299
1487	0.873563
1488	0.939655
1489	0.931034
1490	0.997126
1491	0.902299
1492	0.847701
1493	0.928161
1494	0.95977
1495	0.939655
1496	0.939655
1497	0.939655
1498	0.971264
1499	0.744253
1500	0.971264
1501	0.862069
1502	0.66092
1503	0.971264
1504	0.850575
1505	0.95977
1506	0.954023
1507	0.965517
1508	0.853448
1509	0.968391
1510	0.948276
1511	0.948276
1512	0.775862
1513	0.925287
1514	0.954023
1515	0.971264
1516	0.988506
1517	0.623563
1518	0.922414
1519	0.951149
1520	0.933908
1521	0.948276
1522	0.87931
1523	0.962644
1524	1
1525	0.862069
1526	0.95977
1527	0.787356
1528	0.962644
1529	0.965517
1530	0.772989
1531	0.890805
1532	0.95977
1533	0.859195
1534	0.850575
1535	0.836207
1536	0.91954
1537	0.968391
1538	0.956897
1539	0.95977
1540	0.698276
1541	0.876437
1542	0.985632
1543	0.95977
1544	0.948276
1545	0.982759
1546	0.899425
1547	0.956897
1548	0.916667
1549	0.951149
1550	0.882184
1551	0.836207
1552	0.979885
1553	0.83046
1554	0.951149
1555	0.890805
1556	0.91092
1557	0.936782
1558	0.971264
1559	0.956897
1560	0.856322
1561	0.652299
1562	0.942529
1563	0.876437
1564	0.948276
1565	0.902299
1566	0.95977
1567	0.979885
1568	0.977011
1569	0.896552
1570	0.91092
1571	0.991379
1572	0.956897
1573	0.798851
1574	0.974138
1575	0.971264
1576	0.95977
1577	0.951149
1578	0.91092
1579	0.91954
1580	0.87069
1581	0.933908
1582	0.936782
1583	0.977011
1584	0.933908
1585	0.948276
1586	0.850575
1587	0.948276
1588	0.640805
1589	0.95977
1590	0.939655
1591	0.951149
1592	0.962644
1593	0.928161
1594	0.824713
1595	0.810345
1596	0.979885
1597	0.982759
1598	0.979885
1599	0.928161
1600	0.916667
1601	0.931034
1602	0.890805
1603	0.971264
1604	0.772989
1605	0.905172
1606	0.804598
1607	1
1608	0.942529
1609	0.95977
1610	0.862069
1611	0.939655
1612	0.931034
1613	0.974138
1614	0.988506
1615	0.956897
1616	1
1617	0.821839
1618	0.91092
1619	0.66092
1620	0.885057
1621	0.95977
1622	0.925287
1623	0.95977
1624	0.853448
1625	0.816092
1626	0.939655
1627	0.974138
1628	0.948276
1629	0.836207
1630	0.752874
1631	0.890805
1632	0.95977
1633	0.962644
1634	0.916667
1635	0.841954
1636	0.91954
1637	0.95977
1638	0.83908
1639	0.83046
1640	0.95977
1641	0.942529
1642	0.913793
1643	0.971264
1644	0.873563
1645	0.979885
1646	0.956897
1647	0.931034
1648	0.890805
1649	0.95977
1650	0.931034
1651	0.971264
1652	0.925287
1653	0.95977
1654	0.933908
1655	0.896552
1656	0.948276
1657	0.965517
1658	0.945402
1659	0.971264
1660	0.876437
1661	0.945402
1662	0.965517
1663	0.974138
1664	0.951149
1665	0.862069
1666	0.965517
1667	0.885057
1668	0.87931
1669	0.908046
1670	0.945402
1671	0.948276
1672	0.939655
1673	0.942529
1674	0.87069
1675	0.905172
1676	0.977011
1677	0.83908
1678	0.859195
1679	0.833333
1680	0.893678
1681	0.954023
1682	0.965517
1683	0.867816
1684	0.899425
1685	0.704023
1686	0.764368
1687	0.818966
1688	0.956897
1689	0.951149
1690	0.931034
1691	0.968391
1692	0.931034
1693	0.856322
1694	0.971264
1695	0.747126
1696	0.951149
1697	0.982759
1698	0.933908
1699	0.928161
1700	0.704023
1701	0.847701
1702	0.939655
1703	0.936782
1704	0.704023
1705	0.974138
1706	0.95977
1707	0.991379
1708	0.939655
1709	0.689655
1710	0.83908
1711	0.681034
1712	0.968391
1713	0.942529
1714	0.965517
1715	0.931034
1716	0.965517
1717	0.836207
1718	0.985632
1719	0.87931
1720	0.968391
1721	0.847701
1722	0.810345
1723	0.95977
1724	0.821839
1725	0.813218
1726	0.951149
1727	0.905172
1728	0.962644
1729	0.603448
1730	0.954023
1731	0.87931
1732	0.896552
1733	0.951149
1734	0.951149
1735	0.985632
1736	0.931034
1737	0.965517
1738	0.979885
1739	0.721264
1740	0.922414
1741	0.836207
1742	0.936782
1743	0.873563
1744	0.922414
1745	0.813218
1746	0.853448
1747	0.956897
1748	0.925287
1749	0.971264
1750	0.974138
1751	0.954023
1752	0.962644
1753	0.931034
1754	0.942529
1755	0.965517
1756	0.933908
1757	0.882184
1758	0.890805
1759	0.931034
1760	0.695402
1761	0.974138
1762	0.982759
1763	0.885057
1764	0.954023
1765	0.798851
1766	0.893678
1767	0.87069
1768	0.899425
1769	0.925287
1770	0.83908
1771	0.732759
1772	0.850575
1773	0.988506
1774	0.968391
1775	0.971264
1776	0.856322
1777	0.962644
1778	0.810345
1779	0.95977
1780	0.770115
1781	0.974138
1782	0.971264
1783	0.982759
1784	0.87931
1785	0.827586
1786	0.977011
1787	0.948276
1788	0.954023
1789	0.913793
1790	0.807471
1791	0.985632
1792	0.741379
1793	0.678161
1794	0.965517
1795	0.876437
1796	0.985632
1797	0.755747
1798	0.968391
1799	0.95977
1800	0.95977
1801	0.951149
1802	0.75
1803	0.818966
1804	0.977011
1805	0.925287
1806	0.977011
1807	0.945402
1808	0.965517
1809	0.807471
1810	0.850575
1811	0.951149
1812	0.798851
1813	0.850575
1814	0.735632
1815	0.948276
1816	0.954023
1817	0.951149
1818	0.706897
1819	0.939655
1820	1
1821	0.663793
1822	0.649425
1823	0.977011
1824	0.977011
1825	1
1826	0.925287
1827	0.931034
1828	0.908046
1829	0.942529
1830	0.982759
1831	0.948276
1832	0.948276
1833	0.965517
1834	0.913793
1835	0.931034
1836	0.902299
1837	0.977011
1838	0.91954
1839	0.882184
1840	0.971264
1841	0.882184
1842	0.942529
1843	0.87931
1844	0.971264
1845	0.850575
1846	0.91092
1847	0.951149
1848	0.844828
1849	0.902299
1850	0.908046
1851	0.971264
1852	0.681034
1853	0.916667
1854	0.856322
1855	0.887931
1856	0.968391
1857	0.856322
1858	0.968391
1859	0.91954
1860	0.928161
1861	0.606322
1862	0.856322
1863	0.988506
1864	0.784483
1865	0.948276
1866	0.968391
1867	0.965517
1868	0.908046
1869	0.727011
1870	0.79023
1871	0.913793
1872	0.853448
1873	0.939655
1874	0.997126
1875	0.658046
1876	0.962644
1877	0.939655
1878	0.962644
1879	0.908046
1880	0.908046
1881	0.965517
1882	0.916667
1883	0.931034
1884	0.933908
1885	0.931034
1886	0.741379
1887	0.827586
1888	0.887931
1889	0.982759
1890	0.675287
1891	0.873563
1892	0.936782
1893	0.905172
1894	0.968391
1895	0.931034
1896	0.916667
1897	0.896552
1898	0.928161
1899	0.850575
1900	0.931034
1901	0.885057
1902	0.594828
1903	0.977011
1904	0.87931
1905	0.862069
1906	0.908046
1907	0.95977
1908	0.862069
1909	0.931034
1910	0.887931
1911	0.979885
1912	0.939655
1913	0.864943
1914	0.954023
1915	0.971264
1916	0.896552
1917	0.925287
1918	0.893678
1919	0.867816
1920	0.925287
1921	0.83046
1922	0.810345
1923	0.844828
1924	0.95977
1925	0.971264
1926	0.787356
1927	0.95977
1928	0.936782
1929	0.922414
1930	0.916667
1931	0.965517
1932	0.951149
1933	0.95977
1934	0.885057
1935	0.979885
1936	0.945402
1937	0.87069
1938	0.876437
1939	0.899425
1940	0.985632
1941	0.948276
1942	0.942529
1943	0.931034
1944	0.925287
1945	0.968391
1946	0.956897
1947	0.939655
1948	0.948276
1949	0.798851
1950	0.971264
1951	0.951149
1952	0.939655
1953	0.916667
1954	0.977011
1955	0.977011
1956	0.787356
1957	0.841954
1958	0.91092
1959	0.899425
1960	0.681034
1961	0.856322
1962	0.956897
1963	0.893678
1964	0.905172
1965	0.873563
1966	0.772989
1967	0.925287
1968	0.887931
1969	0.971264
1970	0.761494
1971	0.948276
1972	0.925287
1973	0.781609
1974	0.681034
1975	0.902299
1976	0.890805
1977	1
1978	0.887931
1979	0.948276
1980	0.985632
1981	0.841954
1982	0.908046
1983	0.939655
1984	0.896552
1985	0.862069
1986	0.933908
1987	0.87931
1988	0.916667
1989	0.87931
1990	0.87931
1991	0.83908
1992	0.971264
1993	0.770115
1994	0.798851
1995	0.543103
1996	0.896552
1997	0.965517
1998	0.833333
1999	0.649425
2000	0.971264
2001	0.936782
2002	0.925287
2003	0.908046
2004	0.885057
2005	0.956897
2006	0.977011
2007	0.974138
2008	0.951149
2009	0.741379
2010	0.87069
2011	0.801724
2012	0.936782
2013	0.956897
2014	0.91954
2015	0.876437
2016	0.948276
2017	0.856322
2018	0.885057
2019	0.948276
2020	0.954023
2021	0.971264
2022	0.965517
2023	0.95977
2024	0.908046
2025	0.942529
2026	0.876437
2027	0.933908
2028	0.951149
2029	0.847701
2030	0.758621
2031	0.686782
2032	0.936782
2033	0.988506
2034	0.988506
2035	0.850575
2036	0.876437
2037	0.942529
2038	0.916667
2039	0.882184
2040	0.922414
2041	0.922414
2042	0.922414
2043	0.905172
2044	0.962644
2045	0.956897
2046	0.951149
2047	0.945402
2048	0.928161
2049	0.882184
2050	0.867816
2051	0.954023
2052	0.882184
2053	0.956897
2054	0.985632
2055	0.761494
2056	0.913793
2057	0.922414
2058	0.942529
2059	0.954023
2060	0.956897
2061	0.948276
2062	0.945402
2063	0.928161
2064	0.939655
2065	0.821839
2066	0.968391
2067	0.91954
2068	0.905172
2069	0.962644
2070	0.876437
2071	0.850575
2072	0.939655
2073	0.91954
2074	0.864943
2075	0.954023
2076	0.968391
2077	0.951149
2078	0.896552
2079	0.922414
2080	0.945402
2081	0.867816
2082	0.942529
2083	0.922414
2084	0.856322
2085	0.95977
2086	0.896552
2087	0.893678
2088	0.744253
2089	1
2090	0.87931
2091	0.908046
2092	0.954023
2093	0.793103
2094	0.793103
2095	0.925287
2096	0.784483
2097	0.91092
2098	1
2099	0.936782
2100	0.83046
2101	0.962644
2102	0.936782
2103	0.974138
2104	0.804598
2105	0.928161
2106	0.79023
2107	0.867816
2108	0.833333
2109	0.933908
2110	0.939655
2111	0.962644
2112	0.821839
2113	0.864943
2114	0.902299
2115	0.942529
2116	0.62931
2117	0.95977
2118	0.652299
2119	1
2120	0.62931
2121	0.971264
2122	0.936782
2123	0.933908
2124	0.873563
2125	0.922414
2126	0.977011
2127	0.856322
2128	0.95977
2129	0.859195
2130	0.928161
2131	0.902299
2132	0.931034
2133	0.764368
2134	0.867816
2135	0.931034
2136	0.752874
2137	0.954023
2138	0.91092
2139	0.977011
2140	0.977011
2141	0.965517
2142	0.936782
2143	0.626437
2144	0.956897
2145	0.977011
2146	0.962644
2147	0.804598
2148	0.844828
2149	0.925287
2150	0.985632
2151	0.867816
2152	0.87069
2153	0.876437
2154	0.899425
2155	0.965517
2156	0.922414
2157	0.95977
2158	0.821839
2159	0.818966
2160	0.933908
2161	0.899425
2162	0.954023
2163	0.885057
2164	0.890805
2165	0.902299
2166	0.646552
2167	0.678161
2168	0.948276
2169	0.954023
2170	0.936782
2171	0.735632
2172	0.942529
2173	0.945402
2174	0.948276
2175	0.977011
2176	0.87069
2177	0.936782
2178	0.945402
2179	0.928161
2180	0.925287
2181	0.755747
2182	0.864943
2183	0.606322
2184	0.977011
2185	0.942529
2186	0.698276
2187	0.804598
2188	0.977011
2189	0.965517
2190	0.979885
2191	0.962644
2192	0.95977
2193	0.922414
2194	0.928161
2195	0.971264
2196	0.715517
2197	0.922414
2198	0.908046
2199	0.873563
2200	0.827586
2201	0.925287
2202	0.827586
2203	0.66954
2204	0.962644
2205	0.862069
2206	0.933908
2207	0.692529
2208	0.951149
2209	0.948276
2210	0.974138
2211	0.95977
2212	0.899425
2213	0.956897
2214	0.856322
2215	0.916667
2216	1
2217	0.948276
2218	0.942529
2219	0.945402
2220	0.965517
2221	0.942529
2222	0.95977
2223	0.971264
2224	0.916667
2225	0.965517
2226	0.968391
2227	0.841954
2228	0.841954
2229	0.962644
2230	0.925287
2231	0.974138
2232	0.948276
2233	0.936782
2234	0.977011
2235	0.859195
2236	0.951149
2237	0.706897
2238	0.913793
2239	0.951149
2240	0.793103
2241	0.948276
2242	0.859195
2243	0.974138
2244	0.95977
2245	0.793103
2246	0.856322
2247	0.908046
2248	0.893678
2249	0.962644
2250	0.902299
2251	0.902299
2252	0.902299
2253	0.79023
2254	0.939655
2255	0.942529
2256	0.933908
2257	0.70977
2258	0.913793
2259	0.91092
2260	0.928161
2261	0.893678
2262	0.948276
2263	0.942529
2264	0.859195
2265	0.75
2266	0.971264
2267	0.893678
2268	0.951149
2269	0.925287
2270	0.922414
2271	0.945402
2272	0.933908
2273	0.813218
2274	0.951149
2275	0.95977
2276	0.931034
2277	0.939655
2278	0.890805
2279	0.948276
2280	0.827586
2281	0.841954
2282	0.925287
2283	0.945402
2284	0.95977
2285	0.887931
2286	0.850575
2287	0.942529
2288	0.91092
2289	0.974138
2290	0.827586
2291	0.965517
2292	0.977011
2293	0.962644
2294	0.962644
2295	0.698276
2296	0.965517
2297	0.899425
2298	0.95977
2299	0.948276
2300	0.844828
2301	0.985632
2302	0.942529
2303	0.965517
2304	0.971264
2305	1
2306	0.79023
2307	0.956897
2308	0.945402
2309	0.945402
2310	0.936782
2311	0.902299
2312	0.965517
2313	0.936782
2314	0.859195
2315	0.853448
2316	0.87069
2317	0.956897
2318	0.968391
2319	0.954023
2320	0.948276
2321	0.936782
2322	0.948276
2323	0.873563
2324	0.913793
2325	0.818966
2326	0.933908
2327	0.931034
2328	0.632184
2329	0.994253
2330	0.945402
2331	0.913793
2332	0.916667
2333	0.942529
2334	0.925287
2335	0.965517
2336	0.864943
2337	0.813218
2338	0.962644
2339	0.727011
2340	0.816092
2341	1
2342	0.945402
2343	0.988506
2344	0.91954
2345	0.821839
2346	0.931034
2347	0.954023
2348	0.977011
2349	0.833333
2350	0.902299
2351	0.87931
2352	0.738506
2353	0.945402
2354	0.887931
2355	0.83908
2356	0.916667
2357	0.939655
2358	0.887931
2359	0.945402
2360	0.948276
2361	0.882184
2362	0.887931
2363	0.965517
2364	0.962644
2365	0.965517
2366	0.91954
2367	0.965517
2368	0.810345
2369	0.956897
2370	0.95977
2371	0.977011
2372	0.951149
2373	0.778736
2374	0.744253
2375	0.899425
2376	0.945402
2377	0.87069
2378	0.890805
2379	0.948276
2380	0.985632
2381	0.916667
2382	0.804598
2383	0.640805
2384	0.890805
2385	0.902299
2386	0.893678
2387	0.939655
2388	0.997126
2389	0.859195
2390	0.91954
2391	0.841954
2392	0.951149
2393	0.954023
2394	0.913793
2395	0.939655
2396	0.882184
2397	0.931034
2398	0.844828
2399	0.836207
2400	0.956897
2401	0.954023
2402	0.913793
2403	0.87931
2404	0.905172
2405	0.505747
2406	0.971264
2407	0.982759
2408	0.979885
2409	0.965517
2410	0.896552
2411	0.948276
2412	0.965517
2413	0.948276
2414	0.810345
2415	0.948276
2416	0.971264
2417	0.91954
2418	0.916667
2419	0.844828
2420	0.942529
2421	0.928161
2422	0.913793
2423	0.974138
2424	0.922414
2425	0.925287
2426	0.936782
2427	0.928161
2428	0.885057
2429	0.936782
2430	0.954023
2431	0.890805
2432	0.974138
2433	0.902299
2434	0.956897
2435	0.916667
2436	0.594828
2437	0.752874
2438	0.885057
2439	0.908046
2440	0.913793
2441	0.91954
2442	0.735632
2443	0.948276
2444	0.95977
2445	0.939655
2446	0.942529
2447	0.936782
2448	0.974138
2449	0.954023
2450	0.965517
2451	0.836207
2452	0.95977
2453	0.91954
2454	0.905172
2455	0.985632
2456	0.801724
2457	0.91954
2458	0.841954
2459	0.821839
2460	0.954023
2461	0.965517
2462	0.942529
2463	0.873563
2464	0.936782
2465	0.867816
2466	0.928161
2467	0.933908
2468	0.887931
2469	0.954023
2470	0.715517
2471	0.890805
2472	0.936782
2473	0.873563
2474	0.885057
2475	0.974138
2476	0.994253
2477	0.905172
2478	0.945402
2479	0.902299
2480	0.971264
2481	0.971264
2482	0.79023
2483	0.931034
2484	0.931034
2485	0.905172
2486	1
2487	0.841954
2488	0.965517
2489	0.882184
2490	0.982759
2491	0.908046
2492	0.974138
2493	0.87069
2494	0.850575
2495	0.971264
2496	0.971264
2497	0.913793
2498	0.922414
2499	0.882184
2500	0.931034
2501	0.951149
2502	0.887931
2503	0.942529
2504	0.942529
2505	0.738506
2506	0.810345
2507	0.965517
2508	0.704023
2509	0.798851
2510	0.954023
2511	0.968391
2512	0.968391
2513	0.890805
2514	0.827586
2515	0.942529
2516	0.931034
2517	0.91954
2518	0.948276
2519	0.922414
2520	0.91092
2521	0.91954
2522	0.867816
2523	0.974138
2524	0.824713
2525	0.873563
2526	0.939655
2527	0.913793
2528	0.982759
2529	0.988506
2530	0.908046
2531	0.821839
2532	0.775862
2533	0.95977
2534	0.899425
2535	0.925287
2536	0.91954
2537	0.936782
2538	0.965517
2539	0.939655
2540	0.942529
2541	0.652299
2542	0.933908
2543	0.899425
2544	0.810345
2545	0.95977
2546	0.931034
2547	0.66092
2548	0.91954
2549	0.968391
2550	0.896552
2551	0.965517
2552	0.761494
2553	0.925287
2554	0.971264
2555	0.968391
2556	0.850575
2557	0.977011
2558	0.902299
2559	0.916667
2560	0.954023
2561	0.979885
2562	0.977011
2563	0.974138
2564	0.939655
2565	0.965517
2566	0.933908
2567	0.951149
2568	0.968391
2569	0.913793
2570	0.982759
2571	0.979885
2572	0.83908
2573	0.95977
2574	0.933908
2575	0.91954
2576	0.933908
2577	0.954023
2578	0.781609
2579	0.968391
2580	0.850575
2581	0.902299
2582	0.87069
2583	0.864943
2584	0.902299
2585	0.942529
2586	0.936782
2587	0.75
2588	0.985632
2589	0.594828
2590	0.948276
2591	0.931034
2592	0.951149
2593	0.971264
2594	0.735632
2595	0.672414
2596	0.767241
2597	0.795977
2598	0.971264
2599	0.942529
2600	0.951149
2601	0.873563
2602	0.942529
2603	0.948276
2604	0.977011
2605	0.971264
2606	0.954023
2607	0.968391
2608	0.988506
2609	0.816092
2610	0.896552
2611	0.948276
2612	0.948276
2613	0.87069
2614	0.931034
2615	0.977011
2616	0.956897
2617	0.801724
2618	0.962644
2619	0.936782
2620	0.853448
2621	0.991379
2622	0.965517
2623	0.95977
2624	0.977011
2625	0.971264
2626	0.933908
2627	0.979885
2628	0.933908
2629	0.982759
2630	0.962644
2631	0.882184
2632	0.913793
2633	0.804598
2634	0.968391
2635	0.965517
2636	0.933908
2637	0.974138
2638	0.853448
2639	0.87931
2640	0.936782
2641	0.91092
2642	0.948276
2643	0.873563
2644	0.856322
2645	0.928161
2646	0.974138
2647	0.968391
2648	0.933908
2649	0.632184
2650	0.724138
2651	0.977011
2652	0.939655
2653	0.971264
2654	0.91954
2655	0.965517
2656	0.954023
2657	0.925287
2658	0.971264
2659	0.931034
2660	0.95977
2661	0.945402
2662	0.896552
2663	0.873563
2664	0.948276
2665	0.948276
2666	0.91092
2667	0.931034
2668	0.928161
2669	0.908046
2670	0.856322
2671	0.965517
2672	0.954023
2673	0.95977
2674	0.571839
2675	0.635057
2676	0.965517
2677	0.948276
2678	0.916667
2679	0.985632
2680	0.856322
2681	0.948276
2682	0.979885
2683	0.954023
2684	0.931034
2685	0.977011
2686	0.856322
2687	0.962644
2688	0.971264
2689	0.931034
2690	0.962644
2691	0.931034
2692	0.841954
2693	0.956897
2694	0.902299
2695	0.784483
2696	0.893678
2697	0.971264
2698	0.971264
2699	0.942529
2700	0.770115
2701	0.965517
2702	0.951149
2703	0.896552
2704	0.939655
2705	0.876437
2706	0.985632
2707	0.810345
2708	0.956897
2709	0.965517
2710	0.905172
2711	0.956897
2712	0.945402
2713	0.856322
2714	0.887931
2715	0.899425
2716	0.95977
2717	0.95977
2718	0.942529
2719	0.942529
2720	0.936782
2721	0.942529
2722	0.626437
2723	0.916667
2724	0.873563
2725	0.571839
2726	0.856322
2727	0.936782
2728	0.867816
2729	0.951149
2730	0.962644
2731	0.916667
2732	0.784483
2733	0.770115
2734	0.873563
2735	0.856322
2736	0.951149
2737	0.931034
2738	0.942529
2739	0.942529
2740	0.916667
2741	0.977011
2742	0.867816
2743	0.893678
2744	0.936782
2745	0.933908
2746	0.954023
2747	0.827586
2748	0.971264
2749	0.83046
2750	0.948276
2751	0.91092
2752	0.801724
2753	0.95977
2754	0.948276
2755	0.974138
2756	0.982759
2757	0.988506
2758	0.908046
2759	0.856322
2760	0.948276
2761	0.933908
2762	0.899425
2763	0.928161
2764	0.936782
2765	0.948276
2766	0.764368
2767	0.850575
2768	0.824713
2769	0.896552
2770	0.936782
2771	0.821839
2772	0.948276
2773	0.977011
2774	0.836207
2775	0.905172
2776	0.893678
2777	0.931034
2778	0.974138
2779	0.948276
2780	0.91092
2781	0.945402
2782	0.931034
2783	0.885057
2784	0.939655
2785	0.936782
2786	0.982759
2787	0.951149
2788	0.864943
2789	0.979885
2790	0.91954
2791	0.936782
2792	0.945402
2793	0.899425
2794	0.859195
2795	0.913793
2796	0.896552
2797	0.827586
2798	0.87069
2799	0.974138
2800	0.922414
2801	0.925287
2802	0.91092
2803	0.954023
2804	0.70977
2805	0.784483
2806	0.942529
2807	0.956897
2808	0.896552
2809	0.936782
2810	0.896552
2811	0.954023
2812	0.893678
2813	0.951149
2814	0.936782
2815	0.807471
2816	0.893678
2817	0.954023
2818	0.867816
2819	0.867816
2820	0.606322
2821	0.939655
2822	0.87069
2823	0.908046
2824	0.954023
2825	0.862069
2826	0.908046
2827	0.862069
2828	0.948276
2829	0.91954
2830	0.908046
2831	0.890805
2832	0.928161
2833	0.95977
2834	0.87069
2835	0.971264
2836	0.922414
2837	0.862069
2838	0.974138
2839	0.928161
2840	0.732759
2841	0.91954
2842	0.836207
2843	0.735632
2844	0.928161
2845	0.787356
2846	0.850575
2847	0.91954
2848	0.965517
2849	0.87931
2850	0.873563
2851	0.795977
2852	0.784483
2853	0.882184
2854	0.95977
2855	0.95977
2856	0.928161
2857	0.956897
2858	0.971264
2859	0.885057
2860	0.833333
2861	0.902299
2862	0.873563
2863	0.850575
2864	0.956897
2865	0.939655
2866	0.942529
2867	0.925287
2868	0.767241
2869	0.643678
2870	0.890805
2871	0.913793
2872	0.836207
2873	0.652299
2874	0.954023
2875	0.962644
2876	0.945402
2877	0.962644
2878	0.945402
2879	0.83046
2880	0.928161
2881	0.896552
2882	0.844828
2883	0.913793
2884	0.887931
2885	0.968391
2886	0.873563
2887	0.922414
2888	0.922414
2889	0.563218
2890	0.968391
2891	0.83046
2892	0.954023
2893	0.928161
2894	0.896552
2895	0.890805
2896	0.784483
2897	0.893678
2898	0.968391
2899	0.977011
2900	0.968391
2901	0.893678
2902	0.577586
2903	0.948276
2904	0.954023
2905	0.951149
2906	0.876437
2907	0.922414
2908	0.936782
2909	0.824713
2910	0.971264
2911	0.801724
2912	0.922414
2913	0.922414
2914	0.899425
2915	0.954023
2916	0.899425
2917	0.859195
2918	0.761494
2919	0.979885
2920	0.91092
2921	0.856322
2922	0.873563
2923	0.982759
2924	0.876437
2925	0.887931
2926	0.864943
2927	0.925287
2928	0.925287
2929	0.87931
2930	0.945402
2931	0.778736
2932	0.913793
2933	0.956897
2934	0.945402
2935	0.91954
2936	0.948276
2937	0.91954
2938	0.971264
2939	0.913793
2940	0.83046
2941	0.965517
2942	0.956897
2943	0.885057
2944	0.813218
2945	0.896552
2946	1
2947	1
2948	0.885057
2949	0.936782
2950	1
2951	0.91954
2952	0.962644
2953	0.965517
2954	0.971264
2955	0.885057
2956	0.95977
2957	0.954023
2958	0.925287
2959	0.928161
2960	0.95977
2961	0.945402
2962	0.945402
2963	0.942529
2964	0.982759
2965	0.873563
2966	0.885057
2967	0.896552
2968	0.933908
2969	0.79023
2970	0.873563
2971	0.936782
2972	0.925287
2973	0.91954
2974	0.954023
2975	0.864943
2976	0.951149
2977	0.945402
2978	0.899425
2979	0.841954
2980	0.87069
2981	0.836207
2982	0.916667
2983	0.974138
2984	0.979885
2985	0.933908
2986	0.66092
2987	0.787356
2988	0.908046
2989	0.899425
2990	0.985632
2991	0.893678
2992	0.908046
2993	0.916667
2994	0.735632
2995	0.908046
2996	0.945402
2997	0.954023
2998	0.988506
2999	0.977011
3000	0.663793
3001	0.873563
3002	0.928161
3003	0.954023
3004	0.977011
3005	0.856322
3006	0.968391
3007	0.818966
3008	0.933908
3009	0.988506
3010	0.962644
3011	0.816092
3012	0.850575
3013	0.979885
3014	0.741379
3015	0.908046
3016	0.83908
3017	0.890805
3018	0.902299
3019	0.606322
3020	0.896552
3021	0.945402
3022	0.856322
3023	0.882184
3024	0.942529
3025	0.844828
3026	0.954023
3027	0.948276
3028	0.876437
3029	0.885057
3030	0.778736
3031	0.767241
3032	0.617816
3033	0.977011
3034	0.893678
3035	0.807471
3036	0.982759
3037	0.767241
3038	0.908046
3039	0.899425
3040	0.853448
3041	0.954023
3042	0.833333
3043	0.896552
3044	0.922414
3045	0.965517
3046	0.95977
3047	0.974138
3048	0.925287
3049	0.948276
3050	0.931034
3051	0.968391
3052	0.867816
3053	0.954023
3054	0.971264
3055	0.925287
3056	0.933908
3057	0.982759
3058	0.813218
3059	0.778736
3060	0.928161
3061	0.956897
3062	0.948276
3063	0.890805
3064	0.864943
3065	0.977011
3066	0.896552
3067	0.91092
3068	0.928161
3069	0.956897
3070	0.925287
3071	0.968391
3072	0.942529
3073	0.939655
3074	0.962644
3075	0.936782
3076	0.939655
3077	0.954023
3078	0.844828
3079	0.936782
3080	0.933908
3081	0.951149
3082	0.859195
3083	0.936782
3084	0.925287
3085	0.979885
3086	0.844828
3087	0.856322
3088	0.954023
3089	0.804598
3090	0.689655
3091	0.942529
3092	0.899425
3093	0.908046
3094	0.83046
3095	0.965517
3096	0.882184
3097	0.945402
3098	0.936782
3099	0.778736
3100	1
3101	0.977011
3102	0.859195
3103	0.971264
3104	0.887931
3105	0.623563
3106	0.936782
3107	0.890805
3108	0.913793
3109	0.850575
3110	0.945402
3111	0.91092
3112	0.704023
3113	0.942529
3114	0.896552
3115	0.83908
3116	0.836207
3117	0.931034
3118	0.836207
3119	0.936782
3120	0.91954
3121	0.977011
3122	0.974138
3123	0.913793
3124	0.862069
3125	0.925287
3126	0.965517
3127	0.979885
3128	0.87931
3129	0.91092
3130	0.551724
3131	1
3132	0.847701
3133	0.864943
3134	0.902299
3135	0.913793
3136	0.928161
3137	0.968391
3138	0.965517
3139	0.988506
3140	0.951149
3141	0.951149
3142	0.824713
3143	1
3144	0.836207
3145	0.896552
3146	0.951149
3147	0.916667
3148	0.905172
3149	0.856322
3150	0.87069
3151	0.864943
3152	0.882184
3153	0.968391
3154	0.850575
3155	0.997126
3156	1
3157	0.997126
3158	0.813218
3159	0.965517
3160	0.853448
3161	0.885057
3162	0.979885
3163	0.965517
3164	0.962644
3165	0.905172
3166	0.962644
3167	0.83046
3168	0.971264
3169	0.974138
3170	0.974138
3171	0.948276
3172	0.896552
3173	0.807471
3174	0.91092
3175	0.997126
3176	0.95977
3177	0.962644
3178	0.936782
3179	0.833333
3180	0.902299
3181	0.956897
3182	0.956897
3183	0.968391
3184	0.968391
3185	0.905172
3186	0.974138
3187	0.913793
3188	0.873563
3189	0.893678
3190	0.885057
3191	0.810345
3192	0.991379
3193	0.931034
3194	0.850575
3195	0.95977
3196	0.646552
3197	0.87931
3198	0.859195
3199	0.899425
3200	0.977011
3201	0.956897
3202	0.775862
3203	0.994253
3204	0.882184
3205	0.873563
3206	0.936782
3207	0.793103
3208	0.836207
3209	0.971264
3210	0.741379
3211	0.859195
3212	0.91954
3213	0.758621
3214	0.936782
3215	0.948276
3216	0.931034
3217	0.977011
3218	0.977011
3219	0.862069
3220	0.968391
3221	0.954023
3222	0.704023
3223	0.936782
3224	0.954023
3225	0.925287
3226	1
3227	0.962644
3228	0.931034
3229	0.715517
3230	0.933908
3231	0.893678
3232	0.887931
3233	0.893678
3234	0.873563
3235	0.948276
3236	0.928161
3237	0.936782
3238	0.936782
3239	0.954023
3240	0.994253
3241	0.885057
3242	0.778736
3243	0.83908
3244	0.951149
3245	0.931034
3246	0.985632
3247	0.908046
3248	0.945402
3249	0.956897
3250	0.962644
3251	0.876437
3252	0.974138
3253	0.928161
3254	0.876437
3255	0.936782
3256	0.893678
3257	0.91954
3258	0.856322
3259	0.724138
3260	0.91092
3261	0.896552
3262	1
3263	0.982759
3264	0.945402
3265	0.922414
3266	0.887931
3267	0.864943
3268	0.833333
3269	0.758621
3270	0.925287
3271	0.956897
3272	0.715517
3273	0.922414
3274	0.908046
3275	0.931034
3276	0.971264
3277	0.988506
3278	0.971264
3279	0.75
3280	0.951149
3281	0.885057
3282	0.945402
3283	0.968391
3284	0.954023
3285	0.890805
3286	0.816092
3287	0.91954
3288	0.95977
3289	0.859195
3290	0.91092
3291	0.974138
3292	0.942529
3293	0.807471
3294	0.890805
3295	0.982759
3296	0.91954
3297	0.916667
3298	0.833333
3299	0.862069
3300	0.931034
3301	0.905172
3302	0.948276
3303	0.956897
3304	0.954023
3305	0.850575
3306	0.974138
3307	0.954023
3308	0.718391
3309	0.925287
3310	0.827586
3311	0.956897
3312	0.948276
3313	0.971264
3314	0.859195
3315	0.781609
3316	0.965517
3317	0.933908
3318	0.951149
3319	0.887931
3320	1
3321	0.954023
3322	0.951149
3323	0.83908
3324	0.867816
3325	0.954023
3326	0.890805
3327	0.95977
3328	0.807471
3329	0.968391
3330	0.91092
3331	0.83908
3332	0.948276
3333	0.775862
3334	0.91092
3335	0.916667
3336	0.916667
3337	0.974138
3338	0.956897
3339	0.931034
3340	1
3341	0.798851
3342	0.862069
3343	0.741379
3344	0.844828
3345	0.66092
3346	0.795977
3347	0.95977
3348	0.956897
3349	0.965517
3350	0.896552
3351	0.896552
3352	0.87931
3353	0.936782
3354	0.902299
3355	0.948276
3356	0.948276
3357	0.893678
3358	0.775862
3359	0.87931
3360	0.951149
3361	0.844828
3362	0.956897
3363	0.974138
3364	0.971264
3365	0.974138
3366	0.965517
3367	0.982759
3368	0.948276
3369	0.954023
3370	0.948276
3371	0.979885
3372	0.922414
3373	0.948276
3374	0.942529
3375	0.913793
3376	0.954023
3377	0.965517
3378	0.925287
3379	0.977011
3380	0.979885
3381	0.729885
3382	0.968391
3383	0.887931
3384	0.982759
3385	0.867816
3386	0.962644
3387	0.784483
3388	0.931034
3389	0.962644
3390	0.962644
3391	0.79023
3392	0.965517
3393	1
3394	0.936782
3395	0.905172
3396	0.974138
3397	0.718391
3398	0.956897
3399	0.971264
3400	0.968391
3401	0.902299
3402	0.922414
3403	0.818966
3404	0.784483
3405	0.974138
3406	0.956897
3407	0.928161
3408	0.87069
3409	0.971264
3410	0.793103
3411	0.91954
3412	0.942529
3413	0.91092
3414	0.928161
3415	0.965517
3416	0.678161
3417	1
3418	0.896552
3419	0.965517
3420	0.925287
3421	0.916667
3422	0.968391
3423	0.95977
3424	0.890805
3425	0.982759
3426	0.890805
3427	1
3428	0.813218
3429	0.971264
3430	0.979885
3431	0.925287
3432	0.91954
3433	0.738506
3434	0.956897
3435	0.965517
3436	0.893678
3437	0.936782
3438	0.913793
3439	0.95977
3440	0.850575
3441	0.931034
3442	0.876437
3443	0.91954
3444	0.784483
3445	0.612069
3446	0.87931
3447	0.913793
3448	0.859195
3449	0.896552
3450	0.948276
3451	0.922414
3452	0.95977
3453	0.902299
3454	0.979885
3455	0.939655
3456	0.91092
3457	0.95977
3458	0.939655
3459	0.821839
3460	0.908046
3461	0.836207
3462	0.942529
3463	0.982759
3464	0.971264
3465	0.965517
3466	0.951149
3467	0.965517
3468	0.962644
3469	0.968391
3470	0.933908
3471	0.933908
3472	0.962644
3473	0.893678
3474	0.939655
3475	0.971264
3476	0.936782
3477	0.772989
3478	0.862069
3479	1
3480	0.87931
3481	0.954023
3482	0.933908
3483	0.954023
3484	0.908046
3485	0.873563
3486	0.87069
3487	0.928161
3488	0.962644
3489	0.859195
3490	0.816092
3491	0.887931
3492	0.956897
3493	0.913793
3494	0.977011
3495	0.603448
3496	0.974138
3497	0.908046
3498	0.962644
3499	0.948276
3500	0.948276
3501	0.985632
3502	0.954023
3503	0.979885
3504	0.856322
3505	0.83908
3506	0.956897
3507	0.744253
3508	0.913793
3509	0.965517
3510	0.951149
3511	0.701149
3512	0.939655
3513	0.977011
3514	0.913793
3515	0.977011
3516	0.974138
3517	0.818966
3518	0.75
3519	0.931034
3520	0.945402
3521	0.738506
3522	0.945402
3523	0.951149
3524	0.804598
3525	0.925287
3526	0.922414
3527	1
3528	0.528736
3529	0.95977
3530	0.948276
3531	0.91954
3532	0.913793
3533	0.87069
3534	0.95977
3535	0.974138
3536	0.850575
3537	0.701149
3538	0.867816
3539	0.721264
3540	0.95977
3541	0.91954
3542	0.844828
3543	0.962644
3544	0.962644
3545	0.982759
3546	0.925287
3547	0.890805
3548	0.988506
3549	0.925287
3550	0.916667
3551	0.913793
3552	0.945402
3553	0.801724
3554	0.979885
3555	0.965517
3556	0.931034
3557	0.936782
3558	0.885057
3559	0.850575
3560	0.931034
3561	0.908046
3562	1
3563	0.956897
3564	0.844828
3565	0.70977
3566	1
3567	0.971264
3568	0.79023
3569	0.968391
3570	0.87069
3571	0.962644
3572	0.936782
3573	0.954023
3574	0.95977
3575	0.95977
3576	0.867816
3577	0.945402
3578	0.916667
3579	0.902299
3580	0.905172
3581	0.859195
3582	0.931034
3583	0.574713
3584	0.798851
3585	0.948276
3586	0.807471
3587	0.913793
3588	0.95977
3589	0.87931
3590	0.893678
3591	0.928161
3592	0.916667
3593	0.951149
3594	0.91092
3595	0.867816
3596	0.954023
3597	0.908046
3598	0.885057
3599	0.971264
3600	0.511494
3601	0.948276
3602	0.962644
3603	0.864943
3604	0.994253
3605	0.945402
3606	0.962644
3607	0.974138
3608	0.954023
3609	0.982759
3610	0.847701
3611	0.956897
3612	0.965517
3613	0.971264
3614	0.951149
3615	0.954023
3616	0.982759
3617	0.95977
3618	0.948276
3619	0.916667
3620	0.816092
3621	0.824713
3622	0.939655
3623	0.948276
3624	0.899425
3625	0.945402
3626	0.908046
3627	0.801724
3628	0.945402
3629	0.968391
3630	0.916667
3631	0.945402
3632	0.560345
3633	0.91954
3634	0.933908
3635	0.913793
3636	0.968391
3637	0.836207
3638	0.902299
3639	0.922414
3640	0.887931
3641	0.951149
3642	0.770115
3643	0.876437
3644	0.948276
3645	0.974138
3646	0.925287
3647	0.933908
3648	0.787356
3649	0.948276
3650	0.954023
3651	0.95977
3652	0.859195
3653	0.91092
3654	0.942529
3655	0.916667
3656	0.913793
3657	0.968391
3658	0.902299
3659	0.968391
3660	0.945402
3661	0.95977
3662	1
3663	0.899425
3664	0.939655
3665	0.887931
3666	0.956897
3667	0.876437
3668	0.876437
3669	1
3670	0.87931
3671	0.784483
3672	0.896552
3673	0.948276
3674	0.925287
3675	0.91954
3676	0.810345
3677	0.890805
3678	0.887931
3679	0.942529
3680	0.948276
3681	0.979885
3682	0.95977
3683	0.948276
3684	0.974138
3685	0.922414
3686	0.916667
3687	0.942529
3688	0.87931
3689	0.942529
3690	0.844828
3691	0.853448
3692	0.954023
3693	0.908046
3694	0.956897
3695	0.95977
3696	0.971264
3697	0.95977
3698	0.83908
3699	0.991379
3700	0.91092
3701	0.968391
3702	0.928161
3703	0.91954
3704	0.965517
3705	0.982759
3706	0.988506
3707	0.718391
3708	0.908046
3709	0.968391
3710	0.965517
3711	0.931034
3712	0.962644
3713	0.974138
3714	0.887931
3715	0.864943
3716	0.905172
3717	0.977011
3718	0.954023
3719	0.916667
3720	0.902299
3721	0.887931
3722	0.95977
3723	0.701149
3724	0.982759
3725	0.902299
3726	0.95977
3727	0.945402
3728	0.821839
3729	0.954023
3730	0.951149
3731	0.954023
3732	0.962644
3733	0.942529
3734	0.977011
3735	0.810345
3736	0.933908
3737	0.948276
3738	0.908046
3739	0.948276
3740	0.818966
3741	0.95977
3742	0.887931
3743	0.821839
3744	0.91092
3745	0.913793
3746	0.91092
3747	0.836207
3748	0.968391
3749	0.939655
3750	0.87931
3751	0.945402
3752	0.905172
3753	0.965517
3754	0.982759
3755	0.887931
3756	0.882184
3757	0.810345
3758	0.942529
3759	0.928161
3760	0.801724
3761	0.965517
3762	0.962644
3763	0.87931
3764	0.916667
3765	0.893678
3766	0.896552
3767	0.689655
3768	0.95977
3769	0.936782
3770	0.945402
3771	0.856322
3772	0.856322
3773	0.997126
3774	0.908046
3775	0.827586
3776	0.916667
3777	0.951149
3778	0.856322
3779	0.965517
3780	0.916667
3781	0.91092
3782	0.83908
3783	0.942529
3784	0.853448
3785	0.95977
3786	0.534483
3787	0.982759
3788	1
3789	0.945402
3790	0.977011
3791	0.951149
3792	0.916667
3793	0.979885
3794	0.977011
3795	0.951149
3796	0.965517
3797	0.925287
3798	0.956897
3799	0.931034
3800	0.945402
3801	0.945402
3802	0.962644
3803	0.908046
3804	0.905172
3805	0.971264
3806	0.856322
3807	0.810345
3808	0.864943
3809	0.908046
3810	0.649425
3811	0.977011
3812	0.939655
3813	0.896552
3814	0.945402
3815	0.948276
3816	0.925287
3817	0.908046
3818	0.994253
3819	0.916667
3820	0.905172
3821	0.856322
3822	0.87931
3823	0.91954
3824	0.675287
3825	0.864943
3826	0.893678
3827	0.994253
3828	0.841954
3829	0.979885
3830	0.968391
3831	0.859195
3832	0.945402
3833	0.87931
3834	0.899425
3835	0.971264
3836	0.885057
3837	0.962644
3838	0.925287
3839	0.890805
3840	0.79023
3841	0.974138
3842	0.965517
3843	0.948276
3844	0.91954
3845	0.965517
3846	0.925287
3847	0.942529
3848	0.893678
3849	0.850575
3850	0.954023
3851	0.988506
3852	0.893678
3853	0.939655
3854	0.928161
3855	0.974138
3856	0.942529
3857	0.876437
3858	0.939655
3859	0.890805
3860	0.87931
3861	0.939655
3862	0.83908
3863	0.945402
3864	0.778736
3865	0.890805
3866	0.931034
3867	0.936782
3868	0.971264
3869	0.778736
3870	0.902299
3871	0.931034
3872	0.83046
3873	1
3874	0.908046
3875	0.939655
3876	0.939655
3877	0.95977
3878	0.836207
3879	0.623563
3880	0.885057
3881	0.758621
3882	0.948276
3883	0.885057
3884	0.735632
3885	0.948276
3886	0.956897
3887	0.885057
3888	0.954023
3889	0.876437
3890	0.847701
3891	0.801724
3892	0.95977
3893	0.936782
3894	0.893678
3895	0.859195
3896	0.818966
3897	0.908046
3898	0.985632
3899	0.566092
3900	0.948276
3901	0.971264
3902	0.810345
3903	0.95977
3904	0.79023
3905	0.908046
3906	1
3907	0.913793
3908	0.974138
3909	0.928161
3910	0.864943
3911	0.893678
3912	0.916667
3913	0.965517
3914	0.965517
3915	0.95977
3916	0.833333
3917	0.916667
3918	0.859195
3919	0.727011
3920	0.712644
3921	0.91092
3922	0.971264
3923	0.936782
3924	1
3925	0.913793
3926	0.853448
3927	0.988506
3928	0.635057
3929	0.867816
3930	0.844828
3931	0.887931
3932	0.945402
3933	0.856322
3934	0.867816
3935	0.965517
3936	0.887931
3937	0.936782
3938	0.936782
3939	0.931034
3940	0.982759
3941	0.962644
3942	0.931034
3943	0.841954
3944	0.962644
3945	0.931034
3946	0.933908
3947	0.87931
3948	0.893678
3949	0.793103
3950	0.95977
3951	0.931034
3952	0.887931
3953	0.942529
3954	0.850575
3955	0.913793
3956	0.933908
3957	0.942529
3958	0.942529
3959	0.925287
3960	0.951149
3961	0.939655
3962	0.95977
3963	0.922414
3964	0.795977
3965	0.95977
3966	0.982759
3967	0.793103
3968	0.956897
3969	0.968391
3970	0.899425
3971	0.908046
3972	0.936782
3973	0.905172
3974	0.936782
3975	0.939655
3976	0.79023
3977	0.985632
3978	0.755747
3979	0.890805
3980	0.91954
3981	0.977011
3982	0.87069
3983	0.942529
3984	0.936782
3985	0.902299
3986	0.724138
3987	0.896552
3988	0.896552
3989	0.83908
3990	0.87931
3991	0.899425
3992	0.913793
3993	0.971264
3994	0.905172
3995	0.936782
3996	0.939655
3997	0.850575
3998	0.974138
3999	0.982759
4000	0.735632
4001	0.956897
4002	0.887931
4003	0.833333
4004	0.761494
4005	0.91954
4006	0.985632
4007	0.91954
4008	0.936782
4009	0.977011
4010	0.896552
4011	0.758621
4012	0.942529
4013	0.925287
4014	0.79023
4015	0.948276
4016	0.91092
4017	0.824713
4018	0.942529
4019	0.850575
4020	1
4021	0.974138
4022	0.968391
4023	0.954023
4024	0.956897
4025	0.890805
4026	0.948276
4027	0.931034
4028	0.971264
4029	0.890805
4030	0.95977
4031	0.979885
4032	0.893678
4033	0.850575
4034	0.939655
4035	0.818966
4036	0.775862
4037	0.977011
4038	0.985632
4039	0.991379
4040	0.833333
4041	0.948276
4042	0.732759
4043	0.985632
4044	0.649425
4045	0.939655
4046	0.795977
4047	0.715517
4048	0.933908
4049	0.982759
4050	0.945402
4051	0.795977
4052	0.936782
4053	0.91092
4054	0.810345
4055	0.902299
4056	0.899425
4057	0.87069
4058	0.956897
4059	0.933908
4060	0.856322
4061	0.91954
4062	0.965517
4063	0.933908
4064	0.956897
4065	0.896552
4066	0.905172
4067	0.724138
4068	0.945402
4069	0.95977
4070	0.925287
4071	0.908046
4072	0.537356
4073	0.810345
4074	0.718391
4075	0.928161
4076	0.933908
4077	0.931034
4078	0.925287
4079	0.890805
4080	0.770115
4081	0.689655
4082	0.916667
4083	0.942529
4084	0.968391
4085	0.954023
4086	0.859195
4087	0.939655
4088	0.548851
4089	0.939655
4090	0.977011
4091	0.91954
4092	0.87069
4093	0.899425
4094	0.965517
4095	0.948276
4096	0.933908
4097	0.87069
4098	0.939655
4099	0.793103
4100	0.850575
4101	0.652299
4102	0.95977
4103	0.979885
4104	0.885057
4105	0.971264
4106	0.936782
4107	0.609195
4108	0.95977
4109	0.956897
4110	0.928161
4111	0.931034
4112	0.913793
4113	0.954023
4114	0.968391
4115	0.931034
4116	0.70977
4117	0.936782
4118	0.942529
4119	0.971264
4120	0.928161
4121	0.933908
4122	0.79023
4123	0.974138
4124	0.859195
4125	0.956897
4126	0.876437
4127	0.87931
4128	0.867816
4129	0.974138
4130	0.931034
4131	0.758621
4132	0.95977
4133	0.87931
4134	0.936782
4135	0.968391
4136	0.571839
4137	0.896552
4138	0.939655
4139	0.971264
4140	0.965517
4141	0.95977
4142	0.956897
4143	0.821839
4144	0.951149
4145	0.862069
4146	0.942529
4147	0.968391
4148	0.942529
4149	0.502874
4150	0.853448
4151	0.922414
4152	0.939655
4153	0.908046
4154	0.902299
4155	0.902299
4156	0.905172
4157	0.968391
4158	0.965517
4159	0.902299
4160	0.974138
4161	0.974138
4162	0.859195
4163	0.954023
4164	0.956897
4165	0.945402
4166	0.956897
4167	0.982759
4168	0.931034
4169	0.95977
4170	0.971264
4171	0.942529
4172	0.945402
4173	0.974138
4174	0.968391
4175	0.942529
4176	0.945402
4177	0.95977
4178	0.778736
4179	0.962644
4180	0.767241
4181	0.951149
4182	0.942529
4183	0.95977
4184	0.899425
4185	0.899425
4186	0.775862
4187	0.931034
4188	0.933908
4189	1
4190	0.844828
4191	0.936782
4192	0.945402
4193	0.916667
4194	0.928161
4195	0.902299
4196	0.761494
4197	0.899425
4198	0.948276
4199	0.787356
4200	0.971264
4201	0.876437
4202	0.988506
4203	0.968391
4204	0.956897
4205	0.942529
4206	0.982759
4207	0.916667
4208	1
4209	0.962644
4210	0.876437
4211	0.905172
4212	0.890805
4213	0.933908
4214	0.974138
4215	0.925287
4216	0.962644
4217	0.698276
4218	0.899425
4219	0.899425
4220	0.841954
4221	0.818966
4222	0.732759
4223	0.873563
4224	0.916667
4225	0.876437
4226	0.925287
4227	0.899425
4228	0.974138
4229	0.979885
4230	0.948276
4231	0.956897
4232	0.775862
4233	0.971264
4234	0.836207
4235	0.942529
4236	0.954023
4237	0.856322
4238	0.876437
4239	0.885057
4240	0.847701
4241	0.942529
4242	0.962644
4243	0.899425
4244	0.876437
4245	0.962644
4246	0.951149
4247	0.908046
4248	0.844828
4249	0.859195
4250	0.836207
4251	0.70977
4252	0.974138
4253	0.928161
4254	0.775862
4255	0.95977
4256	0.91954
4257	0.965517
4258	0.813218
4259	0.859195
4260	0.873563
4261	0.971264
4262	0.885057
4263	0.885057
4264	0.91954
4265	0.905172
4266	0.979885
4267	0.951149
4268	0.95977
4269	0.862069
4270	0.913793
4271	0.971264
4272	0.939655
4273	0.982759
4274	0.936782
4275	0.974138
4276	0.859195
4277	0.916667
4278	0.979885
4279	0.91954
4280	0.882184
4281	0.827586
4282	0.890805
4283	0.936782
4284	0.824713
4285	0.954023
4286	0.936782
4287	0.982759
4288	0.916667
4289	0.810345
4290	0.810345
4291	0.977011
4292	0.916667
4293	0.902299
4294	0.962644
4295	0.948276
4296	0.847701
4297	0.936782
4298	0.997126
4299	0.962644
4300	0.977011
4301	0.942529
4302	0.954023
4303	0.873563
4304	0.936782
4305	0.951149
4306	0.772989
4307	0.867816
4308	1
4309	0.968391
4310	0.850575
4311	0.896552
4312	0.956897
4313	0.681034
4314	0.965517
4315	0.948276
4316	0.951149
4317	0.942529
4318	0.936782
4319	0.885057
4320	0.931034
4321	0.971264
4322	0.948276
4323	0.965517
4324	0.913793
4325	0.933908
4326	0.908046
4327	0.899425
4328	0.942529
4329	0.864943
4330	0.813218
4331	0.896552
4332	0.965517
4333	0.801724
4334	0.87931
4335	0.795977
4336	0.951149
4337	1
4338	0.974138
4339	0.956897
4340	1
4341	0.87931
4342	0.965517
4343	0.948276
4344	0.905172
4345	0.971264
4346	0.862069
4347	0.876437
4348	0.95977
4349	0.727011
4350	0.893678
4351	0.974138
4352	0.784483
4353	0.962644
4354	0.95977
4355	0.885057
4356	0.885057
4357	0.867816
4358	0.862069
4359	0.985632
4360	0.928161
4361	0.804598
4362	0.962644
4363	0.95977
4364	0.91954
4365	0.956897
4366	0.954023
4367	0.603448
4368	0.784483
4369	0.933908
4370	0.91954
4371	0.925287
4372	0.95977
4373	0.836207
4374	0.899425
4375	0.931034
4376	0.913793
4377	0.945402
4378	1
4379	0.971264
4380	0.95977
4381	0.994253
4382	0.936782
4383	0.95977
4384	0.850575
4385	0.905172
4386	0.913793
4387	0.933908
4388	0.928161
4389	0.850575
4390	0.876437
4391	0.95977
4392	0.948276
4393	0.821839
4394	0.913793
4395	0.813218
4396	0.899425
4397	0.795977
4398	0.813218
4399	0.939655
4400	0.91954
4401	0.770115
4402	0.95977
4403	0.974138
4404	0.95977
4405	0.804598
4406	0.945402
4407	0.925287
4408	0.706897
4409	0.988506
4410	0.902299
4411	0.965517
4412	0.956897
4413	1
4414	0.945402
4415	0.971264
4416	0.971264
4417	0.994253
4418	0.939655
4419	0.956897
4420	0.962644
4421	0.95977
4422	0.979885
4423	0.962644
4424	0.951149
4425	0.968391
4426	0.928161
4427	0.945402
4428	0.965517
4429	0.942529
4430	0.945402
4431	0.962644
4432	0.91092
4433	0.735632
4434	0.793103
4435	0.902299
4436	0.971264
4437	0.977011
4438	0.931034
4439	0.893678
4440	0.954023
4441	0.931034
4442	0.652299
4443	0.890805
4444	0.890805
4445	0.939655
4446	0.942529
4447	0.933908
4448	0.678161
4449	0.931034
4450	0.939655
4451	0.945402
4452	0.784483
4453	0.908046
4454	0.942529
4455	0.778736
4456	0.864943
4457	0.867816
4458	0.971264
4459	0.974138
4460	0.695402
4461	0.864943
4462	0.87931
4463	0.859195
4464	0.913793
4465	0.804598
4466	0.931034
4467	0.787356
4468	0.718391
4469	0.962644
4470	0.974138
4471	0.899425
4472	0.971264
4473	0.956897
4474	0.951149
4475	0.95977
4476	0.890805
4477	0.850575
4478	0.965517
4479	0.925287
4480	0.971264
4481	0.979885
4482	0.856322
4483	0.945402
4484	0.876437
4485	0.936782
4486	0.965517
4487	0.75
4488	0.890805
4489	1
4490	0.948276
4491	0.982759
4492	0.778736
4493	0.977011
4494	0.951149
4495	0.965517
4496	0.925287
4497	0.847701
4498	0.801724
4499	0.844828
4500	0.928161
4501	0.991379
4502	0.956897
4503	0.890805
4504	0.908046
4505	0.663793
4506	0.91954
4507	0.79023
4508	0.982759
4509	0.954023
4510	0.931034
4511	0.962644
4512	0.945402
4513	0.893678
4514	0.614943
4515	0.95977
4516	0.727011
4517	0.945402
4518	0.95977
4519	0.951149
4520	0.95977
4521	0.942529
4522	0.925287
4523	0.968391
4524	0.945402
4525	0.979885
4526	0.962644
4527	0.902299
4528	0.965517
4529	0.925287
4530	0.816092
4531	0.965517
4532	0.985632
4533	0.867816
4534	0.816092
4535	0.965517
4536	0.827586
4537	0.933908
4538	0.942529
4539	0.813218
4540	0.87931
4541	0.956897
4542	0.810345
4543	0.867816
4544	0.945402
4545	0.988506
4546	0.807471
4547	0.91092
4548	0.908046
4549	0.887931
4550	0.968391
4551	0.859195
4552	0.899425
4553	0.91954
4554	0.933908
4555	0.979885
4556	0.908046
4557	0.698276
4558	0.931034
4559	0.770115
4560	0.95977
4561	0.856322
4562	0.882184
4563	0.936782
4564	0.887931
4565	0.850575
4566	0.939655
4567	0.698276
4568	0.962644
4569	0.974138
4570	0.956897
4571	0.729885
4572	0.646552
4573	0.948276
4574	0.977011
4575	0.712644
4576	0.954023
4577	0.954023
4578	0.859195
4579	0.925287
4580	0.91092
4581	0.902299
4582	0.95977
4583	0.968391
4584	0.836207
4585	0.95977
4586	0.890805
4587	0.896552
4588	0.908046
4589	0.933908
4590	0.982759
4591	0.948276
4592	0.95977
4593	0.913793
4594	0.893678
4595	0.965517
4596	0.841954
4597	0.87931
4598	0.764368
4599	0.954023
4600	0.954023
4601	0.813218
4602	0.965517
4603	0.948276
4604	0.974138
4605	0.899425
4606	0.951149
4607	0.899425
4608	0.951149
4609	0.948276
4610	0.821839
4611	0.948276
4612	0.974138
4613	0.925287
4614	0.971264
4615	0.931034
4616	0.965517
4617	0.951149
4618	0.922414
4619	0.902299
4620	0.95977
4621	0.962644
4622	0.824713
4623	0.956897
4624	0.729885
4625	0.916667
4626	0.968391
4627	0.968391
4628	0.936782
4629	0.936782
4630	0.974138
4631	0.922414
4632	0.908046
4633	0.91954
4634	0.939655
4635	0.893678
4636	0.862069
4637	0.905172
4638	0.902299
4639	0.962644
4640	0.974138
4641	0.962644
4642	1
4643	0.979885
4644	0.807471
4645	0.62931
4646	0.873563
4647	0.862069
4648	0.908046
4649	0.942529
4650	0.916667
4651	0.913793
4652	0.818966
4653	0.770115
4654	0.787356
4655	0.896552
4656	0.925287
4657	0.954023
4658	0.965517
4659	0.982759
4660	0.965517
4661	0.864943
4662	0.893678
4663	0.982759
4664	0.95977
4665	0.979885
4666	0.954023
4667	0.876437
4668	0.913793
4669	0.873563
4670	0.962644
4671	0.655172
4672	0.965517
4673	0.896552
4674	0.956897
4675	0.962644
4676	0.95977
4677	0.856322
4678	0.933908
4679	0.640805
4680	0.887931
4681	0.741379
4682	0.971264
4683	0.982759
4684	0.95977
4685	0.979885
4686	0.942529
4687	0.968391
4688	0.925287
4689	0.968391
4690	0.951149
4691	0.965517
4692	0.706897
4693	0.893678
4694	0.933908
4695	0.931034
4696	0.867816
4697	0.902299
4698	0.965517
4699	0.951149
4700	0.971264
4701	0.979885
4702	0.801724
4703	0.864943
4704	0.974138
4705	0.83908
4706	0.95977
4707	0.821839
4708	0.95977
4709	0.893678
4710	0.568966
4711	0.885057
4712	0.945402
4713	0.928161
4714	0.95977
4715	0.971264
4716	0.775862
4717	0.91954
4718	0.954023
4719	0.821839
4720	0.954023
4721	0.873563
4722	0.931034
4723	0.890805
4724	0.91954
4725	0.902299
4726	0.95977
4727	0.939655
4728	0.948276
4729	0.908046
4730	0.916667
4731	0.954023
4732	0.939655
4733	0.951149
4734	0.890805
4735	0.945402
4736	0.962644
4737	0.896552
4738	0.971264
4739	0.893678
4740	0.982759
4741	0.971264
4742	0.784483
4743	0.939655
4744	0.931034
4745	0.948276
4746	0.95977
4747	0.948276
4748	0.965517
4749	0.91954
4750	0.945402
4751	0.867816
4752	0.873563
4753	0.813218
4754	0.626437
4755	0.701149
4756	0.893678
4757	0.770115
4758	0.850575
4759	0.951149
4760	0.968391
4761	0.913793
4762	0.885057
4763	0.936782
4764	0.954023
4765	0.968391
4766	0.954023
4767	0.925287
4768	0.968391
4769	0.968391
4770	0.899425
4771	0.87931
4772	0.942529
4773	0.985632
4774	0.95977
4775	1
4776	0.925287
4777	0.974138
4778	0.87931
4779	0.672414
4780	0.890805
4781	0.890805
4782	0.977011
4783	0.971264
4784	0.936782
4785	0.882184
4786	0.985632
4787	0.836207
4788	0.971264
4789	0.933908
4790	0.979885
4791	0.899425
4792	0.913793
4793	0.922414
4794	0.948276
4795	0.951149
4796	0.968391
4797	0.867816
4798	0.862069
4799	0.974138
4800	0.945402
4801	0.925287
4802	0.977011
4803	0.933908
4804	0.939655
4805	0.948276
4806	0.942529
4807	0.899425
4808	0.979885
4809	0.971264
4810	0.844828
4811	0.844828
4812	0.942529
4813	0.971264
4814	0.896552
4815	0.867816
4816	0.890805
4817	0.931034
4818	0.597701
4819	0.942529
4820	0.890805
4821	0.971264
4822	0.948276
4823	0.916667
4824	0.885057
4825	0.807471
4826	0.951149
4827	0.922414
4828	0.91092
4829	0.971264
4830	0.942529
4831	0.767241
4832	0.882184
4833	0.675287
4834	0.818966
4835	0.896552
4836	0.798851
4837	0.91092
4838	0.951149
4839	0.922414
4840	0.876437
4841	0.977011
4842	0.844828
4843	0.87931
4844	0.939655
4845	0.91954
4846	0.954023
4847	0.893678
4848	0.971264
4849	0.939655
4850	0.936782
4851	0.948276
4852	0.821839
4853	0.856322
4854	0.931034
4855	0.931034
4856	0.827586
4857	0.890805
4858	0.939655
4859	0.844828
4860	0.899425
4861	0.95977
4862	0.887931
4863	0.931034
4864	0.908046
4865	0.896552
4866	0.979885
4867	0.977011
4868	0.979885
4869	0.833333
4870	0.931034
4871	0.936782
4872	0.896552
4873	0.853448
4874	0.977011
4875	0.951149
4876	0.945402
4877	0.951149
4878	0.787356
4879	0.856322
4880	0.893678
4881	0.928161
4882	0.954023
4883	0.807471
4884	0.824713
4885	0.933908
4886	0.936782
4887	0.692529
4888	0.936782
4889	0.807471
4890	0.902299
4891	0.942529
4892	0.887931
4893	0.905172
4894	0.821839
4895	0.87931
4896	0.931034
4897	0.974138
4898	0.795977
4899	0.905172
4900	0.689655
4901	0.925287
4902	0.948276
4903	0.936782
4904	0.928161
4905	0.882184
4906	0.936782
4907	0.928161
4908	0.735632
4909	0.948276
4910	0.933908
4911	0.982759
4912	0.649425
4913	0.936782
4914	0.841954
4915	0.873563
4916	0.942529
4917	0.965517
4918	0.867816
4919	0.867816
4920	0.931034
4921	0.818966
4922	0.95977
4923	0.91092
4924	0.945402
4925	0.781609
4926	0.876437
4927	0.971264
4928	0.977011
4929	0.896552
4930	0.916667
4931	0.979885
4932	0.962644
4933	0.945402
4934	0.925287
4935	0.95977
4936	0.91092
4937	0.882184
4938	0.977011
4939	0.962644
4940	0.859195
4941	0.971264
4942	0.853448
4943	0.977011
4944	0.862069
4945	0.787356
4946	0.988506
4947	0.698276
4948	0.939655
4949	0.704023
4950	0.979885
4951	0.956897
4952	0.948276
4953	0.635057
4954	0.95977
4955	0.936782
4956	0.95977
4957	0.91954
4958	0.95977
4959	0.95977
4960	0.942529
4961	0.965517
4962	0.974138
4963	0.942529
4964	0.982759
4965	0.974138
4966	0.816092
4967	0.804598
4968	0.939655
4969	0.925287
4970	0.971264
4971	1
4972	0.945402
4973	0.936782
4974	0.95977
4975	0.954023
4976	0.804598
4977	0.867816
4978	0.948276
4979	0.91092
4980	0.91954
4981	0.732759
4982	0.948276
4983	0.925287
4984	0.908046
4985	0.692529
4986	0.971264
4987	0.971264
4988	0.982759
4989	0.916667
4990	0.939655
4991	0.827586
4992	0.905172
4993	0.827586
4994	0.887931
4995	0.942529
4996	0.971264
4997	0.977011
4998	0.827586
4999	0.91954
5000	0.913793
5001	0.951149
5002	0.979885
5003	1
5004	0.979885
5005	0.985632
5006	0.856322
5007	0.936782
5008	0.945402
5009	0.95977
5010	0.528736
5011	0.882184
5012	0.905172
5013	0.649425
5014	0.968391
5015	0.586207
5016	0.873563
5017	0.962644
5018	0.91092
5019	0.83908
5020	0.767241
5021	0.902299
5022	0.971264
5023	0.936782
5024	0.885057
5025	0.965517
5026	0.956897
5027	0.939655
5028	0.795977
5029	0.954023
5030	0.859195
5031	0.931034
5032	0.954023
5033	0.945402
5034	0.942529
5035	0.810345
5036	0.864943
5037	0.896552
5038	0.95977
5039	0.985632
5040	0.942529
5041	0.764368
5042	0.936782
5043	0.988506
5044	0.933908
5045	0.856322
5046	0.962644
5047	0.95977
5048	0.971264
5049	0.968391
5050	0.965517
5051	0.905172
5052	0.890805
5053	0.965517
5054	0.945402
5055	0.899425
5056	0.936782
5057	0.968391
5058	0.948276
5059	0.882184
5060	0.827586
5061	0.942529
5062	0.810345
5063	0.890805
5064	0.962644
5065	0.87931
5066	0.971264
5067	0.87931
5068	0.850575
5069	0.890805
5070	0.939655
5071	0.787356
5072	0.83908
5073	0.873563
5074	0.862069
5075	0.974138
5076	0.793103
5077	0.956897
5078	0.850575
5079	0.956897
5080	0.908046
5081	0.951149
5082	0.887931
5083	0.928161
5084	0.936782
5085	0.931034
5086	0.954023
5087	0.899425
5088	0.916667
5089	0.689655
5090	0.988506
5091	0.885057
5092	0.931034
5093	0.922414
5094	0.942529
5095	0.876437
5096	0.798851
5097	0.893678
5098	0.965517
5099	0.543103
5100	0.704023
5101	0.873563
5102	0.755747
5103	0.807471
5104	0.931034
5105	0.887931
5106	0.939655
5107	0.931034
5108	0.83046
5109	0.922414
5110	0.954023
5111	0.66954
5112	0.956897
5113	0.977011
5114	0.772989
5115	0.974138
5116	0.962644
5117	0.775862
5118	0.83046
5119	0.942529
5120	0.841954
5121	0.612069
5122	0.905172
5123	0.87931
5124	0.893678
5125	0.948276
5126	0.939655
5127	0.954023
5128	0.87931
5129	0.91954
5130	0.95977
5131	0.965517
5132	0.95977
5133	0.922414
5134	0.908046
5135	0.95977
5136	0.902299
5137	0.956897
5138	0.95977
5139	0.979885
5140	0.928161
5141	0.873563
5142	0.933908
5143	0.87069
5144	0.824713
5145	0.962644
5146	0.962644
5147	0.864943
5148	0.988506
5149	0.965517
5150	0.867816
5151	0.991379
5152	0.841954
5153	0.755747
5154	0.931034
5155	0.896552
5156	0.945402
5157	0.95977
5158	0.939655
5159	0.977011
5160	0.936782
5161	0.79023
5162	0.954023
5163	0.91092
5164	0.905172
5165	0.813218
5166	0.962644
5167	0.862069
5168	0.79023
5169	0.928161
5170	0.962644
5171	0.95977
5172	0.882184
5173	0.982759
5174	0.985632
5175	0.942529
5176	0.818966
5177	0.977011
5178	0.971264
5179	0.948276
5180	0.824713
5181	0.867816
5182	0.954023
5183	0.962644
5184	0.936782
5185	0.747126
5186	0.873563
5187	0.873563
5188	0.95977
5189	0.945402
5190	0.91092
5191	0.962644
5192	0.893678
5193	0.965517
5194	0.885057
5195	0.942529
5196	0.965517
5197	0.91954
5198	0.775862
5199	0.663793
5200	0.902299
5201	0.936782
5202	0.977011
5203	0.979885
5204	0.951149
5205	0.738506
5206	0.95977
5207	0.956897
5208	0.931034
5209	0.818966
5210	0.66954
5211	0.956897
5212	0.864943
5213	0.936782
5214	0.887931
5215	0.893678
5216	0.962644
5217	0.873563
5218	0.859195
5219	0.908046
5220	0.968391
5221	0.922414
5222	0.962644
5223	0.951149
5224	0.902299
5225	0.787356
5226	0.956897
5227	0.948276
5228	0.951149
5229	0.951149
5230	0.931034
5231	0.936782
5232	0.939655
5233	0.939655
5234	0.833333
5235	0.890805
5236	0.793103
5237	0.905172
5238	0.87931
5239	0.925287
5240	0.948276
5241	0.95977
5242	0.942529
5243	0.954023
5244	0.827586
5245	0.893678
5246	0.91092
5247	0.795977
5248	0.583333
5249	0.962644
5250	0.948276
5251	0.908046
5252	0.956897
5253	0.775862
5254	0.945402
5255	0.859195
5256	0.942529
5257	0.807471
5258	0.807471
5259	0.784483
5260	0.778736
5261	0.91092
5262	0.91092
5263	0.95977
5264	0.936782
5265	0.948276
5266	0.948276
5267	0.939655
5268	0.827586
5269	0.905172
5270	0.954023
5271	0.971264
5272	0.994253
5273	0.899425
5274	0.948276
5275	0.942529
5276	0.928161
5277	0.951149
5278	0.925287
5279	1
5280	0.867816
5281	0.821839
5282	0.729885
5283	0.887931
5284	0.965517
5285	0.95977
5286	0.965517
5287	0.850575
5288	0.856322
5289	0.882184
5290	0.974138
5291	0.882184
5292	0.931034
5293	0.974138
5294	0.902299
5295	0.951149
5296	0.948276
5297	0.922414
5298	0.899425
5299	0.925287
5300	0.948276
5301	0.974138
5302	0.956897
5303	0.655172
5304	0.925287
5305	0.91954
5306	0.899425
5307	0.954023
5308	0.856322
5309	0.896552
5310	0.856322
5311	0.882184
5312	0.887931
5313	0.951149
5314	0.982759
5315	0.712644
5316	0.853448
5317	0.939655
5318	0.859195
5319	0.956897
5320	0.928161
5321	0.982759
5322	0.893678
5323	0.965517
5324	0.853448
5325	0.965517
5326	0.91954
5327	0.928161
5328	0.965517
5329	0.956897
5330	0.913793
5331	0.962644
5332	0.798851
5333	0.913793
5334	0.968391
5335	0.933908
5336	0.931034
5337	0.968391
5338	0.91092
5339	0.862069
5340	0.954023
5341	0.87069
5342	0.951149
5343	0.841954
5344	0.856322
5345	0.836207
5346	0.841954
5347	0.876437
5348	0.637931
5349	0.931034
5350	0.827586
5351	0.936782
5352	0.956897
5353	0.968391
5354	0.922414
5355	0.971264
5356	0.962644
5357	0.977011
5358	0.83046
5359	0.956897
5360	0.977011
5361	0.936782
5362	0.813218
5363	0.810345
5364	0.893678
5365	0.801724
5366	0.939655
5367	0.862069
5368	0.896552
5369	0.902299
5370	0.862069
5371	0.95977
5372	0.95977
5373	0.873563
5374	0.965517
5375	0.775862
5376	0.965517
5377	0.962644
5378	0.859195
5379	0.853448
5380	0.928161
5381	0.971264
5382	0.859195
5383	0.853448
5384	0.931034
5385	0.905172
5386	0.962644
5387	0.864943
5388	0.847701
5389	0.945402
5390	0.70977
5391	0.985632
5392	0.833333
5393	0.701149
5394	0.945402
5395	0.885057
5396	0.979885
5397	0.712644
5398	0.91092
5399	0.867816
5400	0.954023
5401	0.658046
5402	0.91092
5403	0.890805
5404	0.951149
5405	0.847701
5406	0.962644
5407	0.948276
5408	0.91954
5409	0.813218
5410	0.91954
5411	0.954023
5412	0.971264
5413	0.965517
5414	0.931034
5415	1
5416	0.942529
5417	0.954023
5418	0.902299
5419	0.939655
5420	0.922414
5421	0.778736
5422	0.971264
5423	0.962644
5424	0.936782
5425	0.925287
5426	0.968391
5427	0.876437
5428	0.956897
5429	0.87069
5430	0.988506
5431	0.965517
5432	0.974138
5433	0.925287
5434	0.873563
5435	0.977011
5436	0.701149
5437	0.752874
5438	0.821839
5439	0.951149
5440	0.893678
5441	0.747126
5442	0.772989
5443	0.942529
5444	0.954023
5445	0.936782
5446	0.795977
5447	0.867816
5448	0.853448
5449	0.933908
5450	0.939655
5451	0.821839
5452	0.913793
5453	0.689655
5454	0.936782
5455	0.896552
5456	0.971264
5457	0.95977
5458	0.744253
5459	0.942529
5460	0.948276
5461	0.974138
5462	0.965517
5463	0.951149
5464	0.939655
5465	0.933908
5466	0.916667
5467	0.896552
5468	0.965517
5469	0.534483
5470	0.775862
5471	0.692529
5472	0.956897
5473	0.951149
5474	0.948276
5475	0.965517
5476	0.954023
5477	0.933908
5478	0.925287
5479	1
5480	0.686782
5481	0.942529
5482	0.893678
5483	0.818966
5484	0.83046
5485	0.571839
5486	0.925287
5487	0.784483
5488	0.738506
5489	0.79023
5490	0.816092
5491	0.810345
5492	0.979885
5493	0.939655
5494	0.933908
5495	0.902299
5496	0.954023
5497	0.893678
5498	0.91954
5499	0.939655
5500	0.954023
5501	0.876437
5502	0.767241
5503	0.931034
5504	0.954023
5505	0.798851
5506	0.836207
5507	0.95977
5508	0.727011
5509	0.936782
5510	0.942529
5511	0.87069
5512	0.913793
5513	0.793103
5514	0.939655
5515	0.887931
5516	0.764368
5517	0.951149
5518	0.738506
5519	0.643678
5520	0.928161
5521	0.867816
5522	0.853448
5523	0.712644
5524	0.813218
5525	0.968391
5526	0.951149
5527	0.962644
5528	0.922414
5529	0.859195
5530	0.931034
5531	0.936782
5532	0.87069
5533	0.954023
5534	0.841954
5535	0.982759
5536	0.95977
5537	0.994253
5538	0.850575
5539	0.905172
5540	0.95977
5541	0.979885
5542	0.58046
5543	0.954023
5544	0.942529
5545	0.968391
5546	0.925287
5547	0.91954
5548	0.931034
5549	0.931034
5550	0.982759
5551	0.928161
5552	0.91954
5553	0.908046
5554	0.939655
5555	0.948276
5556	0.887931
5557	0.91954
5558	0.844828
5559	0.905172
5560	0.956897
5561	0.896552
5562	0.936782
5563	0.928161
5564	0.956897
5565	0.913793
5566	0.816092
5567	0.965517
5568	0.801724
5569	0.974138
5570	0.954023
5571	0.908046
5572	0.913793
5573	0.962644
5574	0.925287
5575	0.962644
5576	0.856322
5577	0.908046
5578	0.965517
5579	0.979885
5580	0.965517
5581	0.925287
5582	0.916667
5583	0.810345
5584	0.833333
5585	0.867816
5586	0.833333
5587	0.974138
5588	0.965517
5589	0.841954
5590	0.939655
5591	0.985632
5592	0.936782
5593	0.905172
5594	0.925287
5595	0.913793
5596	0.931034
5597	0.902299
5598	0.844828
5599	0.87069
5600	0.793103
5601	0.925287
5602	0.942529
5603	0.827586
5604	0.965517
5605	1
5606	0.982759
5607	0.818966
5608	0.948276
5609	0.689655
5610	0.979885
5611	0.916667
5612	0.945402
5613	0.859195
5614	0.885057
5615	0.913793
5616	0.936782
5617	0.942529
5618	0.962644
5619	1
5620	0.856322
5621	0.968391
5622	0.95977
5623	0.954023
5624	0.813218
5625	0.91092
5626	0.979885
5627	0.95977
5628	0.933908
5629	0.890805
5630	0.994253
5631	0.83046
5632	0.87931
5633	0.977011
5634	0.928161
5635	0.979885
5636	0.948276
5637	0.965517
5638	0.922414
5639	0.945402
5640	0.931034
5641	0.95977
5642	0.928161
5643	0.853448
5644	0.971264
5645	0.890805
5646	0.95977
5647	0.893678
5648	0.896552
5649	0.761494
5650	0.965517
5651	0.965517
5652	0.936782
5653	0.887931
5654	0.887931
5655	0.83046
5656	0.936782
5657	0.945402
5658	0.83046
5659	0.864943
5660	0.948276
5661	0.965517
5662	0.985632
5663	0.91092
5664	0.91954
5665	0.816092
5666	0.683908
5667	1
5668	0.95977
5669	0.698276
5670	0.793103
5671	0.87931
5672	0.95977
5673	0.853448
5674	0.908046
5675	0.896552
5676	0.942529
5677	0.971264
5678	0.936782
5679	0.956897
5680	0.95977
5681	0.962644
5682	0.807471
5683	0.908046
5684	0.939655
5685	0.948276
5686	0.859195
5687	0.896552
5688	0.956897
5689	0.936782
5690	0.885057
5691	0.844828
5692	0.954023
5693	0.95977
5694	0.916667
5695	0.971264
5696	0.954023
5697	0.939655
5698	0.979885
5699	0.968391
5700	0.956897
5701	0.948276
5702	0.965517
5703	0.95977
5704	0.928161
5705	0.91954
5706	0.974138
5707	0.925287
5708	0.890805
5709	0.83908
5710	0.933908
5711	0.885057
5712	0.982759
5713	0.755747
5714	0.890805
5715	0.962644
5716	0.87931
5717	0.974138
5718	0.853448
5719	0.951149
5720	0.887931
5721	0.890805
5722	0.931034
5723	0.902299
5724	0.804598
5725	0.948276
5726	0.954023
5727	0.965517
5728	0.913793
5729	0.968391
5730	0.867816
5731	0.945402
5732	0.882184
5733	0.968391
5734	0.885057
5735	0.977011
5736	0.954023
5737	0.637931
5738	0.951149
5739	0.942529
5740	0.916667
5741	0.775862
5742	0.948276
5743	0.985632
5744	0.939655
5745	0.939655
5746	0.985632
5747	0.939655
5748	0.922414
5749	0.623563
5750	0.905172
5751	0.933908
5752	0.724138
5753	0.905172
5754	0.956897
5755	0.836207
5756	0.801724
5757	0.781609
5758	0.859195
5759	0.663793
5760	0.936782
5761	0.962644
5762	0.755747
5763	0.977011
5764	0.844828
5765	0.873563
5766	0.962644
5767	0.827586
5768	0.977011
5769	0.882184
5770	0.902299
5771	0.885057
5772	0.867816
5773	0.988506
5774	0.882184
5775	0.887931
5776	0.931034
5777	0.948276
5778	0.928161
5779	0.939655
5780	0.905172
5781	0.735632
5782	0.893678
5783	0.942529
5784	0.908046
5785	0.942529
5786	0.95977
5787	0.962644
5788	0.847701
5789	0.951149
5790	0.813218
5791	0.91092
5792	0.922414
5793	0.810345
5794	0.893678
5795	0.916667
5796	0.962644
5797	0.939655
5798	0.804598
5799	0.939655
5800	0.956897
5801	0.982759
5802	0.913793
5803	0.908046
5804	0.968391
5805	0.939655
5806	0.974138
5807	0.948276
5808	0.95977
5809	0.850575
5810	0.928161
5811	0.951149
5812	0.922414
5813	0.971264
5814	0.942529
5815	0.977011
5816	0.718391
5817	0.890805
5818	0.882184
5819	0.936782
5820	0.948276
5821	0.997126
5822	0.994253
5823	0.856322
5824	0.91954
5825	0.864943
5826	0.951149
5827	0.979885
5828	0.95977
5829	0.91092
5830	0.982759
5831	0.882184
5832	0.893678
5833	0.922414
5834	0.948276
5835	0.977011
5836	0.890805
5837	0.968391
5838	0.936782
5839	0.87069
5840	0.833333
5841	0.936782
5842	0.91092
5843	0.810345
5844	0.982759
5845	0.936782
5846	0.965517
5847	0.905172
5848	0.640805
5849	0.939655
5850	0.913793
5851	0.968391
5852	0.727011
5853	0.965517
5854	0.91092
5855	0.66092
5856	1
5857	0.936782
5858	0.931034
5859	0.893678
5860	0.916667
5861	0.862069
5862	0.979885
5863	0.833333
5864	0.899425
5865	0.807471
5866	0.95977
5867	0.704023
5868	0.971264
5869	0.91092
5870	0.994253
5871	0.982759
5872	0.939655
5873	0.951149
5874	0.945402
5875	0.939655
5876	0.698276
5877	0.890805
5878	0.876437
5879	0.968391
5880	0.965517
5881	0.87931
5882	0.856322
5883	0.775862
5884	0.867816
5885	0.974138
5886	0.962644
5887	0.885057
5888	0.893678
5889	0.913793
5890	0.692529
5891	0.971264
5892	0.908046
5893	0.965517
5894	0.965517
5895	0.968391
5896	0.931034
5897	0.91954
5898	0.922414
5899	0.974138
5900	0.752874
5901	0.801724
5902	0.896552
5903	0.951149
5904	0.887931
5905	0.956897
5906	0.887931
5907	0.79023
5908	0.962644
5909	0.913793
5910	0.939655
5911	0.977011
5912	0.844828
5913	0.925287
5914	0.968391
5915	0.95977
5916	0.968391
5917	0.974138
5918	0.882184
5919	0.948276
5920	0.942529
5921	0.951149
5922	0.925287
5923	0.747126
5924	0.701149
5925	0.936782
5926	0.971264
5927	0.954023
5928	0.890805
5929	0.905172
5930	0.962644
5931	0.956897
5932	0.954023
5933	0.847701
5934	0.948276
5935	0.781609
5936	0.974138
5937	0.948276
5938	0.922414
5939	0.902299
5940	0.939655
5941	0.813218
5942	0.956897
5943	0.908046
5944	0.965517
5945	0.965517
5946	0.942529
5947	0.899425
5948	0.893678
5949	0.936782
5950	0.951149
5951	0.954023
5952	0.954023
5953	0.974138
5954	0.968391
5955	0.974138
5956	0.977011
5957	0.899425
5958	0.962644
5959	0.931034
5960	0.977011
5961	0.807471
5962	0.942529
5963	0.928161
5964	0.95977
5965	0.971264
5966	0.951149
5967	0.91092
5968	0.795977
5969	0.948276
5970	0.936782
5971	0.936782
5972	0.882184
5973	0.698276
5974	0.876437
5975	0.908046
5976	0.977011
5977	0.974138
5978	0.91954
5979	0.844828
5980	0.948276
5981	0.594828
5982	0.847701
5983	0.939655
5984	0.902299
5985	0.928161
5986	0.755747
5987	0.977011
5988	0.942529
5989	0.979885
5990	0.853448
5991	0.942529
5992	0.974138
5993	0.933908
5994	0.945402
5995	0.91954
5996	0.591954
5997	0.945402
5998	0.977011
5999	0.962644
6000	0.902299
6001	0.853448
6002	0.954023
6003	0.965517
6004	0.678161
6005	0.965517
6006	0.925287
6007	0.893678
6008	0.95977
6009	0.91092
6010	0.899425
6011	0.908046
6012	0.936782
6013	0.95977
6014	0.948276
6015	0.922414
6016	0.75
6017	0.798851
6018	0.908046
6019	0.678161
6020	0.882184
6021	0.977011
6022	0.91954
6023	0.939655
6024	0.951149
6025	0.833333
6026	0.933908
6027	0.956897
6028	0.87931
6029	0.925287
6030	0.951149
6031	0.931034
6032	0.913793
6033	0.965517
6034	0.974138
6035	0.931034
6036	0.942529
6037	0.962644
6038	0.718391
6039	0.87931
6040	1
6041	0.87931
6042	0.882184
6043	0.902299
6044	0.916667
6045	0.902299
6046	0.801724
6047	0.977011
6048	0.931034
6049	0.916667
6050	0.885057
6051	0.942529
6052	0.982759
6053	0.862069
6054	0.95977
6055	0.954023
6056	0.896552
6057	0.864943
6058	0.936782
6059	0.948276
6060	0.686782
6061	0.551724
6062	0.931034
6063	0.772989
6064	0.988506
6065	0.873563
6066	0.982759
6067	0.807471
6068	0.893678
6069	0.931034
6070	0.91092
6071	0.813218
6072	0.968391
6073	0.982759
6074	0.882184
6075	0.913793
6076	0.856322
6077	0.922414
6078	0.862069
6079	0.844828
6080	0.913793
6081	0.867816
6082	0.862069
6083	0.971264
6084	0.821839
6085	0.833333
6086	0.948276
6087	0.939655
6088	0.939655
6089	0.962644
6090	0.942529
6091	0.91954
6092	0.954023
6093	0.979885
6094	0.827586
6095	0.83908
6096	0.948276
6097	0.83908
6098	0.864943
6099	0.916667
6100	0.873563
6101	0.95977
6102	0.968391
6103	0.747126
6104	0.965517
6105	0.948276
6106	0.833333
6107	0.83046
6108	0.925287
6109	0.859195
6110	0.899425
6111	0.95977
6112	0.738506
6113	0.715517
6114	0.977011
6115	0.902299
6116	0.844828
6117	0.531609
6118	0.781609
6119	0.744253
6120	0.971264
6121	0.83908
6122	0.818966
6123	0.974138
6124	0.91954
6125	0.997126
6126	0.931034
6127	0.945402
6128	0.971264
6129	0.675287
6130	0.962644
6131	0.568966
6132	0.965517
6133	0.977011
6134	0.951149
6135	0.859195
6136	0.971264
6137	0.87069
6138	0.997126
6139	0.899425
6140	0.922414
6141	0.95977
6142	0.755747
6143	0.867816
6144	0.807471
6145	0.887931
6146	0.95977
6147	0.928161
6148	0.968391
6149	0.936782
6150	0.965517
6151	0.91092
6152	0.867816
6153	0.890805
6154	0.945402
6155	0.827586
6156	0.798851
6157	0.824713
6158	0.913793
6159	0.977011
6160	0.905172
6161	0.844828
6162	0.948276
6163	0.87931
6164	0.936782
6165	0.827586
6166	0.965517
6167	0.867816
6168	0.862069
6169	0.841954
6170	0.954023
6171	0.899425
6172	0.770115
6173	0.954023
6174	0.933908
6175	0.827586
6176	0.951149
6177	0.701149
6178	0.968391
6179	0.833333
6180	0.962644
6181	0.890805
6182	0.864943
6183	0.965517
6184	0.936782
6185	0.899425
6186	0.945402
6187	0.933908
6188	0.882184
6189	0.899425
6190	0.735632
6191	0.902299
6192	0.913793
6193	0.979885
6194	0.968391
6195	0.939655
6196	0.945402
6197	0.810345
6198	0.798851
6199	0.968391
6200	0.899425
6201	0.954023
6202	0.847701
6203	0.988506
6204	0.942529
6205	0.862069
6206	0.893678
6207	0.945402
6208	0.936782
6209	0.939655
6210	0.87069
6211	0.951149
6212	0.965517
6213	0.945402
6214	1
6215	0.985632
6216	0.974138
6217	0.945402
6218	0.818966
6219	0.977011
6220	0.827586
6221	0.942529
6222	0.948276
6223	0.922414
6224	0.689655
6225	0.890805
6226	0.916667
6227	0.951149
6228	0.931034
6229	0.968391
6230	0.951149
6231	0.965517
6232	0.712644
6233	0.925287
6234	0.925287
6235	0.982759
6236	0.948276
6237	0.988506
6238	0.862069
6239	0.896552
6240	0.956897
6241	0.945402
6242	0.913793
6243	0.856322
6244	0.798851
6245	0.945402
6246	1
6247	0.951149
6248	0.974138
6249	0.890805
6250	0.83046
6251	0.818966
6252	0.931034
6253	0.91954
6254	0.948276
6255	0.985632
6256	0.931034
6257	0.893678
6258	0.988506
6259	0.925287
6260	0.962644
6261	0.882184
6262	0.948276
6263	0.902299
6264	0.988506
6265	0.916667
6266	0.859195
6267	0.91954
6268	0.916667
6269	0.968391
6270	0.965517
6271	0.948276
6272	0.850575
6273	0.896552
6274	0.824713
6275	0.643678
6276	0.925287
6277	0.931034
6278	0.962644
6279	0.942529
6280	0.83908
6281	0.982759
6282	0.931034
6283	0.908046
6284	0.974138
6285	0.856322
6286	0.873563
6287	0.876437
6288	0.954023
6289	0.948276
6290	0.936782
6291	0.887931
6292	0.971264
6293	0.979885
6294	0.902299
6295	0.890805
6296	0.847701
6297	0.968391
6298	0.928161
6299	0.755747
6300	0.922414
6301	0.956897
6302	0.977011
6303	0.977011
6304	1
6305	0.954023
6306	0.885057
6307	0.942529
6308	0.951149
6309	0.882184
6310	0.882184
6311	0.804598
6312	0.902299
6313	0.87931
6314	0.977011
6315	0.890805
6316	0.962644
6317	0.962644
6318	0.801724
6319	0.942529
6320	0.933908
6321	0.770115
6322	0.988506
6323	0.816092
6324	0.936782
6325	0.971264
6326	0.931034
6327	0.965517
6328	0.833333
6329	0.954023
6330	0.916667
6331	0.862069
6332	0.922414
6333	0.948276
6334	0.925287
6335	0.876437
6336	0.922414
6337	0.925287
6338	1
6339	0.954023
6340	0.965517
6341	0.864943
6342	0.821839
6343	0.931034
6344	0.893678
6345	0.887931
6346	0.922414
6347	0.931034
6348	0.873563
6349	0.945402
6350	0.896552
6351	0.873563
6352	0.850575
6353	0.91092
6354	0.741379
6355	0.942529
6356	0.890805
6357	0.913793
6358	0.902299
6359	0.971264
6360	0.939655
6361	0.873563
6362	0.979885
6363	0.974138
6364	0.956897
6365	0.939655
6366	0.905172
6367	0.936782
6368	0.87931
6369	0.887931
6370	0.893678
6371	0.841954
6372	0.873563
6373	0.951149
6374	0.905172
6375	0.70977
6376	0.994253
6377	0.916667
6378	0.954023
6379	0.761494
6380	0.908046
6381	0.948276
6382	0.701149
6383	0.893678
6384	0.939655
6385	0.810345
6386	0.824713
6387	0.850575
6388	0.962644
6389	0.761494
6390	0.936782
6391	0.887931
6392	0.755747
6393	0.979885
6394	0.982759
6395	0.873563
6396	0.873563
6397	1
6398	0.939655
6399	0.965517
6400	0.850575
6401	0.735632
6402	0.807471
6403	0.945402
6404	0.933908
6405	0.962644
6406	0.931034
6407	0.75
6408	0.922414
6409	0.956897
6410	0.922414
6411	0.936782
6412	0.933908
6413	0.977011
6414	0.982759
6415	0.87931
6416	0.91092
6417	0.916667
6418	0.867816
6419	0.896552
6420	0.971264
6421	0.982759
6422	0.916667
6423	0.974138
6424	0.798851
6425	0.95977
6426	0.965517
6427	0.936782
6428	0.925287
6429	0.991379
6430	0.603448
6431	0.729885
6432	0.87069
6433	0.988506
6434	0.79023
6435	0.962644
6436	0.83908
6437	0.968391
6438	0.83908
6439	0.956897
6440	0.974138
6441	0.945402
6442	0.942529
6443	0.948276
6444	0.994253
6445	0.954023
6446	0.885057
6447	0.979885
6448	0.942529
6449	0.948276
6450	0.982759
6451	0.902299
6452	0.939655
6453	0.91954
6454	0.853448
6455	0.95977
6456	0.974138
6457	0.755747
6458	0.83046
6459	0.847701
6460	0.824713
6461	0.965517
6462	0.979885
6463	0.997126
6464	0.787356
6465	0.936782
6466	0.948276
6467	0.873563
6468	0.623563
6469	0.913793
6470	0.916667
6471	0.962644
6472	0.965517
6473	0.922414
6474	0.908046
6475	0.977011
6476	0.962644
6477	0.816092
6478	0.770115
6479	0.787356
6480	0.933908
6481	0.752874
6482	0.982759
6483	0.902299
6484	0.965517
6485	0.948276
6486	0.971264
6487	0.91954
6488	0.928161
6489	0.971264
6490	0.681034
6491	0.945402
6492	0.827586
6493	0.890805
6494	0.793103
6495	0.925287
6496	0.767241
6497	0.91092
6498	0.928161
6499	0.936782
6500	0.83908
6501	0.979885
6502	0.977011
6503	0.913793
6504	0.965517
6505	0.985632
6506	0.971264
6507	0.948276
6508	0.939655
6509	0.968391
6510	0.885057
6511	0.968391
6512	0.965517
6513	0.908046
6514	0.747126
6515	0.968391
6516	0.916667
6517	0.908046
6518	0.66954
6519	0.747126
6520	0.979885
6521	0.962644
6522	1
6523	0.939655
6524	0.678161
6525	0.933908
6526	0.982759
6527	0.887931
6528	0.985632
6529	0.75
6530	0.988506
6531	0.818966
6532	0.95977
6533	0.971264
6534	1
6535	1
6536	0.721264
6537	0.675287
6538	0.770115
6539	0.982759
6540	0.873563
6541	0.951149
6542	0.956897
6543	0.95977
6544	0.956897
6545	0.945402
6546	0.79023
6547	0.977011
6548	0.70977
6549	0.942529
6550	0.979885
6551	0.882184
6552	0.890805
6553	0.95977
6554	0.962644
6555	0.956897
6556	0.91092
6557	0.893678
6558	0.956897
6559	0.816092
6560	0.91954
6561	0.689655
6562	0.908046
6563	0.827586
6564	0.956897
6565	0.91954
6566	0.948276
6567	1
6568	0.948276
6569	0.968391
6570	0.902299
6571	0.913793
6572	0.939655
6573	0.95977
6574	0.988506
6575	0.833333
6576	0.75
6577	0.979885
6578	0.977011
6579	0.913793
6580	0.979885
6581	0.939655
6582	0.813218
6583	0.818966
6584	0.913793
6585	0.867816
6586	0.534483
6587	0.87931
6588	0.948276
6589	0.971264
6590	0.962644
6591	0.974138
6592	0.933908
6593	0.974138
6594	0.83908
6595	0.948276
6596	0.988506
6597	0.890805
6598	0.925287
6599	0.908046
6600	0.902299
6601	0.824713
6602	0.617816
6603	0.793103
6604	0.951149
6605	0.991379
6606	0.971264
6607	0.948276
6608	0.91954
6609	0.902299
6610	0.853448
6611	0.942529
6612	0.942529
6613	0.95977
6614	0.954023
6615	0.887931
6616	0.893678
6617	0.867816
6618	0.844828
6619	0.833333
6620	0.916667
6621	0.862069
6622	0.962644
6623	0.862069
6624	0.936782
6625	0.954023
6626	0.951149
6627	0.971264
6628	0.939655
6629	0.867816
6630	0.853448
6631	0.956897
6632	0.862069
6633	0.778736
6634	0.876437
6635	0.942529
6636	0.913793
6637	0.859195
6638	0.95977
6639	0.962644
6640	0.908046
6641	0.951149
6642	0.956897
6643	0.91954
6644	0.91954
6645	0.922414
6646	0.882184
6647	0.977011
6648	0.887931
6649	0.971264
6650	0.732759
6651	0.833333
6652	0.968391
6653	0.908046
6654	0.859195
6655	1
6656	0.793103
6657	0.965517
6658	0.948276
6659	0.931034
6660	0.916667
6661	0.95977
6662	1
6663	0.974138
6664	0.922414
6665	0.922414
6666	0.752874
6667	0.91954
6668	0.965517
6669	0.982759
6670	0.939655
6671	0.974138
6672	0.931034
6673	0.643678
6674	0.968391
6675	0.715517
6676	0.931034
6677	0.994253
6678	0.954023
6679	0.922414
6680	0.933908
6681	0.954023
6682	0.951149
6683	0.977011
6684	0.965517
6685	0.896552
6686	0.732759
6687	0.824713
6688	0.882184
6689	0.945402
6690	0.965517
6691	0.982759
6692	0.933908
6693	0.908046
6694	0.807471
6695	0.939655
6696	0.956897
6697	0.755747
6698	0.977011
6699	0.887931
6700	0.824713
6701	0.689655
6702	0.951149
6703	0.971264
6704	0.954023
6705	0.95977
6706	0.91954
6707	0.956897
6708	0.956897
6709	0.954023
6710	0.936782
6711	0.91954
6712	0.91954
6713	0.948276
6714	0.95977
6715	0.977011
6716	0.899425
6717	0.885057
6718	0.936782
6719	0.965517
6720	0.954023
6721	0.922414
6722	0.905172
6723	0.954023
6724	0.971264
6725	0.925287
6726	0.741379
6727	0.942529
6728	0.936782
6729	0.931034
6730	0.971264
6731	0.908046
6732	0.626437
6733	0.770115
6734	0.971264
6735	0.971264
6736	0.985632
6737	0.951149
6738	0.933908
6739	0.887931
6740	0.816092
6741	0.948276
6742	0.948276
6743	0.939655
6744	0.954023
6745	0.738506
6746	0.925287
6747	0.936782
6748	0.962644
6749	0.936782
6750	1
6751	0.695402
6752	0.939655
6753	0.962644
6754	0.885057
6755	0.867816
6756	1
6757	0.982759
6758	0.971264
6759	0.87931
6760	0.942529
6761	0.942529
6762	0.942529
6763	0.807471
6764	0.721264
6765	0.942529
6766	0.956897
6767	0.91954
6768	0.974138
6769	0.95977
6770	0.965517
6771	0.712644
6772	0.942529
6773	0.727011
6774	0.824713
6775	0.887931
6776	0.902299
6777	0.91954
6778	0.804598
6779	0.954023
6780	0.91954
6781	0.83908
6782	0.971264
6783	0.977011
6784	0.951149
6785	0.95977
6786	0.954023
6787	0.850575
6788	0.813218
6789	0.994253
6790	0.965517
6791	0.977011
6792	0.939655
6793	0.899425
6794	0.922414
6795	0.965517
6796	0.824713
6797	0.954023
6798	0.942529
6799	0.899425
6800	0.95977
6801	0.853448
6802	0.885057
6803	0.982759
6804	0.928161
6805	0.982759
6806	0.945402
6807	0.968391
6808	0.87069
6809	0.913793
6810	0.931034
6811	0.856322
6812	0.721264
6813	0.856322
6814	0.933908
6815	0.968391
6816	0.951149
6817	0.942529
6818	0.836207
6819	0.899425
6820	0.905172
6821	0.977011
6822	0.893678
6823	0.971264
6824	0.913793
6825	0.979885
6826	0.954023
6827	0.954023
6828	0.933908
6829	0.979885
6830	0.867816
6831	0.954023
6832	0.666667
6833	0.939655
6834	0.853448
6835	0.853448
6836	0.979885
6837	0.971264
6838	0.859195
6839	0.954023
6840	0.867816
6841	0.873563
6842	0.936782
6843	0.945402
6844	0.936782
6845	0.836207
6846	0.933908
6847	0.692529
6848	0.566092
6849	0.942529
6850	0.931034
6851	0.646552
6852	0.968391
6853	0.954023
6854	0.91092
6855	0.87069
6856	0.798851
6857	0.991379
6858	0.933908
6859	0.908046
6860	0.948276
6861	0.965517
6862	0.977011
6863	0.772989
6864	0.936782
6865	0.954023
6866	0.974138
6867	0.922414
6868	0.908046
6869	0.968391
6870	0.833333
6871	0.885057
6872	0.939655
6873	0.933908
6874	0.850575
6875	0.965517
6876	0.908046
6877	0.974138
6878	1
6879	0.954023
6880	0.948276
6881	0.798851
6882	0.83908
6883	0.606322
6884	0.942529
6885	0.925287
6886	0.977011
6887	0.864943
6888	0.913793
6889	0.933908
6890	0.761494
6891	0.83908
6892	0.979885
6893	0.758621
6894	0.936782
6895	0.859195
6896	0.954023
6897	0.954023
6898	0.977011
6899	0.994253
6900	0.956897
6901	0.945402
6902	0.942529
6903	0.850575
6904	0.83908
6905	0.882184
6906	0.945402
6907	0.925287
6908	0.692529
6909	0.902299
6910	0.922414
6911	0.977011
6912	0.698276
6913	0.951149
6914	0.864943
6915	0.948276
6916	0.850575
6917	0.876437
6918	0.962644
6919	0.902299
6920	0.95977
6921	0.954023
6922	0.977011
6923	0.971264
6924	0.91092
6925	0.862069
6926	0.876437
6927	0.971264
6928	0.933908
6929	0.979885
6930	0.75
6931	0.962644
6932	0.922414
6933	0.899425
6934	0.95977
6935	0.942529
6936	0.954023
6937	0.908046
6938	0.853448
6939	0.971264
6940	0.821839
6941	0.853448
6942	0.833333
6943	0.916667
6944	0.824713
6945	0.922414
6946	0.942529
6947	0.738506
6948	0.951149
6949	0.956897
6950	0.95977
6951	0.922414
6952	0.942529
6953	0.942529
6954	0.859195
6955	0.965517
6956	0.956897
6957	0.942529
6958	0.988506
6959	0.922414
6960	0.982759
6961	0.95977
6962	0.962644
6963	0.962644
6964	0.517241
6965	0.925287
6966	0.91954
6967	0.933908
6968	0.844828
6969	0.908046
6970	0.902299
6971	0.968391
6972	0.965517
6973	0.971264
6974	0.905172
6975	0.882184
6976	0.974138
6977	0.931034
6978	0.936782
6979	0.706897
6980	0.931034
6981	0.948276
6982	0.936782
6983	0.844828
6984	0.965517
6985	0.778736
6986	0.968391
6987	0.867816
6988	0.977011
6989	0.916667
6990	0.936782
6991	0.712644
6992	0.979885
6993	0.91954
6994	0.971264
6995	0.971264
6996	0.729885
6997	0.738506
6998	0.692529
6999	0.936782
7000	0.916667
7001	0.925287
7002	0.971264
7003	0.954023
7004	0.939655
7005	0.850575
7006	0.974138
7007	0.87069
7008	0.928161
7009	0.942529
7010	0.836207
7011	0.95977
7012	0.948276
7013	0.945402
7014	0.850575
7015	0.752874
7016	0.91092
7017	0.982759
7018	0.95977
7019	0.954023
7020	0.968391
7021	0.95977
7022	0.974138
7023	0.908046
7024	0.821839
7025	0.678161
7026	0.939655
7027	0.899425
7028	0.70977
7029	0.968391
7030	0.928161
7031	0.922414
7032	0.887931
7033	0.83908
7034	0.933908
7035	0.925287
7036	0.899425
7037	0.95977
7038	0.893678
7039	0.893678
7040	0.951149
7041	0.821839
7042	0.695402
7043	0.876437
7044	0.939655
7045	0.95977
7046	0.916667
7047	0.979885
7048	0.859195
7049	0.979885
7050	0.95977
7051	0.922414
7052	1
7053	0.678161
7054	0.945402
7055	0.887931
7056	0.818966
7057	0.856322
7058	0.91954
7059	0.896552
7060	0.801724
7061	0.896552
7062	0.801724
7063	0.818966
7064	0.925287
7065	0.804598
7066	0.741379
7067	0.738506
7068	0.977011
7069	0.994253
7070	0.804598
7071	0.954023
7072	0.905172
7073	0.956897
7074	0.91954
7075	0.942529
7076	0.882184
7077	0.859195
7078	0.928161
7079	0.91092
7080	0.977011
7081	0.956897
7082	0.683908
7083	0.876437
7084	0.951149
7085	0.873563
7086	0.91954
7087	0.853448
7088	0.985632
7089	0.977011
7090	0.824713
7091	0.971264
7092	0.678161
7093	0.887931
7094	0.913793
7095	0.885057
7096	0.954023
7097	0.942529
7098	0.965517
7099	0.956897
7100	0.905172
7101	0.962644
7102	0.954023
7103	0.962644
7104	0.948276
7105	0.87069
7106	0.902299
7107	0.954023
7108	0.781609
7109	0.893678
7110	0.922414
7111	0.951149
7112	0.942529
7113	0.925287
7114	0.95977
7115	0.818966
7116	0.844828
7117	0.936782
7118	0.971264
7119	0.91954
7120	0.678161
7121	0.974138
7122	0.931034
7123	0.942529
7124	0.951149
7125	0.962644
7126	0.936782
7127	0.847701
7128	0.95977
7129	0.864943
7130	0.931034
7131	0.974138
7132	0.810345
7133	0.956897
7134	0.87069
7135	0.95977
7136	0.905172
7137	0.899425
7138	0.948276
7139	0.954023
7140	0.804598
7141	0.862069
7142	0.968391
7143	0.922414
7144	0.954023
7145	0.890805
7146	0.948276
7147	0.925287
7148	0.928161
7149	0.977011
7150	0.632184
7151	0.951149
7152	0.942529
7153	0.95977
7154	0.977011
7155	0.833333
7156	0.956897
7157	0.974138
7158	0.850575
7159	0.962644
7160	0.942529
7161	0.942529
7162	0.971264
7163	0.971264
7164	0.87069
7165	0.867816
7166	0.968391
7167	0.95977
7168	0.971264
7169	0.948276
7170	0.856322
7171	0.971264
7172	0.974138
7173	0.672414
7174	0.936782
7175	0.913793
7176	0.83908
7177	0.922414
7178	0.95977
7179	0.882184
7180	0.994253
7181	0.95977
7182	0.821839
7183	0.91092
7184	0.928161
7185	0.87069
7186	0.704023
7187	0.732759
7188	0.591954
7189	0.916667
7190	0.974138
7191	0.95977
7192	0.755747
7193	0.876437
7194	0.936782
7195	0.95977
7196	0.974138
7197	0.864943
7198	0.942529
7199	0.761494
7200	0.942529
7201	0.876437
7202	0.91954
7203	0.801724
7204	0.962644
7205	0.971264
7206	0.982759
7207	0.965517
7208	0.956897
7209	0.956897
7210	0.87931
7211	0.873563
7212	0.968391
7213	0.801724
7214	0.977011
7215	0.833333
7216	0.864943
7217	0.899425
7218	0.954023
7219	0.954023
7220	0.902299
7221	0.908046
7222	0.905172
7223	0.87069
7224	0.908046
7225	0.847701
7226	0.962644
7227	0.939655
7228	0.862069
7229	0.951149
7230	0.954023
7231	0.916667
7232	0.925287
7233	0.933908
7234	0.977011
7235	0.933908
7236	0.95977
7237	0.985632
7238	0.977011
7239	0.936782
7240	0.956897
7241	0.968391
7242	0.933908
7243	0.798851
7244	0.968391
7245	0.643678
7246	0.965517
7247	0.721264
7248	0.977011
7249	0.931034
7250	0.643678
7251	0.971264
7252	0.928161
7253	0.833333
7254	0.939655
7255	0.994253
7256	0.928161
7257	0.925287
7258	0.933908
7259	0.939655
7260	0.933908
7261	0.893678
7262	0.931034
7263	0.977011
7264	0.988506
7265	0.948276
7266	0.844828
7267	0.945402
7268	0.977011
7269	0.931034
7270	0.873563
7271	0.896552
7272	0.931034
7273	0.948276
7274	0.928161
7275	0.841954
7276	0.836207
7277	0.850575
7278	0.954023
7279	0.867816
7280	0.775862
7281	0.663793
7282	0.948276
7283	0.942529
7284	0.818966
7285	0.836207
7286	0.945402
7287	0.948276
7288	0.87069
7289	0.896552
7290	0.948276
7291	0.936782
7292	0.91092
7293	0.922414
7294	0.945402
7295	0.899425
7296	0.925287
7297	0.715517
7298	0.729885
7299	0.982759
7300	0.862069
7301	0.965517
7302	0.968391
7303	0.908046
7304	0.948276
7305	0.876437
7306	0.83046
7307	0.954023
7308	0.862069
7309	0.908046
7310	0.974138
7311	0.971264
7312	0.945402
7313	0.954023
7314	0.965517
7315	0.913793
7316	0.882184
7317	0.945402
7318	0.945402
7319	0.988506
7320	0.936782
7321	0.91092
7322	0.948276
7323	0.715517
7324	0.965517
7325	0.853448
7326	0.807471
7327	0.979885
7328	0.87069
7329	0.821839
7330	0.675287
7331	0.936782
7332	1
7333	0.979885
7334	0.698276
7335	0.965517
7336	0.971264
7337	0.695402
7338	0.968391
7339	0.925287
7340	0.885057
7341	0.841954
7342	0.965517
7343	0.951149
7344	0.781609
7345	0.971264
7346	0.867816
7347	0.867816
7348	0.795977
7349	0.738506
7350	0.735632
7351	0.988506
7352	0.844828
7353	0.847701
7354	0.979885
7355	0.968391
7356	0.965517
7357	0.95977
7358	0.859195
7359	0.887931
7360	0.83908
7361	0.965517
7362	0.916667
7363	0.761494
7364	0.91092
7365	0.95977
7366	0.979885
7367	0.936782
7368	0.988506
7369	0.933908
7370	0.933908
7371	0.95977
7372	0.867816
7373	0.942529
7374	0.764368
7375	0.91954
7376	0.956897
7377	0.948276
7378	0.933908
7379	0.965517
7380	0.908046
7381	0.942529
7382	0.942529
7383	0.965517
7384	0.761494
7385	0.971264
7386	0.787356
7387	0.859195
7388	0.936782
7389	0.704023
7390	0.948276
7391	0.905172
7392	0.95977
7393	0.916667
7394	0.908046
7395	0.948276
7396	0.905172
7397	0.893678
7398	0.91092
7399	0.95977
7400	0.971264
7401	0.91092
7402	0.922414
7403	0.890805
7404	0.87069
7405	0.962644
7406	0.936782
7407	0.931034
7408	0.847701
7409	0.91954
7410	0.899425
7411	0.948276
7412	0.885057
7413	0.933908
7414	0.91092
7415	0.968391
7416	0.968391
7417	0.933908
7418	0.962644
7419	0.908046
7420	0.887931
7421	1
7422	0.95977
7423	0.902299
7424	0.885057
7425	0.83908
7426	0.954023
7427	0.87931
7428	1
7429	0.91954
7430	0.95977
7431	0.876437
7432	0.988506
7433	0.91954
7434	0.887931
7435	0.818966
7436	0.893678
7437	0.933908
7438	0.982759
7439	0.991379
7440	0.525862
7441	0.942529
7442	0.948276
7443	0.563218
7444	0.95977
7445	0.813218
7446	0.988506
7447	0.925287
7448	0.95977
7449	0.936782
7450	0.951149
7451	0.896552
7452	0.962644
7453	0.928161
7454	0.873563
7455	0.939655
7456	0.948276
7457	0.916667
7458	0.968391
7459	0.936782
7460	0.988506
7461	0.928161
7462	0.91954
7463	0.928161
7464	0.795977
7465	0.982759
7466	0.862069
7467	0.988506
7468	0.91954
7469	0.931034
7470	0.962644
7471	0.752874
7472	0.962644
7473	0.916667
7474	0.798851
7475	0.798851
7476	0.718391
7477	0.968391
7478	0.807471
7479	0.87931
7480	1
7481	0.945402
7482	0.896552
7483	1
7484	0.810345
7485	0.942529
7486	0.954023
7487	0.956897
7488	0.956897
7489	0.890805
7490	0.804598
7491	0.948276
7492	0.951149
7493	0.971264
7494	0.948276
7495	0.824713
7496	0.818966
7497	0.844828
7498	0.902299
7499	0.95977
7500	0.939655
7501	0.95977
7502	0.954023
7503	0.850575
7504	0.571839
7505	0.827586
7506	0.931034
7507	0.982759
7508	0.890805
7509	0.807471
7510	0.804598
7511	0.965517
7512	0.551724
7513	0.948276
7514	0.948276
7515	0.939655
7516	0.902299
7517	0.784483
7518	0.821839
7519	0.787356
7520	0.974138
7521	0.896552
7522	0.732759
7523	0.772989
7524	0.902299
7525	0.985632
7526	0.890805
7527	0.948276
7528	0.908046
7529	0.795977
7530	0.643678
7531	0.954023
7532	0.850575
7533	1
7534	0.962644
7535	0.948276
7536	0.936782
7537	0.847701
7538	0.925287
7539	0.965517
7540	0.968391
7541	0.945402
7542	0.968391
7543	0.948276
7544	0.87069
7545	0.905172
7546	0.890805
7547	0.793103
7548	0.956897
7549	0.965517
7550	0.971264
7551	0.948276
7552	0.913793
7553	0.91954
7554	0.818966
7555	0.890805
7556	0.956897
7557	0.87069
7558	0.893678
7559	0.956897
7560	0.954023
7561	0.942529
7562	0.908046
7563	1
7564	0.954023
7565	0.873563
7566	0.979885
7567	0.816092
7568	0.890805
7569	0.954023
7570	0.945402
7571	1
7572	0.905172
7573	0.968391
7574	0.925287
7575	0.956897
7576	0.942529
7577	0.83908
7578	0.965517
7579	0.890805
7580	0.965517
7581	0.908046
7582	0.951149
7583	0.882184
7584	0.87069
7585	0.95977
7586	0.908046
7587	0.836207
7588	0.951149
7589	0.936782
7590	0.936782
7591	0.922414
7592	0.87069
7593	0.925287
7594	0.87069
7595	0.91092
7596	0.931034
7597	0.902299
7598	0.956897
7599	0.971264
7600	0.95977
7601	0.925287
7602	0.962644
7603	0.974138
7604	0.95977
7605	0.91954
7606	0.948276
7607	0.548851
7608	0.979885
7609	0.971264
7610	0.942529
7611	0.876437
7612	0.95977
7613	0.695402
7614	0.948276
7615	0.971264
7616	0.931034
7617	0.856322
7618	0.931034
7619	0.683908
7620	0.948276
7621	0.867816
7622	0.956897
7623	0.965517
7624	0.91954
7625	0.962644
7626	0.925287
7627	0.971264
7628	0.87069
7629	0.882184
7630	0.859195
7631	0.977011
7632	0.91092
7633	0.859195
7634	0.965517
7635	0.962644
7636	0.885057
7637	0.982759
7638	0.893678
7639	0.928161
7640	0.925287
7641	0.962644
7642	0.853448
7643	0.931034
7644	0.890805
7645	0.956897
7646	0.922414
7647	0.968391
7648	0.965517
7649	0.948276
7650	0.956897
7651	0.977011
7652	0.893678
7653	0.91092
7654	0.922414
7655	0.864943
7656	0.841954
7657	0.813218
7658	0.925287
7659	0.767241
7660	0.893678
7661	0.942529
7662	0.902299
7663	0.95977
7664	0.95977
7665	0.948276
7666	0.83908
7667	0.758621
7668	0.95977
7669	0.95977
7670	0.982759
7671	0.974138
7672	0.770115
7673	0.965517
7674	0.793103
7675	0.954023
7676	0.87931
7677	0.885057
7678	0.873563
7679	0.847701
7680	0.994253
7681	0.988506
7682	0.859195
7683	0.908046
7684	0.727011
7685	0.979885
7686	0.905172
7687	0.922414
7688	0.945402
7689	0.954023
7690	1
7691	0.954023
7692	0.951149
7693	0.827586
7694	0.91954
7695	0.890805
7696	0.95977
7697	0.971264
7698	0.942529
7699	0.827586
7700	0.925287
7701	0.988506
7702	0.844828
7703	0.91954
7704	0.945402
7705	0.735632
7706	0.856322
7707	0.945402
7708	0.954023
7709	0.965517
7710	0.813218
7711	0.965517
7712	0.818966
7713	0.939655
7714	0.876437
7715	0.821839
7716	0.761494
7717	0.936782
7718	0.936782
7719	0.925287
7720	0.91092
7721	0.87931
7722	0.862069
7723	0.772989
7724	0.971264
7725	0.968391
7726	0.853448
7727	0.936782
7728	0.922414
7729	0.804598
7730	0.925287
7731	0.974138
7732	0.974138
7733	0.942529
7734	0.956897
7735	0.95977
7736	0.931034
7737	0.775862
7738	0.847701
7739	0.83046
7740	0.982759
7741	0.715517
7742	0.962644
7743	0.905172
7744	0.807471
7745	0.939655
7746	0.847701
7747	0.890805
7748	0.91954
7749	0.908046
7750	0.876437
7751	0.974138
7752	0.908046
7753	0.948276
7754	0.83908
7755	0.968391
7756	0.859195
7757	0.925287
7758	0.965517
7759	0.931034
7760	0.853448
7761	0.902299
7762	0.974138
7763	0.764368
7764	0.715517
7765	0.942529
7766	0.781609
7767	0.928161
7768	0.87931
7769	0.931034
7770	0.979885
7771	0.931034
7772	0.95977
7773	0.965517
7774	0.965517
7775	0.795977
7776	0.968391
7777	0.908046
7778	0.954023
7779	0.931034
7780	0.741379
7781	0.928161
7782	0.859195
7783	0.683908
7784	0.951149
7785	0.864943
7786	0.873563
7787	0.913793
7788	0.787356
7789	0.896552
7790	0.931034
7791	0.890805
7792	0.939655
7793	0.896552
7794	0.893678
7795	0.873563
7796	0.847701
7797	0.833333
7798	0.896552
7799	0.905172
7800	0.637931
7801	0.856322
7802	0.933908
7803	0.933908
7804	0.893678
7805	0.83046
7806	0.95977
7807	0.890805
7808	0.965517
7809	0.833333
7810	0.988506
7811	0.951149
7812	0.933908
7813	0.965517
7814	0.778736
7815	0.988506
7816	0.956897
7817	0.942529
7818	0.908046
7819	0.887931
7820	0.956897
7821	0.948276
7822	0.936782
7823	0.956897
7824	0.942529
7825	0.945402
7826	0.933908
7827	0.951149
7828	0.882184
7829	0.931034
7830	0.896552
7831	0.922414
7832	0.942529
7833	0.701149
7834	0.79023
7835	0.939655
7836	0.91954
7837	0.905172
7838	0.979885
7839	0.979885
7840	0.859195
7841	0.977011
7842	0.902299
7843	0.902299
7844	0.859195
7845	0.962644
7846	0.827586
7847	0.942529
7848	0.956897
7849	0.95977
7850	0.913793
7851	0.916667
7852	0.893678
7853	0.95977
7854	0.833333
7855	0.939655
7856	0.764368
7857	0.95977
7858	0.87069
7859	0.942529
7860	0.62069
7861	0.925287
7862	0.652299
7863	0.95977
7864	0.724138
7865	0.887931
7866	0.905172
7867	0.850575
7868	0.928161
7869	0.974138
7870	0.893678
7871	0.942529
7872	0.908046
7873	0.968391
7874	0.841954
7875	0.954023
7876	0.948276
7877	0.968391
7878	0.853448
7879	0.821839
7880	0.942529
7881	0.818966
7882	0.956897
7883	0.732759
7884	0.91954
7885	0.862069
7886	0.833333
7887	0.692529
7888	0.902299
7889	0.833333
7890	0.942529
7891	0.945402
7892	0.890805
7893	0.95977
7894	0.988506
7895	0.896552
7896	0.672414
7897	0.781609
7898	0.979885
7899	0.882184
7900	0.836207
7901	0.87069
7902	0.864943
7903	0.954023
7904	0.637931
7905	0.87069
7906	0.899425
7907	0.933908
7908	0.862069
7909	0.965517
7910	0.942529
7911	0.922414
7912	0.979885
7913	0.968391
7914	0.887931
7915	0.948276
7916	0.939655
7917	0.939655
7918	0.971264
7919	0.971264
7920	0.977011
7921	0.954023
7922	0.91092
7923	0.977011
7924	0.968391
7925	0.956897
7926	0.905172
7927	0.91954
7928	0.956897
7929	0.962644
7930	0.979885
7931	0.979885
7932	0.965517
7933	0.968391
7934	0.948276
7935	0.948276
7936	0.902299
7937	0.948276
7938	0.945402
7939	0.784483
7940	0.801724
7941	0.896552
7942	0.974138
7943	0.942529
7944	0.609195
7945	0.945402
7946	0.91092
7947	0.956897
7948	0.931034
7949	0.847701
7950	0.652299
7951	0.936782
7952	0.928161
7953	0.985632
7954	0.988506
7955	0.75
7956	0.724138
7957	0.752874
7958	0.908046
7959	0.951149
7960	0.942529
7961	0.956897
7962	0.945402
7963	0.752874
7964	0.942529
7965	0.594828
7966	0.948276
7967	0.936782
7968	0.75
7969	0.942529
7970	0.566092
7971	0.931034
7972	0.867816
7973	0.758621
7974	0.818966
7975	0.928161
7976	0.939655
7977	0.965517
7978	0.939655
7979	0.908046
7980	0.968391
7981	0.79023
7982	0.994253
7983	0.83908
7984	0.902299
7985	0.649425
7986	0.939655
7987	0.867816
7988	0.965517
7989	0.876437
7990	0.95977
7991	0.908046
7992	0.948276
7993	0.962644
7994	0.965517
7995	0.954023
7996	0.882184
7997	0.816092
7998	0.83908
7999	0.885057
8000	0.844828
8001	0.836207
8002	0.936782
8003	0.928161
8004	0.956897
8005	0.956897
8006	0.893678
8007	0.75
8008	0.931034
8009	0.847701
8010	0.936782
8011	0.931034
8012	0.974138
8013	0.933908
8014	0.933908
8015	0.614943
8016	0.979885
8017	0.965517
8018	0.971264
8019	0.971264
8020	0.948276
8021	0.793103
8022	0.974138
8023	0.965517
8024	0.968391
8025	0.95977
8026	0.956897
8027	0.83046
8028	0.824713
8029	0.905172
8030	0.741379
8031	0.816092
8032	0.87931
8033	0.933908
8034	0.896552
8035	0.922414
8036	0.847701
8037	0.91954
8038	0.939655
8039	0.962644
8040	0.922414
8041	0.922414
8042	0.936782
8043	0.974138
8044	0.551724
8045	0.732759
8046	0.931034
8047	0.867816
8048	0.801724
8049	0.965517
8050	0.939655
8051	0.942529
8052	0.905172
8053	0.905172
8054	0.968391
8055	0.948276
8056	0.913793
8057	0.95977
8058	0.738506
8059	0.902299
8060	0.833333
8061	0.867816
8062	0.913793
8063	0.954023
8064	0.721264
8065	0.913793
8066	0.916667
8067	0.942529
8068	0.856322
8069	0.945402
8070	0.83046
8071	0.606322
8072	0.841954
8073	0.954023
8074	0.91954
8075	0.856322
8076	0.925287
8077	0.933908
8078	0.896552
8079	0.738506
8080	0.850575
8081	0.79023
8082	0.945402
8083	0.83046
8084	0.798851
8085	0.698276
8086	0.939655
8087	0.637931
8088	0.968391
8089	0.971264
8090	0.982759
8091	0.948276
8092	0.87931
8093	0.824713
8094	0.962644
8095	0.931034
8096	0.936782
8097	0.956897
8098	0.945402
8099	0.922414
8100	0.95977
8101	0.916667
8102	0.925287
8103	0.942529
8104	0.951149
8105	0.931034
8106	0.971264
8107	0.939655
8108	0.91092
8109	0.804598
8110	0.968391
8111	0.913793
8112	0.637931
8113	0.954023
8114	0.887931
8115	0.87931
8116	0.948276
8117	0.853448
8118	0.916667
8119	0.956897
8120	0.767241
8121	0.962644
8122	0.905172
8123	0.968391
8124	0.928161
8125	0.738506
8126	0.922414
8127	0.954023
8128	0.948276
8129	0.985632
8130	0.922414
8131	0.922414
8132	0.971264
8133	0.954023
8134	0.931034
8135	0.810345
8136	0.583333
8137	0.939655
8138	0.985632
8139	0.882184
8140	0.948276
8141	0.942529
8142	0.936782
8143	0.882184
8144	0.954023
8145	0.939655
8146	0.931034
8147	0.962644
8148	0.902299
8149	0.922414
8150	0.956897
8151	0.951149
8152	0.936782
8153	0.948276
8154	0.925287
8155	0.928161
8156	0.951149
8157	0.91954
8158	0.936782
8159	0.988506
8160	0.965517
8161	0.931034
8162	0.853448
8163	0.798851
8164	0.922414
8165	0.827586
8166	0.971264
8167	0.913793
8168	0.58046
8169	0.867816
8170	0.95977
8171	0.95977
8172	0.931034
8173	0.672414
8174	0.933908
8175	0.965517
8176	0.979885
8177	0.893678
8178	0.91954
8179	0.658046
8180	0.643678
8181	0.916667
8182	0.942529
8183	0.931034
8184	0.933908
8185	0.867816
8186	0.827586
8187	0.91092
8188	0.925287
8189	0.968391
8190	0.925287
8191	0.971264
8192	0.942529
8193	0.899425
8194	0.916667
8195	0.836207
8196	0.704023
8197	0.890805
8198	0.965517
8199	0.948276
8200	0.931034
8201	0.772989
8202	0.859195
8203	0.971264
8204	0.635057
8205	0.931034
8206	0.945402
8207	0.787356
8208	0.939655
8209	0.954023
8210	0.945402
8211	0.962644
8212	0.962644
8213	0.747126
8214	0.893678
8215	0.933908
8216	0.594828
8217	0.974138
8218	0.968391
8219	0.95977
8220	0.841954
8221	0.931034
8222	0.925287
8223	0.962644
8224	0.913793
8225	0.841954
8226	0.965517
8227	0.954023
8228	0.971264
8229	0.925287
8230	0.931034
8231	0.945402
8232	0.988506
8233	0.908046
8234	0.936782
8235	0.933908
8236	0.948276
8237	0.95977
8238	0.954023
8239	0.91954
8240	0.979885
8241	0.681034
8242	0.954023
8243	0.948276
8244	0.916667
8245	0.913793
8246	0.939655
8247	0.867816
8248	0.982759
8249	0.801724
8250	0.75
8251	0.951149
8252	0.908046
8253	0.939655
8254	0.767241
8255	0.882184
8256	0.867816
8257	0.922414
8258	0.87069
8259	0.850575
8260	0.893678
8261	0.951149
8262	0.890805
8263	0.916667
8264	0.942529
8265	0.933908
8266	0.908046
8267	0.951149
8268	0.968391
8269	0.95977
8270	0.974138
8271	0.893678
8272	0.931034
8273	0.994253
8274	0.816092
8275	0.908046
8276	0.931034
8277	0.775862
8278	0.95977
8279	0.91954
8280	0.968391
8281	0.931034
8282	0.795977
8283	0.764368
8284	0.896552
8285	0.945402
8286	0.827586
8287	0.816092
8288	0.833333
8289	0.916667
8290	0.859195
8291	0.916667
8292	0.988506
8293	0.905172
8294	0.945402
8295	0.91954
8296	0.948276
8297	0.862069
8298	0.885057
8299	0.862069
8300	1
8301	0.988506
8302	0.945402
8303	0.896552
8304	0.91092
8305	0.939655
8306	0.95977
8307	0.772989
8308	0.971264
8309	0.971264
8310	0.885057
8311	0.928161
8312	0.945402
8313	0.856322
8314	0.873563
8315	0.939655
8316	0.787356
8317	0.528736
8318	0.942529
8319	0.804598
8320	0.956897
8321	0.646552
8322	0.66092
8323	0.87931
8324	0.965517
8325	0.988506
8326	0.982759
8327	0.91954
8328	0.770115
8329	0.798851
8330	0.968391
8331	0.816092
8332	0.778736
8333	0.885057
8334	0.968391
8335	0.977011
8336	0.933908
8337	0.905172
8338	0.977011
8339	0.948276
8340	0.971264
8341	0.988506
8342	0.928161
8343	0.735632
8344	0.979885
8345	0.982759
8346	0.982759
8347	0.862069
8348	0.968391
8349	0.913793
8350	1
8351	0.948276
8352	0.867816
8353	0.91092
8354	0.70977
8355	0.954023
8356	0.87931
8357	0.862069
8358	0.922414
8359	0.672414
8360	0.908046
8361	0.939655
8362	0.971264
8363	0.977011
8364	0.954023
8365	0.942529
8366	0.916667
8367	0.954023
8368	0.965517
8369	0.916667
8370	0.977011
8371	0.988506
8372	0.83046
8373	0.821839
8374	0.841954
8375	0.936782
8376	0.833333
8377	0.864943
8378	0.925287
8379	0.945402
8380	0.772989
8381	0.925287
8382	0.977011
8383	0.91092
8384	0.916667
8385	0.864943
8386	0.922414
8387	0.908046
8388	0.971264
8389	0.836207
8390	0.942529
8391	0.850575
8392	0.933908
8393	0.925287
8394	0.948276
8395	0.988506
8396	0.913793
8397	0.706897
8398	0.982759
8399	0.916667
8400	1
8401	0.732759
8402	0.896552
8403	0.956897
8404	0.864943
8405	0.95977
8406	0.727011
8407	0.931034
8408	0.965517
8409	0.962644
8410	0.951149
8411	0.936782
8412	0.902299
8413	0.971264
8414	0.902299
8415	0.95977
8416	0.933908
8417	0.827586
8418	0.876437
8419	0.974138
8420	0.939655
8421	0.945402
8422	0.801724
8423	0.945402
8424	0.902299
8425	1
8426	0.965517
8427	0.873563
8428	0.965517
8429	0.902299
8430	0.853448
8431	0.945402
8432	0.936782
8433	0.764368
8434	0.83908
8435	0.896552
8436	0.893678
8437	0.91092
8438	0.905172
8439	0.844828
8440	0.942529
8441	0.784483
8442	0.816092
8443	0.896552
8444	0.933908
8445	0.936782
8446	0.954023
8447	0.951149
8448	0.95977
8449	0.896552
8450	0.70977
8451	0.744253
8452	0.885057
8453	0.974138
8454	0.896552
8455	0.896552
8456	0.902299
8457	0.968391
8458	0.896552
8459	0.850575
8460	0.948276
8461	0.87069
8462	0.873563
8463	0.721264
8464	0.913793
8465	0.965517
8466	0.876437
8467	0.804598
8468	0.971264
8469	0.939655
8470	0.971264
8471	0.971264
8472	0.885057
8473	0.931034
8474	0.948276
8475	0.925287
8476	0.965517
8477	0.816092
8478	0.902299
8479	0.916667
8480	0.91954
8481	0.982759
8482	0.864943
8483	0.885057
8484	0.836207
8485	0.933908
8486	0.95977
8487	0.965517
8488	0.896552
8489	0.931034
8490	0.965517
8491	0.939655
8492	0.689655
8493	0.844828
8494	0.939655
8495	0.939655
8496	0.887931
8497	0.899425
8498	0.905172
8499	0.91954
8500	0.956897
8501	0.936782
8502	0.948276
8503	0.772989
8504	0.979885
8505	0.991379
8506	0.954023
8507	1
8508	0.833333
8509	0.882184
8510	0.931034
8511	0.882184
8512	0.727011
8513	0.968391
8514	0.962644
8515	0.859195
8516	0.977011
8517	0.890805
8518	0.87069
8519	0.939655
8520	0.982759
8521	0.965517
8522	0.87931
8523	1
8524	0.933908
8525	1
8526	0.928161
8527	0.908046
8528	0.747126
8529	0.956897
8530	0.936782
8531	0.885057
8532	0.965517
8533	0.931034
8534	0.793103
8535	0.962644
8536	0.979885
8537	0.571839
8538	0.744253
8539	0.913793
8540	0.968391
8541	0.982759
8542	0.968391
8543	0.971264
8544	0.893678
8545	0.793103
8546	0.798851
8547	1
8548	0.948276
8549	0.916667
8550	0.844828
8551	0.951149
8552	0.844828
8553	0.954023
8554	0.887931
8555	0.554598
8556	0.902299
8557	0.965517
8558	0.948276
8559	0.931034
8560	0.977011
8561	0.867816
8562	0.890805
8563	0.974138
8564	0.614943
8565	0.695402
8566	0.87931
8567	0.781609
8568	0.836207
8569	0.91092
8570	0.908046
8571	0.951149
8572	0.968391
8573	0.942529
8574	0.79023
8575	0.925287
8576	0.784483
8577	0.859195
8578	0.942529
8579	0.913793
8580	0.954023
8581	0.772989
8582	0.948276
8583	0.971264
8584	0.931034
8585	0.827586
8586	0.977011
8587	0.942529
8588	0.971264
8589	0.965517
8590	0.948276
8591	0.890805
8592	0.804598
8593	0.982759
8594	0.991379
8595	0.91954
8596	0.890805
8597	0.833333
8598	0.954023
8599	0.922414
8600	0.896552
8601	0.925287
8602	0.928161
8603	0.925287
8604	0.859195
8605	0.954023
8606	0.784483
8607	0.988506
8608	0.936782
8609	0.899425
8610	0.933908
8611	0.887931
8612	0.939655
8613	0.896552
8614	0.979885
8615	0.887931
8616	0.965517
8617	0.977011
8618	0.948276
8619	0.833333
8620	0.962644
8621	0.965517
8622	0.890805
8623	0.942529
8624	0.956897
8625	0.913793
8626	0.936782
8627	0.827586
8628	0.784483
8629	0.850575
8630	0.818966
8631	0.962644
8632	0.91954
8633	0.804598
8634	0.916667
8635	0.954023
8636	0.744253
8637	0.954023
8638	0.965517
8639	0.956897
8640	0.735632
8641	0.887931
8642	0.956897
8643	0.87931
8644	0.942529
8645	0.896552
8646	0.873563
8647	0.896552
8648	0.893678
8649	0.925287
8650	0.913793
8651	0.982759
8652	0.977011
8653	0.982759
8654	0.925287
8655	0.885057
8656	0.864943
8657	0.864943
8658	0.908046
8659	0.942529
8660	0.945402
8661	0.867816
8662	0.798851
8663	0.945402
8664	0.821839
8665	0.928161
8666	0.948276
8667	0.965517
8668	0.954023
8669	0.954023
8670	0.965517
8671	0.594828
8672	0.862069
8673	0.767241
8674	0.867816
8675	0.95977
8676	0.91092
8677	0.913793
8678	0.974138
8679	0.936782
8680	0.951149
8681	0.974138
8682	0.933908
8683	0.913793
8684	0.856322
8685	1
8686	0.965517
8687	0.724138
8688	0.91954
8689	0.83908
8690	0.931034
8691	0.887931
8692	0.931034
8693	0.821839
8694	0.862069
8695	0.873563
8696	0.890805
8697	0.902299
8698	0.908046
8699	0.931034
8700	0.908046
8701	0.931034
8702	0.965517
8703	0.793103
8704	0.942529
8705	0.91954
8706	0.775862
8707	0.755747
8708	0.87931
8709	0.841954
8710	0.807471
8711	0.95977
8712	1
8713	0.798851
8714	0.95977
8715	0.781609
8716	0.968391
8717	0.962644
8718	0.778736
8719	0.87069
8720	0.908046
8721	0.948276
8722	0.91092
8723	0.885057
8724	0.816092
8725	0.954023
8726	0.936782
8727	0.939655
8728	0.91092
8729	0.824713
8730	0.954023
8731	0.968391
8732	0.931034
8733	0.933908
8734	0.95977
8735	0.962644
8736	0.951149
8737	0.95977
8738	0.988506
8739	0.965517
8740	0.945402
8741	0.965517
8742	0.936782
8743	0.928161
8744	0.974138
8745	0.913793
8746	0.939655
8747	0.962644
8748	0.951149
8749	0.810345
8750	0.824713
8751	0.933908
8752	0.701149
8753	0.916667
8754	0.948276
8755	0.956897
8756	0.896552
8757	0.95977
8758	0.956897
8759	0.977011
8760	0.965517
8761	0.583333
8762	0.810345
8763	0.974138
8764	0.91954
8765	0.962644
8766	0.956897
8767	0.885057
8768	0.968391
8769	0.675287
8770	0.968391
8771	0.902299
8772	0.916667
8773	0.916667
8774	0.905172
8775	0.876437
8776	0.936782
8777	0.91954
8778	0.876437
8779	0.962644
8780	0.87931
8781	0.945402
8782	0.942529
8783	0.962644
8784	1
8785	0.586207
8786	0.876437
8787	0.844828
8788	0.767241
8789	0.954023
8790	0.977011
8791	0.965517
8792	0.936782
8793	1
8794	0.968391
8795	0.724138
8796	0.795977
8797	0.942529
8798	0.933908
8799	0.971264
8800	0.985632
8801	0.813218
8802	0.841954
8803	0.971264
8804	0.913793
8805	0.916667
8806	0.936782
8807	0.597701
8808	0.666667
8809	0.942529
8810	0.962644
8811	0.810345
8812	0.965517
8813	0.968391
8814	0.951149
8815	0.962644
8816	0.945402
8817	0.905172
8818	0.850575
8819	0.971264
8820	0.965517
8821	0.962644
8822	0.954023
8823	0.945402
8824	0.87931
8825	0.95977
8826	0.954023
8827	0.715517
8828	0.948276
8829	0.836207
8830	0.925287
8831	0.965517
8832	0.954023
8833	0.982759
8834	0.591954
8835	0.928161
8836	0.913793
8837	0.908046
8838	0.83046
8839	0.896552
8840	0.945402
8841	0.988506
8842	1
8843	0.942529
8844	1
8845	0.885057
8846	0.87931
8847	0.818966
8848	0.942529
8849	0.933908
8850	0.948276
8851	0.968391
8852	0.988506
8853	0.816092
8854	0.965517
8855	0.864943
8856	0.942529
8857	0.681034
8858	0.795977
8859	0.971264
8860	0.844828
8861	0.942529
8862	0.971264
8863	0.864943
8864	0.948276
8865	0.95977
8866	0.893678
8867	0.962644
8868	0.933908
8869	0.954023
8870	0.928161
8871	0.933908
8872	0.945402
8873	0.890805
8874	0.87931
8875	0.942529
8876	0.939655
8877	0.913793
8878	0.873563
8879	0.787356
8880	0.994253
8881	0.965517
8882	0.715517
8883	0.862069
8884	0.718391
8885	0.942529
8886	0.95977
8887	0.951149
8888	0.887931
8889	0.928161
8890	0.928161
8891	0.971264
8892	0.931034
8893	0.876437
8894	0.962644
8895	0.864943
8896	0.954023
8897	0.913793
8898	0.948276
8899	0.850575
8900	0.979885
8901	0.79023
8902	0.971264
8903	0.956897
8904	0.962644
8905	0.922414
8906	0.882184
8907	0.933908
8908	0.91092
8909	0.87931
8910	0.988506
8911	0.718391
8912	0.922414
8913	0.738506
8914	0.971264
8915	0.954023
8916	0.95977
8917	0.925287
8918	0.954023
8919	0.887931
8920	0.916667
8921	0.862069
8922	0.87069
8923	0.755747
8924	0.948276
8925	0.965517
8926	0.741379
8927	0.902299
8928	0.974138
8929	0.752874
8930	0.818966
8931	0.804598
8932	0.87931
8933	0.79023
8934	0.867816
8935	0.985632
8936	0.850575
8937	0.896552
8938	0.956897
8939	0.95977
8940	0.942529
8941	0.922414
8942	0.962644
8943	0.856322
8944	0.908046
8945	0.916667
8946	0.913793
8947	0.810345
8948	0.850575
8949	0.844828
8950	0.824713
8951	0.896552
8952	0.942529
8953	0.982759
8954	0.908046
8955	0.982759
8956	0.893678
8957	0.936782
8958	0.982759
8959	0.862069
8960	0.91954
8961	1
8962	0.528736
8963	0.997126
8964	0.979885
8965	0.982759
8966	0.994253
8967	0.936782
8968	0.982759
8969	0.890805
8970	0.91092
8971	0.933908
8972	0.698276
8973	0.87931
8974	0.758621
8975	0.965517
8976	0.91092
8977	0.899425
8978	0.951149
8979	0.948276
8980	0.862069
8981	0.945402
8982	0.916667
8983	0.928161
8984	0.977011
8985	0.95977
8986	0.979885
8987	0.968391
8988	0.87931
8989	0.971264
8990	0.971264
8991	0.913793
8992	0.821839
8993	0.632184
8994	0.784483
8995	0.744253
8996	0.91954
8997	0.899425
8998	0.913793
8999	0.968391
9000	0.968391
9001	0.936782
9002	0.887931
9003	0.968391
9004	0.951149
9005	0.977011
9006	0.974138
9007	0.933908
9008	0.939655
9009	0.79023
9010	0.965517
9011	0.908046
9012	0.844828
9013	0.83046
9014	0.913793
9015	0.936782
9016	0.965517
9017	0.982759
9018	0.971264
9019	0.885057
9020	0.933908
9021	0.954023
9022	0.91092
9023	0.87069
9024	0.887931
9025	0.908046
9026	0.885057
9027	0.850575
9028	0.936782
9029	0.882184
9030	0.95977
9031	0.95977
9032	0.810345
9033	0.954023
9034	0.913793
9035	0.859195
9036	0.928161
9037	0.979885
9038	0.979885
9039	0.856322
9040	0.971264
9041	0.928161
9042	0.931034
9043	0.942529
9044	0.916667
9045	0.560345
9046	0.87069
9047	0.979885
9048	0.844828
9049	0.801724
9050	0.896552
9051	0.965517
9052	0.962644
9053	0.982759
9054	0.867816
9055	0.913793
9056	0.913793
9057	0.965517
9058	0.908046
9059	0.965517
9060	0.956897
9061	0.985632
9062	0.945402
9063	0.925287
9064	0.962644
9065	0.836207
9066	0.928161
9067	1
9068	0.982759
9069	0.965517
9070	0.956897
9071	0.916667
9072	0.764368
9073	0.91954
9074	0.925287
9075	0.75
9076	0.997126
9077	0.925287
9078	0.928161
9079	0.925287
9080	1
9081	0.925287
9082	0.951149
9083	0.994253
9084	0.979885
9085	0.971264
9086	0.833333
9087	0.896552
9088	0.79023
9089	0.922414
9090	0.83046
9091	0.971264
9092	0.882184
9093	0.675287
9094	0.936782
9095	0.859195
9096	0.968391
9097	0.91954
9098	0.931034
9099	0.913793
9100	0.979885
9101	0.939655
9102	0.818966
9103	0.925287
9104	0.784483
9105	0.882184
9106	0.867816
9107	0.931034
9108	0.945402
9109	0.890805
9110	0.554598
9111	0.827586
9112	0.942529
9113	0.945402
9114	0.95977
9115	0.83908
9116	0.778736
9117	0.91954
9118	0.916667
9119	0.841954
9120	0.893678
9121	0.979885
9122	0.954023
9123	0.758621
9124	0.752874
9125	0.962644
9126	0.933908
9127	0.939655
9128	0.948276
9129	1
9130	0.968391
9131	0.968391
9132	0.936782
9133	0.83046
9134	0.936782
9135	0.87069
9136	0.968391
9137	0.66954
9138	0.965517
9139	0.864943
9140	0.804598
9141	0.988506
9142	0.844828
9143	0.971264
9144	0.988506
9145	0.968391
9146	0.95977
9147	0.948276
9148	0.729885
9149	0.945402
9150	0.968391
9151	0.942529
9152	0.939655
9153	0.936782
9154	0.856322
9155	0.945402
9156	0.649425
9157	0.922414
9158	0.962644
9159	0.95977
9160	0.933908
9161	0.933908
9162	0.948276
9163	0.951149
9164	0.971264
9165	0.818966
9166	0.939655
9167	0.942529
9168	0.931034
9169	0.974138
9170	0.982759
9171	0.945402
9172	0.965517
9173	0.956897
9174	0.913793
9175	0.841954
9176	0.755747
9177	0.936782
9178	0.896552
9179	0.942529
9180	0.979885
9181	0.974138
9182	0.902299
9183	0.916667
9184	0.867816
9185	0.87931
9186	0.977011
9187	0.951149
9188	0.974138
9189	0.859195
9190	0.87931
9191	0.965517
9192	0.936782
9193	0.942529
9194	0.936782
9195	0.991379
9196	0.933908
9197	0.882184
9198	0.827586
9199	0.954023
9200	0.908046
9201	0.954023
9202	0.770115
9203	0.933908
9204	0.928161
9205	0.95977
9206	0.821839
9207	0.931034
9208	0.905172
9209	0.922414
9210	0.899425
9211	1
9212	0.91954
9213	0.974138
9214	0.982759
9215	0.977011
9216	0.873563
9217	0.942529
9218	0.882184
9219	0.91954
9220	0.928161
9221	0.931034
9222	0.971264
9223	0.948276
9224	0.873563
9225	0.646552
9226	0.833333
9227	0.95977
9228	0.965517
9229	0.91092
9230	0.931034
9231	0.985632
9232	0.977011
9233	0.893678
9234	0.62069
9235	0.954023
9236	0.752874
9237	0.775862
9238	0.982759
9239	0.945402
9240	0.908046
9241	0.95977
9242	0.936782
9243	0.942529
9244	0.954023
9245	0.939655
9246	0.965517
9247	0.965517
9248	0.882184
9249	0.767241
9250	0.968391
9251	0.928161
9252	0.951149
9253	0.925287
9254	0.847701
9255	0.876437
9256	0.936782
9257	0.853448
9258	0.965517
9259	0.810345
9260	0.833333
9261	0.954023
9262	0.942529
9263	0.899425
9264	0.965517
9265	0.933908
9266	0.988506
9267	0.933908
9268	0.948276
9269	0.977011
9270	0.862069
9271	0.95977
9272	0.747126
9273	0.744253
9274	0.885057
9275	0.965517
9276	0.778736
9277	0.954023
9278	0.931034
9279	0.87069
9280	0.956897
9281	0.91954
9282	0.936782
9283	0.816092
9284	0.939655
9285	0.965517
9286	0.968391
9287	0.856322
9288	0.974138
9289	0.945402
9290	0.922414
9291	0.824713
9292	0.965517
9293	0.853448
9294	0.890805
9295	0.971264
9296	0.933908
9297	0.951149
9298	0.942529
9299	0.936782
9300	0.772989
9301	0.942529
9302	0.936782
9303	0.965517
9304	0.977011
9305	0.931034
9306	0.844828
9307	0.867816
9308	0.902299
9309	0.908046
9310	0.87069
9311	0.922414
9312	0.985632
9313	0.905172
9314	0.942529
9315	0.95977
9316	0.933908
9317	0.936782
9318	0.936782
9319	0.933908
9320	0.939655
9321	0.936782
9322	0.913793
9323	0.977011
9324	0.977011
9325	0.75
9326	0.965517
9327	0.882184
9328	0.956897
9329	0.698276
9330	0.896552
9331	0.965517
9332	0.982759
9333	0.965517
9334	0.988506
9335	0.913793
9336	0.936782
9337	0.813218
9338	0.882184
9339	0.916667
9340	0.87931
9341	0.974138
9342	0.758621
9343	0.836207
9344	0.95977
9345	0.922414
9346	0.882184
9347	0.859195
9348	0.982759
9349	0.965517
9350	0.936782
9351	0.971264
9352	0.729885
9353	0.971264
9354	0.971264
9355	0.971264
9356	0.948276
9357	0.939655
9358	0.974138
9359	0.623563
9360	0.681034
9361	0.729885
9362	0.956897
9363	0.956897
9364	0.844828
9365	0.905172
9366	0.965517
9367	0.965517
9368	0.977011
9369	0.833333
9370	0.890805
9371	0.974138
9372	0.902299
9373	0.945402
9374	0.991379
9375	0.982759
9376	0.936782
9377	0.91092
9378	0.75
9379	0.936782
9380	0.913793
9381	0.977011
9382	0.945402
9383	0.977011
9384	0.787356
9385	0.87931
9386	0.91954
9387	0.954023
9388	0.928161
9389	0.956897
9390	0.876437
9391	0.821839
9392	1
9393	0.954023
9394	0.965517
9395	0.887931
9396	0.764368
9397	0.942529
9398	0.951149
9399	0.853448
9400	0.798851
9401	0.715517
9402	0.95977
9403	0.982759
9404	0.741379
9405	0.755747
9406	0.79023
9407	0.913793
9408	0.945402
9409	0.75
9410	0.974138
9411	0.956897
9412	0.859195
9413	0.928161
9414	0.948276
9415	0.979885
9416	0.95977
9417	0.939655
9418	0.971264
9419	0.905172
9420	0.956897
9421	0.985632
9422	0.91954
9423	0.859195
9424	0.91092
9425	0.936782
9426	0.977011
9427	0.692529
9428	0.801724
9429	0.902299
9430	0.767241
9431	0.821839
9432	0.913793
9433	0.908046
9434	0.979885
9435	0.890805
9436	0.91954
9437	0.939655
9438	0.936782
9439	0.971264
9440	0.954023
9441	0.91954
9442	0.954023
9443	0.586207
9444	0.925287
9445	0.931034
9446	0.988506
9447	0.882184
9448	0.913793
9449	0.991379
9450	0.844828
9451	0.856322
9452	0.971264
9453	0.859195
9454	0.95977
9455	0.965517
9456	0.925287
9457	0.908046
9458	0.913793
9459	0.977011
9460	0.91954
9461	1
9462	0.847701
9463	0.945402
9464	0.859195
9465	0.971264
9466	0.841954
9467	0.962644
9468	0.905172
9469	0.954023
9470	0.913793
9471	0.933908
9472	0.885057
9473	0.652299
9474	0.954023
9475	0.951149
9476	0.954023
9477	0.968391
9478	0.974138
9479	0.948276
9480	0.908046
9481	0.873563
9482	0.882184
9483	0.87069
9484	0.908046
9485	0.974138
9486	0.841954
9487	0.925287
9488	1
9489	0.925287
9490	0.925287
9491	0.977011
9492	0.813218
9493	0.988506
9494	0.824713
9495	0.873563
9496	0.836207
9497	0.948276
9498	0.91954
9499	0.968391
9500	0.954023
9501	0.925287
9502	0.83046
9503	0.971264
9504	0.890805
9505	0.971264
9506	0.905172
9507	0.942529
9508	0.890805
9509	0.758621
9510	0.922414
9511	0.890805
9512	0.91092
9513	0.876437
9514	0.928161
9515	0.847701
9516	0.853448
9517	0.862069
9518	0.948276
9519	0.933908
9520	0.87931
9521	0.594828
9522	0.887931
9523	0.876437
9524	0.951149
9525	0.885057
9526	0.985632
9527	0.933908
9528	0.974138
9529	0.902299
9530	0.968391
9531	0.939655
9532	0.965517
9533	0.784483
9534	0.902299
9535	0.905172
9536	0.784483
9537	0.931034
9538	0.95977
9539	0.965517
9540	0.885057
9541	0.939655
9542	0.698276
9543	0.87931
9544	0.945402
9545	0.928161
9546	0.971264
9547	0.890805
9548	0.933908
9549	0.988506
9550	0.801724
9551	0.951149
9552	0.836207
9553	0.79023
9554	0.948276
9555	0.91954
9556	0.862069
9557	0.801724
9558	0.755747
9559	0.87931
9560	0.994253
9561	0.95977
9562	0.925287
9563	0.913793
9564	0.890805
9565	0.925287
9566	0.876437
9567	0.971264
9568	0.954023
9569	0.95977
9570	0.727011
9571	0.928161
9572	0.982759
9573	0.908046
9574	0.933908
9575	0.979885
9576	0.810345
9577	0.79023
9578	0.942529
9579	0.954023
9580	0.885057
9581	0.597701
9582	0.91954
9583	0.859195
9584	0.844828
9585	0.887931
9586	0.965517
9587	0.83908
9588	0.968391
9589	0.890805
9590	0.844828
9591	0.965517
9592	0.729885
9593	0.977011
9594	0.913793
9595	0.908046
9596	0.977011
9597	0.908046
9598	0.956897
9599	0.87931
9600	1
9601	0.87931
9602	0.936782
9603	0.899425
9604	0.951149
9605	0.847701
9606	0.954023
9607	0.965517
9608	0.968391
9609	0.867816
9610	0.577586
9611	0.965517
9612	0.841954
9613	0.928161
9614	0.787356
9615	0.91954
9616	0.833333
9617	0.971264
9618	0.816092
9619	0.994253
9620	0.545977
9621	0.856322
9622	0.985632
9623	0.885057
9624	0.899425
9625	0.867816
9626	0.968391
9627	0.91954
9628	0.956897
9629	1
9630	0.91954
9631	0.775862
9632	0.956897
9633	0.905172
9634	0.873563
9635	0.928161
9636	0.922414
9637	0.850575
9638	0.922414
9639	0.971264
9640	0.948276
9641	0.856322
9642	0.948276
9643	0.821839
9644	0.821839
9645	0.876437
9646	0.925287
9647	0.850575
9648	0.850575
9649	0.784483
9650	0.942529
9651	0.893678
9652	0.948276
9653	0.755747
9654	0.939655
9655	0.951149
9656	0.931034
9657	0.945402
9658	0.744253
9659	0.864943
9660	0.948276
9661	0.936782
9662	0.968391
9663	0.948276
9664	0.853448
9665	0.882184
9666	0.977011
9667	0.954023
9668	0.979885
9669	0.87069
9670	0.862069
9671	0.977011
9672	0.951149
9673	0.867816
9674	0.965517
9675	0.951149
9676	0.91954
9677	0.948276
9678	0.91954
9679	0.747126
9680	0.942529
9681	0.841954
9682	0.948276
9683	0.948276
9684	0.862069
9685	0.928161
9686	0.844828
9687	0.936782
9688	0.951149
9689	0.991379
9690	0.922414
9691	0.908046
9692	0.844828
9693	0.948276
9694	0.833333
9695	0.862069
9696	0.933908
9697	0.859195
9698	0.956897
9699	0.982759
9700	0.936782
9701	0.775862
9702	0.913793
9703	0.896552
9704	0.890805
9705	0.833333
9706	0.91954
9707	0.939655
9708	0.939655
9709	0.867816
9710	0.974138
9711	0.945402
9712	0.862069
9713	0.882184
9714	0.939655
9715	0.885057
9716	0.821839
9717	0.833333
9718	0.810345
9719	0.965517
9720	0.936782
9721	0.87931
9722	0.95977
9723	0.614943
9724	0.841954
9725	0.954023
9726	0.977011
9727	0.974138
9728	0.994253
9729	0.793103
9730	0.916667
9731	0.954023
9732	0.925287
9733	0.962644
9734	0.971264
9735	0.962644
9736	0.856322
9737	0.982759
9738	0.922414
9739	0.942529
9740	0.916667
9741	0.91954
9742	0.928161
9743	0.928161
9744	0.91954
9745	0.775862
9746	0.91092
9747	0.982759
9748	0.954023
9749	0.850575
9750	0.971264
9751	0.798851
9752	0.985632
9753	0.893678
9754	0.948276
9755	0.890805
9756	0.925287
9757	0.936782
9758	0.948276
9759	0.908046
9760	0.936782
9761	0.91092
9762	0.775862
9763	0.873563
9764	0.968391
9765	0.928161
9766	0.951149
9767	0.893678
9768	0.939655
9769	0.778736
9770	0.913793
9771	0.95977
9772	0.761494
9773	0.982759
9774	0.87931
9775	0.95977
9776	0.948276
9777	0.942529
9778	0.95977
9779	0.905172
9780	0.928161
9781	0.945402
9782	0.916667
9783	0.974138
9784	0.942529
9785	0.87931
9786	0.893678
9787	0.925287
9788	0.913793
9789	0.925287
9790	0.931034
9791	0.916667
9792	0.928161
9793	0.896552
9794	0.87069
9795	0.942529
9796	0.971264
9797	0.931034
9798	0.948276
9799	0.95977
9800	0.951149
9801	0.954023
9802	0.939655
9803	0.896552
9804	0.954023
9805	0.931034
9806	0.95977
9807	0.859195
9808	0.695402
9809	0.974138
9810	0.925287
9811	0.905172
9812	0.977011
9813	0.982759
9814	0.982759
9815	0.948276
9816	0.827586
9817	0.928161
9818	0.962644
9819	0.968391
9820	0.931034
9821	0.856322
9822	0.873563
9823	0.942529
9824	0.991379
9825	0.945402
9826	0.683908
9827	0.928161
9828	0.951149
9829	0.908046
9830	0.962644
9831	0.991379
9832	0.965517
9833	0.744253
9834	0.58046
9835	0.899425
9836	0.890805
9837	0.873563
9838	0.965517
9839	0.965517
9840	0.810345
9841	0.951149
9842	0.974138
9843	0.988506
9844	0.936782
9845	0.965517
9846	0.948276
9847	0.931034
9848	0.939655
9849	0.916667
9850	0.925287
9851	0.942529
9852	0.942529
9853	0.988506
9854	0.916667
9855	0.948276
9856	0.948276
9857	0.965517
9858	0.994253
9859	0.893678
9860	0.948276
9861	0.936782
9862	0.951149
9863	0.844828
9864	0.954023
9865	0.916667
9866	0.715517
9867	0.810345
9868	0.893678
9869	0.928161
9870	0.701149
9871	1
9872	0.864943
9873	0.956897
9874	0.974138
9875	0.974138
9876	0.945402
9877	0.922414
9878	0.956897
9879	0.968391
9880	0.936782
9881	0.936782
9882	0.933908
9883	0.974138
9884	0.841954
9885	0.925287
9886	0.885057
9887	0.925287
9888	0.971264
9889	0.985632
9890	0.916667
9891	0.818966
9892	0.931034
9893	0.922414
9894	0.954023
9895	0.833333
9896	1
9897	0.988506
9898	0.813218
9899	0.985632
9900	0.971264
9901	0.988506
9902	0.988506
9903	0.942529
9904	0.913793
9905	0.905172
9906	0.939655
9907	0.95977
9908	0.908046
9909	0.968391
9910	0.899425
9911	1
9912	0.956897
9913	0.908046
9914	0.979885
9915	0.974138
9916	0.908046
9917	0.859195
9918	0.945402
9919	0.893678
9920	0.902299
9921	0.95977
9922	0.948276
9923	0.692529
9924	0.899425
9925	0.856322
9926	0.968391
9927	0.850575
9928	0.899425
9929	0.758621
9930	0.95977
9931	0.738506
9932	0.885057
9933	0.887931
9934	0.979885
9935	0.956897
9936	0.971264
9937	0.965517
9938	0.991379
9939	0.962644
9940	0.741379
9941	0.95977
9942	0.850575
9943	0.784483
9944	0.948276
9945	0.945402
9946	0.850575
9947	0.939655
9948	0.91954
9949	0.954023
9950	0.876437
9951	0.922414
9952	0.867816
9953	0.948276
9954	0.936782
9955	0.942529
9956	0.807471
9957	0.813218
9958	0.936782
9959	0.95977
9960	0.890805
9961	0.971264
9962	0.931034
9963	0.936782
9964	0.928161
9965	0.979885
9966	0.813218
9967	0.939655
9968	0.807471
9969	0.922414
9970	0.890805
9971	0.850575
9972	0.933908
9973	0.954023
9974	0.896552
9975	0.864943
9976	0.882184
9977	0.867816
9978	0.893678
9979	0.942529
9980	0.925287
9981	0.890805
9982	0.715517
9983	0.977011
9984	0.931034
9985	0.954023
9986	0.968391
9987	0.873563
9988	0.902299
9989	0.902299
9990	0.942529
9991	0.885057
9992	0.905172
9993	0.893678
9994	0.965517
9995	0.945402
9996	0.948276
9997	0.899425
9998	0.968391
9999	0.885057
10000	0.87931
10001	0.925287
10002	0.931034
10003	0.985632
10004	0.974138
10005	0.853448
10006	0.956897
10007	0.876437
10008	0.91954
10009	0.695402
10010	0.951149
10011	0.706897
10012	0.931034
10013	0.893678
10014	0.853448
10015	0.862069
10016	0.948276
10017	0.954023
10018	0.945402
10019	0.913793
10020	0.704023
10021	0.95977
10022	0.698276
10023	0.91954
10024	0.905172
10025	0.95977
10026	0.936782
10027	1
10028	0.942529
10029	0.902299
10030	0.982759
10031	0.933908
10032	0.908046
10033	0.87931
10034	0.95977
10035	0.908046
10036	0.890805
10037	0.962644
10038	0.931034
10039	0.844828
10040	0.936782
10041	0.896552
10042	0.942529
10043	0.968391
10044	0.704023
10045	0.968391
10046	0.844828
10047	0.859195
10048	0.925287
10049	0.784483
10050	0.887931
10051	0.948276
10052	0.968391
10053	0.827586
10054	0.962644
10055	0.885057
10056	0.887931
10057	0.982759
10058	0.939655
10059	0.939655
10060	0.936782
10061	0.945402
10062	0.954023
10063	1
10064	0.862069
10065	0.979885
10066	0.95977
10067	0.87931
10068	0.882184
10069	0.847701
10070	0.974138
10071	0.91954
10072	0.899425
10073	0.979885
10074	0.954023
10075	0.873563
10076	0.928161
10077	0.856322
10078	0.988506
10079	0.862069
10080	0.931034
10081	1
10082	0.905172
10083	0.936782
10084	0.945402
10085	0.968391
10086	0.977011
10087	0.896552
10088	0.962644
10089	0.954023
10090	0.977011
10091	0.951149
10092	0.922414
10093	0.876437
10094	0.87931
10095	0.925287
10096	1
10097	0.962644
10098	0.974138
10099	0.939655
10100	0.942529
10101	0.971264
10102	0.675287
10103	0.951149
10104	0.948276
10105	0.784483
10106	0.965517
10107	0.738506
10108	0.977011
10109	0.859195
10110	0.893678
10111	0.867816
10112	0.954023
10113	0.896552
10114	0.928161
10115	0.899425
10116	0.982759
10117	0.951149
10118	0.948276
10119	0.945402
10120	0.902299
10121	0.922414
10122	0.974138
10123	0.977011
10124	0.948276
10125	0.867816
10126	0.962644
10127	0.965517
10128	0.833333
10129	0.962644
10130	0.873563
10131	0.862069
10132	0.979885
10133	0.887931
10134	0.925287
10135	0.939655
10136	0.965517
10137	0.844828
10138	0.965517
10139	0.982759
10140	0.856322
10141	0.95977
10142	0.896552
10143	0.902299
10144	0.902299
10145	0.902299
10146	0.893678
10147	0.862069
10148	0.887931
10149	0.971264
10150	0.954023
10151	0.922414
10152	0.954023
10153	0.91954
10154	0.968391
10155	0.954023
10156	0.951149
10157	0.951149
10158	0.965517
10159	0.876437
10160	0.951149
10161	0.847701
10162	0.908046
10163	0.810345
10164	0.956897
10165	0.885057
10166	0.942529
10167	0.856322
10168	0.956897
10169	0.885057
10170	0.931034
10171	0.922414
10172	0.91954
10173	0.902299
10174	0.956897
10175	0.821839
10176	0.948276
10177	0.876437
10178	0.876437
10179	0.79023
10180	0.752874
10181	0.885057
10182	0.977011
10183	0.66092
10184	0.925287
10185	0.793103
10186	0.979885
10187	0.66954
10188	0.867816
10189	0.928161
10190	0.810345
10191	0.939655
10192	0.933908
10193	0.982759
10194	0.821839
10195	0.827586
10196	0.87931
10197	0.965517
10198	0.899425
10199	0.931034
10200	0.922414
10201	0.905172
10202	0.87069
10203	1
10204	0.887931
10205	0.87931
10206	0.95977
10207	0.985632
10208	0.942529
10209	0.968391
10210	0.968391
10211	0.954023
10212	1
10213	0.885057
10214	0.951149
10215	0.936782
10216	0.942529
10217	0.954023
10218	0.95977
10219	0.772989
10220	0.942529
10221	0.856322
10222	0.954023
10223	0.979885
10224	0.965517
10225	0.847701
10226	0.948276
10227	0.936782
10228	0.83046
10229	0.951149
10230	0.899425
10231	0.968391
10232	0.908046
10233	0.885057
10234	0.862069
10235	0.925287
10236	0.95977
10237	0.956897
10238	0.885057
10239	0.982759
10240	0.905172
10241	0.948276
10242	0.885057
10243	0.890805
10244	0.925287
10245	0.841954
10246	0.893678
10247	0.862069
10248	0.95977
10249	0.933908
10250	0.942529
10251	0.965517
10252	0.945402
10253	0.948276
10254	0.942529
10255	0.864943
10256	0.936782
10257	0.939655
10258	0.847701
10259	0.936782
10260	0.804598
10261	0.893678
10262	0.899425
10263	0.945402
10264	0.954023
10265	0.798851
10266	0.856322
10267	0.882184
10268	0.873563
10269	0.922414
10270	0.718391
10271	0.925287
10272	0.95977
10273	0.890805
10274	0.948276
10275	0.890805
10276	0.859195
10277	0.954023
10278	0.942529
10279	0.925287
10280	0.951149
10281	0.810345
10282	0.948276
10283	0.821839
10284	0.913793
10285	0.908046
10286	0.954023
10287	0.925287
10288	0.925287
10289	0.925287
10290	0.856322
10291	0.942529
10292	0.936782
10293	0.908046
10294	0.913793
10295	0.922414
10296	0.864943
10297	0.816092
10298	0.87069
10299	0.977011
10300	0.864943
10301	0.971264
10302	0.948276
10303	0.939655
10304	0.882184
10305	0.87931
10306	0.95977
10307	0.945402
10308	0.908046
10309	0.956897
10310	0.913793
10311	0.931034
10312	0.890805
10313	0.933908
10314	0.988506
10315	0.807471
10316	0.988506
10317	0.979885
10318	0.928161
10319	0.810345
10320	0.962644
10321	0.686782
10322	0.853448
10323	0.939655
10324	0.974138
10325	0.833333
10326	0.936782
10327	0.982759
10328	0.873563
10329	0.913793
10330	0.767241
10331	0.896552
10332	0.787356
10333	0.95977
10334	0.968391
10335	0.979885
10336	0.91954
10337	0.942529
10338	0.864943
10339	0.942529
10340	1
10341	0.965517
10342	0.956897
10343	0.899425
10344	0.916667
10345	0.965517
10346	0.801724
10347	0.965517
10348	0.928161
10349	0.974138
10350	0.951149
10351	0.936782
10352	0.951149
10353	0.933908
10354	0.896552
10355	0.933908
10356	0.637931
10357	0.91954
10358	0.864943
10359	0.942529
10360	0.890805
10361	0.954023
10362	0.853448
10363	0.793103
10364	0.948276
10365	0.994253
10366	0.801724
10367	0.925287
10368	0.862069
10369	0.83046
10370	0.867816
10371	0.890805
10372	0.95977
10373	0.928161
10374	0.882184
10375	0.908046
10376	0.951149
10377	0.83046
10378	0.936782
10379	0.948276
10380	0.873563
10381	0.942529
10382	0.965517
10383	0.939655
10384	0.91954
10385	0.887931
10386	0.962644
10387	0.962644
10388	0.905172
10389	0.951149
10390	0.971264
10391	0.91092
10392	0.942529
10393	0.931034
10394	0.853448
10395	0.965517
10396	0.876437
10397	0.948276
10398	0.962644
10399	0.873563
10400	0.887931
10401	0.962644
10402	0.847701
10403	0.91954
10404	0.882184
10405	0.928161
10406	0.896552
10407	0.945402
10408	0.956897
10409	0.951149
10410	0.928161
10411	0.956897
10412	0.951149
10413	0.988506
10414	0.885057
10415	0.936782
10416	0.936782
10417	0.936782
10418	0.882184
10419	0.87931
10420	0.887931
10421	0.741379
10422	0.968391
10423	0.965517
10424	0.836207
10425	0.916667
10426	0.982759
10427	0.936782
10428	0.905172
10429	0.922414
10430	0.948276
10431	0.850575
10432	0.968391
10433	0.896552
10434	0.844828
10435	0.971264
10436	0.91954
10437	0.867816
10438	0.945402
10439	0.974138
10440	0.833333
10441	0.807471
10442	0.885057
10443	0.939655
10444	0.939655
10445	0.873563
10446	0.793103
10447	0.948276
10448	0.971264
10449	0.62069
10450	0.979885
10451	0.962644
10452	0.859195
10453	0.867816
10454	0.873563
10455	0.956897
10456	0.876437
10457	0.801724
10458	0.876437
10459	0.954023
10460	0.818966
10461	0.87931
10462	0.862069
10463	0.977011
10464	0.936782
10465	0.887931
10466	0.91954
10467	0.885057
10468	0.931034
10469	0.982759
10470	0.836207
10471	0.890805
10472	0.916667
10473	0.841954
10474	0.971264
10475	0.965517
10476	0.948276
10477	0.70977
10478	0.962644
10479	0.928161
10480	0.816092
10481	0.83908
10482	0.87931
10483	0.982759
10484	0.91092
10485	0.933908
10486	0.936782
10487	0.974138
10488	0.913793
10489	0.956897
10490	0.956897
10491	0.956897
10492	0.882184
10493	0.971264
10494	0.974138
10495	0.91954
10496	0.913793
10497	0.95977
10498	0.922414
10499	0.795977
10500	0.939655
10501	0.962644
10502	0.853448
10503	0.87069
10504	0.942529
10505	0.945402
10506	0.974138
10507	0.818966
10508	0.902299
10509	0.971264
10510	0.925287
10511	0.813218
10512	0.882184
10513	0.936782
10514	0.965517
10515	0.899425
10516	0.962644
10517	0.942529
10518	0.968391
10519	0.942529
10520	0.948276
10521	0.948276
10522	0.977011
10523	0.979885
10524	0.856322
10525	0.841954
10526	0.974138
10527	0.864943
10528	0.925287
10529	0.965517
10530	0.954023
10531	0.977011
10532	0.954023
10533	0.890805
10534	0.931034
10535	0.925287
10536	0.954023
10537	0.977011
10538	0.95977
10539	0.931034
10540	0.945402
10541	0.885057
10542	0.954023
10543	0.951149
10544	0.908046
10545	0.988506
10546	0.942529
10547	0.841954
10548	0.916667
10549	0.962644
10550	0.873563
10551	0.956897
10552	0.787356
10553	0.775862
10554	0.908046
10555	0.87069
10556	0.945402
10557	0.925287
10558	0.87931
10559	0.813218
10560	0.971264
10561	0.977011
10562	1
10563	0.885057
10564	0.761494
10565	0.95977
10566	0.951149
10567	0.962644
10568	0.948276
10569	0.971264
10570	0.896552
10571	0.954023
10572	0.810345
10573	0.982759
10574	0.95977
10575	0.956897
10576	0.836207
10577	0.971264
10578	0.908046
10579	0.91954
10580	0.977011
10581	0.91954
10582	0.965517
10583	0.844828
10584	0.913793
10585	0.853448
10586	0.761494
10587	0.87931
10588	0.87931
10589	0.913793
10590	0.91954
10591	0.885057
10592	0.965517
10593	0.640805
10594	0.942529
10595	0.988506
10596	0.982759
10597	0.979885
10598	0.951149
10599	0.931034
10600	0.902299
10601	0.951149
10602	0.95977
10603	0.977011
10604	0.873563
10605	0.956897
10606	0.939655
10607	0.956897
10608	0.87069
10609	0.885057
10610	0.936782
10611	0.896552
10612	0.965517
10613	0.948276
10614	0.962644
10615	0.859195
10616	0.925287
10617	0.686782
10618	0.818966
10619	0.956897
10620	0.994253
10621	0.945402
10622	0.956897
10623	0.968391
10624	0.954023
10625	0.908046
10626	0.887931
10627	0.905172
10628	0.91954
10629	0.859195
10630	0.931034
10631	0.977011
10632	0.844828
10633	0.905172
10634	0.890805
10635	0.827586
10636	0.91954
10637	0.91092
10638	0.965517
10639	0.95977
10640	0.885057
10641	0.962644
10642	0.663793
10643	0.925287
10644	0.997126
10645	0.925287
10646	0.968391
10647	0.965517
10648	0.962644
10649	0.827586
10650	0.956897
10651	0.816092
10652	0.936782
10653	0.701149
10654	0.91092
10655	0.890805
10656	0.968391
10657	0.847701
10658	0.968391
10659	0.991379
10660	0.893678
10661	0.916667
10662	0.971264
10663	0.968391
10664	0.916667
10665	0.939655
10666	0.945402
10667	0.867816
10668	0.899425
10669	0.859195
10670	0.663793
10671	0.974138
10672	0.925287
10673	0.795977
10674	0.862069
10675	0.83908
10676	0.905172
10677	0.928161
10678	0.974138
10679	0.853448
10680	0.896552
10681	0.91954
10682	0.905172
10683	0.936782
10684	0.968391
10685	0.91954
10686	0.916667
10687	0.974138
10688	0.885057
10689	0.867816
10690	0.885057
10691	0.933908
10692	0.853448
10693	0.936782
10694	0.887931
10695	0.95977
10696	0.597701
10697	0.971264
10698	0.692529
10699	0.977011
10700	0.755747
10701	0.928161
10702	0.764368
10703	0.885057
10704	0.890805
10705	0.971264
10706	0.977011
10707	0.956897
10708	0.971264
10709	0.91954
10710	0.974138
10711	0.977011
10712	0.79023
10713	0.936782
10714	0.951149
10715	0.95977
10716	0.568966
10717	0.928161
10718	0.841954
10719	0.893678
10720	0.908046
10721	0.95977
10722	0.968391
10723	0.962644
10724	0.902299
10725	0.732759
10726	0.954023
10727	0.905172
10728	0.951149
10729	0.962644
10730	0.95977
10731	0.968391
10732	0.971264
10733	0.905172
10734	0.905172
10735	0.948276
10736	1
10737	0.893678
10738	0.770115
10739	0.890805
10740	0.925287
10741	0.836207
10742	0.951149
10743	0.913793
10744	1
10745	0.936782
10746	0.824713
10747	0.908046
10748	0.939655
10749	0.87069
10750	0.936782
10751	0.885057
10752	0.948276
10753	0.954023
10754	0.922414
10755	0.850575
10756	0.968391
10757	0.965517
10758	0.936782
10759	0.971264
10760	0.896552
10761	0.945402
10762	0.962644
10763	0.968391
10764	0.931034
10765	0.899425
10766	0.928161
10767	0.939655
10768	0.956897
10769	0.850575
10770	0.712644
10771	0.755747
10772	0.893678
10773	0.850575
10774	0.948276
10775	0.95977
10776	0.968391
10777	0.968391
10778	0.896552
10779	0.928161
10780	0.913793
10781	0.91092
10782	0.925287
10783	0.890805
10784	0.965517
10785	0.87931
10786	0.991379
10787	0.979885
10788	0.586207
10789	0.928161
10790	0.954023
10791	0.853448
10792	0.965517
10793	0.965517
10794	0.933908
10795	0.824713
10796	0.965517
10797	0.741379
10798	0.965517
10799	0.836207
10800	0.916667
10801	0.994253
10802	0.931034
10803	0.887931
10804	0.887931
10805	0.965517
10806	0.977011
10807	0.931034
10808	0.962644
10809	0.956897
10810	0.971264
10811	0.83046
10812	0.974138
10813	0.965517
10814	0.600575
10815	0.962644
10816	0.962644
10817	0.775862
10818	0.853448
10819	0.887931
10820	0.738506
10821	0.712644
10822	0.951149
10823	0.902299
10824	0.91954
10825	0.974138
10826	0.956897
10827	0.890805
10828	0.971264
10829	0.931034
10830	0.597701
10831	0.948276
10832	0.873563
10833	0.890805
10834	0.968391
10835	0.948276
10836	0.876437
10837	0.988506
10838	0.948276
10839	0.882184
10840	0.948276
10841	0.890805
10842	0.968391
10843	0.942529
10844	0.908046
10845	0.965517
10846	0.905172
10847	0.735632
10848	0.913793
10849	0.965517
10850	0.962644
10851	0.859195
10852	0.977011
10853	0.902299
10854	0.971264
10855	0.695402
10856	0.948276
10857	0.951149
10858	0.931034
10859	0.772989
10860	0.801724
10861	0.882184
10862	0.70977
10863	0.784483
10864	0.971264
10865	0.824713
10866	0.968391
10867	0.971264
10868	0.977011
10869	0.807471
10870	0.867816
10871	0.954023
10872	0.795977
10873	0.948276
10874	0.560345
10875	0.896552
10876	0.928161
10877	0.948276
10878	0.933908
10879	0.876437
10880	0.954023
10881	0.925287
10882	0.956897
10883	0.968391
10884	0.956897
10885	0.896552
10886	0.876437
10887	0.991379
10888	0.767241
10889	0.939655
10890	0.899425
10891	0.962644
10892	0.945402
10893	0.965517
10894	0.712644
10895	0.977011
10896	0.876437
10897	0.876437
10898	0.931034
10899	0.916667
10900	0.75
10901	0.752874
10902	0.778736
10903	0.933908
10904	1
10905	0.859195
10906	0.905172
10907	0.928161
10908	0.954023
10909	0.951149
10910	0.899425
10911	0.928161
10912	0.954023
10913	0.890805
10914	0.936782
10915	0.95977
10916	0.844828
10917	0.925287
10918	0.936782
10919	0.847701
10920	0.896552
10921	0.994253
10922	0.936782
10923	0.965517
10924	0.954023
10925	0.951149
10926	0.95977
10927	0.836207
10928	0.956897
10929	0.925287
10930	0.933908
10931	0.945402
10932	1
10933	0.778736
10934	0.841954
10935	0.859195
10936	0.951149
10937	0.908046
10938	0.985632
10939	0.954023
10940	0.931034
10941	0.902299
10942	0.951149
10943	0.864943
10944	0.968391
10945	0.896552
10946	0.954023
10947	0.971264
10948	0.931034
10949	0.977011
10950	0.954023
10951	0.954023
10952	0.962644
10953	0.706897
10954	0.954023
10955	1
10956	0.640805
10957	0.928161
10958	0.948276
10959	0.856322
10960	0.91092
10961	0.876437
10962	0.735632
10963	0.844828
10964	0.91092
10965	0.91954
10966	0.916667
10967	0.91092
10968	0.91954
10969	0.948276
10970	0.902299
10971	0.890805
10972	0.954023
10973	0.925287
10974	0.971264
10975	0.847701
10976	0.887931
10977	0.95977
10978	0.899425
10979	0.91092
10980	0.977011
10981	0.913793
10982	0.864943
10983	0.971264
10984	0.893678
10985	0.95977
10986	0.925287
10987	0.801724
10988	0.968391
10989	0.816092
10990	0.945402
10991	0.856322
10992	0.864943
10993	0.867816
10994	0.948276
10995	0.922414
10996	0.899425
10997	0.893678
10998	0.956897
10999	0.841954
11000	0.902299
11001	0.928161
11002	0.925287
11003	0.988506
11004	0.933908
11005	0.954023
11006	0.87069
11007	0.887931
11008	0.982759
11009	0.890805
11010	0.908046
11011	0.873563
11012	0.95977
11013	0.91092
11014	0.91954
11015	0.954023
11016	0.931034
11017	0.813218
11018	0.761494
11019	0.936782
11020	0.853448
11021	0.948276
11022	0.936782
11023	0.853448
11024	0.977011
11025	0.887931
11026	0.95977
11027	0.87931
11028	0.890805
11029	0.91092
11030	0.804598
11031	0.982759
11032	0.867816
11033	0.962644
11034	0.942529
11035	0.91092
11036	0.882184
11037	0.945402
11038	0.974138
11039	0.916667
11040	0.95977
11041	0.942529
11042	0.922414
11043	0.971264
11044	0.95977
11045	0.988506
11046	0.887931
11047	0.844828
11048	0.718391
11049	0.850575
11050	0.890805
11051	0.893678
11052	0.873563
11053	0.965517
11054	0.933908
11055	0.847701
11056	0.844828
11057	0.936782
11058	0.913793
11059	0.982759
11060	0.933908
11061	0.899425
11062	0.948276
11063	0.925287
11064	0.954023
11065	0.922414
11066	0.908046
11067	0.954023
11068	0.890805
11069	0.939655
11070	0.948276
11071	0.896552
11072	0.948276
11073	0.890805
11074	0.83908
11075	0.864943
11076	0.971264
11077	0.752874
11078	0.942529
11079	0.807471
11080	0.893678
11081	0.95977
11082	0.867816
11083	0.735632
11084	0.965517
11085	0.948276
11086	1
11087	0.936782
11088	0.942529
11089	0.810345
11090	0.95977
11091	0.945402
11092	0.951149
11093	0.936782
11094	0.876437
11095	0.916667
11096	0.908046
11097	1
11098	0.942529
11099	0.916667
11100	0.954023
11101	0.758621
11102	0.988506
11103	0.954023
11104	0.83046
11105	0.945402
11106	0.908046
11107	0.807471
11108	0.928161
11109	0.965517
11110	0.951149
11111	0.925287
11112	0.931034
11113	1
11114	0.95977
11115	0.922414
11116	0.844828
11117	0.948276
11118	0.890805
11119	0.951149
11120	0.922414
11121	0.948276
11122	0.902299
11123	0.905172
11124	0.827586
11125	0.856322
11126	0.965517
11127	0.971264
11128	0.942529
11129	0.968391
11130	0.867816
11131	0.885057
11132	0.91954
11133	0.741379
11134	0.821839
11135	0.954023
11136	0.692529
11137	0.942529
11138	0.87931
11139	0.775862
11140	0.942529
11141	0.956897
11142	0.925287
11143	0.954023
11144	0.841954
11145	0.91092
11146	0.931034
11147	0.876437
11148	0.988506
11149	0.95977
11150	0.962644
11151	0.982759
11152	0.801724
11153	0.939655
11154	0.951149
11155	0.971264
11156	0.833333
11157	0.850575
11158	0.890805
11159	0.859195
11160	0.87931
11161	0.965517
11162	0.893678
11163	0.974138
11164	0.968391
11165	0.945402
11166	0.95977
11167	0.942529
11168	0.79023
11169	0.859195
11170	0.847701
11171	0.695402
11172	0.968391
11173	0.908046
11174	1
11175	0.91954
11176	0.965517
11177	0.95977
11178	0.95977
11179	0.887931
11180	0.948276
11181	0.945402
11182	0.902299
11183	0.962644
11184	0.770115
11185	1
11186	0.928161
11187	0.821839
11188	0.933908
11189	0.95977
11190	0.974138
11191	1
11192	0.95977
11193	0.982759
11194	0.948276
11195	0.925287
11196	0.931034
11197	0.95977
11198	0.936782
11199	0.954023
11200	0.971264
11201	0.948276
11202	0.775862
11203	0.954023
11204	0.925287
11205	0.936782
11206	0.962644
11207	0.974138
11208	0.951149
11209	0.873563
11210	0.922414
11211	0.968391
11212	0.902299
11213	0.988506
11214	0.956897
11215	0.982759
11216	0.781609
11217	0.936782
11218	0.91092
11219	0.862069
11220	0.91954
11221	0.939655
11222	0.729885
11223	0.873563
11224	0.778736
11225	0.982759
11226	0.873563
11227	0.954023
11228	0.95977
11229	0.95977
11230	0.885057
11231	0.887931
11232	0.896552
11233	0.824713
11234	0.91954
11235	0.95977
11236	0.922414
11237	0.925287
11238	0.971264
11239	0.841954
11240	1
11241	0.988506
11242	0.977011
11243	0.847701
11244	0.942529
11245	0.908046
11246	0.833333
11247	0.853448
11248	0.931034
11249	0.977011
11250	0.793103
11251	0.971264
11252	0.678161
11253	0.925287
11254	0.922414
11255	0.925287
11256	0.890805
11257	0.887931
11258	0.985632
11259	0.965517
11260	0.727011
11261	0.948276
11262	0.91954
11263	0.954023
11264	0.945402
11265	0.977011
11266	0.91092
11267	0.885057
11268	0.793103
11269	0.965517
11270	0.971264
11271	0.853448
11272	0.905172
11273	0.948276
11274	0.844828
11275	0.899425
11276	0.954023
11277	0.942529
11278	0.956897
11279	0.925287
11280	0.887931
11281	0.925287
11282	0.939655
11283	0.821839
11284	0.698276
11285	0.916667
11286	0.968391
11287	0.942529
11288	0.847701
11289	0.956897
11290	0.979885
11291	0.997126
11292	0.836207
11293	0.899425
11294	0.948276
11295	0.913793
11296	0.91954
11297	0.985632
11298	0.945402
11299	0.807471
11300	0.922414
11301	0.681034
11302	0.936782
11303	0.977011
11304	0.58908
11305	0.936782
11306	0.752874
11307	0.859195
11308	0.942529
11309	0.945402
11310	0.692529
11311	0.95977
11312	0.945402
11313	0.928161
11314	0.683908
11315	0.836207
11316	0.695402
11317	0.867816
11318	0.83908
11319	0.91954
11320	0.968391
11321	0.925287
11322	0.882184
11323	0.962644
11324	0.882184
11325	0.948276
11326	0.902299
11327	0.939655
11328	0.925287
11329	0.91092
11330	0.867816
11331	0.942529
11332	0.936782
11333	0.95977
11334	0.971264
11335	0.936782
11336	0.873563
11337	0.977011
11338	0.672414
11339	0.939655
11340	0.899425
11341	0.850575
11342	0.58908
11343	0.962644
11344	0.931034
11345	0.95977
11346	0.945402
11347	0.643678
11348	0.864943
11349	0.948276
11350	0.652299
11351	0.95977
11352	0.942529
11353	0.962644
11354	0.994253
11355	0.91954
11356	0.87069
11357	0.965517
11358	0.856322
11359	0.965517
11360	0.922414
11361	0.87931
11362	0.91954
11363	0.913793
11364	0.827586
11365	0.79023
11366	0.931034
11367	0.864943
11368	0.968391
11369	0.913793
11370	0.908046
11371	0.882184
11372	0.764368
11373	0.695402
11374	0.87069
11375	0.850575
11376	1
11377	0.890805
11378	0.925287
11379	0.942529
11380	0.925287
11381	0.908046
11382	0.882184
11383	0.821839
11384	0.951149
11385	0.899425
11386	0.942529
11387	0.847701
11388	0.977011
11389	0.974138
11390	0.896552
11391	0.965517
11392	0.896552
11393	0.982759
11394	0.965517
11395	0.801724
11396	0.893678
11397	0.853448
11398	0.951149
11399	0.83046
11400	0.939655
11401	0.925287
11402	0.899425
11403	0.948276
11404	0.922414
11405	0.681034
11406	0.95977
11407	0.862069
11408	0.772989
11409	0.617816
11410	0.982759
11411	0.87931
11412	0.95977
11413	0.939655
11414	0.617816
11415	0.902299
11416	0.931034
11417	0.928161
11418	0.899425
11419	0.936782
11420	0.965517
11421	0.942529
11422	0.922414
11423	0.885057
11424	0.931034
11425	0.79023
11426	0.956897
11427	0.962644
11428	0.913793
11429	0.948276
11430	0.954023
11431	0.933908
11432	0.913793
11433	0.908046
11434	0.908046
11435	0.864943
11436	0.905172
11437	0.988506
11438	0.893678
11439	0.87069
11440	0.873563
11441	0.87069
11442	0.896552
11443	0.896552
11444	0.675287
11445	0.893678
11446	0.859195
11447	0.795977
11448	0.87931
11449	0.939655
11450	0.908046
11451	0.942529
11452	0.95977
11453	0.939655
11454	0.864943
11455	0.951149
11456	0.991379
11457	0.931034
11458	0.933908
11459	0.91954
11460	0.95977
11461	0.784483
11462	0.876437
11463	0.933908
11464	0.956897
11465	0.971264
11466	0.836207
11467	0.925287
11468	0.945402
11469	0.738506
11470	0.91092
11471	0.951149
11472	0.764368
11473	0.908046
11474	0.91954
11475	0.942529
11476	0.893678
11477	0.821839
11478	0.91954
11479	0.965517
11480	0.827586
11481	0.951149
11482	0.931034
11483	0.893678
11484	0.945402
11485	0.954023
11486	0.965517
11487	0.816092
11488	0.962644
11489	0.956897
11490	1
11491	0.916667
11492	0.908046
11493	0.864943
11494	0.994253
11495	0.982759
11496	0.939655
11497	0.887931
11498	0.925287
11499	0.925287
11500	0.945402
11501	0.778736
11502	0.977011
11503	0.948276
11504	0.873563
11505	0.948276
11506	0.954023
11507	0.974138
11508	0.962644
11509	0.974138
11510	0.965517
11511	0.968391
11512	0.568966
11513	0.948276
11514	0.95977
11515	0.83908
11516	0.887931
11517	0.977011
11518	0.951149
11519	0.902299
11520	0.902299
11521	0.979885
11522	0.95977
11523	0.913793
11524	0.962644
11525	0.951149
11526	0.623563
11527	0.936782
11528	0.902299
11529	0.982759
11530	0.942529
11531	0.979885
11532	0.83046
11533	0.83908
11534	0.951149
11535	0.908046
11536	0.977011
11537	0.847701
11538	0.807471
11539	0.968391
11540	0.956897
11541	0.738506
11542	0.979885
11543	0.922414
11544	0.885057
11545	0.902299
11546	0.902299
11547	0.893678
11548	0.908046
11549	0.971264
11550	0.922414
11551	0.997126
11552	0.908046
11553	0.939655
11554	0.882184
11555	0.931034
11556	0.931034
11557	0.968391
11558	0.893678
11559	0.902299
11560	0.925287
11561	0.821839
11562	0.965517
11563	0.87931
11564	0.925287
11565	0.925287
11566	0.91092
11567	0.672414
11568	0.948276
11569	0.896552
11570	0.882184
11571	0.942529
11572	0.982759
11573	0.977011
11574	0.951149
11575	0.936782
11576	0.908046
11577	0.810345
11578	0.885057
11579	0.867816
11580	0.890805
11581	0.965517
11582	0.936782
11583	0.945402
11584	0.91954
11585	0.893678
11586	0.95977
11587	0.784483
11588	0.827586
11589	0.948276
11590	0.91092
11591	0.836207
11592	0.971264
11593	0.948276
11594	0.885057
11595	0.856322
11596	0.87069
11597	0.956897
11598	0.916667
11599	1
11600	0.856322
11601	0.885057
11602	0.864943
11603	0.942529
11604	0.916667
11605	0.939655
11606	0.810345
11607	0.922414
11608	0.83908
11609	0.982759
11610	0.913793
11611	0.905172
11612	0.672414
11613	0.982759
11614	0.968391
11615	0.867816
11616	0.942529
11617	0.758621
11618	0.813218
11619	0.971264
11620	0.804598
11621	0.948276
11622	0.833333
11623	0.836207
11624	0.91954
11625	0.896552
11626	0.939655
11627	0.95977
11628	0.95977
11629	0.931034
11630	0.922414
11631	0.936782
11632	0.873563
11633	0.91954
11634	0.962644
11635	0.916667
11636	0.70977
11637	0.942529
11638	0.873563
11639	0.928161
11640	0.942529
11641	0.885057
11642	0.965517
11643	0.948276
11644	0.948276
11645	0.982759
11646	0.956897
11647	0.951149
11648	0.95977
11649	0.95977
11650	0.893678
11651	0.902299
11652	0.982759
11653	0.821839
11654	0.956897
11655	0.979885
11656	0.882184
11657	0.91954
11658	0.841954