name	term	lev	seq	value
"phospholipase A2 activity"	GO:0004623	2	aten_0.1.m1.29814.m1	-7
"phospholipase A2 activity"	GO:0004623	2	aten_0.1.m1.11710.m1	0
"ribonucleoside-diphosphate reductase activity"	GO:0004748;GO:0061731;GO:0016728	5	aten_0.1.m1.28677.m1	0
"ribonucleoside-diphosphate reductase activity"	GO:0004748;GO:0061731;GO:0016728	5	aten_0.1.m1.8147.m1	-3
"ribonucleoside-diphosphate reductase activity"	GO:0004748;GO:0061731;GO:0016728	5	aten_0.1.m1.24323.m1	0
"calmodulin binding"	GO:0005516	2	aten_0.1.m1.20688.m1	0
"calmodulin binding"	GO:0005516	2	aten_0.1.m1.27864.m1	-25
"calmodulin binding"	GO:0005516	2	aten_0.1.m1.7250.m1	3
"calmodulin binding"	GO:0005516	2	aten_0.1.m1.4596.m1	0
"calmodulin binding"	GO:0005516	2	aten_0.1.m1.20035.m1	-5
"calmodulin binding"	GO:0005516	2	aten_0.1.m1.11302.m1	18
"calmodulin binding"	GO:0005516	2	aten_0.1.m1.4617.m1	0
"nucleotide-sugar transmembrane transporter activity"	GO:0005338	6	aten_0.1.m1.10307.m1	5
"nucleotide-sugar transmembrane transporter activity"	GO:0005338	6	aten_0.1.m1.15319.m1	4
"nucleotide-sugar transmembrane transporter activity"	GO:0005338	6	aten_0.1.m1.1859.m1	8
"iron ion binding"	GO:0005506	3	aten_0.1.m1.234.m1	0
"iron ion binding"	GO:0005506	3	aten_0.1.m1.29821.m1	-18
"iron ion binding"	GO:0005506	3	aten_0.1.m1.14582.m1	-11
"iron ion binding"	GO:0005506	3	aten_0.1.m1.16189.m1	0
"iron ion binding"	GO:0005506	3	aten_0.1.m1.19879.m1	0
"iron ion binding"	GO:0005506	3	aten_0.1.m1.19877.m1	13
"iron ion binding"	GO:0005506	3	aten_0.1.m1.9978.m1	-5
"iron ion binding"	GO:0005506	3	aten_0.1.m1.11194.m1	3
"iron ion binding"	GO:0005506	3	aten_0.1.m1.28071.m1	0
"iron ion binding"	GO:0005506	3	aten_0.1.m1.28771.m1	0
"nicotinate-nucleotide diphosphorylase (carboxylating) activity"	GO:0004514	2	aten_0.1.m1.4854.m1	4
"nicotinate-nucleotide diphosphorylase (carboxylating) activity"	GO:0004514	2	aten_0.1.m1.10959.m1	-5
"netrin receptor activity"	GO:0005042	2	aten_0.1.m1.23503.m1	0
"netrin receptor activity"	GO:0005042	2	aten_0.1.m1.27866.m1	-4
"netrin receptor activity"	GO:0005042	2	aten_0.1.m1.27886.m1	-1
"RNA polymerase II transcription factor binding"	GO:0001085	2	aten_0.1.m1.3796.m1	-14
"RNA polymerase II transcription factor binding"	GO:0001085	2	aten_0.1.m1.24735.m1	-1
"inward rectifier potassium channel activity"	GO:0005242	4	aten_0.1.m1.6454.m1	-13
"inward rectifier potassium channel activity"	GO:0005242	4	aten_0.1.m1.22182.m1	7
"cytochrome-c oxidase activity"	GO:0004129;GO:0009055;GO:0015002;GO:0016676;GO:0016675	3	aten_0.1.m1.30556.m1	2
"cytochrome-c oxidase activity"	GO:0004129;GO:0009055;GO:0015002;GO:0016676;GO:0016675	3	aten_0.1.m1.1470.m1	1
"cytochrome-c oxidase activity"	GO:0004129;GO:0009055;GO:0015002;GO:0016676;GO:0016675	3	aten_0.1.m1.32156.m1	12
"rDNA binding"	GO:0000182	2	aten_0.1.m1.11598.m1	7
"rDNA binding"	GO:0000182	2	aten_0.1.m1.27050.m1	-13
"mannosyltransferase activity"	GO:0000030	2	aten_0.1.m1.7817.m1	0
"mannosyltransferase activity"	GO:0000030	2	aten_0.1.m1.15379.m1	0
"mannosyltransferase activity"	GO:0000030	2	aten_0.1.m1.357.m1	0
"mannosyltransferase activity"	GO:0000030	2	aten_0.1.m1.12203.m1	0
"mannosyltransferase activity"	GO:0000030	2	aten_0.1.m1.3281.m1	0
"mannosyltransferase activity"	GO:0000030	2	aten_0.1.m1.6082.m1	-3
"mannosyltransferase activity"	GO:0000030	2	aten_0.1.m1.1462.m1	0
"mannosyltransferase activity"	GO:0000030	2	aten_0.1.m1.29855.m1	-15
"protein phosphorylated amino acid binding"	GO:0001784;GO:0045309;GO:0051219	4	aten_0.1.m1.22772.m1	15
"protein phosphorylated amino acid binding"	GO:0001784;GO:0045309;GO:0051219	4	aten_0.1.m1.1537.m1	-21
"NAD+ kinase activity"	GO:0003951	5	aten_0.1.m1.12832.m1	0
"NAD+ kinase activity"	GO:0003951	5	aten_0.1.m1.2463.m1	-4
"G protein-coupled adenosine receptor activity"	GO:0001609	3	aten_0.1.m1.6088.m1	-9
"G protein-coupled adenosine receptor activity"	GO:0001609	3	aten_0.1.m1.16294.m1	7
"G protein-coupled adenosine receptor activity"	GO:0001609	3	aten_0.1.m1.3345.m1	0
"G protein-coupled adenosine receptor activity"	GO:0001609	3	aten_0.1.m1.15663.m1	-5
"G protein-coupled adenosine receptor activity"	GO:0001609	3	aten_0.1.m1.4241.m1	0
"G protein-coupled adenosine receptor activity"	GO:0001609	3	aten_0.1.m1.15067.m1	-7
"G protein-coupled adenosine receptor activity"	GO:0001609	3	aten_0.1.m1.1270.m1	0
"transcription corepressor activity"	GO:0003714	3	aten_0.1.m1.28300.m1	-9
"transcription corepressor activity"	GO:0003714	3	aten_0.1.m1.9406.m1	0
"four-way junction DNA binding"	GO:0000400	4	aten_0.1.m1.4545.m1	0
"four-way junction DNA binding"	GO:0000400	4	aten_0.1.m1.15037.m1	0
"catalase activity"	GO:0004096	3	aten_0.1.m1.3937.m1	0
"catalase activity"	GO:0004096	3	aten_0.1.m1.3940.m1	-9
"catalase activity"	GO:0004096	3	aten_0.1.m1.8723.m1	-10
"catalase activity"	GO:0004096	3	aten_0.1.m1.8718.m1	0
"catalase activity"	GO:0004096	3	aten_0.1.m1.23489.m1	12
"catalase activity"	GO:0004096	3	aten_0.1.m1.28654.m1	9
"catalase activity"	GO:0004096	3	aten_0.1.m1.6434.m1	0
"catalase activity"	GO:0004096	3	aten_0.1.m1.11168.m1	0
"catalase activity"	GO:0004096	3	aten_0.1.m1.5919.m1	-11
"hydrolase activity, acting on carbon-nitrogen (but not peptide) bonds, in linear amides"	GO:0016811	2	aten_0.1.m1.18761.m1	3
"hydrolase activity, acting on carbon-nitrogen (but not peptide) bonds, in linear amides"	GO:0016811	2	aten_0.1.m1.26506.m1	2
"hydrolase activity, acting on carbon-nitrogen (but not peptide) bonds, in linear amides"	GO:0016811	2	aten_0.1.m1.2065.m1	3
"catalytic activity, acting on a tRNA"	GO:0140101	3	aten_0.1.m1.10.m1	-15
"catalytic activity, acting on a tRNA"	GO:0140101	3	aten_0.1.m1.28618.m1	0
"catalytic activity, acting on a tRNA"	GO:0140101	3	aten_0.1.m1.28617.m1	0
"catalytic activity, acting on a tRNA"	GO:0140101	3	aten_0.1.m1.19814.m1	0
"catalytic activity, acting on a tRNA"	GO:0140101	3	aten_0.1.m1.11723.m1	0
"catalytic activity, acting on a tRNA"	GO:0140101	3	aten_0.1.m1.11975.m1	0
"intracellular ligand-gated ion channel activity"	GO:0005217	2	aten_0.1.m1.21648.m1	0
"intracellular ligand-gated ion channel activity"	GO:0005217	2	aten_0.1.m1.6387.m1	0
"intracellular ligand-gated ion channel activity"	GO:0005217	2	aten_0.1.m1.24204.m1	0
"adenylate cyclase inhibiting G protein-coupled glutamate receptor activity"	GO:0001640;GO:0098988	2	aten_0.1.m1.1811.m1	0
"adenylate cyclase inhibiting G protein-coupled glutamate receptor activity"	GO:0001640;GO:0098988	2	aten_0.1.m1.8332.m1	0
"adenylate cyclase inhibiting G protein-coupled glutamate receptor activity"	GO:0001640;GO:0098988	2	aten_0.1.m1.8309.m1	4
"adenylate cyclase inhibiting G protein-coupled glutamate receptor activity"	GO:0001640;GO:0098988	2	aten_0.1.m1.11104.m1	-1
"adenylate cyclase inhibiting G protein-coupled glutamate receptor activity"	GO:0001640;GO:0098988	2	aten_0.1.m1.25775.m1	-1
"phosphoric diester hydrolase activity"	GO:0008081	2	aten_0.1.m1.7828.m1	9
"phosphoric diester hydrolase activity"	GO:0008081	2	aten_0.1.m1.13999.m1	-4
"phosphoric diester hydrolase activity"	GO:0008081	2	aten_0.1.m1.10772.m1	-2
"ligand-gated sodium channel activity"	GO:0015280	3	aten_0.1.m1.19748.m1	-4
"ligand-gated sodium channel activity"	GO:0015280	3	aten_0.1.m1.15514.m1	1
"ligand-gated sodium channel activity"	GO:0015280	3	aten_0.1.m1.19742.m1	0
"antioxidant activity"	GO:0004601;GO:0016209;GO:0016684	2	aten_0.1.m1.14543.m1	0
"antioxidant activity"	GO:0004601;GO:0016209;GO:0016684	2	aten_0.1.m1.3937.m1	0
"antioxidant activity"	GO:0004601;GO:0016209;GO:0016684	2	aten_0.1.m1.3940.m1	-9
"antioxidant activity"	GO:0004601;GO:0016209;GO:0016684	2	aten_0.1.m1.7478.m1	1
"antioxidant activity"	GO:0004601;GO:0016209;GO:0016684	2	aten_0.1.m1.7059.m1	0
"antioxidant activity"	GO:0004601;GO:0016209;GO:0016684	2	aten_0.1.m1.28035.m1	-21
"antioxidant activity"	GO:0004601;GO:0016209;GO:0016684	2	aten_0.1.m1.8723.m1	-10
"antioxidant activity"	GO:0004601;GO:0016209;GO:0016684	2	aten_0.1.m1.3096.m1	0
"antioxidant activity"	GO:0004601;GO:0016209;GO:0016684	2	aten_0.1.m1.20699.m1	0
"antioxidant activity"	GO:0004601;GO:0016209;GO:0016684	2	aten_0.1.m1.32172.m1	0
"antioxidant activity"	GO:0004601;GO:0016209;GO:0016684	2	aten_0.1.m1.2874.m1	9
"antioxidant activity"	GO:0004601;GO:0016209;GO:0016684	2	aten_0.1.m1.8718.m1	0
"antioxidant activity"	GO:0004601;GO:0016209;GO:0016684	2	aten_0.1.m1.5642.m1	-3
"antioxidant activity"	GO:0004601;GO:0016209;GO:0016684	2	aten_0.1.m1.23489.m1	12
"antioxidant activity"	GO:0004601;GO:0016209;GO:0016684	2	aten_0.1.m1.28036.m1	12
"antioxidant activity"	GO:0004601;GO:0016209;GO:0016684	2	aten_0.1.m1.15565.m1	0
"antioxidant activity"	GO:0004601;GO:0016209;GO:0016684	2	aten_0.1.m1.7112.m1	19
"antioxidant activity"	GO:0004601;GO:0016209;GO:0016684	2	aten_0.1.m1.28654.m1	9
"antioxidant activity"	GO:0004601;GO:0016209;GO:0016684	2	aten_0.1.m1.32170.m1	2
"antioxidant activity"	GO:0004601;GO:0016209;GO:0016684	2	aten_0.1.m1.6434.m1	0
"antioxidant activity"	GO:0004601;GO:0016209;GO:0016684	2	aten_0.1.m1.27983.m1	-12
"antioxidant activity"	GO:0004601;GO:0016209;GO:0016684	2	aten_0.1.m1.3043.m1	26
"antioxidant activity"	GO:0004601;GO:0016209;GO:0016684	2	aten_0.1.m1.11168.m1	0
"antioxidant activity"	GO:0004601;GO:0016209;GO:0016684	2	aten_0.1.m1.13071.m1	10
"antioxidant activity"	GO:0004601;GO:0016209;GO:0016684	2	aten_0.1.m1.28020.m1	0
"antioxidant activity"	GO:0004601;GO:0016209;GO:0016684	2	aten_0.1.m1.5919.m1	-11
"antioxidant activity"	GO:0004601;GO:0016209;GO:0016684	2	aten_0.1.m1.16280.m1	0
"antioxidant activity"	GO:0004601;GO:0016209;GO:0016684	2	aten_0.1.m1.7139.m1	11
"antioxidant activity"	GO:0004601;GO:0016209;GO:0016684	2	aten_0.1.m1.1058.m1	5
"antioxidant activity"	GO:0004601;GO:0016209;GO:0016684	2	aten_0.1.m1.1059.m1	0
"antioxidant activity"	GO:0004601;GO:0016209;GO:0016684	2	aten_0.1.m1.18047.m1	0
"antioxidant activity"	GO:0004601;GO:0016209;GO:0016684	2	aten_0.1.m1.14728.m1	4
"translation regulator activity, nucleic acid binding"	GO:0090079;GO:0045182	2	aten_0.1.m1.15.m1	14
"translation regulator activity, nucleic acid binding"	GO:0090079;GO:0045182	2	aten_0.1.m1.13167.m1	10
"translation regulator activity, nucleic acid binding"	GO:0090079;GO:0045182	2	aten_0.1.m1.2015.m1	7
"translation regulator activity, nucleic acid binding"	GO:0090079;GO:0045182	2	aten_0.1.m1.3228.m1	7
"translation regulator activity, nucleic acid binding"	GO:0090079;GO:0045182	2	aten_0.1.m1.22763.m1	-2
"translation regulator activity, nucleic acid binding"	GO:0090079;GO:0045182	2	aten_0.1.m1.3173.m1	-1
"translation regulator activity, nucleic acid binding"	GO:0090079;GO:0045182	2	aten_0.1.m1.1784.m1	5
"translation regulator activity, nucleic acid binding"	GO:0090079;GO:0045182	2	aten_0.1.m1.1137.m1	12
"translation regulator activity, nucleic acid binding"	GO:0090079;GO:0045182	2	aten_0.1.m1.22938.m1	3
"transmembrane receptor protein tyrosine phosphatase activity"	GO:0005001;GO:0019198	5	aten_0.1.m1.6491.m1	0
"transmembrane receptor protein tyrosine phosphatase activity"	GO:0005001;GO:0019198	5	aten_0.1.m1.5645.m1	23
"transmembrane receptor protein tyrosine phosphatase activity"	GO:0005001;GO:0019198	5	aten_0.1.m1.5653.m1	10
"transmembrane receptor protein tyrosine phosphatase activity"	GO:0005001;GO:0019198	5	aten_0.1.m1.5845.m1	0
"transmembrane receptor protein tyrosine phosphatase activity"	GO:0005001;GO:0019198	5	aten_0.1.m1.140.m1	0
"anion transmembrane transporter activity"	GO:0008509	2	aten_0.1.m1.5237.m1	0
"anion transmembrane transporter activity"	GO:0008509	2	aten_0.1.m1.10842.m1	0
"anion transmembrane transporter activity"	GO:0008509	2	aten_0.1.m1.30357.m1	0
"anion transmembrane transporter activity"	GO:0008509	2	aten_0.1.m1.22865.m1	2
"anion transmembrane transporter activity"	GO:0008509	2	aten_0.1.m1.30383.m1	0
"anion transmembrane transporter activity"	GO:0008509	2	aten_0.1.m1.12702.m1	0
"anion transmembrane transporter activity"	GO:0008509	2	aten_0.1.m1.10307.m1	5
"anion transmembrane transporter activity"	GO:0008509	2	aten_0.1.m1.18237.m1	-17
"anion transmembrane transporter activity"	GO:0008509	2	aten_0.1.m1.15336.m1	13
"anion transmembrane transporter activity"	GO:0008509	2	aten_0.1.m1.15319.m1	4
"anion transmembrane transporter activity"	GO:0008509	2	aten_0.1.m1.13176.m1	-17
"anion transmembrane transporter activity"	GO:0008509	2	aten_0.1.m1.5157.m1	0
"anion transmembrane transporter activity"	GO:0008509	2	aten_0.1.m1.9224.m1	-10
"anion transmembrane transporter activity"	GO:0008509	2	aten_0.1.m1.3239.m1	-2
"anion transmembrane transporter activity"	GO:0008509	2	aten_0.1.m1.26537.m1	-10
"anion transmembrane transporter activity"	GO:0008509	2	aten_0.1.m1.19582.m1	2
"anion transmembrane transporter activity"	GO:0008509	2	aten_0.1.m1.3026.m1	0
"anion transmembrane transporter activity"	GO:0008509	2	aten_0.1.m1.28929.m1	0
"anion transmembrane transporter activity"	GO:0008509	2	aten_0.1.m1.19690.m1	7
"anion transmembrane transporter activity"	GO:0008509	2	aten_0.1.m1.1859.m1	8
"anion transmembrane transporter activity"	GO:0008509	2	aten_0.1.m1.19011.m1	-19
"anion transmembrane transporter activity"	GO:0008509	2	aten_0.1.m1.30404.m1	2
"anion transmembrane transporter activity"	GO:0008509	2	aten_0.1.m1.26691.m1	0
"anion transmembrane transporter activity"	GO:0008509	2	aten_0.1.m1.8269.m1	0
"anion transmembrane transporter activity"	GO:0008509	2	aten_0.1.m1.15344.m1	0
"anion transmembrane transporter activity"	GO:0008509	2	aten_0.1.m1.26450.m1	16
"anion transmembrane transporter activity"	GO:0008509	2	aten_0.1.m1.17784.m1	-3
"anion transmembrane transporter activity"	GO:0008509	2	aten_0.1.m1.23773.m1	-21
"anion transmembrane transporter activity"	GO:0008509	2	aten_0.1.m1.30382.m1	0
"anion transmembrane transporter activity"	GO:0008509	2	aten_0.1.m1.32548.m1	1
"hydrolase activity, acting on glycosyl bonds"	GO:0004553;GO:0016798	4	aten_0.1.m1.1905.m1	6
"hydrolase activity, acting on glycosyl bonds"	GO:0004553;GO:0016798	4	aten_0.1.m1.650.m1	15
"hydrolase activity, acting on glycosyl bonds"	GO:0004553;GO:0016798	4	aten_0.1.m1.3180.m1	-8
"hydrolase activity, acting on glycosyl bonds"	GO:0004553;GO:0016798	4	aten_0.1.m1.19287.m1	-1
"hydrolase activity, acting on glycosyl bonds"	GO:0004553;GO:0016798	4	aten_0.1.m1.19455.m1	14
"hydrolase activity, acting on glycosyl bonds"	GO:0004553;GO:0016798	4	aten_0.1.m1.20004.m1	4
"hydrolase activity, acting on glycosyl bonds"	GO:0004553;GO:0016798	4	aten_0.1.m1.21516.m1	12
"hydrolase activity, acting on glycosyl bonds"	GO:0004553;GO:0016798	4	aten_0.1.m1.19865.m1	-21
"hydrolase activity, acting on glycosyl bonds"	GO:0004553;GO:0016798	4	aten_0.1.m1.2444.m1	-1
"hydrolase activity, acting on glycosyl bonds"	GO:0004553;GO:0016798	4	aten_0.1.m1.17629.m1	0
"hydrolase activity, acting on glycosyl bonds"	GO:0004553;GO:0016798	4	aten_0.1.m1.6019.m1	-7
"hydrolase activity, acting on glycosyl bonds"	GO:0004553;GO:0016798	4	aten_0.1.m1.9425.m1	6
"hydrolase activity, acting on glycosyl bonds"	GO:0004553;GO:0016798	4	aten_0.1.m1.31053.m1	0
"hydrolase activity, acting on glycosyl bonds"	GO:0004553;GO:0016798	4	aten_0.1.m1.1906.m1	3
"hydrolase activity, acting on glycosyl bonds"	GO:0004553;GO:0016798	4	aten_0.1.m1.17634.m1	0
"hydrolase activity, acting on glycosyl bonds"	GO:0004553;GO:0016798	4	aten_0.1.m1.6182.m1	-12
"hydrolase activity, acting on glycosyl bonds"	GO:0004553;GO:0016798	4	aten_0.1.m1.799.m1	-1
"hydrolase activity, acting on glycosyl bonds"	GO:0004553;GO:0016798	4	aten_0.1.m1.17369.m1	0
"hydrolase activity, acting on glycosyl bonds"	GO:0004553;GO:0016798	4	aten_0.1.m1.30985.m1	0
"hydrolase activity, acting on glycosyl bonds"	GO:0004553;GO:0016798	4	aten_0.1.m1.1781.m1	-8
"hydrolase activity, acting on glycosyl bonds"	GO:0004553;GO:0016798	4	aten_0.1.m1.25821.m1	0
"obsolete SH3/SH2 adaptor activity"	GO:0005070	-1	aten_0.1.m1.17899.m1	-12
"obsolete SH3/SH2 adaptor activity"	GO:0005070	-1	aten_0.1.m1.24427.m1	-7
"mRNA binding"	GO:0003730;GO:0003729	5	aten_0.1.m1.23026.m1	0
"mRNA binding"	GO:0003730;GO:0003729	5	aten_0.1.m1.14291.m1	18
"oxidoreductase activity, acting on NAD(P)H"	GO:0016651	3	aten_0.1.m1.11276.m1	-12
"oxidoreductase activity, acting on NAD(P)H"	GO:0016651	3	aten_0.1.m1.18047.m1	0
"oxidoreductase activity, acting on NAD(P)H"	GO:0016651	3	aten_0.1.m1.14728.m1	4
"oxidoreductase activity, acting on NAD(P)H"	GO:0016651	3	aten_0.1.m1.14076.m1	-6
"protein binding"	GO:0005515	2	aten_0.1.m1.13900.m1	-10
"protein binding"	GO:0005515	2	aten_0.1.m1.3589.m1	1
"protein binding"	GO:0005515	2	aten_0.1.m1.3796.m1	-14
"protein binding"	GO:0005515	2	aten_0.1.m1.12480.m1	0
"protein binding"	GO:0005515	2	aten_0.1.m1.532.m1	0
"protein binding"	GO:0005515	2	aten_0.1.m1.20688.m1	0
"protein binding"	GO:0005515	2	aten_0.1.m1.11086.m1	5
"protein binding"	GO:0005515	2	aten_0.1.m1.19328.m1	1
"protein binding"	GO:0005515	2	aten_0.1.m1.10228.m1	0
"protein binding"	GO:0005515	2	aten_0.1.m1.6700.m1	0
"protein binding"	GO:0005515	2	aten_0.1.m1.18520.m1	0
"protein binding"	GO:0005515	2	aten_0.1.m1.4507.m1	3
"protein binding"	GO:0005515	2	aten_0.1.m1.7422.m1	-7
"protein binding"	GO:0005515	2	aten_0.1.m1.24581.m1	0
"protein binding"	GO:0005515	2	aten_0.1.m1.16417.m1	9
"protein binding"	GO:0005515	2	aten_0.1.m1.647.m1	-5
"protein binding"	GO:0005515	2	aten_0.1.m1.26363.m1	-1
"protein binding"	GO:0005515	2	aten_0.1.m1.21036.m1	0
"protein binding"	GO:0005515	2	aten_0.1.m1.23541.m1	12
"protein binding"	GO:0005515	2	aten_0.1.m1.16401.m1	-5
"protein binding"	GO:0005515	2	aten_0.1.m1.5592.m1	9
"protein binding"	GO:0005515	2	aten_0.1.m1.27349.m1	13
"protein binding"	GO:0005515	2	aten_0.1.m1.2588.m1	4
"protein binding"	GO:0005515	2	aten_0.1.m1.23535.m1	-1
"protein binding"	GO:0005515	2	aten_0.1.m1.26585.m1	-15
"protein binding"	GO:0005515	2	aten_0.1.m1.14176.m1	-12
"protein binding"	GO:0005515	2	aten_0.1.m1.1502.m1	0
"protein binding"	GO:0005515	2	aten_0.1.m1.13159.m1	0
"protein binding"	GO:0005515	2	aten_0.1.m1.15111.m1	5
"protein binding"	GO:0005515	2	aten_0.1.m1.24735.m1	-1
"protein binding"	GO:0005515	2	aten_0.1.m1.2520.m1	0
"protein binding"	GO:0005515	2	aten_0.1.m1.1813.m1	2
"protein binding"	GO:0005515	2	aten_0.1.m1.27864.m1	-25
"protein binding"	GO:0005515	2	aten_0.1.m1.6726.m1	0
"protein binding"	GO:0005515	2	aten_0.1.m1.8488.m1	0
"protein binding"	GO:0005515	2	aten_0.1.m1.22704.m1	11
"protein binding"	GO:0005515	2	aten_0.1.m1.25878.m1	6
"protein binding"	GO:0005515	2	aten_0.1.m1.7250.m1	3
"protein binding"	GO:0005515	2	aten_0.1.m1.33790.m1	-3
"protein binding"	GO:0005515	2	aten_0.1.m1.14148.m1	8
"protein binding"	GO:0005515	2	aten_0.1.m1.3077.m1	0
"protein binding"	GO:0005515	2	aten_0.1.m1.5911.m1	15
"protein binding"	GO:0005515	2	aten_0.1.m1.15652.m1	0
"protein binding"	GO:0005515	2	aten_0.1.m1.4911.m1	-5
"protein binding"	GO:0005515	2	aten_0.1.m1.7467.m1	4
"protein binding"	GO:0005515	2	aten_0.1.m1.18800.m1	7
"protein binding"	GO:0005515	2	aten_0.1.m1.8666.m1	0
"protein binding"	GO:0005515	2	aten_0.1.m1.3025.m1	6
"protein binding"	GO:0005515	2	aten_0.1.m1.21997.m1	4
"protein binding"	GO:0005515	2	aten_0.1.m1.6166.m1	12
"protein binding"	GO:0005515	2	aten_0.1.m1.1227.m1	0
"protein binding"	GO:0005515	2	aten_0.1.m1.24360.m1	-6
"protein binding"	GO:0005515	2	aten_0.1.m1.30253.m1	0
"protein binding"	GO:0005515	2	aten_0.1.m1.22510.m1	11
"protein binding"	GO:0005515	2	aten_0.1.m1.7371.m1	-10
"protein binding"	GO:0005515	2	aten_0.1.m1.1835.m1	-6
"protein binding"	GO:0005515	2	aten_0.1.m1.22772.m1	15
"protein binding"	GO:0005515	2	aten_0.1.m1.1204.m1	7
"protein binding"	GO:0005515	2	aten_0.1.m1.156.m1	1
"protein binding"	GO:0005515	2	aten_0.1.m1.14137.m1	-5
"protein binding"	GO:0005515	2	aten_0.1.m1.4596.m1	0
"protein binding"	GO:0005515	2	aten_0.1.m1.6728.m1	-1
"protein binding"	GO:0005515	2	aten_0.1.m1.12604.m1	0
"protein binding"	GO:0005515	2	aten_0.1.m1.5976.m1	0
"protein binding"	GO:0005515	2	aten_0.1.m1.31296.m1	-1
"protein binding"	GO:0005515	2	aten_0.1.m1.4168.m1	-3
"protein binding"	GO:0005515	2	aten_0.1.m1.1537.m1	-21
"protein binding"	GO:0005515	2	aten_0.1.m1.11994.m1	0
"protein binding"	GO:0005515	2	aten_0.1.m1.14134.m1	0
"protein binding"	GO:0005515	2	aten_0.1.m1.14144.m1	-8
"protein binding"	GO:0005515	2	aten_0.1.m1.18514.m1	0
"protein binding"	GO:0005515	2	aten_0.1.m1.14386.m1	0
"protein binding"	GO:0005515	2	aten_0.1.m1.14010.m1	-8
"protein binding"	GO:0005515	2	aten_0.1.m1.22639.m1	-13
"protein binding"	GO:0005515	2	aten_0.1.m1.4637.m1	9
"protein binding"	GO:0005515	2	aten_0.1.m1.20673.m1	-5
"protein binding"	GO:0005515	2	aten_0.1.m1.826.m1	0
"protein binding"	GO:0005515	2	aten_0.1.m1.9813.m1	3
"protein binding"	GO:0005515	2	aten_0.1.m1.24142.m1	0
"protein binding"	GO:0005515	2	aten_0.1.m1.4615.m1	0
"protein binding"	GO:0005515	2	aten_0.1.m1.4613.m1	-4
"protein binding"	GO:0005515	2	aten_0.1.m1.33739.m1	0
"protein binding"	GO:0005515	2	aten_0.1.m1.30056.m1	3
"protein binding"	GO:0005515	2	aten_0.1.m1.25817.m1	10
"protein binding"	GO:0005515	2	aten_0.1.m1.20035.m1	-5
"protein binding"	GO:0005515	2	aten_0.1.m1.30129.m1	2
"protein binding"	GO:0005515	2	aten_0.1.m1.513.m1	6
"protein binding"	GO:0005515	2	aten_0.1.m1.23536.m1	12
"protein binding"	GO:0005515	2	aten_0.1.m1.23358.m1	4
"protein binding"	GO:0005515	2	aten_0.1.m1.14136.m1	-2
"protein binding"	GO:0005515	2	aten_0.1.m1.602.m1	4
"protein binding"	GO:0005515	2	aten_0.1.m1.29907.m1	-1
"protein binding"	GO:0005515	2	aten_0.1.m1.16399.m1	4
"protein binding"	GO:0005515	2	aten_0.1.m1.26082.m1	6
"protein binding"	GO:0005515	2	aten_0.1.m1.30844.m1	10
"protein binding"	GO:0005515	2	aten_0.1.m1.28650.m1	3
"protein binding"	GO:0005515	2	aten_0.1.m1.25349.m1	-2
"protein binding"	GO:0005515	2	aten_0.1.m1.16576.m1	-4
"protein binding"	GO:0005515	2	aten_0.1.m1.9007.m1	-2
"protein binding"	GO:0005515	2	aten_0.1.m1.16774.m1	-14
"protein binding"	GO:0005515	2	aten_0.1.m1.19670.m1	2
"protein binding"	GO:0005515	2	aten_0.1.m1.18982.m1	0
"protein binding"	GO:0005515	2	aten_0.1.m1.2726.m1	0
"protein binding"	GO:0005515	2	aten_0.1.m1.23566.m1	-7
"protein binding"	GO:0005515	2	aten_0.1.m1.8087.m1	1
"protein binding"	GO:0005515	2	aten_0.1.m1.13406.m1	0
"protein binding"	GO:0005515	2	aten_0.1.m1.30833.m1	-12
"protein binding"	GO:0005515	2	aten_0.1.m1.7384.m1	1
"protein binding"	GO:0005515	2	aten_0.1.m1.14142.m1	-13
"protein binding"	GO:0005515	2	aten_0.1.m1.21417.m1	0
"protein binding"	GO:0005515	2	aten_0.1.m1.23485.m1	0
"protein binding"	GO:0005515	2	aten_0.1.m1.14066.m1	-7
"protein binding"	GO:0005515	2	aten_0.1.m1.24420.m1	2
"protein binding"	GO:0005515	2	aten_0.1.m1.24372.m1	0
"protein binding"	GO:0005515	2	aten_0.1.m1.1637.m1	0
"protein binding"	GO:0005515	2	aten_0.1.m1.273.m1	0
"protein binding"	GO:0005515	2	aten_0.1.m1.25139.m1	-4
"protein binding"	GO:0005515	2	aten_0.1.m1.1464.m1	23
"protein binding"	GO:0005515	2	aten_0.1.m1.7295.m1	0
"protein binding"	GO:0005515	2	aten_0.1.m1.33642.m1	-12
"protein binding"	GO:0005515	2	aten_0.1.m1.11302.m1	18
"protein binding"	GO:0005515	2	aten_0.1.m1.25225.m1	-7
"protein binding"	GO:0005515	2	aten_0.1.m1.17493.m1	1
"protein binding"	GO:0005515	2	aten_0.1.m1.2213.m1	0
"protein binding"	GO:0005515	2	aten_0.1.m1.14149.m1	-1
"protein binding"	GO:0005515	2	aten_0.1.m1.2067.m1	0
"protein binding"	GO:0005515	2	aten_0.1.m1.30841.m1	7
"protein binding"	GO:0005515	2	aten_0.1.m1.216.m1	1
"protein binding"	GO:0005515	2	aten_0.1.m1.4604.m1	12
"protein binding"	GO:0005515	2	aten_0.1.m1.4617.m1	0
"protein binding"	GO:0005515	2	aten_0.1.m1.28551.m1	2
"protein binding"	GO:0005515	2	aten_0.1.m1.6153.m1	4
"protein binding"	GO:0005515	2	aten_0.1.m1.9172.m1	0
"protein binding"	GO:0005515	2	aten_0.1.m1.14139.m1	-7
"protein binding"	GO:0005515	2	aten_0.1.m1.19230.m1	-7
"protein binding"	GO:0005515	2	aten_0.1.m1.4923.m1	3
"protein binding"	GO:0005515	2	aten_0.1.m1.16394.m1	-3
"protein binding"	GO:0005515	2	aten_0.1.m1.9166.m1	0
"protein binding"	GO:0005515	2	aten_0.1.m1.20041.m1	21
"protein binding"	GO:0005515	2	aten_0.1.m1.11543.m1	12
"protein binding"	GO:0005515	2	aten_0.1.m1.24430.m1	7
"protein binding"	GO:0005515	2	aten_0.1.m1.24330.m1	-12
"protein binding"	GO:0005515	2	aten_0.1.m1.5912.m1	3
"protein binding"	GO:0005515	2	aten_0.1.m1.21421.m1	0
"protein binding"	GO:0005515	2	aten_0.1.m1.24807.m1	16
"protein binding"	GO:0005515	2	aten_0.1.m1.20254.m1	0
"protein binding"	GO:0005515	2	aten_0.1.m1.14324.m1	-15
"protein binding"	GO:0005515	2	aten_0.1.m1.5236.m1	0
"protein binding"	GO:0005515	2	aten_0.1.m1.12605.m1	-4
"protein binding"	GO:0005515	2	aten_0.1.m1.29434.m1	1
"protein binding"	GO:0005515	2	aten_0.1.m1.12625.m1	0
"protein binding"	GO:0005515	2	aten_0.1.m1.22826.m1	5
"protein binding"	GO:0005515	2	aten_0.1.m1.27227.m1	0
"protein binding"	GO:0005515	2	aten_0.1.m1.8486.m1	-10
"protein binding"	GO:0005515	2	aten_0.1.m1.19341.m1	0
"protein binding"	GO:0005515	2	aten_0.1.m1.6331.m1	-5
"protein binding"	GO:0005515	2	aten_0.1.m1.16021.m1	6
"protein binding"	GO:0005515	2	aten_0.1.m1.27086.m1	0
"protein binding"	GO:0005515	2	aten_0.1.m1.11026.m1	-1
"oxidoreductase activity, acting on the CH-OH group of donors, NAD or NADP as acceptor"	GO:0016616	3	aten_0.1.m1.6885.m1	-12
"oxidoreductase activity, acting on the CH-OH group of donors, NAD or NADP as acceptor"	GO:0016616	3	aten_0.1.m1.2190.m1	-12
"oxidoreductase activity, acting on the CH-OH group of donors, NAD or NADP as acceptor"	GO:0016616	3	aten_0.1.m1.27781.m1	0
"oxidoreductase activity, acting on the CH-OH group of donors, NAD or NADP as acceptor"	GO:0016616	3	aten_0.1.m1.1317.m1	0
"oxidoreductase activity, acting on the CH-OH group of donors, NAD or NADP as acceptor"	GO:0016616	3	aten_0.1.m1.1320.m1	11
"oxidoreductase activity, acting on the CH-OH group of donors, NAD or NADP as acceptor"	GO:0016616	3	aten_0.1.m1.6168.m1	0
"modified amino acid binding"	GO:0072341	2	aten_0.1.m1.12063.m1	4
"modified amino acid binding"	GO:0072341	2	aten_0.1.m1.9834.m1	0
"modified amino acid binding"	GO:0072341	2	aten_0.1.m1.13398.m1	-14
"calmodulin-dependent protein kinase activity"	GO:0004683	5	aten_0.1.m1.6443.m1	0
"calmodulin-dependent protein kinase activity"	GO:0004683	5	aten_0.1.m1.14915.m1	10
"calmodulin-dependent protein kinase activity"	GO:0004683	5	aten_0.1.m1.3958.m1	0
"fibronectin binding"	GO:0001968	3	aten_0.1.m1.16401.m1	-5
"fibronectin binding"	GO:0001968	3	aten_0.1.m1.24420.m1	2
"fibronectin binding"	GO:0001968	3	aten_0.1.m1.24430.m1	7
"transition metal ion transmembrane transporter activity"	GO:0046915	2	aten_0.1.m1.30029.m1	2
"transition metal ion transmembrane transporter activity"	GO:0046915	2	aten_0.1.m1.32354.m1	0
"transition metal ion transmembrane transporter activity"	GO:0046915	2	aten_0.1.m1.11941.m1	0
"transition metal ion transmembrane transporter activity"	GO:0046915	2	aten_0.1.m1.7.m1	0
"transition metal ion transmembrane transporter activity"	GO:0046915	2	aten_0.1.m1.19870.m1	9
"transferase activity, transferring one-carbon groups"	GO:0008168;GO:0016741	2	aten_0.1.m1.21097.m1	8
"transferase activity, transferring one-carbon groups"	GO:0008168;GO:0016741	2	aten_0.1.m1.19528.m1	7
"transferase activity, transferring one-carbon groups"	GO:0008168;GO:0016741	2	aten_0.1.m1.15777.m1	0
"transferase activity, transferring one-carbon groups"	GO:0008168;GO:0016741	2	aten_0.1.m1.19540.m1	-10
"transferase activity, transferring one-carbon groups"	GO:0008168;GO:0016741	2	aten_0.1.m1.19539.m1	15
"transferase activity, transferring one-carbon groups"	GO:0008168;GO:0016741	2	aten_0.1.m1.5788.m1	0
"transferase activity, transferring one-carbon groups"	GO:0008168;GO:0016741	2	aten_0.1.m1.20203.m1	0
"transferase activity, transferring one-carbon groups"	GO:0008168;GO:0016741	2	aten_0.1.m1.12547.m1	0
"transferase activity, transferring one-carbon groups"	GO:0008168;GO:0016741	2	aten_0.1.m1.21514.m1	15
"transferase activity, transferring one-carbon groups"	GO:0008168;GO:0016741	2	aten_0.1.m1.10.m1	-15
"oxidoreductase activity, acting on the CH-OH group of donors, oxygen as acceptor"	GO:0003885;GO:0016899	3	aten_0.1.m1.30307.m1	-1
"oxidoreductase activity, acting on the CH-OH group of donors, oxygen as acceptor"	GO:0003885;GO:0016899	3	aten_0.1.m1.5945.m1	0
"phosphoprotein phosphatase activity"	GO:0004721	2	aten_0.1.m1.2273.m1	0
"phosphoprotein phosphatase activity"	GO:0004721	2	aten_0.1.m1.6491.m1	0
"phosphoprotein phosphatase activity"	GO:0004721	2	aten_0.1.m1.5645.m1	23
"phosphoprotein phosphatase activity"	GO:0004721	2	aten_0.1.m1.19564.m1	-8
"phosphoprotein phosphatase activity"	GO:0004721	2	aten_0.1.m1.10903.m1	0
"phosphoprotein phosphatase activity"	GO:0004721	2	aten_0.1.m1.18211.m1	-13
"phosphoprotein phosphatase activity"	GO:0004721	2	aten_0.1.m1.21070.m1	-6
"phosphoprotein phosphatase activity"	GO:0004721	2	aten_0.1.m1.5653.m1	10
"phosphoprotein phosphatase activity"	GO:0004721	2	aten_0.1.m1.5651.m1	-3
"phosphoprotein phosphatase activity"	GO:0004721	2	aten_0.1.m1.2136.m1	-7
"phosphoprotein phosphatase activity"	GO:0004721	2	aten_0.1.m1.11486.m1	-3
"phosphoprotein phosphatase activity"	GO:0004721	2	aten_0.1.m1.5845.m1	0
"phosphoprotein phosphatase activity"	GO:0004721	2	aten_0.1.m1.1159.m1	0
"phosphoprotein phosphatase activity"	GO:0004721	2	aten_0.1.m1.7362.m1	11
"phosphoprotein phosphatase activity"	GO:0004721	2	aten_0.1.m1.6463.m1	-7
"phosphoprotein phosphatase activity"	GO:0004721	2	aten_0.1.m1.1701.m1	0
"phosphoprotein phosphatase activity"	GO:0004721	2	aten_0.1.m1.30494.m1	2
"phosphoprotein phosphatase activity"	GO:0004721	2	aten_0.1.m1.140.m1	0
"phosphoprotein phosphatase activity"	GO:0004721	2	aten_0.1.m1.141.m1	0
"phosphoprotein phosphatase activity"	GO:0004721	2	aten_0.1.m1.13901.m1	0
"nucleoside transmembrane transporter activity"	GO:0005337	2	aten_0.1.m1.3239.m1	-2
"nucleoside transmembrane transporter activity"	GO:0005337	2	aten_0.1.m1.3026.m1	0
"UDP-glucose:glycoprotein glucosyltransferase activity"	GO:0003980;GO:0035251;GO:0046527	2	aten_0.1.m1.30354.m1	10
"UDP-glucose:glycoprotein glucosyltransferase activity"	GO:0003980;GO:0035251;GO:0046527	2	aten_0.1.m1.30347.m1	-12
"threonine-type endopeptidase activity"	GO:0004298;GO:0070003	2	aten_0.1.m1.24796.m1	0
"threonine-type endopeptidase activity"	GO:0004298;GO:0070003	2	aten_0.1.m1.4383.m1	-12
"RNA polymerase II repressing transcription factor binding"	GO:0001103;GO:0061629;GO:0070491	2	aten_0.1.m1.216.m1	1
"RNA polymerase II repressing transcription factor binding"	GO:0001103;GO:0061629;GO:0070491	2	aten_0.1.m1.6331.m1	-5
"carbon-sulfur lyase activity"	GO:0047869;GO:0016846	3	aten_0.1.m1.18085.m1	0
"carbon-sulfur lyase activity"	GO:0047869;GO:0016846	3	aten_0.1.m1.29695.m1	13
"carbon-sulfur lyase activity"	GO:0047869;GO:0016846	3	aten_0.1.m1.32232.m1	-31
"carbon-sulfur lyase activity"	GO:0047869;GO:0016846	3	aten_0.1.m1.20124.m1	24
"carbon-sulfur lyase activity"	GO:0047869;GO:0016846	3	aten_0.1.m1.25617.m1	-3
"carbon-sulfur lyase activity"	GO:0047869;GO:0016846	3	aten_0.1.m1.29694.m1	0
"isomerase activity"	GO:0016853	2	aten_0.1.m1.12712.m1	0
"isomerase activity"	GO:0016853	2	aten_0.1.m1.18994.m1	0
"isomerase activity"	GO:0016853	2	aten_0.1.m1.10649.m1	0
"isomerase activity"	GO:0016853	2	aten_0.1.m1.4493.m1	0
"isomerase activity"	GO:0016853	2	aten_0.1.m1.8827.m1	0
"isomerase activity"	GO:0016853	2	aten_0.1.m1.1663.m1	7
"isomerase activity"	GO:0016853	2	aten_0.1.m1.29170.m1	-1
"isomerase activity"	GO:0016853	2	aten_0.1.m1.3834.m1	2
"isomerase activity"	GO:0016853	2	aten_0.1.m1.20757.m1	-2
"3',5'-cyclic-nucleotide phosphodiesterase activity"	GO:0004114;GO:0004112	4	aten_0.1.m1.7828.m1	9
"3',5'-cyclic-nucleotide phosphodiesterase activity"	GO:0004114;GO:0004112	4	aten_0.1.m1.13999.m1	-4
"beta1-adrenergic receptor activity"	GO:0004940	2	aten_0.1.m1.9985.m1	0
"beta1-adrenergic receptor activity"	GO:0004940	2	aten_0.1.m1.17781.m1	-6
"beta1-adrenergic receptor activity"	GO:0004940	2	aten_0.1.m1.5810.m1	-19
"beta1-adrenergic receptor activity"	GO:0004940	2	aten_0.1.m1.756.m1	1
"beta1-adrenergic receptor activity"	GO:0004940	2	aten_0.1.m1.5902.m1	-1
"adenylate kinase activity"	GO:0004017	2	aten_0.1.m1.15569.m1	20
"adenylate kinase activity"	GO:0004017	2	aten_0.1.m1.11282.m1	-1
"adenylate kinase activity"	GO:0004017	2	aten_0.1.m1.11057.m1	-5
"metallopeptidase activity"	GO:0004222;GO:0008237	3	aten_0.1.m1.28669.m1	0
"metallopeptidase activity"	GO:0004222;GO:0008237	3	aten_0.1.m1.18188.m1	0
"metallopeptidase activity"	GO:0004222;GO:0008237	3	aten_0.1.m1.8828.m1	0
"metallopeptidase activity"	GO:0004222;GO:0008237	3	aten_0.1.m1.31347.m1	-13
"metallopeptidase activity"	GO:0004222;GO:0008237	3	aten_0.1.m1.27861.m1	0
"metallopeptidase activity"	GO:0004222;GO:0008237	3	aten_0.1.m1.18226.m1	0
"metallopeptidase activity"	GO:0004222;GO:0008237	3	aten_0.1.m1.10439.m1	0
"metallopeptidase activity"	GO:0004222;GO:0008237	3	aten_0.1.m1.18042.m1	-17
"metallopeptidase activity"	GO:0004222;GO:0008237	3	aten_0.1.m1.5024.m1	-24
"metallopeptidase activity"	GO:0004222;GO:0008237	3	aten_0.1.m1.9279.m1	-13
"metallopeptidase activity"	GO:0004222;GO:0008237	3	aten_0.1.m1.26962.m1	7
"metallopeptidase activity"	GO:0004222;GO:0008237	3	aten_0.1.m1.25790.m1	0
"metallopeptidase activity"	GO:0004222;GO:0008237	3	aten_0.1.m1.10568.m1	3
"metallopeptidase activity"	GO:0004222;GO:0008237	3	aten_0.1.m1.8521.m1	-1
"metallopeptidase activity"	GO:0004222;GO:0008237	3	aten_0.1.m1.18216.m1	0
"metallopeptidase activity"	GO:0004222;GO:0008237	3	aten_0.1.m1.11030.m1	0
"metallopeptidase activity"	GO:0004222;GO:0008237	3	aten_0.1.m1.29610.m1	10
"metallopeptidase activity"	GO:0004222;GO:0008237	3	aten_0.1.m1.33315.m1	0
"metallopeptidase activity"	GO:0004222;GO:0008237	3	aten_0.1.m1.16895.m1	12
"metallopeptidase activity"	GO:0004222;GO:0008237	3	aten_0.1.m1.24266.m1	0
"metallopeptidase activity"	GO:0004222;GO:0008237	3	aten_0.1.m1.27004.m1	0
"metallopeptidase activity"	GO:0004222;GO:0008237	3	aten_0.1.m1.25014.m1	-10
"metallopeptidase activity"	GO:0004222;GO:0008237	3	aten_0.1.m1.9110.m1	14
"metallopeptidase activity"	GO:0004222;GO:0008237	3	aten_0.1.m1.1020.m1	12
"metallopeptidase activity"	GO:0004222;GO:0008237	3	aten_0.1.m1.6721.m1	0
"metallopeptidase activity"	GO:0004222;GO:0008237	3	aten_0.1.m1.24240.m1	9
"metallopeptidase activity"	GO:0004222;GO:0008237	3	aten_0.1.m1.9278.m1	-1
"metallopeptidase activity"	GO:0004222;GO:0008237	3	aten_0.1.m1.9272.m1	4
"metallopeptidase activity"	GO:0004222;GO:0008237	3	aten_0.1.m1.9414.m1	0
"metallopeptidase activity"	GO:0004222;GO:0008237	3	aten_0.1.m1.18227.m1	0
"metallopeptidase activity"	GO:0004222;GO:0008237	3	aten_0.1.m1.22898.m1	0
"metallopeptidase activity"	GO:0004222;GO:0008237	3	aten_0.1.m1.2828.m1	13
"metallopeptidase activity"	GO:0004222;GO:0008237	3	aten_0.1.m1.21008.m1	0
"metallopeptidase activity"	GO:0004222;GO:0008237	3	aten_0.1.m1.6891.m1	0
"metallopeptidase activity"	GO:0004222;GO:0008237	3	aten_0.1.m1.11718.m1	0
"metallopeptidase activity"	GO:0004222;GO:0008237	3	aten_0.1.m1.10177.m1	0
"oxidoreductase activity"	GO:0016491	2	aten_0.1.m1.14543.m1	0
"oxidoreductase activity"	GO:0016491	2	aten_0.1.m1.10547.m1	0
"oxidoreductase activity"	GO:0016491	2	aten_0.1.m1.28677.m1	0
"oxidoreductase activity"	GO:0016491	2	aten_0.1.m1.8147.m1	-3
"oxidoreductase activity"	GO:0016491	2	aten_0.1.m1.29667.m1	-8
"oxidoreductase activity"	GO:0016491	2	aten_0.1.m1.10138.m1	3
"oxidoreductase activity"	GO:0016491	2	aten_0.1.m1.20544.m1	0
"oxidoreductase activity"	GO:0016491	2	aten_0.1.m1.6885.m1	-12
"oxidoreductase activity"	GO:0016491	2	aten_0.1.m1.20001.m1	-8
"oxidoreductase activity"	GO:0016491	2	aten_0.1.m1.12833.m1	-4
"oxidoreductase activity"	GO:0016491	2	aten_0.1.m1.16147.m1	-6
"oxidoreductase activity"	GO:0016491	2	aten_0.1.m1.1417.m1	6
"oxidoreductase activity"	GO:0016491	2	aten_0.1.m1.2495.m1	0
"oxidoreductase activity"	GO:0016491	2	aten_0.1.m1.2190.m1	-12
"oxidoreductase activity"	GO:0016491	2	aten_0.1.m1.3937.m1	0
"oxidoreductase activity"	GO:0016491	2	aten_0.1.m1.5123.m1	-9
"oxidoreductase activity"	GO:0016491	2	aten_0.1.m1.9722.m1	1
"oxidoreductase activity"	GO:0016491	2	aten_0.1.m1.3940.m1	-9
"oxidoreductase activity"	GO:0016491	2	aten_0.1.m1.30307.m1	-1
"oxidoreductase activity"	GO:0016491	2	aten_0.1.m1.7478.m1	1
"oxidoreductase activity"	GO:0016491	2	aten_0.1.m1.4603.m1	0
"oxidoreductase activity"	GO:0016491	2	aten_0.1.m1.7059.m1	0
"oxidoreductase activity"	GO:0016491	2	aten_0.1.m1.11077.m1	0
"oxidoreductase activity"	GO:0016491	2	aten_0.1.m1.16235.m1	0
"oxidoreductase activity"	GO:0016491	2	aten_0.1.m1.28035.m1	-21
"oxidoreductase activity"	GO:0016491	2	aten_0.1.m1.8723.m1	-10
"oxidoreductase activity"	GO:0016491	2	aten_0.1.m1.1176.m1	0
"oxidoreductase activity"	GO:0016491	2	aten_0.1.m1.3800.m1	7
"oxidoreductase activity"	GO:0016491	2	aten_0.1.m1.3096.m1	0
"oxidoreductase activity"	GO:0016491	2	aten_0.1.m1.12923.m1	0
"oxidoreductase activity"	GO:0016491	2	aten_0.1.m1.22114.m1	0
"oxidoreductase activity"	GO:0016491	2	aten_0.1.m1.29808.m1	-5
"oxidoreductase activity"	GO:0016491	2	aten_0.1.m1.20699.m1	0
"oxidoreductase activity"	GO:0016491	2	aten_0.1.m1.1413.m1	-15
"oxidoreductase activity"	GO:0016491	2	aten_0.1.m1.32172.m1	0
"oxidoreductase activity"	GO:0016491	2	aten_0.1.m1.2874.m1	9
"oxidoreductase activity"	GO:0016491	2	aten_0.1.m1.24323.m1	0
"oxidoreductase activity"	GO:0016491	2	aten_0.1.m1.17909.m1	0
"oxidoreductase activity"	GO:0016491	2	aten_0.1.m1.11276.m1	-12
"oxidoreductase activity"	GO:0016491	2	aten_0.1.m1.4602.m1	0
"oxidoreductase activity"	GO:0016491	2	aten_0.1.m1.32185.m1	7
"oxidoreductase activity"	GO:0016491	2	aten_0.1.m1.7584.m1	5
"oxidoreductase activity"	GO:0016491	2	aten_0.1.m1.2715.m1	13
"oxidoreductase activity"	GO:0016491	2	aten_0.1.m1.9709.m1	0
"oxidoreductase activity"	GO:0016491	2	aten_0.1.m1.5133.m1	0
"oxidoreductase activity"	GO:0016491	2	aten_0.1.m1.7780.m1	0
"oxidoreductase activity"	GO:0016491	2	aten_0.1.m1.1415.m1	0
"oxidoreductase activity"	GO:0016491	2	aten_0.1.m1.28989.m1	2
"oxidoreductase activity"	GO:0016491	2	aten_0.1.m1.30556.m1	2
"oxidoreductase activity"	GO:0016491	2	aten_0.1.m1.13577.m1	0
"oxidoreductase activity"	GO:0016491	2	aten_0.1.m1.8718.m1	0
"oxidoreductase activity"	GO:0016491	2	aten_0.1.m1.5642.m1	-3
"oxidoreductase activity"	GO:0016491	2	aten_0.1.m1.11076.m1	-9
"oxidoreductase activity"	GO:0016491	2	aten_0.1.m1.18411.m1	-10
"oxidoreductase activity"	GO:0016491	2	aten_0.1.m1.23489.m1	12
"oxidoreductase activity"	GO:0016491	2	aten_0.1.m1.28036.m1	12
"oxidoreductase activity"	GO:0016491	2	aten_0.1.m1.27781.m1	0
"oxidoreductase activity"	GO:0016491	2	aten_0.1.m1.1317.m1	0
"oxidoreductase activity"	GO:0016491	2	aten_0.1.m1.1320.m1	11
"oxidoreductase activity"	GO:0016491	2	aten_0.1.m1.15565.m1	0
"oxidoreductase activity"	GO:0016491	2	aten_0.1.m1.1470.m1	1
"oxidoreductase activity"	GO:0016491	2	aten_0.1.m1.7112.m1	19
"oxidoreductase activity"	GO:0016491	2	aten_0.1.m1.1058.m1	5
"oxidoreductase activity"	GO:0016491	2	aten_0.1.m1.28654.m1	9
"oxidoreductase activity"	GO:0016491	2	aten_0.1.m1.20851.m1	-3
"oxidoreductase activity"	GO:0016491	2	aten_0.1.m1.3867.m1	0
"oxidoreductase activity"	GO:0016491	2	aten_0.1.m1.10168.m1	0
"oxidoreductase activity"	GO:0016491	2	aten_0.1.m1.20852.m1	0
"oxidoreductase activity"	GO:0016491	2	aten_0.1.m1.29468.m1	-3
"oxidoreductase activity"	GO:0016491	2	aten_0.1.m1.32156.m1	12
"oxidoreductase activity"	GO:0016491	2	aten_0.1.m1.29809.m1	5
"oxidoreductase activity"	GO:0016491	2	aten_0.1.m1.29811.m1	0
"oxidoreductase activity"	GO:0016491	2	aten_0.1.m1.32170.m1	2
"oxidoreductase activity"	GO:0016491	2	aten_0.1.m1.33138.m1	8
"oxidoreductase activity"	GO:0016491	2	aten_0.1.m1.6343.m1	0
"oxidoreductase activity"	GO:0016491	2	aten_0.1.m1.3260.m1	-5
"oxidoreductase activity"	GO:0016491	2	aten_0.1.m1.22657.m1	7
"oxidoreductase activity"	GO:0016491	2	aten_0.1.m1.14104.m1	0
"oxidoreductase activity"	GO:0016491	2	aten_0.1.m1.28633.m1	3
"oxidoreductase activity"	GO:0016491	2	aten_0.1.m1.6168.m1	0
"oxidoreductase activity"	GO:0016491	2	aten_0.1.m1.29804.m1	3
"oxidoreductase activity"	GO:0016491	2	aten_0.1.m1.6434.m1	0
"oxidoreductase activity"	GO:0016491	2	aten_0.1.m1.1059.m1	0
"oxidoreductase activity"	GO:0016491	2	aten_0.1.m1.18047.m1	0
"oxidoreductase activity"	GO:0016491	2	aten_0.1.m1.14728.m1	4
"oxidoreductase activity"	GO:0016491	2	aten_0.1.m1.10648.m1	-1
"oxidoreductase activity"	GO:0016491	2	aten_0.1.m1.6294.m1	-10
"oxidoreductase activity"	GO:0016491	2	aten_0.1.m1.11078.m1	-1
"oxidoreductase activity"	GO:0016491	2	aten_0.1.m1.27983.m1	-12
"oxidoreductase activity"	GO:0016491	2	aten_0.1.m1.966.m1	-24
"oxidoreductase activity"	GO:0016491	2	aten_0.1.m1.3043.m1	26
"oxidoreductase activity"	GO:0016491	2	aten_0.1.m1.12123.m1	-5
"oxidoreductase activity"	GO:0016491	2	aten_0.1.m1.3637.m1	0
"oxidoreductase activity"	GO:0016491	2	aten_0.1.m1.11168.m1	0
"oxidoreductase activity"	GO:0016491	2	aten_0.1.m1.13071.m1	10
"oxidoreductase activity"	GO:0016491	2	aten_0.1.m1.14076.m1	-6
"oxidoreductase activity"	GO:0016491	2	aten_0.1.m1.28020.m1	0
"oxidoreductase activity"	GO:0016491	2	aten_0.1.m1.5919.m1	-11
"oxidoreductase activity"	GO:0016491	2	aten_0.1.m1.11975.m1	0
"oxidoreductase activity"	GO:0016491	2	aten_0.1.m1.5945.m1	0
"oxidoreductase activity"	GO:0016491	2	aten_0.1.m1.16280.m1	0
"oxidoreductase activity"	GO:0016491	2	aten_0.1.m1.7139.m1	11
"oxidoreductase activity"	GO:0016491	2	aten_0.1.m1.29399.m1	-18
"ligase activity, forming carbon-carbon bonds"	GO:0004485;GO:0016421;GO:0016885	3	aten_0.1.m1.22004.m1	-3
"ligase activity, forming carbon-carbon bonds"	GO:0004485;GO:0016421;GO:0016885	3	aten_0.1.m1.5722.m1	-3
"ligase activity, forming carbon-carbon bonds"	GO:0004485;GO:0016421;GO:0016885	3	aten_0.1.m1.22005.m1	-6
"ligase activity, forming carbon-carbon bonds"	GO:0004485;GO:0016421;GO:0016885	3	aten_0.1.m1.263.m1	10
"hydrolase activity, acting on acid anhydrides"	GO:0017111;GO:0016462;GO:0016818;GO:0016817	3	aten_0.1.m1.17226.m1	0
"hydrolase activity, acting on acid anhydrides"	GO:0017111;GO:0016462;GO:0016818;GO:0016817	3	aten_0.1.m1.32239.m1	9
"hydrolase activity, acting on acid anhydrides"	GO:0017111;GO:0016462;GO:0016818;GO:0016817	3	aten_0.1.m1.22314.m1	-5
"hydrolase activity, acting on acid anhydrides"	GO:0017111;GO:0016462;GO:0016818;GO:0016817	3	aten_0.1.m1.22157.m1	-7
"hydrolase activity, acting on acid anhydrides"	GO:0017111;GO:0016462;GO:0016818;GO:0016817	3	aten_0.1.m1.19014.m1	0
"hydrolase activity, acting on acid anhydrides"	GO:0017111;GO:0016462;GO:0016818;GO:0016817	3	aten_0.1.m1.28838.m1	0
"hydrolase activity, acting on acid anhydrides"	GO:0017111;GO:0016462;GO:0016818;GO:0016817	3	aten_0.1.m1.3618.m1	-3
"hydrolase activity, acting on acid anhydrides"	GO:0017111;GO:0016462;GO:0016818;GO:0016817	3	aten_0.1.m1.20680.m1	-6
"hydrolase activity, acting on acid anhydrides"	GO:0017111;GO:0016462;GO:0016818;GO:0016817	3	aten_0.1.m1.2590.m1	0
"hydrolase activity, acting on acid anhydrides"	GO:0017111;GO:0016462;GO:0016818;GO:0016817	3	aten_0.1.m1.13530.m1	-5
"hydrolase activity, acting on acid anhydrides"	GO:0017111;GO:0016462;GO:0016818;GO:0016817	3	aten_0.1.m1.25353.m1	0
"hydrolase activity, acting on acid anhydrides"	GO:0017111;GO:0016462;GO:0016818;GO:0016817	3	aten_0.1.m1.28054.m1	-1
"hydrolase activity, acting on acid anhydrides"	GO:0017111;GO:0016462;GO:0016818;GO:0016817	3	aten_0.1.m1.31735.m1	1
"hydrolase activity, acting on acid anhydrides"	GO:0017111;GO:0016462;GO:0016818;GO:0016817	3	aten_0.1.m1.2824.m1	0
"hydrolase activity, acting on acid anhydrides"	GO:0017111;GO:0016462;GO:0016818;GO:0016817	3	aten_0.1.m1.23589.m1	9
"hydrolase activity, acting on acid anhydrides"	GO:0017111;GO:0016462;GO:0016818;GO:0016817	3	aten_0.1.m1.6040.m1	0
"hydrolase activity, acting on acid anhydrides"	GO:0017111;GO:0016462;GO:0016818;GO:0016817	3	aten_0.1.m1.14112.m1	-1
"hydrolase activity, acting on acid anhydrides"	GO:0017111;GO:0016462;GO:0016818;GO:0016817	3	aten_0.1.m1.19302.m1	-7
"hydrolase activity, acting on acid anhydrides"	GO:0017111;GO:0016462;GO:0016818;GO:0016817	3	aten_0.1.m1.2025.m1	0
"hydrolase activity, acting on acid anhydrides"	GO:0017111;GO:0016462;GO:0016818;GO:0016817	3	aten_0.1.m1.22306.m1	-3
"hydrolase activity, acting on acid anhydrides"	GO:0017111;GO:0016462;GO:0016818;GO:0016817	3	aten_0.1.m1.3080.m1	8
"hydrolase activity, acting on acid anhydrides"	GO:0017111;GO:0016462;GO:0016818;GO:0016817	3	aten_0.1.m1.18991.m1	-2
"hydrolase activity, acting on acid anhydrides"	GO:0017111;GO:0016462;GO:0016818;GO:0016817	3	aten_0.1.m1.3967.m1	0
"hydrolase activity, acting on acid anhydrides"	GO:0017111;GO:0016462;GO:0016818;GO:0016817	3	aten_0.1.m1.25812.m1	0
"hydrolase activity, acting on acid anhydrides"	GO:0017111;GO:0016462;GO:0016818;GO:0016817	3	aten_0.1.m1.4479.m1	-1
"hydrolase activity, acting on acid anhydrides"	GO:0017111;GO:0016462;GO:0016818;GO:0016817	3	aten_0.1.m1.5958.m1	-1
"hydrolase activity, acting on acid anhydrides"	GO:0017111;GO:0016462;GO:0016818;GO:0016817	3	aten_0.1.m1.12309.m1	7
"hydrolase activity, acting on acid anhydrides"	GO:0017111;GO:0016462;GO:0016818;GO:0016817	3	aten_0.1.m1.12093.m1	0
"hydrolase activity, acting on acid anhydrides"	GO:0017111;GO:0016462;GO:0016818;GO:0016817	3	aten_0.1.m1.22509.m1	-14
"hydrolase activity, acting on acid anhydrides"	GO:0017111;GO:0016462;GO:0016818;GO:0016817	3	aten_0.1.m1.5052.m1	16
"hydrolase activity, acting on acid anhydrides"	GO:0017111;GO:0016462;GO:0016818;GO:0016817	3	aten_0.1.m1.4524.m1	3
"hydrolase activity, acting on acid anhydrides"	GO:0017111;GO:0016462;GO:0016818;GO:0016817	3	aten_0.1.m1.12042.m1	0
"hydrolase activity, acting on acid anhydrides"	GO:0017111;GO:0016462;GO:0016818;GO:0016817	3	aten_0.1.m1.17873.m1	0
"hydrolase activity, acting on acid anhydrides"	GO:0017111;GO:0016462;GO:0016818;GO:0016817	3	aten_0.1.m1.14762.m1	0
"hydrolase activity, acting on acid anhydrides"	GO:0017111;GO:0016462;GO:0016818;GO:0016817	3	aten_0.1.m1.5964.m1	0
"hydrolase activity, acting on acid anhydrides"	GO:0017111;GO:0016462;GO:0016818;GO:0016817	3	aten_0.1.m1.2386.m1	0
"hydrolase activity, acting on acid anhydrides"	GO:0017111;GO:0016462;GO:0016818;GO:0016817	3	aten_0.1.m1.1554.m1	0
"hydrolase activity, acting on acid anhydrides"	GO:0017111;GO:0016462;GO:0016818;GO:0016817	3	aten_0.1.m1.6119.m1	7
"hydrolase activity, acting on acid anhydrides"	GO:0017111;GO:0016462;GO:0016818;GO:0016817	3	aten_0.1.m1.11590.m1	0
"hydrolase activity, acting on acid anhydrides"	GO:0017111;GO:0016462;GO:0016818;GO:0016817	3	aten_0.1.m1.17790.m1	-12
"hydrolase activity, acting on acid anhydrides"	GO:0017111;GO:0016462;GO:0016818;GO:0016817	3	aten_0.1.m1.16630.m1	-17
"hydrolase activity, acting on acid anhydrides"	GO:0017111;GO:0016462;GO:0016818;GO:0016817	3	aten_0.1.m1.19299.m1	4
"hydrolase activity, acting on acid anhydrides"	GO:0017111;GO:0016462;GO:0016818;GO:0016817	3	aten_0.1.m1.1121.m1	0
"hydrolase activity, acting on acid anhydrides"	GO:0017111;GO:0016462;GO:0016818;GO:0016817	3	aten_0.1.m1.5952.m1	0
"hydrolase activity, acting on acid anhydrides"	GO:0017111;GO:0016462;GO:0016818;GO:0016817	3	aten_0.1.m1.5957.m1	0
"hydrolase activity, acting on acid anhydrides"	GO:0017111;GO:0016462;GO:0016818;GO:0016817	3	aten_0.1.m1.9777.m1	0
"hydrolase activity, acting on acid anhydrides"	GO:0017111;GO:0016462;GO:0016818;GO:0016817	3	aten_0.1.m1.29972.m1	0
"hydrolase activity, acting on acid anhydrides"	GO:0017111;GO:0016462;GO:0016818;GO:0016817	3	aten_0.1.m1.11329.m1	0
"hydrolase activity, acting on acid anhydrides"	GO:0017111;GO:0016462;GO:0016818;GO:0016817	3	aten_0.1.m1.29021.m1	1
"hydrolase activity, acting on acid anhydrides"	GO:0017111;GO:0016462;GO:0016818;GO:0016817	3	aten_0.1.m1.635.m1	11
"hydrolase activity, acting on acid anhydrides"	GO:0017111;GO:0016462;GO:0016818;GO:0016817	3	aten_0.1.m1.7373.m1	1
"hydrolase activity, acting on acid anhydrides"	GO:0017111;GO:0016462;GO:0016818;GO:0016817	3	aten_0.1.m1.12116.m1	0
"carbohydrate transmembrane transporter activity"	GO:0005402;GO:0015144	3	aten_0.1.m1.5237.m1	0
"carbohydrate transmembrane transporter activity"	GO:0005402;GO:0015144	3	aten_0.1.m1.15336.m1	13
"carbohydrate transmembrane transporter activity"	GO:0005402;GO:0015144	3	aten_0.1.m1.15344.m1	0
"carbohydrate transmembrane transporter activity"	GO:0005402;GO:0015144	3	aten_0.1.m1.8269.m1	0
"galanin receptor activity"	GO:0004966	6	aten_0.1.m1.22443.m1	0
"galanin receptor activity"	GO:0004966	6	aten_0.1.m1.33126.m1	0
"carboxypeptidase activity"	GO:0004180	3	aten_0.1.m1.2436.m1	-28
"carboxypeptidase activity"	GO:0004180	3	aten_0.1.m1.23642.m1	0
"carboxypeptidase activity"	GO:0004180	3	aten_0.1.m1.2435.m1	-14
"carboxypeptidase activity"	GO:0004180	3	aten_0.1.m1.6891.m1	0
"carboxypeptidase activity"	GO:0004180	3	aten_0.1.m1.2397.m1	12
"carboxypeptidase activity"	GO:0004180	3	aten_0.1.m1.11718.m1	0
"carboxypeptidase activity"	GO:0004180	3	aten_0.1.m1.11561.m1	-12
"carboxypeptidase activity"	GO:0004180	3	aten_0.1.m1.10177.m1	0
"carboxypeptidase activity"	GO:0004180	3	aten_0.1.m1.10193.m1	0
"carboxypeptidase activity"	GO:0004180	3	aten_0.1.m1.514.m1	0
"calcium ion binding"	GO:0005509	2	aten_0.1.m1.731.m1	0
"calcium ion binding"	GO:0005509	2	aten_0.1.m1.23479.m1	-4
"calcium ion binding"	GO:0005509	2	aten_0.1.m1.24974.m1	0
"calcium ion binding"	GO:0005509	2	aten_0.1.m1.19384.m1	24
"calcium ion binding"	GO:0005509	2	aten_0.1.m1.24605.m1	4
"calcium ion binding"	GO:0005509	2	aten_0.1.m1.6507.m1	-6
"calcium ion binding"	GO:0005509	2	aten_0.1.m1.6723.m1	-2
"calcium ion binding"	GO:0005509	2	aten_0.1.m1.22457.m1	0
"calcium ion binding"	GO:0005509	2	aten_0.1.m1.20672.m1	-4
"calcium ion binding"	GO:0005509	2	aten_0.1.m1.25626.m1	0
"calcium ion binding"	GO:0005509	2	aten_0.1.m1.21025.m1	-2
"calcium ion binding"	GO:0005509	2	aten_0.1.m1.6714.m1	2
"calcium ion binding"	GO:0005509	2	aten_0.1.m1.3316.m1	3
"calcium ion binding"	GO:0005509	2	aten_0.1.m1.5028.m1	15
"calcium ion binding"	GO:0005509	2	aten_0.1.m1.24677.m1	2
"calcium ion binding"	GO:0005509	2	aten_0.1.m1.9280.m1	0
"calcium ion binding"	GO:0005509	2	aten_0.1.m1.15000.m1	0
"calcium ion binding"	GO:0005509	2	aten_0.1.m1.19373.m1	24
"calcium ion binding"	GO:0005509	2	aten_0.1.m1.11927.m1	0
"calcium ion binding"	GO:0005509	2	aten_0.1.m1.12066.m1	0
"calcium ion binding"	GO:0005509	2	aten_0.1.m1.4859.m1	0
"calcium ion binding"	GO:0005509	2	aten_0.1.m1.5853.m1	0
"calcium ion binding"	GO:0005509	2	aten_0.1.m1.24002.m1	0
"calcium ion binding"	GO:0005509	2	aten_0.1.m1.22581.m1	-2
"calcium ion binding"	GO:0005509	2	aten_0.1.m1.5499.m1	0
"calcium ion binding"	GO:0005509	2	aten_0.1.m1.2307.m1	7
"calcium ion binding"	GO:0005509	2	aten_0.1.m1.6705.m1	0
"calcium ion binding"	GO:0005509	2	aten_0.1.m1.8706.m1	4
"calcium ion binding"	GO:0005509	2	aten_0.1.m1.14043.m1	0
"calcium ion binding"	GO:0005509	2	aten_0.1.m1.3472.m1	-2
"calcium ion binding"	GO:0005509	2	aten_0.1.m1.1913.m1	0
"calcium ion binding"	GO:0005509	2	aten_0.1.m1.6206.m1	0
"calcium ion binding"	GO:0005509	2	aten_0.1.m1.11839.m1	0
"calcium ion binding"	GO:0005509	2	aten_0.1.m1.3471.m1	0
"calcium ion binding"	GO:0005509	2	aten_0.1.m1.13097.m1	11
"calcium ion binding"	GO:0005509	2	aten_0.1.m1.33233.m1	-4
"calcium ion binding"	GO:0005509	2	aten_0.1.m1.30321.m1	19
"calcium ion binding"	GO:0005509	2	aten_0.1.m1.31115.m1	6
"calcium ion binding"	GO:0005509	2	aten_0.1.m1.25616.m1	-1
"calcium ion binding"	GO:0005509	2	aten_0.1.m1.13315.m1	0
"calcium ion binding"	GO:0005509	2	aten_0.1.m1.7573.m1	2
"calcium ion binding"	GO:0005509	2	aten_0.1.m1.31232.m1	0
"calcium ion binding"	GO:0005509	2	aten_0.1.m1.19382.m1	0
"calcium ion binding"	GO:0005509	2	aten_0.1.m1.14538.m1	0
"calcium ion binding"	GO:0005509	2	aten_0.1.m1.24912.m1	-2
"calcium ion binding"	GO:0005509	2	aten_0.1.m1.6674.m1	0
"calcium ion binding"	GO:0005509	2	aten_0.1.m1.4896.m1	0
"calcium ion binding"	GO:0005509	2	aten_0.1.m1.31419.m1	2
"calcium ion binding"	GO:0005509	2	aten_0.1.m1.32224.m1	10
"calcium ion binding"	GO:0005509	2	aten_0.1.m1.12132.m1	7
"calcium ion binding"	GO:0005509	2	aten_0.1.m1.11844.m1	-14
"calcium ion binding"	GO:0005509	2	aten_0.1.m1.22585.m1	0
"calcium ion binding"	GO:0005509	2	aten_0.1.m1.25612.m1	1
"calcium ion binding"	GO:0005509	2	aten_0.1.m1.19703.m1	0
"calcium ion binding"	GO:0005509	2	aten_0.1.m1.6848.m1	0
"calcium ion binding"	GO:0005509	2	aten_0.1.m1.5514.m1	-6
"calcium ion binding"	GO:0005509	2	aten_0.1.m1.7566.m1	-10
"calcium ion binding"	GO:0005509	2	aten_0.1.m1.24967.m1	0
"calcium ion binding"	GO:0005509	2	aten_0.1.m1.30250.m1	0
"calcium ion binding"	GO:0005509	2	aten_0.1.m1.6704.m1	0
"calcium ion binding"	GO:0005509	2	aten_0.1.m1.5160.m1	8
"calcium ion binding"	GO:0005509	2	aten_0.1.m1.14517.m1	7
"calcium ion binding"	GO:0005509	2	aten_0.1.m1.18552.m1	0
"calcium ion binding"	GO:0005509	2	aten_0.1.m1.22302.m1	0
"calcium ion binding"	GO:0005509	2	aten_0.1.m1.22812.m1	-4
"calcium ion binding"	GO:0005509	2	aten_0.1.m1.6849.m1	1
"calcium ion binding"	GO:0005509	2	aten_0.1.m1.9344.m1	-1
"calcium ion binding"	GO:0005509	2	aten_0.1.m1.379.m1	-4
"calcium ion binding"	GO:0005509	2	aten_0.1.m1.24971.m1	-9
"calcium ion binding"	GO:0005509	2	aten_0.1.m1.9396.m1	8
"calcium ion binding"	GO:0005509	2	aten_0.1.m1.6687.m1	0
"calcium ion binding"	GO:0005509	2	aten_0.1.m1.13252.m1	20
"calcium ion binding"	GO:0005509	2	aten_0.1.m1.18560.m1	8
"calcium ion binding"	GO:0005509	2	aten_0.1.m1.247.m1	0
"carbohydrate binding"	GO:0030246	2	aten_0.1.m1.8101.m1	0
"carbohydrate binding"	GO:0030246	2	aten_0.1.m1.19651.m1	0
"DNA-binding transcription activator activity"	GO:0001228;GO:0001216	3	aten_0.1.m1.6599.m1	-1
"DNA-binding transcription activator activity"	GO:0001228;GO:0001216	3	aten_0.1.m1.12377.m1	2
"endonuclease activity"	GO:0004519	2	aten_0.1.m1.4759.m1	0
"endonuclease activity"	GO:0004519	2	aten_0.1.m1.19486.m1	0
"endonuclease activity"	GO:0004519	2	aten_0.1.m1.28038.m1	0
"endonuclease activity"	GO:0004519	2	aten_0.1.m1.9204.m1	-2
"endonuclease activity"	GO:0004519	2	aten_0.1.m1.3232.m1	0
"endonuclease activity"	GO:0004519	2	aten_0.1.m1.30361.m1	-1
"endonuclease activity"	GO:0004519	2	aten_0.1.m1.18510.m1	5
"endonuclease activity"	GO:0004519	2	aten_0.1.m1.19277.m1	-8
"endonuclease activity"	GO:0004519	2	aten_0.1.m1.5854.m1	0
"endonuclease activity"	GO:0004519	2	aten_0.1.m1.29538.m1	-6
"endonuclease activity"	GO:0004519	2	aten_0.1.m1.4517.m1	0
"endonuclease activity"	GO:0004519	2	aten_0.1.m1.14515.m1	0
"transferase activity, transferring acyl groups other than amino-acyl groups"	GO:0016747	2	aten_0.1.m1.10694.m1	-7
"transferase activity, transferring acyl groups other than amino-acyl groups"	GO:0016747	2	aten_0.1.m1.2716.m1	0
"transferase activity, transferring acyl groups other than amino-acyl groups"	GO:0016747	2	aten_0.1.m1.17103.m1	-2
"transferase activity, transferring acyl groups other than amino-acyl groups"	GO:0016747	2	aten_0.1.m1.15392.m1	0
"transferase activity, transferring acyl groups other than amino-acyl groups"	GO:0016747	2	aten_0.1.m1.24399.m1	0
"carboxy-lyase activity"	GO:0016831;GO:0004068	2	aten_0.1.m1.5364.m1	10
"carboxy-lyase activity"	GO:0016831;GO:0004068	2	aten_0.1.m1.33938.m1	-10
"carboxy-lyase activity"	GO:0016831;GO:0004068	2	aten_0.1.m1.2615.m1	0
"carboxy-lyase activity"	GO:0016831;GO:0004068	2	aten_0.1.m1.2609.m1	0
"carboxy-lyase activity"	GO:0016831;GO:0004068	2	aten_0.1.m1.24177.m1	8
"oxidoreductase activity, acting on paired donors, with incorporation or reduction of molecular oxygen, reduced ascorbate as one donor, and incorporation of one atom of oxygen"	GO:0004500;GO:0016715	5	aten_0.1.m1.10547.m1	0
"oxidoreductase activity, acting on paired donors, with incorporation or reduction of molecular oxygen, reduced ascorbate as one donor, and incorporation of one atom of oxygen"	GO:0004500;GO:0016715	5	aten_0.1.m1.1417.m1	6
"oxidoreductase activity, acting on paired donors, with incorporation or reduction of molecular oxygen, reduced ascorbate as one donor, and incorporation of one atom of oxygen"	GO:0004500;GO:0016715	5	aten_0.1.m1.1415.m1	0
"oxidoreductase activity, acting on paired donors, with incorporation or reduction of molecular oxygen, reduced ascorbate as one donor, and incorporation of one atom of oxygen"	GO:0004500;GO:0016715	5	aten_0.1.m1.14104.m1	0
"oxidoreductase activity, acting on paired donors, with incorporation or reduction of molecular oxygen, reduced ascorbate as one donor, and incorporation of one atom of oxygen"	GO:0004500;GO:0016715	5	aten_0.1.m1.22657.m1	7
"melanocyte-stimulating hormone receptor activity"	GO:0004980	5	aten_0.1.m1.14585.m1	-15
"melanocyte-stimulating hormone receptor activity"	GO:0004980	5	aten_0.1.m1.15848.m1	0
"melanocyte-stimulating hormone receptor activity"	GO:0004980	5	aten_0.1.m1.14664.m1	-7
"melanocyte-stimulating hormone receptor activity"	GO:0004980	5	aten_0.1.m1.14614.m1	-11
"melanocyte-stimulating hormone receptor activity"	GO:0004980	5	aten_0.1.m1.14647.m1	-13
"melanocyte-stimulating hormone receptor activity"	GO:0004980	5	aten_0.1.m1.15834.m1	0
"ion binding"	GO:0043167	2	aten_0.1.m1.22651.m1	-1
"ion binding"	GO:0043167	2	aten_0.1.m1.731.m1	0
"ion binding"	GO:0043167	2	aten_0.1.m1.33609.m1	-5
"ion binding"	GO:0043167	2	aten_0.1.m1.29654.m1	10
"ion binding"	GO:0043167	2	aten_0.1.m1.34087.m1	0
"ion binding"	GO:0043167	2	aten_0.1.m1.6077.m1	0
"ion binding"	GO:0043167	2	aten_0.1.m1.23479.m1	-4
"ion binding"	GO:0043167	2	aten_0.1.m1.234.m1	0
"ion binding"	GO:0043167	2	aten_0.1.m1.29900.m1	-7
"ion binding"	GO:0043167	2	aten_0.1.m1.12063.m1	4
"ion binding"	GO:0043167	2	aten_0.1.m1.24974.m1	0
"ion binding"	GO:0043167	2	aten_0.1.m1.32836.m1	6
"ion binding"	GO:0043167	2	aten_0.1.m1.20279.m1	0
"ion binding"	GO:0043167	2	aten_0.1.m1.19384.m1	24
"ion binding"	GO:0043167	2	aten_0.1.m1.22547.m1	19
"ion binding"	GO:0043167	2	aten_0.1.m1.854.m1	0
"ion binding"	GO:0043167	2	aten_0.1.m1.24605.m1	4
"ion binding"	GO:0043167	2	aten_0.1.m1.24227.m1	0
"ion binding"	GO:0043167	2	aten_0.1.m1.22993.m1	-7
"ion binding"	GO:0043167	2	aten_0.1.m1.6507.m1	-6
"ion binding"	GO:0043167	2	aten_0.1.m1.807.m1	-2
"ion binding"	GO:0043167	2	aten_0.1.m1.13236.m1	-1
"ion binding"	GO:0043167	2	aten_0.1.m1.10932.m1	-10
"ion binding"	GO:0043167	2	aten_0.1.m1.19984.m1	0
"ion binding"	GO:0043167	2	aten_0.1.m1.29821.m1	-18
"ion binding"	GO:0043167	2	aten_0.1.m1.12083.m1	12
"ion binding"	GO:0043167	2	aten_0.1.m1.19126.m1	2
"ion binding"	GO:0043167	2	aten_0.1.m1.6723.m1	-2
"ion binding"	GO:0043167	2	aten_0.1.m1.2487.m1	12
"ion binding"	GO:0043167	2	aten_0.1.m1.7044.m1	4
"ion binding"	GO:0043167	2	aten_0.1.m1.22457.m1	0
"ion binding"	GO:0043167	2	aten_0.1.m1.26093.m1	-21
"ion binding"	GO:0043167	2	aten_0.1.m1.7183.m1	4
"ion binding"	GO:0043167	2	aten_0.1.m1.446.m1	0
"ion binding"	GO:0043167	2	aten_0.1.m1.20672.m1	-4
"ion binding"	GO:0043167	2	aten_0.1.m1.544.m1	17
"ion binding"	GO:0043167	2	aten_0.1.m1.16192.m1	0
"ion binding"	GO:0043167	2	aten_0.1.m1.7159.m1	9
"ion binding"	GO:0043167	2	aten_0.1.m1.30031.m1	-5
"ion binding"	GO:0043167	2	aten_0.1.m1.25626.m1	0
"ion binding"	GO:0043167	2	aten_0.1.m1.14582.m1	-11
"ion binding"	GO:0043167	2	aten_0.1.m1.29917.m1	2
"ion binding"	GO:0043167	2	aten_0.1.m1.21025.m1	-2
"ion binding"	GO:0043167	2	aten_0.1.m1.16199.m1	0
"ion binding"	GO:0043167	2	aten_0.1.m1.29889.m1	0
"ion binding"	GO:0043167	2	aten_0.1.m1.33619.m1	-10
"ion binding"	GO:0043167	2	aten_0.1.m1.3625.m1	0
"ion binding"	GO:0043167	2	aten_0.1.m1.29929.m1	0
"ion binding"	GO:0043167	2	aten_0.1.m1.3422.m1	0
"ion binding"	GO:0043167	2	aten_0.1.m1.16212.m1	0
"ion binding"	GO:0043167	2	aten_0.1.m1.29522.m1	-12
"ion binding"	GO:0043167	2	aten_0.1.m1.28951.m1	0
"ion binding"	GO:0043167	2	aten_0.1.m1.1941.m1	0
"ion binding"	GO:0043167	2	aten_0.1.m1.28128.m1	-14
"ion binding"	GO:0043167	2	aten_0.1.m1.21502.m1	2
"ion binding"	GO:0043167	2	aten_0.1.m1.8756.m1	0
"ion binding"	GO:0043167	2	aten_0.1.m1.33050.m1	0
"ion binding"	GO:0043167	2	aten_0.1.m1.6714.m1	2
"ion binding"	GO:0043167	2	aten_0.1.m1.23445.m1	0
"ion binding"	GO:0043167	2	aten_0.1.m1.12808.m1	0
"ion binding"	GO:0043167	2	aten_0.1.m1.26976.m1	3
"ion binding"	GO:0043167	2	aten_0.1.m1.18862.m1	0
"ion binding"	GO:0043167	2	aten_0.1.m1.11335.m1	0
"ion binding"	GO:0043167	2	aten_0.1.m1.3316.m1	3
"ion binding"	GO:0043167	2	aten_0.1.m1.13238.m1	0
"ion binding"	GO:0043167	2	aten_0.1.m1.29932.m1	10
"ion binding"	GO:0043167	2	aten_0.1.m1.5028.m1	15
"ion binding"	GO:0043167	2	aten_0.1.m1.30076.m1	3
"ion binding"	GO:0043167	2	aten_0.1.m1.2336.m1	18
"ion binding"	GO:0043167	2	aten_0.1.m1.6372.m1	0
"ion binding"	GO:0043167	2	aten_0.1.m1.34091.m1	0
"ion binding"	GO:0043167	2	aten_0.1.m1.16047.m1	15
"ion binding"	GO:0043167	2	aten_0.1.m1.7930.m1	-6
"ion binding"	GO:0043167	2	aten_0.1.m1.16914.m1	1
"ion binding"	GO:0043167	2	aten_0.1.m1.10162.m1	-14
"ion binding"	GO:0043167	2	aten_0.1.m1.18698.m1	8
"ion binding"	GO:0043167	2	aten_0.1.m1.11211.m1	0
"ion binding"	GO:0043167	2	aten_0.1.m1.16196.m1	-5
"ion binding"	GO:0043167	2	aten_0.1.m1.24677.m1	2
"ion binding"	GO:0043167	2	aten_0.1.m1.24764.m1	10
"ion binding"	GO:0043167	2	aten_0.1.m1.29469.m1	-11
"ion binding"	GO:0043167	2	aten_0.1.m1.27541.m1	-1
"ion binding"	GO:0043167	2	aten_0.1.m1.9280.m1	0
"ion binding"	GO:0043167	2	aten_0.1.m1.15000.m1	0
"ion binding"	GO:0043167	2	aten_0.1.m1.21000.m1	-12
"ion binding"	GO:0043167	2	aten_0.1.m1.16189.m1	0
"ion binding"	GO:0043167	2	aten_0.1.m1.19373.m1	24
"ion binding"	GO:0043167	2	aten_0.1.m1.14977.m1	-13
"ion binding"	GO:0043167	2	aten_0.1.m1.11927.m1	0
"ion binding"	GO:0043167	2	aten_0.1.m1.19546.m1	7
"ion binding"	GO:0043167	2	aten_0.1.m1.22990.m1	-8
"ion binding"	GO:0043167	2	aten_0.1.m1.30432.m1	-7
"ion binding"	GO:0043167	2	aten_0.1.m1.12066.m1	0
"ion binding"	GO:0043167	2	aten_0.1.m1.4859.m1	0
"ion binding"	GO:0043167	2	aten_0.1.m1.22988.m1	12
"ion binding"	GO:0043167	2	aten_0.1.m1.26949.m1	3
"ion binding"	GO:0043167	2	aten_0.1.m1.5853.m1	0
"ion binding"	GO:0043167	2	aten_0.1.m1.21360.m1	0
"ion binding"	GO:0043167	2	aten_0.1.m1.24002.m1	0
"ion binding"	GO:0043167	2	aten_0.1.m1.7269.m1	7
"ion binding"	GO:0043167	2	aten_0.1.m1.25276.m1	0
"ion binding"	GO:0043167	2	aten_0.1.m1.22940.m1	0
"ion binding"	GO:0043167	2	aten_0.1.m1.22581.m1	-2
"ion binding"	GO:0043167	2	aten_0.1.m1.5499.m1	0
"ion binding"	GO:0043167	2	aten_0.1.m1.19749.m1	-5
"ion binding"	GO:0043167	2	aten_0.1.m1.16226.m1	-14
"ion binding"	GO:0043167	2	aten_0.1.m1.2307.m1	7
"ion binding"	GO:0043167	2	aten_0.1.m1.6705.m1	0
"ion binding"	GO:0043167	2	aten_0.1.m1.8706.m1	4
"ion binding"	GO:0043167	2	aten_0.1.m1.14043.m1	0
"ion binding"	GO:0043167	2	aten_0.1.m1.16855.m1	0
"ion binding"	GO:0043167	2	aten_0.1.m1.31421.m1	-1
"ion binding"	GO:0043167	2	aten_0.1.m1.3472.m1	-2
"ion binding"	GO:0043167	2	aten_0.1.m1.21309.m1	18
"ion binding"	GO:0043167	2	aten_0.1.m1.6747.m1	4
"ion binding"	GO:0043167	2	aten_0.1.m1.24329.m1	-5
"ion binding"	GO:0043167	2	aten_0.1.m1.2827.m1	0
"ion binding"	GO:0043167	2	aten_0.1.m1.30527.m1	-15
"ion binding"	GO:0043167	2	aten_0.1.m1.27545.m1	-11
"ion binding"	GO:0043167	2	aten_0.1.m1.6949.m1	0
"ion binding"	GO:0043167	2	aten_0.1.m1.2360.m1	-2
"ion binding"	GO:0043167	2	aten_0.1.m1.28894.m1	11
"ion binding"	GO:0043167	2	aten_0.1.m1.32814.m1	0
"ion binding"	GO:0043167	2	aten_0.1.m1.2197.m1	-7
"ion binding"	GO:0043167	2	aten_0.1.m1.15653.m1	-1
"ion binding"	GO:0043167	2	aten_0.1.m1.29893.m1	3
"ion binding"	GO:0043167	2	aten_0.1.m1.19879.m1	0
"ion binding"	GO:0043167	2	aten_0.1.m1.24840.m1	0
"ion binding"	GO:0043167	2	aten_0.1.m1.1913.m1	0
"ion binding"	GO:0043167	2	aten_0.1.m1.30414.m1	-7
"ion binding"	GO:0043167	2	aten_0.1.m1.30112.m1	0
"ion binding"	GO:0043167	2	aten_0.1.m1.22985.m1	-7
"ion binding"	GO:0043167	2	aten_0.1.m1.4312.m1	17
"ion binding"	GO:0043167	2	aten_0.1.m1.14339.m1	10
"ion binding"	GO:0043167	2	aten_0.1.m1.9889.m1	-7
"ion binding"	GO:0043167	2	aten_0.1.m1.28846.m1	14
"ion binding"	GO:0043167	2	aten_0.1.m1.3732.m1	7
"ion binding"	GO:0043167	2	aten_0.1.m1.28945.m1	0
"ion binding"	GO:0043167	2	aten_0.1.m1.11067.m1	0
"ion binding"	GO:0043167	2	aten_0.1.m1.14328.m1	0
"ion binding"	GO:0043167	2	aten_0.1.m1.10595.m1	8
"ion binding"	GO:0043167	2	aten_0.1.m1.6206.m1	0
"ion binding"	GO:0043167	2	aten_0.1.m1.33478.m1	-7
"ion binding"	GO:0043167	2	aten_0.1.m1.11839.m1	0
"ion binding"	GO:0043167	2	aten_0.1.m1.24853.m1	4
"ion binding"	GO:0043167	2	aten_0.1.m1.9898.m1	0
"ion binding"	GO:0043167	2	aten_0.1.m1.32413.m1	7
"ion binding"	GO:0043167	2	aten_0.1.m1.9298.m1	-3
"ion binding"	GO:0043167	2	aten_0.1.m1.30115.m1	0
"ion binding"	GO:0043167	2	aten_0.1.m1.1396.m1	10
"ion binding"	GO:0043167	2	aten_0.1.m1.24765.m1	15
"ion binding"	GO:0043167	2	aten_0.1.m1.3471.m1	0
"ion binding"	GO:0043167	2	aten_0.1.m1.13097.m1	11
"ion binding"	GO:0043167	2	aten_0.1.m1.16217.m1	0
"ion binding"	GO:0043167	2	aten_0.1.m1.24306.m1	0
"ion binding"	GO:0043167	2	aten_0.1.m1.8721.m1	-9
"ion binding"	GO:0043167	2	aten_0.1.m1.7200.m1	-22
"ion binding"	GO:0043167	2	aten_0.1.m1.15968.m1	-3
"ion binding"	GO:0043167	2	aten_0.1.m1.25542.m1	0
"ion binding"	GO:0043167	2	aten_0.1.m1.33233.m1	-4
"ion binding"	GO:0043167	2	aten_0.1.m1.30321.m1	19
"ion binding"	GO:0043167	2	aten_0.1.m1.2171.m1	-11
"ion binding"	GO:0043167	2	aten_0.1.m1.26974.m1	-16
"ion binding"	GO:0043167	2	aten_0.1.m1.31115.m1	6
"ion binding"	GO:0043167	2	aten_0.1.m1.18697.m1	2
"ion binding"	GO:0043167	2	aten_0.1.m1.16223.m1	2
"ion binding"	GO:0043167	2	aten_0.1.m1.25616.m1	-1
"ion binding"	GO:0043167	2	aten_0.1.m1.18824.m1	2
"ion binding"	GO:0043167	2	aten_0.1.m1.12026.m1	8
"ion binding"	GO:0043167	2	aten_0.1.m1.13315.m1	0
"ion binding"	GO:0043167	2	aten_0.1.m1.7119.m1	-17
"ion binding"	GO:0043167	2	aten_0.1.m1.16037.m1	0
"ion binding"	GO:0043167	2	aten_0.1.m1.2802.m1	0
"ion binding"	GO:0043167	2	aten_0.1.m1.14340.m1	0
"ion binding"	GO:0043167	2	aten_0.1.m1.12758.m1	0
"ion binding"	GO:0043167	2	aten_0.1.m1.7573.m1	2
"ion binding"	GO:0043167	2	aten_0.1.m1.20624.m1	0
"ion binding"	GO:0043167	2	aten_0.1.m1.31232.m1	0
"ion binding"	GO:0043167	2	aten_0.1.m1.24256.m1	0
"ion binding"	GO:0043167	2	aten_0.1.m1.29464.m1	5
"ion binding"	GO:0043167	2	aten_0.1.m1.6483.m1	-4
"ion binding"	GO:0043167	2	aten_0.1.m1.19877.m1	13
"ion binding"	GO:0043167	2	aten_0.1.m1.29924.m1	-7
"ion binding"	GO:0043167	2	aten_0.1.m1.23037.m1	0
"ion binding"	GO:0043167	2	aten_0.1.m1.4195.m1	24
"ion binding"	GO:0043167	2	aten_0.1.m1.5649.m1	0
"ion binding"	GO:0043167	2	aten_0.1.m1.16663.m1	-6
"ion binding"	GO:0043167	2	aten_0.1.m1.30536.m1	0
"ion binding"	GO:0043167	2	aten_0.1.m1.14334.m1	0
"ion binding"	GO:0043167	2	aten_0.1.m1.31073.m1	0
"ion binding"	GO:0043167	2	aten_0.1.m1.24776.m1	3
"ion binding"	GO:0043167	2	aten_0.1.m1.2187.m1	-12
"ion binding"	GO:0043167	2	aten_0.1.m1.19382.m1	0
"ion binding"	GO:0043167	2	aten_0.1.m1.27497.m1	0
"ion binding"	GO:0043167	2	aten_0.1.m1.2262.m1	7
"ion binding"	GO:0043167	2	aten_0.1.m1.14538.m1	0
"ion binding"	GO:0043167	2	aten_0.1.m1.24912.m1	-2
"ion binding"	GO:0043167	2	aten_0.1.m1.19135.m1	-2
"ion binding"	GO:0043167	2	aten_0.1.m1.29004.m1	0
"ion binding"	GO:0043167	2	aten_0.1.m1.16215.m1	-15
"ion binding"	GO:0043167	2	aten_0.1.m1.21476.m1	0
"ion binding"	GO:0043167	2	aten_0.1.m1.6993.m1	-12
"ion binding"	GO:0043167	2	aten_0.1.m1.15059.m1	0
"ion binding"	GO:0043167	2	aten_0.1.m1.6674.m1	0
"ion binding"	GO:0043167	2	aten_0.1.m1.34088.m1	2
"ion binding"	GO:0043167	2	aten_0.1.m1.12.m1	-15
"ion binding"	GO:0043167	2	aten_0.1.m1.4896.m1	0
"ion binding"	GO:0043167	2	aten_0.1.m1.7184.m1	0
"ion binding"	GO:0043167	2	aten_0.1.m1.4921.m1	1
"ion binding"	GO:0043167	2	aten_0.1.m1.30203.m1	-4
"ion binding"	GO:0043167	2	aten_0.1.m1.21451.m1	8
"ion binding"	GO:0043167	2	aten_0.1.m1.31419.m1	2
"ion binding"	GO:0043167	2	aten_0.1.m1.32224.m1	10
"ion binding"	GO:0043167	2	aten_0.1.m1.22994.m1	-20
"ion binding"	GO:0043167	2	aten_0.1.m1.26560.m1	-12
"ion binding"	GO:0043167	2	aten_0.1.m1.12132.m1	7
"ion binding"	GO:0043167	2	aten_0.1.m1.7926.m1	0
"ion binding"	GO:0043167	2	aten_0.1.m1.11844.m1	-14
"ion binding"	GO:0043167	2	aten_0.1.m1.26579.m1	5
"ion binding"	GO:0043167	2	aten_0.1.m1.1983.m1	-4
"ion binding"	GO:0043167	2	aten_0.1.m1.1359.m1	2
"ion binding"	GO:0043167	2	aten_0.1.m1.7454.m1	0
"ion binding"	GO:0043167	2	aten_0.1.m1.31592.m1	0
"ion binding"	GO:0043167	2	aten_0.1.m1.24057.m1	0
"ion binding"	GO:0043167	2	aten_0.1.m1.9978.m1	-5
"ion binding"	GO:0043167	2	aten_0.1.m1.28953.m1	0
"ion binding"	GO:0043167	2	aten_0.1.m1.28938.m1	0
"ion binding"	GO:0043167	2	aten_0.1.m1.22585.m1	0
"ion binding"	GO:0043167	2	aten_0.1.m1.9888.m1	0
"ion binding"	GO:0043167	2	aten_0.1.m1.5544.m1	0
"ion binding"	GO:0043167	2	aten_0.1.m1.3935.m1	0
"ion binding"	GO:0043167	2	aten_0.1.m1.3962.m1	0
"ion binding"	GO:0043167	2	aten_0.1.m1.17591.m1	2
"ion binding"	GO:0043167	2	aten_0.1.m1.26969.m1	-8
"ion binding"	GO:0043167	2	aten_0.1.m1.25612.m1	1
"ion binding"	GO:0043167	2	aten_0.1.m1.1465.m1	-1
"ion binding"	GO:0043167	2	aten_0.1.m1.7110.m1	0
"ion binding"	GO:0043167	2	aten_0.1.m1.9925.m1	0
"ion binding"	GO:0043167	2	aten_0.1.m1.846.m1	0
"ion binding"	GO:0043167	2	aten_0.1.m1.27797.m1	0
"ion binding"	GO:0043167	2	aten_0.1.m1.24774.m1	24
"ion binding"	GO:0043167	2	aten_0.1.m1.382.m1	0
"ion binding"	GO:0043167	2	aten_0.1.m1.8243.m1	0
"ion binding"	GO:0043167	2	aten_0.1.m1.19703.m1	0
"ion binding"	GO:0043167	2	aten_0.1.m1.6848.m1	0
"ion binding"	GO:0043167	2	aten_0.1.m1.17414.m1	1
"ion binding"	GO:0043167	2	aten_0.1.m1.5514.m1	-6
"ion binding"	GO:0043167	2	aten_0.1.m1.15947.m1	4
"ion binding"	GO:0043167	2	aten_0.1.m1.13929.m1	23
"ion binding"	GO:0043167	2	aten_0.1.m1.7566.m1	-10
"ion binding"	GO:0043167	2	aten_0.1.m1.9383.m1	-3
"ion binding"	GO:0043167	2	aten_0.1.m1.11194.m1	3
"ion binding"	GO:0043167	2	aten_0.1.m1.24967.m1	0
"ion binding"	GO:0043167	2	aten_0.1.m1.27989.m1	29
"ion binding"	GO:0043167	2	aten_0.1.m1.30250.m1	0
"ion binding"	GO:0043167	2	aten_0.1.m1.20545.m1	-14
"ion binding"	GO:0043167	2	aten_0.1.m1.11966.m1	0
"ion binding"	GO:0043167	2	aten_0.1.m1.6704.m1	0
"ion binding"	GO:0043167	2	aten_0.1.m1.24353.m1	0
"ion binding"	GO:0043167	2	aten_0.1.m1.6989.m1	-10
"ion binding"	GO:0043167	2	aten_0.1.m1.19146.m1	0
"ion binding"	GO:0043167	2	aten_0.1.m1.372.m1	0
"ion binding"	GO:0043167	2	aten_0.1.m1.16655.m1	0
"ion binding"	GO:0043167	2	aten_0.1.m1.28071.m1	0
"ion binding"	GO:0043167	2	aten_0.1.m1.5160.m1	8
"ion binding"	GO:0043167	2	aten_0.1.m1.14517.m1	7
"ion binding"	GO:0043167	2	aten_0.1.m1.18552.m1	0
"ion binding"	GO:0043167	2	aten_0.1.m1.9408.m1	0
"ion binding"	GO:0043167	2	aten_0.1.m1.22302.m1	0
"ion binding"	GO:0043167	2	aten_0.1.m1.17377.m1	-6
"ion binding"	GO:0043167	2	aten_0.1.m1.4539.m1	-1
"ion binding"	GO:0043167	2	aten_0.1.m1.18841.m1	2
"ion binding"	GO:0043167	2	aten_0.1.m1.22812.m1	-4
"ion binding"	GO:0043167	2	aten_0.1.m1.22874.m1	4
"ion binding"	GO:0043167	2	aten_0.1.m1.4855.m1	-30
"ion binding"	GO:0043167	2	aten_0.1.m1.6849.m1	1
"ion binding"	GO:0043167	2	aten_0.1.m1.21424.m1	-2
"ion binding"	GO:0043167	2	aten_0.1.m1.23599.m1	11
"ion binding"	GO:0043167	2	aten_0.1.m1.9344.m1	-1
"ion binding"	GO:0043167	2	aten_0.1.m1.379.m1	-4
"ion binding"	GO:0043167	2	aten_0.1.m1.24971.m1	-9
"ion binding"	GO:0043167	2	aten_0.1.m1.19141.m1	-10
"ion binding"	GO:0043167	2	aten_0.1.m1.20801.m1	-9
"ion binding"	GO:0043167	2	aten_0.1.m1.7836.m1	-10
"ion binding"	GO:0043167	2	aten_0.1.m1.7064.m1	0
"ion binding"	GO:0043167	2	aten_0.1.m1.18385.m1	-13
"ion binding"	GO:0043167	2	aten_0.1.m1.310.m1	7
"ion binding"	GO:0043167	2	aten_0.1.m1.28771.m1	0
"ion binding"	GO:0043167	2	aten_0.1.m1.7453.m1	13
"ion binding"	GO:0043167	2	aten_0.1.m1.18366.m1	14
"ion binding"	GO:0043167	2	aten_0.1.m1.427.m1	0
"ion binding"	GO:0043167	2	aten_0.1.m1.2986.m1	-3
"ion binding"	GO:0043167	2	aten_0.1.m1.9396.m1	8
"ion binding"	GO:0043167	2	aten_0.1.m1.6687.m1	0
"ion binding"	GO:0043167	2	aten_0.1.m1.19133.m1	1
"ion binding"	GO:0043167	2	aten_0.1.m1.19118.m1	0
"ion binding"	GO:0043167	2	aten_0.1.m1.13252.m1	20
"ion binding"	GO:0043167	2	aten_0.1.m1.18560.m1	8
"ion binding"	GO:0043167	2	aten_0.1.m1.247.m1	0
"ion binding"	GO:0043167	2	aten_0.1.m1.2310.m1	-2
"magnesium ion binding"	GO:0000287	2	aten_0.1.m1.33609.m1	-5
"magnesium ion binding"	GO:0000287	2	aten_0.1.m1.29654.m1	10
"magnesium ion binding"	GO:0000287	2	aten_0.1.m1.29900.m1	-7
"magnesium ion binding"	GO:0000287	2	aten_0.1.m1.32836.m1	6
"magnesium ion binding"	GO:0000287	2	aten_0.1.m1.22993.m1	-7
"magnesium ion binding"	GO:0000287	2	aten_0.1.m1.13236.m1	-1
"magnesium ion binding"	GO:0000287	2	aten_0.1.m1.19984.m1	0
"magnesium ion binding"	GO:0000287	2	aten_0.1.m1.7044.m1	4
"magnesium ion binding"	GO:0000287	2	aten_0.1.m1.544.m1	17
"magnesium ion binding"	GO:0000287	2	aten_0.1.m1.16192.m1	0
"magnesium ion binding"	GO:0000287	2	aten_0.1.m1.16199.m1	0
"magnesium ion binding"	GO:0000287	2	aten_0.1.m1.33619.m1	-10
"magnesium ion binding"	GO:0000287	2	aten_0.1.m1.3625.m1	0
"magnesium ion binding"	GO:0000287	2	aten_0.1.m1.3422.m1	0
"magnesium ion binding"	GO:0000287	2	aten_0.1.m1.16212.m1	0
"magnesium ion binding"	GO:0000287	2	aten_0.1.m1.29522.m1	-12
"magnesium ion binding"	GO:0000287	2	aten_0.1.m1.28951.m1	0
"magnesium ion binding"	GO:0000287	2	aten_0.1.m1.28128.m1	-14
"magnesium ion binding"	GO:0000287	2	aten_0.1.m1.11335.m1	0
"magnesium ion binding"	GO:0000287	2	aten_0.1.m1.30076.m1	3
"magnesium ion binding"	GO:0000287	2	aten_0.1.m1.2336.m1	18
"magnesium ion binding"	GO:0000287	2	aten_0.1.m1.16047.m1	15
"magnesium ion binding"	GO:0000287	2	aten_0.1.m1.7930.m1	-6
"magnesium ion binding"	GO:0000287	2	aten_0.1.m1.16914.m1	1
"magnesium ion binding"	GO:0000287	2	aten_0.1.m1.16196.m1	-5
"magnesium ion binding"	GO:0000287	2	aten_0.1.m1.24764.m1	10
"magnesium ion binding"	GO:0000287	2	aten_0.1.m1.29469.m1	-11
"magnesium ion binding"	GO:0000287	2	aten_0.1.m1.21000.m1	-12
"magnesium ion binding"	GO:0000287	2	aten_0.1.m1.22990.m1	-8
"magnesium ion binding"	GO:0000287	2	aten_0.1.m1.22988.m1	12
"magnesium ion binding"	GO:0000287	2	aten_0.1.m1.25276.m1	0
"magnesium ion binding"	GO:0000287	2	aten_0.1.m1.19749.m1	-5
"magnesium ion binding"	GO:0000287	2	aten_0.1.m1.16226.m1	-14
"magnesium ion binding"	GO:0000287	2	aten_0.1.m1.21309.m1	18
"magnesium ion binding"	GO:0000287	2	aten_0.1.m1.6747.m1	4
"magnesium ion binding"	GO:0000287	2	aten_0.1.m1.6949.m1	0
"magnesium ion binding"	GO:0000287	2	aten_0.1.m1.2360.m1	-2
"magnesium ion binding"	GO:0000287	2	aten_0.1.m1.32814.m1	0
"magnesium ion binding"	GO:0000287	2	aten_0.1.m1.2197.m1	-7
"magnesium ion binding"	GO:0000287	2	aten_0.1.m1.15653.m1	-1
"magnesium ion binding"	GO:0000287	2	aten_0.1.m1.22985.m1	-7
"magnesium ion binding"	GO:0000287	2	aten_0.1.m1.14339.m1	10
"magnesium ion binding"	GO:0000287	2	aten_0.1.m1.3732.m1	7
"magnesium ion binding"	GO:0000287	2	aten_0.1.m1.28945.m1	0
"magnesium ion binding"	GO:0000287	2	aten_0.1.m1.14328.m1	0
"magnesium ion binding"	GO:0000287	2	aten_0.1.m1.10595.m1	8
"magnesium ion binding"	GO:0000287	2	aten_0.1.m1.33478.m1	-7
"magnesium ion binding"	GO:0000287	2	aten_0.1.m1.1396.m1	10
"magnesium ion binding"	GO:0000287	2	aten_0.1.m1.24765.m1	15
"magnesium ion binding"	GO:0000287	2	aten_0.1.m1.16217.m1	0
"magnesium ion binding"	GO:0000287	2	aten_0.1.m1.15968.m1	-3
"magnesium ion binding"	GO:0000287	2	aten_0.1.m1.25542.m1	0
"magnesium ion binding"	GO:0000287	2	aten_0.1.m1.16223.m1	2
"magnesium ion binding"	GO:0000287	2	aten_0.1.m1.7119.m1	-17
"magnesium ion binding"	GO:0000287	2	aten_0.1.m1.14340.m1	0
"magnesium ion binding"	GO:0000287	2	aten_0.1.m1.29464.m1	5
"magnesium ion binding"	GO:0000287	2	aten_0.1.m1.23037.m1	0
"magnesium ion binding"	GO:0000287	2	aten_0.1.m1.14334.m1	0
"magnesium ion binding"	GO:0000287	2	aten_0.1.m1.24776.m1	3
"magnesium ion binding"	GO:0000287	2	aten_0.1.m1.16215.m1	-15
"magnesium ion binding"	GO:0000287	2	aten_0.1.m1.21476.m1	0
"magnesium ion binding"	GO:0000287	2	aten_0.1.m1.6993.m1	-12
"magnesium ion binding"	GO:0000287	2	aten_0.1.m1.4921.m1	1
"magnesium ion binding"	GO:0000287	2	aten_0.1.m1.21451.m1	8
"magnesium ion binding"	GO:0000287	2	aten_0.1.m1.22994.m1	-20
"magnesium ion binding"	GO:0000287	2	aten_0.1.m1.7926.m1	0
"magnesium ion binding"	GO:0000287	2	aten_0.1.m1.31592.m1	0
"magnesium ion binding"	GO:0000287	2	aten_0.1.m1.24057.m1	0
"magnesium ion binding"	GO:0000287	2	aten_0.1.m1.28953.m1	0
"magnesium ion binding"	GO:0000287	2	aten_0.1.m1.28938.m1	0
"magnesium ion binding"	GO:0000287	2	aten_0.1.m1.5544.m1	0
"magnesium ion binding"	GO:0000287	2	aten_0.1.m1.1465.m1	-1
"magnesium ion binding"	GO:0000287	2	aten_0.1.m1.7110.m1	0
"magnesium ion binding"	GO:0000287	2	aten_0.1.m1.24774.m1	24
"magnesium ion binding"	GO:0000287	2	aten_0.1.m1.27989.m1	29
"magnesium ion binding"	GO:0000287	2	aten_0.1.m1.20545.m1	-14
"magnesium ion binding"	GO:0000287	2	aten_0.1.m1.6989.m1	-10
"magnesium ion binding"	GO:0000287	2	aten_0.1.m1.9408.m1	0
"magnesium ion binding"	GO:0000287	2	aten_0.1.m1.17377.m1	-6
"magnesium ion binding"	GO:0000287	2	aten_0.1.m1.4855.m1	-30
"magnesium ion binding"	GO:0000287	2	aten_0.1.m1.21424.m1	-2
"magnesium ion binding"	GO:0000287	2	aten_0.1.m1.23599.m1	11
"magnesium ion binding"	GO:0000287	2	aten_0.1.m1.7064.m1	0
"magnesium ion binding"	GO:0000287	2	aten_0.1.m1.18385.m1	-13
"magnesium ion binding"	GO:0000287	2	aten_0.1.m1.18366.m1	14
"magnesium ion binding"	GO:0000287	2	aten_0.1.m1.427.m1	0
"magnesium ion binding"	GO:0000287	2	aten_0.1.m1.2310.m1	-2
"DNA-dependent ATPase activity"	GO:0003689;GO:0033170;GO:0008094	4	aten_0.1.m1.17226.m1	0
"DNA-dependent ATPase activity"	GO:0003689;GO:0033170;GO:0008094	4	aten_0.1.m1.28838.m1	0
"DNA-dependent ATPase activity"	GO:0003689;GO:0033170;GO:0008094	4	aten_0.1.m1.14112.m1	-1
"3'-5'-exoribonuclease activity"	GO:0000175;GO:0008408;GO:0016896;GO:0004532;GO:0016796;GO:0004540	4	aten_0.1.m1.22155.m1	-3
"3'-5'-exoribonuclease activity"	GO:0000175;GO:0008408;GO:0016896;GO:0004532;GO:0016796;GO:0004540	4	aten_0.1.m1.17059.m1	-8
"3'-5'-exoribonuclease activity"	GO:0000175;GO:0008408;GO:0016896;GO:0004532;GO:0016796;GO:0004540	4	aten_0.1.m1.25201.m1	4
"zinc ion binding"	GO:0008270	2	aten_0.1.m1.7159.m1	9
"zinc ion binding"	GO:0008270	2	aten_0.1.m1.6372.m1	0
"zinc ion binding"	GO:0008270	2	aten_0.1.m1.22940.m1	0
"zinc ion binding"	GO:0008270	2	aten_0.1.m1.30414.m1	-7
"zinc ion binding"	GO:0008270	2	aten_0.1.m1.7200.m1	-22
"zinc ion binding"	GO:0008270	2	aten_0.1.m1.13929.m1	23
"zinc ion binding"	GO:0008270	2	aten_0.1.m1.310.m1	7
"monooxygenase activity"	GO:0004497	2	aten_0.1.m1.10547.m1	0
"monooxygenase activity"	GO:0004497	2	aten_0.1.m1.12833.m1	-4
"monooxygenase activity"	GO:0004497	2	aten_0.1.m1.16147.m1	-6
"monooxygenase activity"	GO:0004497	2	aten_0.1.m1.1417.m1	6
"monooxygenase activity"	GO:0004497	2	aten_0.1.m1.11077.m1	0
"monooxygenase activity"	GO:0004497	2	aten_0.1.m1.1176.m1	0
"monooxygenase activity"	GO:0004497	2	aten_0.1.m1.22114.m1	0
"monooxygenase activity"	GO:0004497	2	aten_0.1.m1.29808.m1	-5
"monooxygenase activity"	GO:0004497	2	aten_0.1.m1.7584.m1	5
"monooxygenase activity"	GO:0004497	2	aten_0.1.m1.1415.m1	0
"monooxygenase activity"	GO:0004497	2	aten_0.1.m1.28989.m1	2
"monooxygenase activity"	GO:0004497	2	aten_0.1.m1.11076.m1	-9
"monooxygenase activity"	GO:0004497	2	aten_0.1.m1.18411.m1	-10
"monooxygenase activity"	GO:0004497	2	aten_0.1.m1.3867.m1	0
"monooxygenase activity"	GO:0004497	2	aten_0.1.m1.10168.m1	0
"monooxygenase activity"	GO:0004497	2	aten_0.1.m1.29468.m1	-3
"monooxygenase activity"	GO:0004497	2	aten_0.1.m1.29809.m1	5
"monooxygenase activity"	GO:0004497	2	aten_0.1.m1.29811.m1	0
"monooxygenase activity"	GO:0004497	2	aten_0.1.m1.22657.m1	7
"monooxygenase activity"	GO:0004497	2	aten_0.1.m1.14104.m1	0
"monooxygenase activity"	GO:0004497	2	aten_0.1.m1.11078.m1	-1
"monooxygenase activity"	GO:0004497	2	aten_0.1.m1.12123.m1	-5
"monooxygenase activity"	GO:0004497	2	aten_0.1.m1.3637.m1	0
"monooxygenase activity"	GO:0004497	2	aten_0.1.m1.29399.m1	-18
"steroid delta-isomerase activity"	GO:0004769	3	aten_0.1.m1.8827.m1	0
"steroid delta-isomerase activity"	GO:0004769	3	aten_0.1.m1.20757.m1	-2
"peptide receptor activity"	GO:0008528;GO:0001653	3	aten_0.1.m1.24229.m1	0
"peptide receptor activity"	GO:0008528;GO:0001653	3	aten_0.1.m1.753.m1	-2
"peptide receptor activity"	GO:0008528;GO:0001653	3	aten_0.1.m1.21955.m1	0
"peptide receptor activity"	GO:0008528;GO:0001653	3	aten_0.1.m1.19512.m1	-2
"peptide receptor activity"	GO:0008528;GO:0001653	3	aten_0.1.m1.5882.m1	3
"peptide receptor activity"	GO:0008528;GO:0001653	3	aten_0.1.m1.19270.m1	-3
"peptide receptor activity"	GO:0008528;GO:0001653	3	aten_0.1.m1.16556.m1	10
"peptide receptor activity"	GO:0008528;GO:0001653	3	aten_0.1.m1.14585.m1	-15
"peptide receptor activity"	GO:0008528;GO:0001653	3	aten_0.1.m1.1334.m1	11
"peptide receptor activity"	GO:0008528;GO:0001653	3	aten_0.1.m1.22443.m1	0
"peptide receptor activity"	GO:0008528;GO:0001653	3	aten_0.1.m1.27843.m1	1
"peptide receptor activity"	GO:0008528;GO:0001653	3	aten_0.1.m1.974.m1	0
"peptide receptor activity"	GO:0008528;GO:0001653	3	aten_0.1.m1.13638.m1	0
"peptide receptor activity"	GO:0008528;GO:0001653	3	aten_0.1.m1.11325.m1	0
"peptide receptor activity"	GO:0008528;GO:0001653	3	aten_0.1.m1.15888.m1	1
"peptide receptor activity"	GO:0008528;GO:0001653	3	aten_0.1.m1.972.m1	0
"peptide receptor activity"	GO:0008528;GO:0001653	3	aten_0.1.m1.639.m1	8
"peptide receptor activity"	GO:0008528;GO:0001653	3	aten_0.1.m1.973.m1	-3
"peptide receptor activity"	GO:0008528;GO:0001653	3	aten_0.1.m1.33126.m1	0
"peptide receptor activity"	GO:0008528;GO:0001653	3	aten_0.1.m1.32536.m1	5
"peptide receptor activity"	GO:0008528;GO:0001653	3	aten_0.1.m1.992.m1	0
"peptide receptor activity"	GO:0008528;GO:0001653	3	aten_0.1.m1.713.m1	0
"peptide receptor activity"	GO:0008528;GO:0001653	3	aten_0.1.m1.6825.m1	0
"peptide receptor activity"	GO:0008528;GO:0001653	3	aten_0.1.m1.353.m1	-17
"peptide receptor activity"	GO:0008528;GO:0001653	3	aten_0.1.m1.17841.m1	10
"peptide receptor activity"	GO:0008528;GO:0001653	3	aten_0.1.m1.15848.m1	0
"peptide receptor activity"	GO:0008528;GO:0001653	3	aten_0.1.m1.12122.m1	1
"peptide receptor activity"	GO:0008528;GO:0001653	3	aten_0.1.m1.14664.m1	-7
"peptide receptor activity"	GO:0008528;GO:0001653	3	aten_0.1.m1.3297.m1	10
"peptide receptor activity"	GO:0008528;GO:0001653	3	aten_0.1.m1.14614.m1	-11
"peptide receptor activity"	GO:0008528;GO:0001653	3	aten_0.1.m1.8775.m1	-11
"peptide receptor activity"	GO:0008528;GO:0001653	3	aten_0.1.m1.21941.m1	7
"peptide receptor activity"	GO:0008528;GO:0001653	3	aten_0.1.m1.23824.m1	10
"peptide receptor activity"	GO:0008528;GO:0001653	3	aten_0.1.m1.14647.m1	-13
"peptide receptor activity"	GO:0008528;GO:0001653	3	aten_0.1.m1.13887.m1	4
"peptide receptor activity"	GO:0008528;GO:0001653	3	aten_0.1.m1.15834.m1	0
"peptide receptor activity"	GO:0008528;GO:0001653	3	aten_0.1.m1.18172.m1	1
"peptide receptor activity"	GO:0008528;GO:0001653	3	aten_0.1.m1.12013.m1	-18
"peptide receptor activity"	GO:0008528;GO:0001653	3	aten_0.1.m1.12694.m1	0
"peptide receptor activity"	GO:0008528;GO:0001653	3	aten_0.1.m1.21983.m1	10
"peptide receptor activity"	GO:0008528;GO:0001653	3	aten_0.1.m1.495.m1	1
"peptide receptor activity"	GO:0008528;GO:0001653	3	aten_0.1.m1.17506.m1	1
"peptide receptor activity"	GO:0008528;GO:0001653	3	aten_0.1.m1.18186.m1	0
"peptide receptor activity"	GO:0008528;GO:0001653	3	aten_0.1.m1.12719.m1	4
"peptide receptor activity"	GO:0008528;GO:0001653	3	aten_0.1.m1.17501.m1	-3
"peptide receptor activity"	GO:0008528;GO:0001653	3	aten_0.1.m1.17502.m1	0
"peptide receptor activity"	GO:0008528;GO:0001653	3	aten_0.1.m1.17500.m1	0
"small molecule binding"	GO:0005524;GO:0032559;GO:0035639;GO:0030554;GO:0032555;GO:0017076;GO:0032553;GO:0000166;GO:0036094;GO:1901265;GO:0097367;GO:0043168	4	aten_0.1.m1.22651.m1	-1
"small molecule binding"	GO:0005524;GO:0032559;GO:0035639;GO:0030554;GO:0032555;GO:0017076;GO:0032553;GO:0000166;GO:0036094;GO:1901265;GO:0097367;GO:0043168	4	aten_0.1.m1.34087.m1	0
"small molecule binding"	GO:0005524;GO:0032559;GO:0035639;GO:0030554;GO:0032555;GO:0017076;GO:0032553;GO:0000166;GO:0036094;GO:1901265;GO:0097367;GO:0043168	4	aten_0.1.m1.6077.m1	0
"small molecule binding"	GO:0005524;GO:0032559;GO:0035639;GO:0030554;GO:0032555;GO:0017076;GO:0032553;GO:0000166;GO:0036094;GO:1901265;GO:0097367;GO:0043168	4	aten_0.1.m1.20279.m1	0
"small molecule binding"	GO:0005524;GO:0032559;GO:0035639;GO:0030554;GO:0032555;GO:0017076;GO:0032553;GO:0000166;GO:0036094;GO:1901265;GO:0097367;GO:0043168	4	aten_0.1.m1.22547.m1	19
"small molecule binding"	GO:0005524;GO:0032559;GO:0035639;GO:0030554;GO:0032555;GO:0017076;GO:0032553;GO:0000166;GO:0036094;GO:1901265;GO:0097367;GO:0043168	4	aten_0.1.m1.807.m1	-2
"small molecule binding"	GO:0005524;GO:0032559;GO:0035639;GO:0030554;GO:0032555;GO:0017076;GO:0032553;GO:0000166;GO:0036094;GO:1901265;GO:0097367;GO:0043168	4	aten_0.1.m1.12083.m1	12
"small molecule binding"	GO:0005524;GO:0032559;GO:0035639;GO:0030554;GO:0032555;GO:0017076;GO:0032553;GO:0000166;GO:0036094;GO:1901265;GO:0097367;GO:0043168	4	aten_0.1.m1.19126.m1	2
"small molecule binding"	GO:0005524;GO:0032559;GO:0035639;GO:0030554;GO:0032555;GO:0017076;GO:0032553;GO:0000166;GO:0036094;GO:1901265;GO:0097367;GO:0043168	4	aten_0.1.m1.2487.m1	12
"small molecule binding"	GO:0005524;GO:0032559;GO:0035639;GO:0030554;GO:0032555;GO:0017076;GO:0032553;GO:0000166;GO:0036094;GO:1901265;GO:0097367;GO:0043168	4	aten_0.1.m1.7183.m1	4
"small molecule binding"	GO:0005524;GO:0032559;GO:0035639;GO:0030554;GO:0032555;GO:0017076;GO:0032553;GO:0000166;GO:0036094;GO:1901265;GO:0097367;GO:0043168	4	aten_0.1.m1.446.m1	0
"small molecule binding"	GO:0005524;GO:0032559;GO:0035639;GO:0030554;GO:0032555;GO:0017076;GO:0032553;GO:0000166;GO:0036094;GO:1901265;GO:0097367;GO:0043168	4	aten_0.1.m1.30031.m1	-5
"small molecule binding"	GO:0005524;GO:0032559;GO:0035639;GO:0030554;GO:0032555;GO:0017076;GO:0032553;GO:0000166;GO:0036094;GO:1901265;GO:0097367;GO:0043168	4	aten_0.1.m1.29917.m1	2
"small molecule binding"	GO:0005524;GO:0032559;GO:0035639;GO:0030554;GO:0032555;GO:0017076;GO:0032553;GO:0000166;GO:0036094;GO:1901265;GO:0097367;GO:0043168	4	aten_0.1.m1.29929.m1	0
"small molecule binding"	GO:0005524;GO:0032559;GO:0035639;GO:0030554;GO:0032555;GO:0017076;GO:0032553;GO:0000166;GO:0036094;GO:1901265;GO:0097367;GO:0043168	4	aten_0.1.m1.1941.m1	0
"small molecule binding"	GO:0005524;GO:0032559;GO:0035639;GO:0030554;GO:0032555;GO:0017076;GO:0032553;GO:0000166;GO:0036094;GO:1901265;GO:0097367;GO:0043168	4	aten_0.1.m1.8756.m1	0
"small molecule binding"	GO:0005524;GO:0032559;GO:0035639;GO:0030554;GO:0032555;GO:0017076;GO:0032553;GO:0000166;GO:0036094;GO:1901265;GO:0097367;GO:0043168	4	aten_0.1.m1.33050.m1	0
"small molecule binding"	GO:0005524;GO:0032559;GO:0035639;GO:0030554;GO:0032555;GO:0017076;GO:0032553;GO:0000166;GO:0036094;GO:1901265;GO:0097367;GO:0043168	4	aten_0.1.m1.23445.m1	0
"small molecule binding"	GO:0005524;GO:0032559;GO:0035639;GO:0030554;GO:0032555;GO:0017076;GO:0032553;GO:0000166;GO:0036094;GO:1901265;GO:0097367;GO:0043168	4	aten_0.1.m1.26976.m1	3
"small molecule binding"	GO:0005524;GO:0032559;GO:0035639;GO:0030554;GO:0032555;GO:0017076;GO:0032553;GO:0000166;GO:0036094;GO:1901265;GO:0097367;GO:0043168	4	aten_0.1.m1.13238.m1	0
"small molecule binding"	GO:0005524;GO:0032559;GO:0035639;GO:0030554;GO:0032555;GO:0017076;GO:0032553;GO:0000166;GO:0036094;GO:1901265;GO:0097367;GO:0043168	4	aten_0.1.m1.34091.m1	0
"small molecule binding"	GO:0005524;GO:0032559;GO:0035639;GO:0030554;GO:0032555;GO:0017076;GO:0032553;GO:0000166;GO:0036094;GO:1901265;GO:0097367;GO:0043168	4	aten_0.1.m1.10162.m1	-14
"small molecule binding"	GO:0005524;GO:0032559;GO:0035639;GO:0030554;GO:0032555;GO:0017076;GO:0032553;GO:0000166;GO:0036094;GO:1901265;GO:0097367;GO:0043168	4	aten_0.1.m1.18698.m1	8
"small molecule binding"	GO:0005524;GO:0032559;GO:0035639;GO:0030554;GO:0032555;GO:0017076;GO:0032553;GO:0000166;GO:0036094;GO:1901265;GO:0097367;GO:0043168	4	aten_0.1.m1.11211.m1	0
"small molecule binding"	GO:0005524;GO:0032559;GO:0035639;GO:0030554;GO:0032555;GO:0017076;GO:0032553;GO:0000166;GO:0036094;GO:1901265;GO:0097367;GO:0043168	4	aten_0.1.m1.27541.m1	-1
"small molecule binding"	GO:0005524;GO:0032559;GO:0035639;GO:0030554;GO:0032555;GO:0017076;GO:0032553;GO:0000166;GO:0036094;GO:1901265;GO:0097367;GO:0043168	4	aten_0.1.m1.14977.m1	-13
"small molecule binding"	GO:0005524;GO:0032559;GO:0035639;GO:0030554;GO:0032555;GO:0017076;GO:0032553;GO:0000166;GO:0036094;GO:1901265;GO:0097367;GO:0043168	4	aten_0.1.m1.30432.m1	-7
"small molecule binding"	GO:0005524;GO:0032559;GO:0035639;GO:0030554;GO:0032555;GO:0017076;GO:0032553;GO:0000166;GO:0036094;GO:1901265;GO:0097367;GO:0043168	4	aten_0.1.m1.26949.m1	3
"small molecule binding"	GO:0005524;GO:0032559;GO:0035639;GO:0030554;GO:0032555;GO:0017076;GO:0032553;GO:0000166;GO:0036094;GO:1901265;GO:0097367;GO:0043168	4	aten_0.1.m1.21360.m1	0
"small molecule binding"	GO:0005524;GO:0032559;GO:0035639;GO:0030554;GO:0032555;GO:0017076;GO:0032553;GO:0000166;GO:0036094;GO:1901265;GO:0097367;GO:0043168	4	aten_0.1.m1.7269.m1	7
"small molecule binding"	GO:0005524;GO:0032559;GO:0035639;GO:0030554;GO:0032555;GO:0017076;GO:0032553;GO:0000166;GO:0036094;GO:1901265;GO:0097367;GO:0043168	4	aten_0.1.m1.24329.m1	-5
"small molecule binding"	GO:0005524;GO:0032559;GO:0035639;GO:0030554;GO:0032555;GO:0017076;GO:0032553;GO:0000166;GO:0036094;GO:1901265;GO:0097367;GO:0043168	4	aten_0.1.m1.2827.m1	0
"small molecule binding"	GO:0005524;GO:0032559;GO:0035639;GO:0030554;GO:0032555;GO:0017076;GO:0032553;GO:0000166;GO:0036094;GO:1901265;GO:0097367;GO:0043168	4	aten_0.1.m1.27545.m1	-11
"small molecule binding"	GO:0005524;GO:0032559;GO:0035639;GO:0030554;GO:0032555;GO:0017076;GO:0032553;GO:0000166;GO:0036094;GO:1901265;GO:0097367;GO:0043168	4	aten_0.1.m1.28894.m1	11
"small molecule binding"	GO:0005524;GO:0032559;GO:0035639;GO:0030554;GO:0032555;GO:0017076;GO:0032553;GO:0000166;GO:0036094;GO:1901265;GO:0097367;GO:0043168	4	aten_0.1.m1.29893.m1	3
"small molecule binding"	GO:0005524;GO:0032559;GO:0035639;GO:0030554;GO:0032555;GO:0017076;GO:0032553;GO:0000166;GO:0036094;GO:1901265;GO:0097367;GO:0043168	4	aten_0.1.m1.30112.m1	0
"small molecule binding"	GO:0005524;GO:0032559;GO:0035639;GO:0030554;GO:0032555;GO:0017076;GO:0032553;GO:0000166;GO:0036094;GO:1901265;GO:0097367;GO:0043168	4	aten_0.1.m1.4312.m1	17
"small molecule binding"	GO:0005524;GO:0032559;GO:0035639;GO:0030554;GO:0032555;GO:0017076;GO:0032553;GO:0000166;GO:0036094;GO:1901265;GO:0097367;GO:0043168	4	aten_0.1.m1.9889.m1	-7
"small molecule binding"	GO:0005524;GO:0032559;GO:0035639;GO:0030554;GO:0032555;GO:0017076;GO:0032553;GO:0000166;GO:0036094;GO:1901265;GO:0097367;GO:0043168	4	aten_0.1.m1.28846.m1	14
"small molecule binding"	GO:0005524;GO:0032559;GO:0035639;GO:0030554;GO:0032555;GO:0017076;GO:0032553;GO:0000166;GO:0036094;GO:1901265;GO:0097367;GO:0043168	4	aten_0.1.m1.11067.m1	0
"small molecule binding"	GO:0005524;GO:0032559;GO:0035639;GO:0030554;GO:0032555;GO:0017076;GO:0032553;GO:0000166;GO:0036094;GO:1901265;GO:0097367;GO:0043168	4	aten_0.1.m1.24853.m1	4
"small molecule binding"	GO:0005524;GO:0032559;GO:0035639;GO:0030554;GO:0032555;GO:0017076;GO:0032553;GO:0000166;GO:0036094;GO:1901265;GO:0097367;GO:0043168	4	aten_0.1.m1.9898.m1	0
"small molecule binding"	GO:0005524;GO:0032559;GO:0035639;GO:0030554;GO:0032555;GO:0017076;GO:0032553;GO:0000166;GO:0036094;GO:1901265;GO:0097367;GO:0043168	4	aten_0.1.m1.9298.m1	-3
"small molecule binding"	GO:0005524;GO:0032559;GO:0035639;GO:0030554;GO:0032555;GO:0017076;GO:0032553;GO:0000166;GO:0036094;GO:1901265;GO:0097367;GO:0043168	4	aten_0.1.m1.24306.m1	0
"small molecule binding"	GO:0005524;GO:0032559;GO:0035639;GO:0030554;GO:0032555;GO:0017076;GO:0032553;GO:0000166;GO:0036094;GO:1901265;GO:0097367;GO:0043168	4	aten_0.1.m1.8721.m1	-9
"small molecule binding"	GO:0005524;GO:0032559;GO:0035639;GO:0030554;GO:0032555;GO:0017076;GO:0032553;GO:0000166;GO:0036094;GO:1901265;GO:0097367;GO:0043168	4	aten_0.1.m1.2171.m1	-11
"small molecule binding"	GO:0005524;GO:0032559;GO:0035639;GO:0030554;GO:0032555;GO:0017076;GO:0032553;GO:0000166;GO:0036094;GO:1901265;GO:0097367;GO:0043168	4	aten_0.1.m1.26974.m1	-16
"small molecule binding"	GO:0005524;GO:0032559;GO:0035639;GO:0030554;GO:0032555;GO:0017076;GO:0032553;GO:0000166;GO:0036094;GO:1901265;GO:0097367;GO:0043168	4	aten_0.1.m1.18697.m1	2
"small molecule binding"	GO:0005524;GO:0032559;GO:0035639;GO:0030554;GO:0032555;GO:0017076;GO:0032553;GO:0000166;GO:0036094;GO:1901265;GO:0097367;GO:0043168	4	aten_0.1.m1.18824.m1	2
"small molecule binding"	GO:0005524;GO:0032559;GO:0035639;GO:0030554;GO:0032555;GO:0017076;GO:0032553;GO:0000166;GO:0036094;GO:1901265;GO:0097367;GO:0043168	4	aten_0.1.m1.12026.m1	8
"small molecule binding"	GO:0005524;GO:0032559;GO:0035639;GO:0030554;GO:0032555;GO:0017076;GO:0032553;GO:0000166;GO:0036094;GO:1901265;GO:0097367;GO:0043168	4	aten_0.1.m1.16037.m1	0
"small molecule binding"	GO:0005524;GO:0032559;GO:0035639;GO:0030554;GO:0032555;GO:0017076;GO:0032553;GO:0000166;GO:0036094;GO:1901265;GO:0097367;GO:0043168	4	aten_0.1.m1.2802.m1	0
"small molecule binding"	GO:0005524;GO:0032559;GO:0035639;GO:0030554;GO:0032555;GO:0017076;GO:0032553;GO:0000166;GO:0036094;GO:1901265;GO:0097367;GO:0043168	4	aten_0.1.m1.12758.m1	0
"small molecule binding"	GO:0005524;GO:0032559;GO:0035639;GO:0030554;GO:0032555;GO:0017076;GO:0032553;GO:0000166;GO:0036094;GO:1901265;GO:0097367;GO:0043168	4	aten_0.1.m1.20624.m1	0
"small molecule binding"	GO:0005524;GO:0032559;GO:0035639;GO:0030554;GO:0032555;GO:0017076;GO:0032553;GO:0000166;GO:0036094;GO:1901265;GO:0097367;GO:0043168	4	aten_0.1.m1.24256.m1	0
"small molecule binding"	GO:0005524;GO:0032559;GO:0035639;GO:0030554;GO:0032555;GO:0017076;GO:0032553;GO:0000166;GO:0036094;GO:1901265;GO:0097367;GO:0043168	4	aten_0.1.m1.29924.m1	-7
"small molecule binding"	GO:0005524;GO:0032559;GO:0035639;GO:0030554;GO:0032555;GO:0017076;GO:0032553;GO:0000166;GO:0036094;GO:1901265;GO:0097367;GO:0043168	4	aten_0.1.m1.4195.m1	24
"small molecule binding"	GO:0005524;GO:0032559;GO:0035639;GO:0030554;GO:0032555;GO:0017076;GO:0032553;GO:0000166;GO:0036094;GO:1901265;GO:0097367;GO:0043168	4	aten_0.1.m1.31073.m1	0
"small molecule binding"	GO:0005524;GO:0032559;GO:0035639;GO:0030554;GO:0032555;GO:0017076;GO:0032553;GO:0000166;GO:0036094;GO:1901265;GO:0097367;GO:0043168	4	aten_0.1.m1.27497.m1	0
"small molecule binding"	GO:0005524;GO:0032559;GO:0035639;GO:0030554;GO:0032555;GO:0017076;GO:0032553;GO:0000166;GO:0036094;GO:1901265;GO:0097367;GO:0043168	4	aten_0.1.m1.2262.m1	7
"small molecule binding"	GO:0005524;GO:0032559;GO:0035639;GO:0030554;GO:0032555;GO:0017076;GO:0032553;GO:0000166;GO:0036094;GO:1901265;GO:0097367;GO:0043168	4	aten_0.1.m1.19135.m1	-2
"small molecule binding"	GO:0005524;GO:0032559;GO:0035639;GO:0030554;GO:0032555;GO:0017076;GO:0032553;GO:0000166;GO:0036094;GO:1901265;GO:0097367;GO:0043168	4	aten_0.1.m1.29004.m1	0
"small molecule binding"	GO:0005524;GO:0032559;GO:0035639;GO:0030554;GO:0032555;GO:0017076;GO:0032553;GO:0000166;GO:0036094;GO:1901265;GO:0097367;GO:0043168	4	aten_0.1.m1.34088.m1	2
"small molecule binding"	GO:0005524;GO:0032559;GO:0035639;GO:0030554;GO:0032555;GO:0017076;GO:0032553;GO:0000166;GO:0036094;GO:1901265;GO:0097367;GO:0043168	4	aten_0.1.m1.12.m1	-15
"small molecule binding"	GO:0005524;GO:0032559;GO:0035639;GO:0030554;GO:0032555;GO:0017076;GO:0032553;GO:0000166;GO:0036094;GO:1901265;GO:0097367;GO:0043168	4	aten_0.1.m1.7184.m1	0
"small molecule binding"	GO:0005524;GO:0032559;GO:0035639;GO:0030554;GO:0032555;GO:0017076;GO:0032553;GO:0000166;GO:0036094;GO:1901265;GO:0097367;GO:0043168	4	aten_0.1.m1.30203.m1	-4
"small molecule binding"	GO:0005524;GO:0032559;GO:0035639;GO:0030554;GO:0032555;GO:0017076;GO:0032553;GO:0000166;GO:0036094;GO:1901265;GO:0097367;GO:0043168	4	aten_0.1.m1.26560.m1	-12
"small molecule binding"	GO:0005524;GO:0032559;GO:0035639;GO:0030554;GO:0032555;GO:0017076;GO:0032553;GO:0000166;GO:0036094;GO:1901265;GO:0097367;GO:0043168	4	aten_0.1.m1.26579.m1	5
"small molecule binding"	GO:0005524;GO:0032559;GO:0035639;GO:0030554;GO:0032555;GO:0017076;GO:0032553;GO:0000166;GO:0036094;GO:1901265;GO:0097367;GO:0043168	4	aten_0.1.m1.1983.m1	-4
"small molecule binding"	GO:0005524;GO:0032559;GO:0035639;GO:0030554;GO:0032555;GO:0017076;GO:0032553;GO:0000166;GO:0036094;GO:1901265;GO:0097367;GO:0043168	4	aten_0.1.m1.7454.m1	0
"small molecule binding"	GO:0005524;GO:0032559;GO:0035639;GO:0030554;GO:0032555;GO:0017076;GO:0032553;GO:0000166;GO:0036094;GO:1901265;GO:0097367;GO:0043168	4	aten_0.1.m1.9888.m1	0
"small molecule binding"	GO:0005524;GO:0032559;GO:0035639;GO:0030554;GO:0032555;GO:0017076;GO:0032553;GO:0000166;GO:0036094;GO:1901265;GO:0097367;GO:0043168	4	aten_0.1.m1.3935.m1	0
"small molecule binding"	GO:0005524;GO:0032559;GO:0035639;GO:0030554;GO:0032555;GO:0017076;GO:0032553;GO:0000166;GO:0036094;GO:1901265;GO:0097367;GO:0043168	4	aten_0.1.m1.26969.m1	-8
"small molecule binding"	GO:0005524;GO:0032559;GO:0035639;GO:0030554;GO:0032555;GO:0017076;GO:0032553;GO:0000166;GO:0036094;GO:1901265;GO:0097367;GO:0043168	4	aten_0.1.m1.9925.m1	0
"small molecule binding"	GO:0005524;GO:0032559;GO:0035639;GO:0030554;GO:0032555;GO:0017076;GO:0032553;GO:0000166;GO:0036094;GO:1901265;GO:0097367;GO:0043168	4	aten_0.1.m1.27797.m1	0
"small molecule binding"	GO:0005524;GO:0032559;GO:0035639;GO:0030554;GO:0032555;GO:0017076;GO:0032553;GO:0000166;GO:0036094;GO:1901265;GO:0097367;GO:0043168	4	aten_0.1.m1.382.m1	0
"small molecule binding"	GO:0005524;GO:0032559;GO:0035639;GO:0030554;GO:0032555;GO:0017076;GO:0032553;GO:0000166;GO:0036094;GO:1901265;GO:0097367;GO:0043168	4	aten_0.1.m1.8243.m1	0
"small molecule binding"	GO:0005524;GO:0032559;GO:0035639;GO:0030554;GO:0032555;GO:0017076;GO:0032553;GO:0000166;GO:0036094;GO:1901265;GO:0097367;GO:0043168	4	aten_0.1.m1.15947.m1	4
"small molecule binding"	GO:0005524;GO:0032559;GO:0035639;GO:0030554;GO:0032555;GO:0017076;GO:0032553;GO:0000166;GO:0036094;GO:1901265;GO:0097367;GO:0043168	4	aten_0.1.m1.11966.m1	0
"small molecule binding"	GO:0005524;GO:0032559;GO:0035639;GO:0030554;GO:0032555;GO:0017076;GO:0032553;GO:0000166;GO:0036094;GO:1901265;GO:0097367;GO:0043168	4	aten_0.1.m1.24353.m1	0
"small molecule binding"	GO:0005524;GO:0032559;GO:0035639;GO:0030554;GO:0032555;GO:0017076;GO:0032553;GO:0000166;GO:0036094;GO:1901265;GO:0097367;GO:0043168	4	aten_0.1.m1.19146.m1	0
"small molecule binding"	GO:0005524;GO:0032559;GO:0035639;GO:0030554;GO:0032555;GO:0017076;GO:0032553;GO:0000166;GO:0036094;GO:1901265;GO:0097367;GO:0043168	4	aten_0.1.m1.372.m1	0
"small molecule binding"	GO:0005524;GO:0032559;GO:0035639;GO:0030554;GO:0032555;GO:0017076;GO:0032553;GO:0000166;GO:0036094;GO:1901265;GO:0097367;GO:0043168	4	aten_0.1.m1.4539.m1	-1
"small molecule binding"	GO:0005524;GO:0032559;GO:0035639;GO:0030554;GO:0032555;GO:0017076;GO:0032553;GO:0000166;GO:0036094;GO:1901265;GO:0097367;GO:0043168	4	aten_0.1.m1.18841.m1	2
"small molecule binding"	GO:0005524;GO:0032559;GO:0035639;GO:0030554;GO:0032555;GO:0017076;GO:0032553;GO:0000166;GO:0036094;GO:1901265;GO:0097367;GO:0043168	4	aten_0.1.m1.22874.m1	4
"small molecule binding"	GO:0005524;GO:0032559;GO:0035639;GO:0030554;GO:0032555;GO:0017076;GO:0032553;GO:0000166;GO:0036094;GO:1901265;GO:0097367;GO:0043168	4	aten_0.1.m1.19141.m1	-10
"small molecule binding"	GO:0005524;GO:0032559;GO:0035639;GO:0030554;GO:0032555;GO:0017076;GO:0032553;GO:0000166;GO:0036094;GO:1901265;GO:0097367;GO:0043168	4	aten_0.1.m1.20801.m1	-9
"small molecule binding"	GO:0005524;GO:0032559;GO:0035639;GO:0030554;GO:0032555;GO:0017076;GO:0032553;GO:0000166;GO:0036094;GO:1901265;GO:0097367;GO:0043168	4	aten_0.1.m1.7453.m1	13
"small molecule binding"	GO:0005524;GO:0032559;GO:0035639;GO:0030554;GO:0032555;GO:0017076;GO:0032553;GO:0000166;GO:0036094;GO:1901265;GO:0097367;GO:0043168	4	aten_0.1.m1.2986.m1	-3
"small molecule binding"	GO:0005524;GO:0032559;GO:0035639;GO:0030554;GO:0032555;GO:0017076;GO:0032553;GO:0000166;GO:0036094;GO:1901265;GO:0097367;GO:0043168	4	aten_0.1.m1.19133.m1	1
"small molecule binding"	GO:0005524;GO:0032559;GO:0035639;GO:0030554;GO:0032555;GO:0017076;GO:0032553;GO:0000166;GO:0036094;GO:1901265;GO:0097367;GO:0043168	4	aten_0.1.m1.19118.m1	0
"small molecule binding"	GO:0005524;GO:0032559;GO:0035639;GO:0030554;GO:0032555;GO:0017076;GO:0032553;GO:0000166;GO:0036094;GO:1901265;GO:0097367;GO:0043168	4	aten_0.1.m1.30527.m1	-15
"small molecule binding"	GO:0005524;GO:0032559;GO:0035639;GO:0030554;GO:0032555;GO:0017076;GO:0032553;GO:0000166;GO:0036094;GO:1901265;GO:0097367;GO:0043168	4	aten_0.1.m1.30465.m1	10
"small molecule binding"	GO:0005524;GO:0032559;GO:0035639;GO:0030554;GO:0032555;GO:0017076;GO:0032553;GO:0000166;GO:0036094;GO:1901265;GO:0097367;GO:0043168	4	aten_0.1.m1.7944.m1	0
"small molecule binding"	GO:0005524;GO:0032559;GO:0035639;GO:0030554;GO:0032555;GO:0017076;GO:0032553;GO:0000166;GO:0036094;GO:1901265;GO:0097367;GO:0043168	4	aten_0.1.m1.10932.m1	-10
"small molecule binding"	GO:0005524;GO:0032559;GO:0035639;GO:0030554;GO:0032555;GO:0017076;GO:0032553;GO:0000166;GO:0036094;GO:1901265;GO:0097367;GO:0043168	4	aten_0.1.m1.19546.m1	7
"small molecule binding"	GO:0005524;GO:0032559;GO:0035639;GO:0030554;GO:0032555;GO:0017076;GO:0032553;GO:0000166;GO:0036094;GO:1901265;GO:0097367;GO:0043168	4	aten_0.1.m1.16855.m1	0
"small molecule binding"	GO:0005524;GO:0032559;GO:0035639;GO:0030554;GO:0032555;GO:0017076;GO:0032553;GO:0000166;GO:0036094;GO:1901265;GO:0097367;GO:0043168	4	aten_0.1.m1.31421.m1	-1
"small molecule binding"	GO:0005524;GO:0032559;GO:0035639;GO:0030554;GO:0032555;GO:0017076;GO:0032553;GO:0000166;GO:0036094;GO:1901265;GO:0097367;GO:0043168	4	aten_0.1.m1.2187.m1	-12
"small molecule binding"	GO:0005524;GO:0032559;GO:0035639;GO:0030554;GO:0032555;GO:0017076;GO:0032553;GO:0000166;GO:0036094;GO:1901265;GO:0097367;GO:0043168	4	aten_0.1.m1.9383.m1	-3
"small molecule binding"	GO:0005524;GO:0032559;GO:0035639;GO:0030554;GO:0032555;GO:0017076;GO:0032553;GO:0000166;GO:0036094;GO:1901265;GO:0097367;GO:0043168	4	aten_0.1.m1.20666.m1	-4
"small molecule binding"	GO:0005524;GO:0032559;GO:0035639;GO:0030554;GO:0032555;GO:0017076;GO:0032553;GO:0000166;GO:0036094;GO:1901265;GO:0097367;GO:0043168	4	aten_0.1.m1.26516.m1	4
"small molecule binding"	GO:0005524;GO:0032559;GO:0035639;GO:0030554;GO:0032555;GO:0017076;GO:0032553;GO:0000166;GO:0036094;GO:1901265;GO:0097367;GO:0043168	4	aten_0.1.m1.3946.m1	3
"small molecule binding"	GO:0005524;GO:0032559;GO:0035639;GO:0030554;GO:0032555;GO:0017076;GO:0032553;GO:0000166;GO:0036094;GO:1901265;GO:0097367;GO:0043168	4	aten_0.1.m1.26510.m1	0
"small molecule binding"	GO:0005524;GO:0032559;GO:0035639;GO:0030554;GO:0032555;GO:0017076;GO:0032553;GO:0000166;GO:0036094;GO:1901265;GO:0097367;GO:0043168	4	aten_0.1.m1.1386.m1	0
"small molecule binding"	GO:0005524;GO:0032559;GO:0035639;GO:0030554;GO:0032555;GO:0017076;GO:0032553;GO:0000166;GO:0036094;GO:1901265;GO:0097367;GO:0043168	4	aten_0.1.m1.32557.m1	0
"small molecule binding"	GO:0005524;GO:0032559;GO:0035639;GO:0030554;GO:0032555;GO:0017076;GO:0032553;GO:0000166;GO:0036094;GO:1901265;GO:0097367;GO:0043168	4	aten_0.1.m1.13539.m1	0
"small molecule binding"	GO:0005524;GO:0032559;GO:0035639;GO:0030554;GO:0032555;GO:0017076;GO:0032553;GO:0000166;GO:0036094;GO:1901265;GO:0097367;GO:0043168	4	aten_0.1.m1.22484.m1	24
"small molecule binding"	GO:0005524;GO:0032559;GO:0035639;GO:0030554;GO:0032555;GO:0017076;GO:0032553;GO:0000166;GO:0036094;GO:1901265;GO:0097367;GO:0043168	4	aten_0.1.m1.68.m1	0
"small molecule binding"	GO:0005524;GO:0032559;GO:0035639;GO:0030554;GO:0032555;GO:0017076;GO:0032553;GO:0000166;GO:0036094;GO:1901265;GO:0097367;GO:0043168	4	aten_0.1.m1.2790.m1	0
"small molecule binding"	GO:0005524;GO:0032559;GO:0035639;GO:0030554;GO:0032555;GO:0017076;GO:0032553;GO:0000166;GO:0036094;GO:1901265;GO:0097367;GO:0043168	4	aten_0.1.m1.19811.m1	0
"small molecule binding"	GO:0005524;GO:0032559;GO:0035639;GO:0030554;GO:0032555;GO:0017076;GO:0032553;GO:0000166;GO:0036094;GO:1901265;GO:0097367;GO:0043168	4	aten_0.1.m1.5523.m1	2
"small molecule binding"	GO:0005524;GO:0032559;GO:0035639;GO:0030554;GO:0032555;GO:0017076;GO:0032553;GO:0000166;GO:0036094;GO:1901265;GO:0097367;GO:0043168	4	aten_0.1.m1.12063.m1	4
"small molecule binding"	GO:0005524;GO:0032559;GO:0035639;GO:0030554;GO:0032555;GO:0017076;GO:0032553;GO:0000166;GO:0036094;GO:1901265;GO:0097367;GO:0043168	4	aten_0.1.m1.6216.m1	2
"small molecule binding"	GO:0005524;GO:0032559;GO:0035639;GO:0030554;GO:0032555;GO:0017076;GO:0032553;GO:0000166;GO:0036094;GO:1901265;GO:0097367;GO:0043168	4	aten_0.1.m1.12427.m1	-8
"small molecule binding"	GO:0005524;GO:0032559;GO:0035639;GO:0030554;GO:0032555;GO:0017076;GO:0032553;GO:0000166;GO:0036094;GO:1901265;GO:0097367;GO:0043168	4	aten_0.1.m1.5512.m1	0
"small molecule binding"	GO:0005524;GO:0032559;GO:0035639;GO:0030554;GO:0032555;GO:0017076;GO:0032553;GO:0000166;GO:0036094;GO:1901265;GO:0097367;GO:0043168	4	aten_0.1.m1.1875.m1	0
"small molecule binding"	GO:0005524;GO:0032559;GO:0035639;GO:0030554;GO:0032555;GO:0017076;GO:0032553;GO:0000166;GO:0036094;GO:1901265;GO:0097367;GO:0043168	4	aten_0.1.m1.1995.m1	0
"small molecule binding"	GO:0005524;GO:0032559;GO:0035639;GO:0030554;GO:0032555;GO:0017076;GO:0032553;GO:0000166;GO:0036094;GO:1901265;GO:0097367;GO:0043168	4	aten_0.1.m1.24669.m1	-1
"small molecule binding"	GO:0005524;GO:0032559;GO:0035639;GO:0030554;GO:0032555;GO:0017076;GO:0032553;GO:0000166;GO:0036094;GO:1901265;GO:0097367;GO:0043168	4	aten_0.1.m1.3040.m1	0
"small molecule binding"	GO:0005524;GO:0032559;GO:0035639;GO:0030554;GO:0032555;GO:0017076;GO:0032553;GO:0000166;GO:0036094;GO:1901265;GO:0097367;GO:0043168	4	aten_0.1.m1.13479.m1	17
"small molecule binding"	GO:0005524;GO:0032559;GO:0035639;GO:0030554;GO:0032555;GO:0017076;GO:0032553;GO:0000166;GO:0036094;GO:1901265;GO:0097367;GO:0043168	4	aten_0.1.m1.16875.m1	0
"small molecule binding"	GO:0005524;GO:0032559;GO:0035639;GO:0030554;GO:0032555;GO:0017076;GO:0032553;GO:0000166;GO:0036094;GO:1901265;GO:0097367;GO:0043168	4	aten_0.1.m1.24653.m1	0
"small molecule binding"	GO:0005524;GO:0032559;GO:0035639;GO:0030554;GO:0032555;GO:0017076;GO:0032553;GO:0000166;GO:0036094;GO:1901265;GO:0097367;GO:0043168	4	aten_0.1.m1.17577.m1	4
"small molecule binding"	GO:0005524;GO:0032559;GO:0035639;GO:0030554;GO:0032555;GO:0017076;GO:0032553;GO:0000166;GO:0036094;GO:1901265;GO:0097367;GO:0043168	4	aten_0.1.m1.21733.m1	-2
"small molecule binding"	GO:0005524;GO:0032559;GO:0035639;GO:0030554;GO:0032555;GO:0017076;GO:0032553;GO:0000166;GO:0036094;GO:1901265;GO:0097367;GO:0043168	4	aten_0.1.m1.26432.m1	5
"small molecule binding"	GO:0005524;GO:0032559;GO:0035639;GO:0030554;GO:0032555;GO:0017076;GO:0032553;GO:0000166;GO:0036094;GO:1901265;GO:0097367;GO:0043168	4	aten_0.1.m1.30791.m1	0
"small molecule binding"	GO:0005524;GO:0032559;GO:0035639;GO:0030554;GO:0032555;GO:0017076;GO:0032553;GO:0000166;GO:0036094;GO:1901265;GO:0097367;GO:0043168	4	aten_0.1.m1.7440.m1	-3
"small molecule binding"	GO:0005524;GO:0032559;GO:0035639;GO:0030554;GO:0032555;GO:0017076;GO:0032553;GO:0000166;GO:0036094;GO:1901265;GO:0097367;GO:0043168	4	aten_0.1.m1.6483.m1	-4
"small molecule binding"	GO:0005524;GO:0032559;GO:0035639;GO:0030554;GO:0032555;GO:0017076;GO:0032553;GO:0000166;GO:0036094;GO:1901265;GO:0097367;GO:0043168	4	aten_0.1.m1.15059.m1	0
"lysophospholipase activity"	GO:0004622	2	aten_0.1.m1.4482.m1	21
"lysophospholipase activity"	GO:0004622	2	aten_0.1.m1.9805.m1	0
"lysophospholipase activity"	GO:0004622	2	aten_0.1.m1.9800.m1	3
"lysophospholipase activity"	GO:0004622	2	aten_0.1.m1.7154.m1	-11
"lysophospholipase activity"	GO:0004622	2	aten_0.1.m1.15631.m1	-2
"lysophospholipase activity"	GO:0004622	2	aten_0.1.m1.7138.m1	1
"ubiquitin-protein transferase activity"	GO:0004842;GO:0019787	4	aten_0.1.m1.14389.m1	5
"ubiquitin-protein transferase activity"	GO:0004842;GO:0019787	4	aten_0.1.m1.28186.m1	6
"ubiquitin-protein transferase activity"	GO:0004842;GO:0019787	4	aten_0.1.m1.14170.m1	0
"ubiquitin-protein transferase activity"	GO:0004842;GO:0019787	4	aten_0.1.m1.7728.m1	0
"ubiquitin-protein transferase activity"	GO:0004842;GO:0019787	4	aten_0.1.m1.24872.m1	-21
"ubiquitin-protein transferase activity"	GO:0004842;GO:0019787	4	aten_0.1.m1.18303.m1	-12
"ubiquitin-protein transferase activity"	GO:0004842;GO:0019787	4	aten_0.1.m1.28040.m1	0
"ubiquitin-protein transferase activity"	GO:0004842;GO:0019787	4	aten_0.1.m1.6515.m1	3
"ubiquitin-protein transferase activity"	GO:0004842;GO:0019787	4	aten_0.1.m1.21347.m1	2
"ubiquitin-protein transferase activity"	GO:0004842;GO:0019787	4	aten_0.1.m1.28044.m1	0
"ubiquitin-protein transferase activity"	GO:0004842;GO:0019787	4	aten_0.1.m1.31097.m1	0
"ubiquitin-protein transferase activity"	GO:0004842;GO:0019787	4	aten_0.1.m1.21210.m1	-5
"ubiquitin-protein transferase activity"	GO:0004842;GO:0019787	4	aten_0.1.m1.30132.m1	0
"ubiquitin-protein transferase activity"	GO:0004842;GO:0019787	4	aten_0.1.m1.17765.m1	0
"ubiquitin-protein transferase activity"	GO:0004842;GO:0019787	4	aten_0.1.m1.17752.m1	0
"ubiquitin-protein transferase activity"	GO:0004842;GO:0019787	4	aten_0.1.m1.12921.m1	4
"ubiquitin-protein transferase activity"	GO:0004842;GO:0019787	4	aten_0.1.m1.19938.m1	12
"ubiquitin-protein transferase activity"	GO:0004842;GO:0019787	4	aten_0.1.m1.26717.m1	0
"ubiquitin-protein transferase activity"	GO:0004842;GO:0019787	4	aten_0.1.m1.26708.m1	4
"ubiquitin-protein transferase activity"	GO:0004842;GO:0019787	4	aten_0.1.m1.17150.m1	-7
"ubiquitin-protein transferase activity"	GO:0004842;GO:0019787	4	aten_0.1.m1.18464.m1	0
"ubiquitin-protein transferase activity"	GO:0004842;GO:0019787	4	aten_0.1.m1.4721.m1	7
"ubiquitin-protein transferase activity"	GO:0004842;GO:0019787	4	aten_0.1.m1.18177.m1	-4
"ubiquitin-protein transferase activity"	GO:0004842;GO:0019787	4	aten_0.1.m1.25190.m1	0
"ubiquitin-protein transferase activity"	GO:0004842;GO:0019787	4	aten_0.1.m1.26074.m1	-7
"ubiquitin-protein transferase activity"	GO:0004842;GO:0019787	4	aten_0.1.m1.15352.m1	0
"ubiquitin-protein transferase activity"	GO:0004842;GO:0019787	4	aten_0.1.m1.12047.m1	4
"ubiquitin-protein transferase activity"	GO:0004842;GO:0019787	4	aten_0.1.m1.25247.m1	0
"ubiquitin-protein transferase activity"	GO:0004842;GO:0019787	4	aten_0.1.m1.14889.m1	-6
"ubiquitin-protein transferase activity"	GO:0004842;GO:0019787	4	aten_0.1.m1.9083.m1	-1
"ubiquitin-protein transferase activity"	GO:0004842;GO:0019787	4	aten_0.1.m1.8032.m1	0
"ubiquitin-protein transferase activity"	GO:0004842;GO:0019787	4	aten_0.1.m1.31586.m1	0
"ubiquitin-protein transferase activity"	GO:0004842;GO:0019787	4	aten_0.1.m1.17746.m1	0
"calcium-dependent cysteine-type endopeptidase activity"	GO:0004198	4	aten_0.1.m1.3014.m1	0
"calcium-dependent cysteine-type endopeptidase activity"	GO:0004198	4	aten_0.1.m1.20740.m1	-10
"calcium-dependent cysteine-type endopeptidase activity"	GO:0004198	4	aten_0.1.m1.10716.m1	0
"transferase activity, transferring pentosyl groups"	GO:0016763	2	aten_0.1.m1.4854.m1	4
"transferase activity, transferring pentosyl groups"	GO:0016763	2	aten_0.1.m1.19561.m1	-1
"transferase activity, transferring pentosyl groups"	GO:0016763	2	aten_0.1.m1.9137.m1	0
"transferase activity, transferring pentosyl groups"	GO:0016763	2	aten_0.1.m1.22246.m1	-1
"transferase activity, transferring pentosyl groups"	GO:0016763	2	aten_0.1.m1.9203.m1	0
"transferase activity, transferring pentosyl groups"	GO:0016763	2	aten_0.1.m1.9139.m1	-1
"transferase activity, transferring pentosyl groups"	GO:0016763	2	aten_0.1.m1.10959.m1	-5
"lipid transporter activity"	GO:0005319	2	aten_0.1.m1.30357.m1	0
"lipid transporter activity"	GO:0005319	2	aten_0.1.m1.30383.m1	0
"lipid transporter activity"	GO:0005319	2	aten_0.1.m1.5575.m1	1
"lipid transporter activity"	GO:0005319	2	aten_0.1.m1.5718.m1	-2
"lipid transporter activity"	GO:0005319	2	aten_0.1.m1.15711.m1	0
"lipid transporter activity"	GO:0005319	2	aten_0.1.m1.2189.m1	7
"lipid transporter activity"	GO:0005319	2	aten_0.1.m1.30404.m1	2
"lipid transporter activity"	GO:0005319	2	aten_0.1.m1.26691.m1	0
"lipid transporter activity"	GO:0005319	2	aten_0.1.m1.26450.m1	16
"lipid transporter activity"	GO:0005319	2	aten_0.1.m1.17784.m1	-3
"lipid transporter activity"	GO:0005319	2	aten_0.1.m1.29008.m1	6
"lipid transporter activity"	GO:0005319	2	aten_0.1.m1.30382.m1	0
"glucose:sodium symporter activity"	GO:0005412	4	aten_0.1.m1.15336.m1	13
"glucose:sodium symporter activity"	GO:0005412	4	aten_0.1.m1.15344.m1	0
"postsynaptic neurotransmitter receptor activity"	GO:0001588;GO:0004952;GO:0098960	4	aten_0.1.m1.21043.m1	0
"postsynaptic neurotransmitter receptor activity"	GO:0001588;GO:0004952;GO:0098960	4	aten_0.1.m1.3711.m1	0
"spermidine synthase activity"	GO:0004766	2	aten_0.1.m1.19502.m1	0
"spermidine synthase activity"	GO:0004766	2	aten_0.1.m1.19501.m1	0
"death receptor activity"	GO:0005035	4	aten_0.1.m1.27771.m1	0
"death receptor activity"	GO:0005035	4	aten_0.1.m1.20721.m1	-18
"death receptor activity"	GO:0005035	4	aten_0.1.m1.6973.m1	2
"voltage-gated channel activity"	GO:0022843;GO:0005244;GO:0022832	6	aten_0.1.m1.26187.m1	9
"voltage-gated channel activity"	GO:0022843;GO:0005244;GO:0022832	6	aten_0.1.m1.19863.m1	0
"voltage-gated channel activity"	GO:0022843;GO:0005244;GO:0022832	6	aten_0.1.m1.15385.m1	-8
"voltage-gated channel activity"	GO:0022843;GO:0005244;GO:0022832	6	aten_0.1.m1.28083.m1	-1
"voltage-gated channel activity"	GO:0022843;GO:0005244;GO:0022832	6	aten_0.1.m1.6454.m1	-13
"voltage-gated channel activity"	GO:0022843;GO:0005244;GO:0022832	6	aten_0.1.m1.11476.m1	0
"voltage-gated channel activity"	GO:0022843;GO:0005244;GO:0022832	6	aten_0.1.m1.10444.m1	0
"voltage-gated channel activity"	GO:0022843;GO:0005244;GO:0022832	6	aten_0.1.m1.31297.m1	-8
"voltage-gated channel activity"	GO:0022843;GO:0005244;GO:0022832	6	aten_0.1.m1.2410.m1	9
"voltage-gated channel activity"	GO:0022843;GO:0005244;GO:0022832	6	aten_0.1.m1.10453.m1	-1
"voltage-gated channel activity"	GO:0022843;GO:0005244;GO:0022832	6	aten_0.1.m1.6844.m1	-3
"voltage-gated channel activity"	GO:0022843;GO:0005244;GO:0022832	6	aten_0.1.m1.9807.m1	9
"voltage-gated channel activity"	GO:0022843;GO:0005244;GO:0022832	6	aten_0.1.m1.13368.m1	25
"voltage-gated channel activity"	GO:0022843;GO:0005244;GO:0022832	6	aten_0.1.m1.11475.m1	-1
"voltage-gated channel activity"	GO:0022843;GO:0005244;GO:0022832	6	aten_0.1.m1.15272.m1	-11
"voltage-gated channel activity"	GO:0022843;GO:0005244;GO:0022832	6	aten_0.1.m1.16326.m1	-1
"voltage-gated channel activity"	GO:0022843;GO:0005244;GO:0022832	6	aten_0.1.m1.6388.m1	-3
"voltage-gated channel activity"	GO:0022843;GO:0005244;GO:0022832	6	aten_0.1.m1.14502.m1	-3
"voltage-gated channel activity"	GO:0022843;GO:0005244;GO:0022832	6	aten_0.1.m1.21015.m1	-8
"voltage-gated channel activity"	GO:0022843;GO:0005244;GO:0022832	6	aten_0.1.m1.7390.m1	0
"voltage-gated channel activity"	GO:0022843;GO:0005244;GO:0022832	6	aten_0.1.m1.15383.m1	0
"voltage-gated channel activity"	GO:0022843;GO:0005244;GO:0022832	6	aten_0.1.m1.9839.m1	-4
"voltage-gated channel activity"	GO:0022843;GO:0005244;GO:0022832	6	aten_0.1.m1.15280.m1	-12
"voltage-gated channel activity"	GO:0022843;GO:0005244;GO:0022832	6	aten_0.1.m1.22182.m1	7
"voltage-gated channel activity"	GO:0022843;GO:0005244;GO:0022832	6	aten_0.1.m1.2877.m1	13
"voltage-gated channel activity"	GO:0022843;GO:0005244;GO:0022832	6	aten_0.1.m1.9812.m1	-9
"voltage-gated channel activity"	GO:0022843;GO:0005244;GO:0022832	6	aten_0.1.m1.29680.m1	0
"voltage-gated channel activity"	GO:0022843;GO:0005244;GO:0022832	6	aten_0.1.m1.15382.m1	-7
"voltage-gated channel activity"	GO:0022843;GO:0005244;GO:0022832	6	aten_0.1.m1.22865.m1	2
"voltage-gated channel activity"	GO:0022843;GO:0005244;GO:0022832	6	aten_0.1.m1.18558.m1	-14
"voltage-gated channel activity"	GO:0022843;GO:0005244;GO:0022832	6	aten_0.1.m1.26537.m1	-10
"molecular function regulator"	GO:0098772	1	aten_0.1.m1.21626.m1	14
"molecular function regulator"	GO:0098772	1	aten_0.1.m1.19992.m1	-10
"molecular function regulator"	GO:0098772	1	aten_0.1.m1.16903.m1	0
"molecular function regulator"	GO:0098772	1	aten_0.1.m1.3932.m1	-10
"molecular function regulator"	GO:0098772	1	aten_0.1.m1.647.m1	-5
"molecular function regulator"	GO:0098772	1	aten_0.1.m1.12870.m1	0
"molecular function regulator"	GO:0098772	1	aten_0.1.m1.28300.m1	-9
"molecular function regulator"	GO:0098772	1	aten_0.1.m1.5592.m1	9
"molecular function regulator"	GO:0098772	1	aten_0.1.m1.2673.m1	0
"molecular function regulator"	GO:0098772	1	aten_0.1.m1.22544.m1	0
"molecular function regulator"	GO:0098772	1	aten_0.1.m1.21616.m1	14
"molecular function regulator"	GO:0098772	1	aten_0.1.m1.6159.m1	-17
"molecular function regulator"	GO:0098772	1	aten_0.1.m1.7501.m1	0
"molecular function regulator"	GO:0098772	1	aten_0.1.m1.20781.m1	-5
"molecular function regulator"	GO:0098772	1	aten_0.1.m1.22206.m1	0
"molecular function regulator"	GO:0098772	1	aten_0.1.m1.25011.m1	5
"molecular function regulator"	GO:0098772	1	aten_0.1.m1.21617.m1	0
"molecular function regulator"	GO:0098772	1	aten_0.1.m1.18509.m1	24
"molecular function regulator"	GO:0098772	1	aten_0.1.m1.15672.m1	0
"molecular function regulator"	GO:0098772	1	aten_0.1.m1.1026.m1	0
"molecular function regulator"	GO:0098772	1	aten_0.1.m1.26375.m1	-6
"molecular function regulator"	GO:0098772	1	aten_0.1.m1.30253.m1	0
"molecular function regulator"	GO:0098772	1	aten_0.1.m1.12215.m1	0
"molecular function regulator"	GO:0098772	1	aten_0.1.m1.16307.m1	-8
"molecular function regulator"	GO:0098772	1	aten_0.1.m1.32470.m1	-13
"molecular function regulator"	GO:0098772	1	aten_0.1.m1.15800.m1	12
"molecular function regulator"	GO:0098772	1	aten_0.1.m1.23385.m1	-1
"molecular function regulator"	GO:0098772	1	aten_0.1.m1.2896.m1	0
"molecular function regulator"	GO:0098772	1	aten_0.1.m1.9161.m1	-3
"molecular function regulator"	GO:0098772	1	aten_0.1.m1.24298.m1	24
"molecular function regulator"	GO:0098772	1	aten_0.1.m1.19810.m1	0
"molecular function regulator"	GO:0098772	1	aten_0.1.m1.16437.m1	-14
"molecular function regulator"	GO:0098772	1	aten_0.1.m1.5189.m1	0
"molecular function regulator"	GO:0098772	1	aten_0.1.m1.5229.m1	6
"molecular function regulator"	GO:0098772	1	aten_0.1.m1.6193.m1	-8
"molecular function regulator"	GO:0098772	1	aten_0.1.m1.31728.m1	-11
"molecular function regulator"	GO:0098772	1	aten_0.1.m1.4446.m1	0
"molecular function regulator"	GO:0098772	1	aten_0.1.m1.14930.m1	-22
"molecular function regulator"	GO:0098772	1	aten_0.1.m1.21732.m1	0
"molecular function regulator"	GO:0098772	1	aten_0.1.m1.11063.m1	10
"molecular function regulator"	GO:0098772	1	aten_0.1.m1.29467.m1	6
"molecular function regulator"	GO:0098772	1	aten_0.1.m1.15205.m1	0
"molecular function regulator"	GO:0098772	1	aten_0.1.m1.29140.m1	-4
"molecular function regulator"	GO:0098772	1	aten_0.1.m1.12760.m1	-14
"molecular function regulator"	GO:0098772	1	aten_0.1.m1.4543.m1	7
"molecular function regulator"	GO:0098772	1	aten_0.1.m1.9406.m1	0
"molecular function regulator"	GO:0098772	1	aten_0.1.m1.5799.m1	30
"molecular function regulator"	GO:0098772	1	aten_0.1.m1.9784.m1	0
"molecular function regulator"	GO:0098772	1	aten_0.1.m1.8486.m1	-10
"molecular function regulator"	GO:0098772	1	aten_0.1.m1.14486.m1	0
"ion gated channel activity"	GO:0005229;GO:0022839;GO:0061778	2	aten_0.1.m1.9224.m1	-10
"ion gated channel activity"	GO:0005229;GO:0022839;GO:0061778	2	aten_0.1.m1.19690.m1	7
"ion gated channel activity"	GO:0005229;GO:0022839;GO:0061778	2	aten_0.1.m1.19011.m1	-19
"ion gated channel activity"	GO:0005229;GO:0022839;GO:0061778	2	aten_0.1.m1.32548.m1	1
"ion gated channel activity"	GO:0005229;GO:0022839;GO:0061778	2	aten_0.1.m1.24269.m1	0
"transition metal ion binding"	GO:0046914	2	aten_0.1.m1.234.m1	0
"transition metal ion binding"	GO:0046914	2	aten_0.1.m1.24227.m1	0
"transition metal ion binding"	GO:0046914	2	aten_0.1.m1.29821.m1	-18
"transition metal ion binding"	GO:0046914	2	aten_0.1.m1.26093.m1	-21
"transition metal ion binding"	GO:0046914	2	aten_0.1.m1.7159.m1	9
"transition metal ion binding"	GO:0046914	2	aten_0.1.m1.14582.m1	-11
"transition metal ion binding"	GO:0046914	2	aten_0.1.m1.29889.m1	0
"transition metal ion binding"	GO:0046914	2	aten_0.1.m1.12808.m1	0
"transition metal ion binding"	GO:0046914	2	aten_0.1.m1.18862.m1	0
"transition metal ion binding"	GO:0046914	2	aten_0.1.m1.29932.m1	10
"transition metal ion binding"	GO:0046914	2	aten_0.1.m1.6372.m1	0
"transition metal ion binding"	GO:0046914	2	aten_0.1.m1.16189.m1	0
"transition metal ion binding"	GO:0046914	2	aten_0.1.m1.22940.m1	0
"transition metal ion binding"	GO:0046914	2	aten_0.1.m1.19879.m1	0
"transition metal ion binding"	GO:0046914	2	aten_0.1.m1.24840.m1	0
"transition metal ion binding"	GO:0046914	2	aten_0.1.m1.30414.m1	-7
"transition metal ion binding"	GO:0046914	2	aten_0.1.m1.32413.m1	7
"transition metal ion binding"	GO:0046914	2	aten_0.1.m1.30115.m1	0
"transition metal ion binding"	GO:0046914	2	aten_0.1.m1.7200.m1	-22
"transition metal ion binding"	GO:0046914	2	aten_0.1.m1.19877.m1	13
"transition metal ion binding"	GO:0046914	2	aten_0.1.m1.5649.m1	0
"transition metal ion binding"	GO:0046914	2	aten_0.1.m1.16663.m1	-6
"transition metal ion binding"	GO:0046914	2	aten_0.1.m1.1359.m1	2
"transition metal ion binding"	GO:0046914	2	aten_0.1.m1.9978.m1	-5
"transition metal ion binding"	GO:0046914	2	aten_0.1.m1.3962.m1	0
"transition metal ion binding"	GO:0046914	2	aten_0.1.m1.17591.m1	2
"transition metal ion binding"	GO:0046914	2	aten_0.1.m1.17414.m1	1
"transition metal ion binding"	GO:0046914	2	aten_0.1.m1.13929.m1	23
"transition metal ion binding"	GO:0046914	2	aten_0.1.m1.11194.m1	3
"transition metal ion binding"	GO:0046914	2	aten_0.1.m1.16655.m1	0
"transition metal ion binding"	GO:0046914	2	aten_0.1.m1.28071.m1	0
"transition metal ion binding"	GO:0046914	2	aten_0.1.m1.7836.m1	-10
"transition metal ion binding"	GO:0046914	2	aten_0.1.m1.310.m1	7
"transition metal ion binding"	GO:0046914	2	aten_0.1.m1.28771.m1	0
"carbohydrate derivative transmembrane transporter activity"	GO:0015932;GO:1901505	5	aten_0.1.m1.10307.m1	5
"carbohydrate derivative transmembrane transporter activity"	GO:0015932;GO:1901505	5	aten_0.1.m1.15319.m1	4
"carbohydrate derivative transmembrane transporter activity"	GO:0015932;GO:1901505	5	aten_0.1.m1.3239.m1	-2
"carbohydrate derivative transmembrane transporter activity"	GO:0015932;GO:1901505	5	aten_0.1.m1.3026.m1	0
"carbohydrate derivative transmembrane transporter activity"	GO:0015932;GO:1901505	5	aten_0.1.m1.1859.m1	8
"motor activity"	GO:0003774	3	aten_0.1.m1.22314.m1	-5
"motor activity"	GO:0003774	3	aten_0.1.m1.22157.m1	-7
"motor activity"	GO:0003774	3	aten_0.1.m1.19014.m1	0
"motor activity"	GO:0003774	3	aten_0.1.m1.20680.m1	-6
"motor activity"	GO:0003774	3	aten_0.1.m1.2590.m1	0
"motor activity"	GO:0003774	3	aten_0.1.m1.13530.m1	-5
"motor activity"	GO:0003774	3	aten_0.1.m1.25353.m1	0
"motor activity"	GO:0003774	3	aten_0.1.m1.31735.m1	1
"motor activity"	GO:0003774	3	aten_0.1.m1.2824.m1	0
"motor activity"	GO:0003774	3	aten_0.1.m1.6040.m1	0
"motor activity"	GO:0003774	3	aten_0.1.m1.22306.m1	-3
"motor activity"	GO:0003774	3	aten_0.1.m1.3080.m1	8
"motor activity"	GO:0003774	3	aten_0.1.m1.18991.m1	-2
"motor activity"	GO:0003774	3	aten_0.1.m1.25812.m1	0
"motor activity"	GO:0003774	3	aten_0.1.m1.17873.m1	0
"motor activity"	GO:0003774	3	aten_0.1.m1.14762.m1	0
"motor activity"	GO:0003774	3	aten_0.1.m1.2386.m1	0
"motor activity"	GO:0003774	3	aten_0.1.m1.1554.m1	0
"motor activity"	GO:0003774	3	aten_0.1.m1.6119.m1	7
"motor activity"	GO:0003774	3	aten_0.1.m1.16630.m1	-17
"motor activity"	GO:0003774	3	aten_0.1.m1.19299.m1	4
"motor activity"	GO:0003774	3	aten_0.1.m1.9777.m1	0
"motor activity"	GO:0003774	3	aten_0.1.m1.29972.m1	0
"motor activity"	GO:0003774	3	aten_0.1.m1.11329.m1	0
"phosphotransferase activity, nitrogenous group as acceptor"	GO:0004111;GO:0016775	5	aten_0.1.m1.32895.m1	0
"phosphotransferase activity, nitrogenous group as acceptor"	GO:0004111;GO:0016775	5	aten_0.1.m1.10088.m1	0
"phosphotransferase activity, nitrogenous group as acceptor"	GO:0004111;GO:0016775	5	aten_0.1.m1.17868.m1	2
"phosphotransferase activity, nitrogenous group as acceptor"	GO:0004111;GO:0016775	5	aten_0.1.m1.21173.m1	-2
"phosphatidylinositol-4,5-bisphosphate binding"	GO:0005546;GO:1902936;GO:1901981	5	aten_0.1.m1.6483.m1	-4
"phosphatidylinositol-4,5-bisphosphate binding"	GO:0005546;GO:1902936;GO:1901981	5	aten_0.1.m1.15059.m1	0
"RNA 7-methylguanosine cap binding"	GO:0000340	3	aten_0.1.m1.4830.m1	-8
"RNA 7-methylguanosine cap binding"	GO:0000340	3	aten_0.1.m1.6551.m1	-1
"RNA 7-methylguanosine cap binding"	GO:0000340	3	aten_0.1.m1.4772.m1	-1
"helicase activity"	GO:0004386	3	aten_0.1.m1.5052.m1	16
"helicase activity"	GO:0004386	3	aten_0.1.m1.4524.m1	3
"helicase activity"	GO:0004386	3	aten_0.1.m1.17790.m1	-12
"ligase activity, forming carbon-sulfur bonds"	GO:0016877	3	aten_0.1.m1.6464.m1	-22
"ligase activity, forming carbon-sulfur bonds"	GO:0016877	3	aten_0.1.m1.15660.m1	-1
"ligase activity, forming carbon-sulfur bonds"	GO:0016877	3	aten_0.1.m1.11590.m1	0
"hormone activity"	GO:0005179	5	aten_0.1.m1.647.m1	-5
"hormone activity"	GO:0005179	5	aten_0.1.m1.30253.m1	0
"beta-adrenergic receptor activity"	GO:0004939	7	aten_0.1.m1.9985.m1	0
"beta-adrenergic receptor activity"	GO:0004939	7	aten_0.1.m1.17781.m1	-6
"beta-adrenergic receptor activity"	GO:0004939	7	aten_0.1.m1.5810.m1	-19
"beta-adrenergic receptor activity"	GO:0004939	7	aten_0.1.m1.756.m1	1
"beta-adrenergic receptor activity"	GO:0004939	7	aten_0.1.m1.19994.m1	6
"beta-adrenergic receptor activity"	GO:0004939	7	aten_0.1.m1.5902.m1	-1
"beta-adrenergic receptor activity"	GO:0004939	7	aten_0.1.m1.1626.m1	0
"peptidase activity"	GO:0004175;GO:0008233	2	aten_0.1.m1.28669.m1	0
"peptidase activity"	GO:0004175;GO:0008233	2	aten_0.1.m1.32458.m1	0
"peptidase activity"	GO:0004175;GO:0008233	2	aten_0.1.m1.21473.m1	-6
"peptidase activity"	GO:0004175;GO:0008233	2	aten_0.1.m1.5520.m1	-7
"peptidase activity"	GO:0004175;GO:0008233	2	aten_0.1.m1.24796.m1	0
"peptidase activity"	GO:0004175;GO:0008233	2	aten_0.1.m1.18188.m1	0
"peptidase activity"	GO:0004175;GO:0008233	2	aten_0.1.m1.6722.m1	0
"peptidase activity"	GO:0004175;GO:0008233	2	aten_0.1.m1.12464.m1	-6
"peptidase activity"	GO:0004175;GO:0008233	2	aten_0.1.m1.16778.m1	0
"peptidase activity"	GO:0004175;GO:0008233	2	aten_0.1.m1.8828.m1	0
"peptidase activity"	GO:0004175;GO:0008233	2	aten_0.1.m1.28581.m1	19
"peptidase activity"	GO:0004175;GO:0008233	2	aten_0.1.m1.31347.m1	-13
"peptidase activity"	GO:0004175;GO:0008233	2	aten_0.1.m1.3508.m1	0
"peptidase activity"	GO:0004175;GO:0008233	2	aten_0.1.m1.27861.m1	0
"peptidase activity"	GO:0004175;GO:0008233	2	aten_0.1.m1.18226.m1	0
"peptidase activity"	GO:0004175;GO:0008233	2	aten_0.1.m1.10439.m1	0
"peptidase activity"	GO:0004175;GO:0008233	2	aten_0.1.m1.8282.m1	0
"peptidase activity"	GO:0004175;GO:0008233	2	aten_0.1.m1.18042.m1	-17
"peptidase activity"	GO:0004175;GO:0008233	2	aten_0.1.m1.6580.m1	6
"peptidase activity"	GO:0004175;GO:0008233	2	aten_0.1.m1.31301.m1	0
"peptidase activity"	GO:0004175;GO:0008233	2	aten_0.1.m1.33318.m1	0
"peptidase activity"	GO:0004175;GO:0008233	2	aten_0.1.m1.1936.m1	-7
"peptidase activity"	GO:0004175;GO:0008233	2	aten_0.1.m1.5024.m1	-24
"peptidase activity"	GO:0004175;GO:0008233	2	aten_0.1.m1.9279.m1	-13
"peptidase activity"	GO:0004175;GO:0008233	2	aten_0.1.m1.4001.m1	-3
"peptidase activity"	GO:0004175;GO:0008233	2	aten_0.1.m1.5918.m1	-18
"peptidase activity"	GO:0004175;GO:0008233	2	aten_0.1.m1.23672.m1	-1
"peptidase activity"	GO:0004175;GO:0008233	2	aten_0.1.m1.26962.m1	7
"peptidase activity"	GO:0004175;GO:0008233	2	aten_0.1.m1.25790.m1	0
"peptidase activity"	GO:0004175;GO:0008233	2	aten_0.1.m1.16268.m1	-2
"peptidase activity"	GO:0004175;GO:0008233	2	aten_0.1.m1.28579.m1	24
"peptidase activity"	GO:0004175;GO:0008233	2	aten_0.1.m1.10568.m1	3
"peptidase activity"	GO:0004175;GO:0008233	2	aten_0.1.m1.5316.m1	-9
"peptidase activity"	GO:0004175;GO:0008233	2	aten_0.1.m1.30796.m1	7
"peptidase activity"	GO:0004175;GO:0008233	2	aten_0.1.m1.8521.m1	-1
"peptidase activity"	GO:0004175;GO:0008233	2	aten_0.1.m1.18216.m1	0
"peptidase activity"	GO:0004175;GO:0008233	2	aten_0.1.m1.20021.m1	0
"peptidase activity"	GO:0004175;GO:0008233	2	aten_0.1.m1.28539.m1	5
"peptidase activity"	GO:0004175;GO:0008233	2	aten_0.1.m1.8293.m1	0
"peptidase activity"	GO:0004175;GO:0008233	2	aten_0.1.m1.24143.m1	0
"peptidase activity"	GO:0004175;GO:0008233	2	aten_0.1.m1.1935.m1	0
"peptidase activity"	GO:0004175;GO:0008233	2	aten_0.1.m1.5519.m1	0
"peptidase activity"	GO:0004175;GO:0008233	2	aten_0.1.m1.1279.m1	-1
"peptidase activity"	GO:0004175;GO:0008233	2	aten_0.1.m1.32085.m1	-3
"peptidase activity"	GO:0004175;GO:0008233	2	aten_0.1.m1.3014.m1	0
"peptidase activity"	GO:0004175;GO:0008233	2	aten_0.1.m1.9114.m1	0
"peptidase activity"	GO:0004175;GO:0008233	2	aten_0.1.m1.1961.m1	9
"peptidase activity"	GO:0004175;GO:0008233	2	aten_0.1.m1.1816.m1	0
"peptidase activity"	GO:0004175;GO:0008233	2	aten_0.1.m1.4271.m1	0
"peptidase activity"	GO:0004175;GO:0008233	2	aten_0.1.m1.11030.m1	0
"peptidase activity"	GO:0004175;GO:0008233	2	aten_0.1.m1.8230.m1	15
"peptidase activity"	GO:0004175;GO:0008233	2	aten_0.1.m1.29610.m1	10
"peptidase activity"	GO:0004175;GO:0008233	2	aten_0.1.m1.17441.m1	-6
"peptidase activity"	GO:0004175;GO:0008233	2	aten_0.1.m1.33315.m1	0
"peptidase activity"	GO:0004175;GO:0008233	2	aten_0.1.m1.16895.m1	12
"peptidase activity"	GO:0004175;GO:0008233	2	aten_0.1.m1.12079.m1	0
"peptidase activity"	GO:0004175;GO:0008233	2	aten_0.1.m1.5026.m1	0
"peptidase activity"	GO:0004175;GO:0008233	2	aten_0.1.m1.1622.m1	0
"peptidase activity"	GO:0004175;GO:0008233	2	aten_0.1.m1.24266.m1	0
"peptidase activity"	GO:0004175;GO:0008233	2	aten_0.1.m1.29333.m1	-4
"peptidase activity"	GO:0004175;GO:0008233	2	aten_0.1.m1.27004.m1	0
"peptidase activity"	GO:0004175;GO:0008233	2	aten_0.1.m1.20740.m1	-10
"peptidase activity"	GO:0004175;GO:0008233	2	aten_0.1.m1.5037.m1	0
"peptidase activity"	GO:0004175;GO:0008233	2	aten_0.1.m1.20012.m1	10
"peptidase activity"	GO:0004175;GO:0008233	2	aten_0.1.m1.28574.m1	0
"peptidase activity"	GO:0004175;GO:0008233	2	aten_0.1.m1.8452.m1	19
"peptidase activity"	GO:0004175;GO:0008233	2	aten_0.1.m1.10716.m1	0
"peptidase activity"	GO:0004175;GO:0008233	2	aten_0.1.m1.33759.m1	18
"peptidase activity"	GO:0004175;GO:0008233	2	aten_0.1.m1.25014.m1	-10
"peptidase activity"	GO:0004175;GO:0008233	2	aten_0.1.m1.9110.m1	14
"peptidase activity"	GO:0004175;GO:0008233	2	aten_0.1.m1.1020.m1	12
"peptidase activity"	GO:0004175;GO:0008233	2	aten_0.1.m1.12445.m1	0
"peptidase activity"	GO:0004175;GO:0008233	2	aten_0.1.m1.6721.m1	0
"peptidase activity"	GO:0004175;GO:0008233	2	aten_0.1.m1.28558.m1	14
"peptidase activity"	GO:0004175;GO:0008233	2	aten_0.1.m1.1632.m1	4
"peptidase activity"	GO:0004175;GO:0008233	2	aten_0.1.m1.32765.m1	0
"peptidase activity"	GO:0004175;GO:0008233	2	aten_0.1.m1.632.m1	-16
"peptidase activity"	GO:0004175;GO:0008233	2	aten_0.1.m1.14025.m1	0
"peptidase activity"	GO:0004175;GO:0008233	2	aten_0.1.m1.11105.m1	-8
"peptidase activity"	GO:0004175;GO:0008233	2	aten_0.1.m1.27746.m1	12
"peptidase activity"	GO:0004175;GO:0008233	2	aten_0.1.m1.2184.m1	7
"peptidase activity"	GO:0004175;GO:0008233	2	aten_0.1.m1.24240.m1	9
"peptidase activity"	GO:0004175;GO:0008233	2	aten_0.1.m1.31432.m1	-3
"peptidase activity"	GO:0004175;GO:0008233	2	aten_0.1.m1.9278.m1	-1
"peptidase activity"	GO:0004175;GO:0008233	2	aten_0.1.m1.7850.m1	5
"peptidase activity"	GO:0004175;GO:0008233	2	aten_0.1.m1.9272.m1	4
"peptidase activity"	GO:0004175;GO:0008233	2	aten_0.1.m1.28580.m1	0
"peptidase activity"	GO:0004175;GO:0008233	2	aten_0.1.m1.4383.m1	-12
"peptidase activity"	GO:0004175;GO:0008233	2	aten_0.1.m1.5528.m1	-8
"peptidase activity"	GO:0004175;GO:0008233	2	aten_0.1.m1.29541.m1	1
"peptidase activity"	GO:0004175;GO:0008233	2	aten_0.1.m1.12520.m1	-3
"peptidase activity"	GO:0004175;GO:0008233	2	aten_0.1.m1.5060.m1	7
"peptidase activity"	GO:0004175;GO:0008233	2	aten_0.1.m1.9414.m1	0
"peptidase activity"	GO:0004175;GO:0008233	2	aten_0.1.m1.18227.m1	0
"peptidase activity"	GO:0004175;GO:0008233	2	aten_0.1.m1.30202.m1	0
"peptidase activity"	GO:0004175;GO:0008233	2	aten_0.1.m1.22898.m1	0
"peptidase activity"	GO:0004175;GO:0008233	2	aten_0.1.m1.2828.m1	13
"peptidase activity"	GO:0004175;GO:0008233	2	aten_0.1.m1.34125.m1	-1
"peptidase activity"	GO:0004175;GO:0008233	2	aten_0.1.m1.14015.m1	0
"peptidase activity"	GO:0004175;GO:0008233	2	aten_0.1.m1.2436.m1	-28
"peptidase activity"	GO:0004175;GO:0008233	2	aten_0.1.m1.32588.m1	0
"peptidase activity"	GO:0004175;GO:0008233	2	aten_0.1.m1.23642.m1	0
"peptidase activity"	GO:0004175;GO:0008233	2	aten_0.1.m1.21008.m1	0
"peptidase activity"	GO:0004175;GO:0008233	2	aten_0.1.m1.2435.m1	-14
"peptidase activity"	GO:0004175;GO:0008233	2	aten_0.1.m1.28054.m1	-1
"peptidase activity"	GO:0004175;GO:0008233	2	aten_0.1.m1.1258.m1	0
"peptidase activity"	GO:0004175;GO:0008233	2	aten_0.1.m1.28934.m1	10
"peptidase activity"	GO:0004175;GO:0008233	2	aten_0.1.m1.6891.m1	0
"peptidase activity"	GO:0004175;GO:0008233	2	aten_0.1.m1.2397.m1	12
"peptidase activity"	GO:0004175;GO:0008233	2	aten_0.1.m1.18839.m1	3
"peptidase activity"	GO:0004175;GO:0008233	2	aten_0.1.m1.16894.m1	14
"peptidase activity"	GO:0004175;GO:0008233	2	aten_0.1.m1.11718.m1	0
"peptidase activity"	GO:0004175;GO:0008233	2	aten_0.1.m1.8303.m1	12
"peptidase activity"	GO:0004175;GO:0008233	2	aten_0.1.m1.11561.m1	-12
"peptidase activity"	GO:0004175;GO:0008233	2	aten_0.1.m1.12042.m1	0
"peptidase activity"	GO:0004175;GO:0008233	2	aten_0.1.m1.10177.m1	0
"peptidase activity"	GO:0004175;GO:0008233	2	aten_0.1.m1.3960.m1	24
"peptidase activity"	GO:0004175;GO:0008233	2	aten_0.1.m1.14756.m1	0
"peptidase activity"	GO:0004175;GO:0008233	2	aten_0.1.m1.10193.m1	0
"peptidase activity"	GO:0004175;GO:0008233	2	aten_0.1.m1.514.m1	0
"carbon-nitrogen lyase activity"	GO:0016840	2	aten_0.1.m1.4392.m1	0
"carbon-nitrogen lyase activity"	GO:0016840	2	aten_0.1.m1.19385.m1	0
"carbon-nitrogen lyase activity"	GO:0016840	2	aten_0.1.m1.1407.m1	0
"double-stranded DNA binding"	GO:0000977;GO:0000976;GO:0001067;GO:1990837;GO:0003690;GO:0043565	3	aten_0.1.m1.15462.m1	17
"double-stranded DNA binding"	GO:0000977;GO:0000976;GO:0001067;GO:1990837;GO:0003690;GO:0043565	3	aten_0.1.m1.22332.m1	-4
"double-stranded DNA binding"	GO:0000977;GO:0000976;GO:0001067;GO:1990837;GO:0003690;GO:0043565	3	aten_0.1.m1.30518.m1	2
"double-stranded DNA binding"	GO:0000977;GO:0000976;GO:0001067;GO:1990837;GO:0003690;GO:0043565	3	aten_0.1.m1.3533.m1	-1
"double-stranded DNA binding"	GO:0000977;GO:0000976;GO:0001067;GO:1990837;GO:0003690;GO:0043565	3	aten_0.1.m1.7336.m1	-7
"double-stranded DNA binding"	GO:0000977;GO:0000976;GO:0001067;GO:1990837;GO:0003690;GO:0043565	3	aten_0.1.m1.32269.m1	-17
"double-stranded DNA binding"	GO:0000977;GO:0000976;GO:0001067;GO:1990837;GO:0003690;GO:0043565	3	aten_0.1.m1.15232.m1	-3
"double-stranded DNA binding"	GO:0000977;GO:0000976;GO:0001067;GO:1990837;GO:0003690;GO:0043565	3	aten_0.1.m1.1153.m1	-6
"double-stranded DNA binding"	GO:0000977;GO:0000976;GO:0001067;GO:1990837;GO:0003690;GO:0043565	3	aten_0.1.m1.11724.m1	-7
"double-stranded DNA binding"	GO:0000977;GO:0000976;GO:0001067;GO:1990837;GO:0003690;GO:0043565	3	aten_0.1.m1.20028.m1	1
"double-stranded DNA binding"	GO:0000977;GO:0000976;GO:0001067;GO:1990837;GO:0003690;GO:0043565	3	aten_0.1.m1.33439.m1	0
"double-stranded DNA binding"	GO:0000977;GO:0000976;GO:0001067;GO:1990837;GO:0003690;GO:0043565	3	aten_0.1.m1.10101.m1	10
"double-stranded DNA binding"	GO:0000977;GO:0000976;GO:0001067;GO:1990837;GO:0003690;GO:0043565	3	aten_0.1.m1.24821.m1	1
"double-stranded DNA binding"	GO:0000977;GO:0000976;GO:0001067;GO:1990837;GO:0003690;GO:0043565	3	aten_0.1.m1.20840.m1	14
"double-stranded DNA binding"	GO:0000977;GO:0000976;GO:0001067;GO:1990837;GO:0003690;GO:0043565	3	aten_0.1.m1.8947.m1	-1
"double-stranded DNA binding"	GO:0000977;GO:0000976;GO:0001067;GO:1990837;GO:0003690;GO:0043565	3	aten_0.1.m1.2126.m1	0
"double-stranded DNA binding"	GO:0000977;GO:0000976;GO:0001067;GO:1990837;GO:0003690;GO:0043565	3	aten_0.1.m1.33134.m1	-12
"double-stranded DNA binding"	GO:0000977;GO:0000976;GO:0001067;GO:1990837;GO:0003690;GO:0043565	3	aten_0.1.m1.21637.m1	2
"double-stranded DNA binding"	GO:0000977;GO:0000976;GO:0001067;GO:1990837;GO:0003690;GO:0043565	3	aten_0.1.m1.1028.m1	-4
"double-stranded DNA binding"	GO:0000977;GO:0000976;GO:0001067;GO:1990837;GO:0003690;GO:0043565	3	aten_0.1.m1.4914.m1	-5
"double-stranded DNA binding"	GO:0000977;GO:0000976;GO:0001067;GO:1990837;GO:0003690;GO:0043565	3	aten_0.1.m1.24772.m1	0
"double-stranded DNA binding"	GO:0000977;GO:0000976;GO:0001067;GO:1990837;GO:0003690;GO:0043565	3	aten_0.1.m1.1737.m1	5
"double-stranded DNA binding"	GO:0000977;GO:0000976;GO:0001067;GO:1990837;GO:0003690;GO:0043565	3	aten_0.1.m1.7399.m1	1
"double-stranded DNA binding"	GO:0000977;GO:0000976;GO:0001067;GO:1990837;GO:0003690;GO:0043565	3	aten_0.1.m1.5526.m1	6
"double-stranded DNA binding"	GO:0000977;GO:0000976;GO:0001067;GO:1990837;GO:0003690;GO:0043565	3	aten_0.1.m1.22149.m1	2
"double-stranded DNA binding"	GO:0000977;GO:0000976;GO:0001067;GO:1990837;GO:0003690;GO:0043565	3	aten_0.1.m1.14991.m1	0
"double-stranded DNA binding"	GO:0000977;GO:0000976;GO:0001067;GO:1990837;GO:0003690;GO:0043565	3	aten_0.1.m1.15461.m1	0
"double-stranded DNA binding"	GO:0000977;GO:0000976;GO:0001067;GO:1990837;GO:0003690;GO:0043565	3	aten_0.1.m1.3394.m1	-9
"double-stranded DNA binding"	GO:0000977;GO:0000976;GO:0001067;GO:1990837;GO:0003690;GO:0043565	3	aten_0.1.m1.20842.m1	2
"double-stranded DNA binding"	GO:0000977;GO:0000976;GO:0001067;GO:1990837;GO:0003690;GO:0043565	3	aten_0.1.m1.16700.m1	10
"double-stranded DNA binding"	GO:0000977;GO:0000976;GO:0001067;GO:1990837;GO:0003690;GO:0043565	3	aten_0.1.m1.9316.m1	-7
"double-stranded DNA binding"	GO:0000977;GO:0000976;GO:0001067;GO:1990837;GO:0003690;GO:0043565	3	aten_0.1.m1.27858.m1	0
"double-stranded DNA binding"	GO:0000977;GO:0000976;GO:0001067;GO:1990837;GO:0003690;GO:0043565	3	aten_0.1.m1.32210.m1	9
"double-stranded DNA binding"	GO:0000977;GO:0000976;GO:0001067;GO:1990837;GO:0003690;GO:0043565	3	aten_0.1.m1.18630.m1	0
"double-stranded DNA binding"	GO:0000977;GO:0000976;GO:0001067;GO:1990837;GO:0003690;GO:0043565	3	aten_0.1.m1.19861.m1	1
"double-stranded DNA binding"	GO:0000977;GO:0000976;GO:0001067;GO:1990837;GO:0003690;GO:0043565	3	aten_0.1.m1.16017.m1	0
"double-stranded DNA binding"	GO:0000977;GO:0000976;GO:0001067;GO:1990837;GO:0003690;GO:0043565	3	aten_0.1.m1.20832.m1	-3
"double-stranded DNA binding"	GO:0000977;GO:0000976;GO:0001067;GO:1990837;GO:0003690;GO:0043565	3	aten_0.1.m1.22467.m1	0
"double-stranded DNA binding"	GO:0000977;GO:0000976;GO:0001067;GO:1990837;GO:0003690;GO:0043565	3	aten_0.1.m1.18643.m1	8
"double-stranded DNA binding"	GO:0000977;GO:0000976;GO:0001067;GO:1990837;GO:0003690;GO:0043565	3	aten_0.1.m1.1003.m1	14
"double-stranded DNA binding"	GO:0000977;GO:0000976;GO:0001067;GO:1990837;GO:0003690;GO:0043565	3	aten_0.1.m1.1025.m1	0
"double-stranded DNA binding"	GO:0000977;GO:0000976;GO:0001067;GO:1990837;GO:0003690;GO:0043565	3	aten_0.1.m1.1645.m1	-4
"double-stranded DNA binding"	GO:0000977;GO:0000976;GO:0001067;GO:1990837;GO:0003690;GO:0043565	3	aten_0.1.m1.22235.m1	2
"double-stranded DNA binding"	GO:0000977;GO:0000976;GO:0001067;GO:1990837;GO:0003690;GO:0043565	3	aten_0.1.m1.11022.m1	-7
"double-stranded DNA binding"	GO:0000977;GO:0000976;GO:0001067;GO:1990837;GO:0003690;GO:0043565	3	aten_0.1.m1.21114.m1	2
"double-stranded DNA binding"	GO:0000977;GO:0000976;GO:0001067;GO:1990837;GO:0003690;GO:0043565	3	aten_0.1.m1.22227.m1	12
"double-stranded DNA binding"	GO:0000977;GO:0000976;GO:0001067;GO:1990837;GO:0003690;GO:0043565	3	aten_0.1.m1.11598.m1	7
"double-stranded DNA binding"	GO:0000977;GO:0000976;GO:0001067;GO:1990837;GO:0003690;GO:0043565	3	aten_0.1.m1.27050.m1	-13
"double-stranded DNA binding"	GO:0000977;GO:0000976;GO:0001067;GO:1990837;GO:0003690;GO:0043565	3	aten_0.1.m1.1448.m1	0
"double-stranded DNA binding"	GO:0000977;GO:0000976;GO:0001067;GO:1990837;GO:0003690;GO:0043565	3	aten_0.1.m1.9983.m1	0
"double-stranded DNA binding"	GO:0000977;GO:0000976;GO:0001067;GO:1990837;GO:0003690;GO:0043565	3	aten_0.1.m1.9990.m1	-1
"hydrolase activity"	GO:0016787	2	aten_0.1.m1.17226.m1	0
"hydrolase activity"	GO:0016787	2	aten_0.1.m1.32239.m1	9
"hydrolase activity"	GO:0016787	2	aten_0.1.m1.7828.m1	9
"hydrolase activity"	GO:0016787	2	aten_0.1.m1.22314.m1	-5
"hydrolase activity"	GO:0016787	2	aten_0.1.m1.28669.m1	0
"hydrolase activity"	GO:0016787	2	aten_0.1.m1.32458.m1	0
"hydrolase activity"	GO:0016787	2	aten_0.1.m1.22155.m1	-3
"hydrolase activity"	GO:0016787	2	aten_0.1.m1.21473.m1	-6
"hydrolase activity"	GO:0016787	2	aten_0.1.m1.22157.m1	-7
"hydrolase activity"	GO:0016787	2	aten_0.1.m1.19014.m1	0
"hydrolase activity"	GO:0016787	2	aten_0.1.m1.28838.m1	0
"hydrolase activity"	GO:0016787	2	aten_0.1.m1.5520.m1	-7
"hydrolase activity"	GO:0016787	2	aten_0.1.m1.15669.m1	9
"hydrolase activity"	GO:0016787	2	aten_0.1.m1.14014.m1	4
"hydrolase activity"	GO:0016787	2	aten_0.1.m1.2273.m1	0
"hydrolase activity"	GO:0016787	2	aten_0.1.m1.3618.m1	-3
"hydrolase activity"	GO:0016787	2	aten_0.1.m1.15890.m1	-25
"hydrolase activity"	GO:0016787	2	aten_0.1.m1.24796.m1	0
"hydrolase activity"	GO:0016787	2	aten_0.1.m1.18188.m1	0
"hydrolase activity"	GO:0016787	2	aten_0.1.m1.6722.m1	0
"hydrolase activity"	GO:0016787	2	aten_0.1.m1.2436.m1	-28
"hydrolase activity"	GO:0016787	2	aten_0.1.m1.14906.m1	-8
"hydrolase activity"	GO:0016787	2	aten_0.1.m1.4759.m1	0
"hydrolase activity"	GO:0016787	2	aten_0.1.m1.6491.m1	0
"hydrolase activity"	GO:0016787	2	aten_0.1.m1.6558.m1	-10
"hydrolase activity"	GO:0016787	2	aten_0.1.m1.32588.m1	0
"hydrolase activity"	GO:0016787	2	aten_0.1.m1.811.m1	-7
"hydrolase activity"	GO:0016787	2	aten_0.1.m1.1905.m1	6
"hydrolase activity"	GO:0016787	2	aten_0.1.m1.12464.m1	-6
"hydrolase activity"	GO:0016787	2	aten_0.1.m1.23642.m1	0
"hydrolase activity"	GO:0016787	2	aten_0.1.m1.6555.m1	11
"hydrolase activity"	GO:0016787	2	aten_0.1.m1.28618.m1	0
"hydrolase activity"	GO:0016787	2	aten_0.1.m1.650.m1	15
"hydrolase activity"	GO:0016787	2	aten_0.1.m1.19486.m1	0
"hydrolase activity"	GO:0016787	2	aten_0.1.m1.16778.m1	0
"hydrolase activity"	GO:0016787	2	aten_0.1.m1.6359.m1	3
"hydrolase activity"	GO:0016787	2	aten_0.1.m1.8828.m1	0
"hydrolase activity"	GO:0016787	2	aten_0.1.m1.20680.m1	-6
"hydrolase activity"	GO:0016787	2	aten_0.1.m1.28581.m1	19
"hydrolase activity"	GO:0016787	2	aten_0.1.m1.28038.m1	0
"hydrolase activity"	GO:0016787	2	aten_0.1.m1.31347.m1	-13
"hydrolase activity"	GO:0016787	2	aten_0.1.m1.21008.m1	0
"hydrolase activity"	GO:0016787	2	aten_0.1.m1.3508.m1	0
"hydrolase activity"	GO:0016787	2	aten_0.1.m1.2590.m1	0
"hydrolase activity"	GO:0016787	2	aten_0.1.m1.635.m1	11
"hydrolase activity"	GO:0016787	2	aten_0.1.m1.9204.m1	-2
"hydrolase activity"	GO:0016787	2	aten_0.1.m1.20449.m1	20
"hydrolase activity"	GO:0016787	2	aten_0.1.m1.28617.m1	0
"hydrolase activity"	GO:0016787	2	aten_0.1.m1.5645.m1	23
"hydrolase activity"	GO:0016787	2	aten_0.1.m1.2830.m1	-23
"hydrolase activity"	GO:0016787	2	aten_0.1.m1.2435.m1	-14
"hydrolase activity"	GO:0016787	2	aten_0.1.m1.20808.m1	0
"hydrolase activity"	GO:0016787	2	aten_0.1.m1.17059.m1	-8
"hydrolase activity"	GO:0016787	2	aten_0.1.m1.27861.m1	0
"hydrolase activity"	GO:0016787	2	aten_0.1.m1.3180.m1	-8
"hydrolase activity"	GO:0016787	2	aten_0.1.m1.18226.m1	0
"hydrolase activity"	GO:0016787	2	aten_0.1.m1.12764.m1	13
"hydrolase activity"	GO:0016787	2	aten_0.1.m1.6390.m1	-1
"hydrolase activity"	GO:0016787	2	aten_0.1.m1.10439.m1	0
"hydrolase activity"	GO:0016787	2	aten_0.1.m1.8282.m1	0
"hydrolase activity"	GO:0016787	2	aten_0.1.m1.21027.m1	1
"hydrolase activity"	GO:0016787	2	aten_0.1.m1.18042.m1	-17
"hydrolase activity"	GO:0016787	2	aten_0.1.m1.29814.m1	-7
"hydrolase activity"	GO:0016787	2	aten_0.1.m1.13530.m1	-5
"hydrolase activity"	GO:0016787	2	aten_0.1.m1.6580.m1	6
"hydrolase activity"	GO:0016787	2	aten_0.1.m1.25353.m1	0
"hydrolase activity"	GO:0016787	2	aten_0.1.m1.3232.m1	0
"hydrolase activity"	GO:0016787	2	aten_0.1.m1.24986.m1	0
"hydrolase activity"	GO:0016787	2	aten_0.1.m1.28054.m1	-1
"hydrolase activity"	GO:0016787	2	aten_0.1.m1.19287.m1	-1
"hydrolase activity"	GO:0016787	2	aten_0.1.m1.3433.m1	0
"hydrolase activity"	GO:0016787	2	aten_0.1.m1.18016.m1	0
"hydrolase activity"	GO:0016787	2	aten_0.1.m1.19455.m1	14
"hydrolase activity"	GO:0016787	2	aten_0.1.m1.18761.m1	3
"hydrolase activity"	GO:0016787	2	aten_0.1.m1.24358.m1	5
"hydrolase activity"	GO:0016787	2	aten_0.1.m1.31301.m1	0
"hydrolase activity"	GO:0016787	2	aten_0.1.m1.2929.m1	4
"hydrolase activity"	GO:0016787	2	aten_0.1.m1.21041.m1	6
"hydrolase activity"	GO:0016787	2	aten_0.1.m1.33318.m1	0
"hydrolase activity"	GO:0016787	2	aten_0.1.m1.1936.m1	-7
"hydrolase activity"	GO:0016787	2	aten_0.1.m1.5024.m1	-24
"hydrolase activity"	GO:0016787	2	aten_0.1.m1.9279.m1	-13
"hydrolase activity"	GO:0016787	2	aten_0.1.m1.1258.m1	0
"hydrolase activity"	GO:0016787	2	aten_0.1.m1.28934.m1	10
"hydrolase activity"	GO:0016787	2	aten_0.1.m1.19564.m1	-8
"hydrolase activity"	GO:0016787	2	aten_0.1.m1.6891.m1	0
"hydrolase activity"	GO:0016787	2	aten_0.1.m1.21452.m1	-1
"hydrolase activity"	GO:0016787	2	aten_0.1.m1.4001.m1	-3
"hydrolase activity"	GO:0016787	2	aten_0.1.m1.21530.m1	2
"hydrolase activity"	GO:0016787	2	aten_0.1.m1.22966.m1	7
"hydrolase activity"	GO:0016787	2	aten_0.1.m1.21522.m1	-14
"hydrolase activity"	GO:0016787	2	aten_0.1.m1.5918.m1	-18
"hydrolase activity"	GO:0016787	2	aten_0.1.m1.23672.m1	-1
"hydrolase activity"	GO:0016787	2	aten_0.1.m1.10903.m1	0
"hydrolase activity"	GO:0016787	2	aten_0.1.m1.192.m1	-1
"hydrolase activity"	GO:0016787	2	aten_0.1.m1.21761.m1	0
"hydrolase activity"	GO:0016787	2	aten_0.1.m1.2397.m1	12
"hydrolase activity"	GO:0016787	2	aten_0.1.m1.33305.m1	7
"hydrolase activity"	GO:0016787	2	aten_0.1.m1.18839.m1	3
"hydrolase activity"	GO:0016787	2	aten_0.1.m1.26962.m1	7
"hydrolase activity"	GO:0016787	2	aten_0.1.m1.25790.m1	0
"hydrolase activity"	GO:0016787	2	aten_0.1.m1.16268.m1	-2
"hydrolase activity"	GO:0016787	2	aten_0.1.m1.31735.m1	1
"hydrolase activity"	GO:0016787	2	aten_0.1.m1.20004.m1	4
"hydrolase activity"	GO:0016787	2	aten_0.1.m1.16894.m1	14
"hydrolase activity"	GO:0016787	2	aten_0.1.m1.28579.m1	24
"hydrolase activity"	GO:0016787	2	aten_0.1.m1.18211.m1	-13
"hydrolase activity"	GO:0016787	2	aten_0.1.m1.13999.m1	-4
"hydrolase activity"	GO:0016787	2	aten_0.1.m1.30302.m1	7
"hydrolase activity"	GO:0016787	2	aten_0.1.m1.2824.m1	0
"hydrolase activity"	GO:0016787	2	aten_0.1.m1.15147.m1	0
"hydrolase activity"	GO:0016787	2	aten_0.1.m1.10568.m1	3
"hydrolase activity"	GO:0016787	2	aten_0.1.m1.4482.m1	21
"hydrolase activity"	GO:0016787	2	aten_0.1.m1.25024.m1	13
"hydrolase activity"	GO:0016787	2	aten_0.1.m1.21516.m1	12
"hydrolase activity"	GO:0016787	2	aten_0.1.m1.11718.m1	0
"hydrolase activity"	GO:0016787	2	aten_0.1.m1.9623.m1	1
"hydrolase activity"	GO:0016787	2	aten_0.1.m1.1781.m1	-8
"hydrolase activity"	GO:0016787	2	aten_0.1.m1.5316.m1	-9
"hydrolase activity"	GO:0016787	2	aten_0.1.m1.21070.m1	-6
"hydrolase activity"	GO:0016787	2	aten_0.1.m1.9805.m1	0
"hydrolase activity"	GO:0016787	2	aten_0.1.m1.30796.m1	7
"hydrolase activity"	GO:0016787	2	aten_0.1.m1.23589.m1	9
"hydrolase activity"	GO:0016787	2	aten_0.1.m1.8521.m1	-1
"hydrolase activity"	GO:0016787	2	aten_0.1.m1.18216.m1	0
"hydrolase activity"	GO:0016787	2	aten_0.1.m1.20021.m1	0
"hydrolase activity"	GO:0016787	2	aten_0.1.m1.28539.m1	5
"hydrolase activity"	GO:0016787	2	aten_0.1.m1.25201.m1	4
"hydrolase activity"	GO:0016787	2	aten_0.1.m1.30361.m1	-1
"hydrolase activity"	GO:0016787	2	aten_0.1.m1.26506.m1	2
"hydrolase activity"	GO:0016787	2	aten_0.1.m1.1231.m1	-14
"hydrolase activity"	GO:0016787	2	aten_0.1.m1.2658.m1	8
"hydrolase activity"	GO:0016787	2	aten_0.1.m1.8293.m1	0
"hydrolase activity"	GO:0016787	2	aten_0.1.m1.24143.m1	0
"hydrolase activity"	GO:0016787	2	aten_0.1.m1.5653.m1	10
"hydrolase activity"	GO:0016787	2	aten_0.1.m1.11351.m1	7
"hydrolase activity"	GO:0016787	2	aten_0.1.m1.1935.m1	0
"hydrolase activity"	GO:0016787	2	aten_0.1.m1.6040.m1	0
"hydrolase activity"	GO:0016787	2	aten_0.1.m1.5519.m1	0
"hydrolase activity"	GO:0016787	2	aten_0.1.m1.14112.m1	-1
"hydrolase activity"	GO:0016787	2	aten_0.1.m1.1279.m1	-1
"hydrolase activity"	GO:0016787	2	aten_0.1.m1.32085.m1	-3
"hydrolase activity"	GO:0016787	2	aten_0.1.m1.19302.m1	-7
"hydrolase activity"	GO:0016787	2	aten_0.1.m1.3014.m1	0
"hydrolase activity"	GO:0016787	2	aten_0.1.m1.18510.m1	5
"hydrolase activity"	GO:0016787	2	aten_0.1.m1.2025.m1	0
"hydrolase activity"	GO:0016787	2	aten_0.1.m1.8303.m1	12
"hydrolase activity"	GO:0016787	2	aten_0.1.m1.7373.m1	1
"hydrolase activity"	GO:0016787	2	aten_0.1.m1.9114.m1	0
"hydrolase activity"	GO:0016787	2	aten_0.1.m1.1961.m1	9
"hydrolase activity"	GO:0016787	2	aten_0.1.m1.9800.m1	3
"hydrolase activity"	GO:0016787	2	aten_0.1.m1.19277.m1	-8
"hydrolase activity"	GO:0016787	2	aten_0.1.m1.1816.m1	0
"hydrolase activity"	GO:0016787	2	aten_0.1.m1.1185.m1	0
"hydrolase activity"	GO:0016787	2	aten_0.1.m1.2065.m1	3
"hydrolase activity"	GO:0016787	2	aten_0.1.m1.4271.m1	0
"hydrolase activity"	GO:0016787	2	aten_0.1.m1.11030.m1	0
"hydrolase activity"	GO:0016787	2	aten_0.1.m1.11561.m1	-12
"hydrolase activity"	GO:0016787	2	aten_0.1.m1.5651.m1	-3
"hydrolase activity"	GO:0016787	2	aten_0.1.m1.22306.m1	-3
"hydrolase activity"	GO:0016787	2	aten_0.1.m1.8230.m1	15
"hydrolase activity"	GO:0016787	2	aten_0.1.m1.3080.m1	8
"hydrolase activity"	GO:0016787	2	aten_0.1.m1.29610.m1	10
"hydrolase activity"	GO:0016787	2	aten_0.1.m1.18991.m1	-2
"hydrolase activity"	GO:0016787	2	aten_0.1.m1.19865.m1	-21
"hydrolase activity"	GO:0016787	2	aten_0.1.m1.3967.m1	0
"hydrolase activity"	GO:0016787	2	aten_0.1.m1.2136.m1	-7
"hydrolase activity"	GO:0016787	2	aten_0.1.m1.6754.m1	0
"hydrolase activity"	GO:0016787	2	aten_0.1.m1.17441.m1	-6
"hydrolase activity"	GO:0016787	2	aten_0.1.m1.2444.m1	-1
"hydrolase activity"	GO:0016787	2	aten_0.1.m1.33315.m1	0
"hydrolase activity"	GO:0016787	2	aten_0.1.m1.25812.m1	0
"hydrolase activity"	GO:0016787	2	aten_0.1.m1.16895.m1	12
"hydrolase activity"	GO:0016787	2	aten_0.1.m1.17629.m1	0
"hydrolase activity"	GO:0016787	2	aten_0.1.m1.12079.m1	0
"hydrolase activity"	GO:0016787	2	aten_0.1.m1.4479.m1	-1
"hydrolase activity"	GO:0016787	2	aten_0.1.m1.6019.m1	-7
"hydrolase activity"	GO:0016787	2	aten_0.1.m1.5958.m1	-1
"hydrolase activity"	GO:0016787	2	aten_0.1.m1.8093.m1	-4
"hydrolase activity"	GO:0016787	2	aten_0.1.m1.12309.m1	7
"hydrolase activity"	GO:0016787	2	aten_0.1.m1.12093.m1	0
"hydrolase activity"	GO:0016787	2	aten_0.1.m1.27909.m1	-6
"hydrolase activity"	GO:0016787	2	aten_0.1.m1.11486.m1	-3
"hydrolase activity"	GO:0016787	2	aten_0.1.m1.5845.m1	0
"hydrolase activity"	GO:0016787	2	aten_0.1.m1.22509.m1	-14
"hydrolase activity"	GO:0016787	2	aten_0.1.m1.5026.m1	0
"hydrolase activity"	GO:0016787	2	aten_0.1.m1.1622.m1	0
"hydrolase activity"	GO:0016787	2	aten_0.1.m1.24266.m1	0
"hydrolase activity"	GO:0016787	2	aten_0.1.m1.29333.m1	-4
"hydrolase activity"	GO:0016787	2	aten_0.1.m1.27004.m1	0
"hydrolase activity"	GO:0016787	2	aten_0.1.m1.21868.m1	0
"hydrolase activity"	GO:0016787	2	aten_0.1.m1.20740.m1	-10
"hydrolase activity"	GO:0016787	2	aten_0.1.m1.5037.m1	0
"hydrolase activity"	GO:0016787	2	aten_0.1.m1.11710.m1	0
"hydrolase activity"	GO:0016787	2	aten_0.1.m1.20012.m1	10
"hydrolase activity"	GO:0016787	2	aten_0.1.m1.7154.m1	-11
"hydrolase activity"	GO:0016787	2	aten_0.1.m1.11046.m1	17
"hydrolase activity"	GO:0016787	2	aten_0.1.m1.9425.m1	6
"hydrolase activity"	GO:0016787	2	aten_0.1.m1.1794.m1	0
"hydrolase activity"	GO:0016787	2	aten_0.1.m1.1159.m1	0
"hydrolase activity"	GO:0016787	2	aten_0.1.m1.28574.m1	0
"hydrolase activity"	GO:0016787	2	aten_0.1.m1.8452.m1	19
"hydrolase activity"	GO:0016787	2	aten_0.1.m1.10716.m1	0
"hydrolase activity"	GO:0016787	2	aten_0.1.m1.33759.m1	18
"hydrolase activity"	GO:0016787	2	aten_0.1.m1.5052.m1	16
"hydrolase activity"	GO:0016787	2	aten_0.1.m1.4524.m1	3
"hydrolase activity"	GO:0016787	2	aten_0.1.m1.31053.m1	0
"hydrolase activity"	GO:0016787	2	aten_0.1.m1.12042.m1	0
"hydrolase activity"	GO:0016787	2	aten_0.1.m1.25014.m1	-10
"hydrolase activity"	GO:0016787	2	aten_0.1.m1.1906.m1	3
"hydrolase activity"	GO:0016787	2	aten_0.1.m1.9110.m1	14
"hydrolase activity"	GO:0016787	2	aten_0.1.m1.17873.m1	0
"hydrolase activity"	GO:0016787	2	aten_0.1.m1.14762.m1	0
"hydrolase activity"	GO:0016787	2	aten_0.1.m1.5964.m1	0
"hydrolase activity"	GO:0016787	2	aten_0.1.m1.1020.m1	12
"hydrolase activity"	GO:0016787	2	aten_0.1.m1.22324.m1	-10
"hydrolase activity"	GO:0016787	2	aten_0.1.m1.12445.m1	0
"hydrolase activity"	GO:0016787	2	aten_0.1.m1.13099.m1	0
"hydrolase activity"	GO:0016787	2	aten_0.1.m1.17634.m1	0
"hydrolase activity"	GO:0016787	2	aten_0.1.m1.13497.m1	0
"hydrolase activity"	GO:0016787	2	aten_0.1.m1.14018.m1	0
"hydrolase activity"	GO:0016787	2	aten_0.1.m1.6182.m1	-12
"hydrolase activity"	GO:0016787	2	aten_0.1.m1.10177.m1	0
"hydrolase activity"	GO:0016787	2	aten_0.1.m1.2386.m1	0
"hydrolase activity"	GO:0016787	2	aten_0.1.m1.7362.m1	11
"hydrolase activity"	GO:0016787	2	aten_0.1.m1.799.m1	-1
"hydrolase activity"	GO:0016787	2	aten_0.1.m1.6721.m1	0
"hydrolase activity"	GO:0016787	2	aten_0.1.m1.28558.m1	14
"hydrolase activity"	GO:0016787	2	aten_0.1.m1.1632.m1	4
"hydrolase activity"	GO:0016787	2	aten_0.1.m1.5854.m1	0
"hydrolase activity"	GO:0016787	2	aten_0.1.m1.32765.m1	0
"hydrolase activity"	GO:0016787	2	aten_0.1.m1.6463.m1	-7
"hydrolase activity"	GO:0016787	2	aten_0.1.m1.1554.m1	0
"hydrolase activity"	GO:0016787	2	aten_0.1.m1.8551.m1	-3
"hydrolase activity"	GO:0016787	2	aten_0.1.m1.6119.m1	7
"hydrolase activity"	GO:0016787	2	aten_0.1.m1.19814.m1	0
"hydrolase activity"	GO:0016787	2	aten_0.1.m1.29538.m1	-6
"hydrolase activity"	GO:0016787	2	aten_0.1.m1.632.m1	-16
"hydrolase activity"	GO:0016787	2	aten_0.1.m1.4517.m1	0
"hydrolase activity"	GO:0016787	2	aten_0.1.m1.1701.m1	0
"hydrolase activity"	GO:0016787	2	aten_0.1.m1.14025.m1	0
"hydrolase activity"	GO:0016787	2	aten_0.1.m1.30494.m1	2
"hydrolase activity"	GO:0016787	2	aten_0.1.m1.11105.m1	-8
"hydrolase activity"	GO:0016787	2	aten_0.1.m1.11590.m1	0
"hydrolase activity"	GO:0016787	2	aten_0.1.m1.14515.m1	0
"hydrolase activity"	GO:0016787	2	aten_0.1.m1.11723.m1	0
"hydrolase activity"	GO:0016787	2	aten_0.1.m1.17790.m1	-12
"hydrolase activity"	GO:0016787	2	aten_0.1.m1.19111.m1	0
"hydrolase activity"	GO:0016787	2	aten_0.1.m1.16630.m1	-17
"hydrolase activity"	GO:0016787	2	aten_0.1.m1.27746.m1	12
"hydrolase activity"	GO:0016787	2	aten_0.1.m1.2184.m1	7
"hydrolase activity"	GO:0016787	2	aten_0.1.m1.19299.m1	4
"hydrolase activity"	GO:0016787	2	aten_0.1.m1.1121.m1	0
"hydrolase activity"	GO:0016787	2	aten_0.1.m1.24240.m1	9
"hydrolase activity"	GO:0016787	2	aten_0.1.m1.31432.m1	-3
"hydrolase activity"	GO:0016787	2	aten_0.1.m1.15631.m1	-2
"hydrolase activity"	GO:0016787	2	aten_0.1.m1.3960.m1	24
"hydrolase activity"	GO:0016787	2	aten_0.1.m1.9278.m1	-1
"hydrolase activity"	GO:0016787	2	aten_0.1.m1.10772.m1	-2
"hydrolase activity"	GO:0016787	2	aten_0.1.m1.5952.m1	0
"hydrolase activity"	GO:0016787	2	aten_0.1.m1.17369.m1	0
"hydrolase activity"	GO:0016787	2	aten_0.1.m1.5957.m1	0
"hydrolase activity"	GO:0016787	2	aten_0.1.m1.14756.m1	0
"hydrolase activity"	GO:0016787	2	aten_0.1.m1.7850.m1	5
"hydrolase activity"	GO:0016787	2	aten_0.1.m1.30985.m1	0
"hydrolase activity"	GO:0016787	2	aten_0.1.m1.140.m1	0
"hydrolase activity"	GO:0016787	2	aten_0.1.m1.12116.m1	0
"hydrolase activity"	GO:0016787	2	aten_0.1.m1.10193.m1	0
"hydrolase activity"	GO:0016787	2	aten_0.1.m1.9272.m1	4
"hydrolase activity"	GO:0016787	2	aten_0.1.m1.514.m1	0
"hydrolase activity"	GO:0016787	2	aten_0.1.m1.21944.m1	0
"hydrolase activity"	GO:0016787	2	aten_0.1.m1.28580.m1	0
"hydrolase activity"	GO:0016787	2	aten_0.1.m1.27259.m1	0
"hydrolase activity"	GO:0016787	2	aten_0.1.m1.4383.m1	-12
"hydrolase activity"	GO:0016787	2	aten_0.1.m1.5528.m1	-8
"hydrolase activity"	GO:0016787	2	aten_0.1.m1.29541.m1	1
"hydrolase activity"	GO:0016787	2	aten_0.1.m1.12520.m1	-3
"hydrolase activity"	GO:0016787	2	aten_0.1.m1.9777.m1	0
"hydrolase activity"	GO:0016787	2	aten_0.1.m1.141.m1	0
"hydrolase activity"	GO:0016787	2	aten_0.1.m1.6362.m1	0
"hydrolase activity"	GO:0016787	2	aten_0.1.m1.29815.m1	0
"hydrolase activity"	GO:0016787	2	aten_0.1.m1.5060.m1	7
"hydrolase activity"	GO:0016787	2	aten_0.1.m1.29972.m1	0
"hydrolase activity"	GO:0016787	2	aten_0.1.m1.24667.m1	3
"hydrolase activity"	GO:0016787	2	aten_0.1.m1.31884.m1	-6
"hydrolase activity"	GO:0016787	2	aten_0.1.m1.13901.m1	0
"hydrolase activity"	GO:0016787	2	aten_0.1.m1.9414.m1	0
"hydrolase activity"	GO:0016787	2	aten_0.1.m1.18227.m1	0
"hydrolase activity"	GO:0016787	2	aten_0.1.m1.7138.m1	1
"hydrolase activity"	GO:0016787	2	aten_0.1.m1.30202.m1	0
"hydrolase activity"	GO:0016787	2	aten_0.1.m1.22898.m1	0
"hydrolase activity"	GO:0016787	2	aten_0.1.m1.25821.m1	0
"hydrolase activity"	GO:0016787	2	aten_0.1.m1.2828.m1	13
"hydrolase activity"	GO:0016787	2	aten_0.1.m1.11329.m1	0
"hydrolase activity"	GO:0016787	2	aten_0.1.m1.34125.m1	-1
"hydrolase activity"	GO:0016787	2	aten_0.1.m1.29021.m1	1
"hydrolase activity"	GO:0016787	2	aten_0.1.m1.14015.m1	0
"acetylgalactosaminyltransferase activity"	GO:0008376	2	aten_0.1.m1.11829.m1	0
"acetylgalactosaminyltransferase activity"	GO:0008376	2	aten_0.1.m1.20626.m1	0
"acetylgalactosaminyltransferase activity"	GO:0008376	2	aten_0.1.m1.16422.m1	-3
"acetylgalactosaminyltransferase activity"	GO:0008376	2	aten_0.1.m1.23106.m1	0
"acetylgalactosaminyltransferase activity"	GO:0008376	2	aten_0.1.m1.13351.m1	-4
"acetylgalactosaminyltransferase activity"	GO:0008376	2	aten_0.1.m1.22679.m1	0
"acetylgalactosaminyltransferase activity"	GO:0008376	2	aten_0.1.m1.13352.m1	0
"acetylgalactosaminyltransferase activity"	GO:0008376	2	aten_0.1.m1.10978.m1	0
"phospholipase activity"	GO:0004620	2	aten_0.1.m1.6359.m1	3
"phospholipase activity"	GO:0004620	2	aten_0.1.m1.21027.m1	1
"phospholipase activity"	GO:0004620	2	aten_0.1.m1.29814.m1	-7
"phospholipase activity"	GO:0004620	2	aten_0.1.m1.4482.m1	21
"phospholipase activity"	GO:0004620	2	aten_0.1.m1.9805.m1	0
"phospholipase activity"	GO:0004620	2	aten_0.1.m1.9800.m1	3
"phospholipase activity"	GO:0004620	2	aten_0.1.m1.11710.m1	0
"phospholipase activity"	GO:0004620	2	aten_0.1.m1.7154.m1	-11
"phospholipase activity"	GO:0004620	2	aten_0.1.m1.15631.m1	-2
"phospholipase activity"	GO:0004620	2	aten_0.1.m1.10772.m1	-2
"phospholipase activity"	GO:0004620	2	aten_0.1.m1.6362.m1	0
"phospholipase activity"	GO:0004620	2	aten_0.1.m1.7138.m1	1
"glutamate receptor activity"	GO:0008066	4	aten_0.1.m1.1811.m1	0
"glutamate receptor activity"	GO:0008066	4	aten_0.1.m1.8332.m1	0
"glutamate receptor activity"	GO:0008066	4	aten_0.1.m1.8309.m1	4
"glutamate receptor activity"	GO:0008066	4	aten_0.1.m1.13958.m1	2
"glutamate receptor activity"	GO:0008066	4	aten_0.1.m1.11104.m1	-1
"glutamate receptor activity"	GO:0008066	4	aten_0.1.m1.16370.m1	-5
"glutamate receptor activity"	GO:0008066	4	aten_0.1.m1.25775.m1	-1
"phosphatidylinositol monophosphate phosphatase activity"	GO:0004438;GO:0052744;GO:0052866	4	aten_0.1.m1.22966.m1	7
"phosphatidylinositol monophosphate phosphatase activity"	GO:0004438;GO:0052744;GO:0052866	4	aten_0.1.m1.8551.m1	-3
"NAD+ ADP-ribosyltransferase activity"	GO:0003950	2	aten_0.1.m1.19561.m1	-1
"NAD+ ADP-ribosyltransferase activity"	GO:0003950	2	aten_0.1.m1.9137.m1	0
"NAD+ ADP-ribosyltransferase activity"	GO:0003950	2	aten_0.1.m1.22246.m1	-1
"NAD+ ADP-ribosyltransferase activity"	GO:0003950	2	aten_0.1.m1.9203.m1	0
"NAD+ ADP-ribosyltransferase activity"	GO:0003950	2	aten_0.1.m1.9139.m1	-1
"steroid hydroxylase activity"	GO:0004508;GO:0008395	4	aten_0.1.m1.7584.m1	5
"steroid hydroxylase activity"	GO:0004508;GO:0008395	4	aten_0.1.m1.18411.m1	-10
"steroid hydroxylase activity"	GO:0004508;GO:0008395	4	aten_0.1.m1.29468.m1	-3
"steroid hydroxylase activity"	GO:0004508;GO:0008395	4	aten_0.1.m1.29399.m1	-18
"cis-trans isomerase activity"	GO:0016859	2	aten_0.1.m1.10649.m1	0
"cis-trans isomerase activity"	GO:0016859	2	aten_0.1.m1.29170.m1	-1
"RNA binding"	GO:0003723	2	aten_0.1.m1.13308.m1	6
"RNA binding"	GO:0003723	2	aten_0.1.m1.3551.m1	-2
"RNA binding"	GO:0003723	2	aten_0.1.m1.12986.m1	-13
"RNA binding"	GO:0003723	2	aten_0.1.m1.22104.m1	6
"RNA binding"	GO:0003723	2	aten_0.1.m1.28293.m1	0
"RNA binding"	GO:0003723	2	aten_0.1.m1.1362.m1	-11
"RNA binding"	GO:0003723	2	aten_0.1.m1.6364.m1	0
"RNA binding"	GO:0003723	2	aten_0.1.m1.9133.m1	1
"RNA binding"	GO:0003723	2	aten_0.1.m1.24431.m1	11
"RNA binding"	GO:0003723	2	aten_0.1.m1.10900.m1	-4
"RNA binding"	GO:0003723	2	aten_0.1.m1.20365.m1	15
"RNA binding"	GO:0003723	2	aten_0.1.m1.1881.m1	-1
"RNA binding"	GO:0003723	2	aten_0.1.m1.7227.m1	3
"RNA binding"	GO:0003723	2	aten_0.1.m1.27307.m1	-10
"RNA binding"	GO:0003723	2	aten_0.1.m1.20614.m1	4
"RNA binding"	GO:0003723	2	aten_0.1.m1.1226.m1	0
"RNA binding"	GO:0003723	2	aten_0.1.m1.5377.m1	0
"RNA binding"	GO:0003723	2	aten_0.1.m1.15040.m1	-1
"RNA binding"	GO:0003723	2	aten_0.1.m1.21262.m1	0
"RNA binding"	GO:0003723	2	aten_0.1.m1.20607.m1	9
"RNA binding"	GO:0003723	2	aten_0.1.m1.13167.m1	10
"RNA binding"	GO:0003723	2	aten_0.1.m1.14230.m1	-3
"RNA binding"	GO:0003723	2	aten_0.1.m1.7736.m1	-3
"RNA binding"	GO:0003723	2	aten_0.1.m1.4530.m1	-11
"RNA binding"	GO:0003723	2	aten_0.1.m1.18892.m1	0
"RNA binding"	GO:0003723	2	aten_0.1.m1.18834.m1	0
"RNA binding"	GO:0003723	2	aten_0.1.m1.31139.m1	24
"RNA binding"	GO:0003723	2	aten_0.1.m1.1783.m1	0
"RNA binding"	GO:0003723	2	aten_0.1.m1.26242.m1	5
"RNA binding"	GO:0003723	2	aten_0.1.m1.23026.m1	0
"RNA binding"	GO:0003723	2	aten_0.1.m1.8075.m1	0
"RNA binding"	GO:0003723	2	aten_0.1.m1.14776.m1	14
"RNA binding"	GO:0003723	2	aten_0.1.m1.12035.m1	14
"RNA binding"	GO:0003723	2	aten_0.1.m1.7395.m1	-6
"RNA binding"	GO:0003723	2	aten_0.1.m1.4830.m1	-8
"RNA binding"	GO:0003723	2	aten_0.1.m1.3289.m1	0
"RNA binding"	GO:0003723	2	aten_0.1.m1.15087.m1	6
"RNA binding"	GO:0003723	2	aten_0.1.m1.30470.m1	0
"RNA binding"	GO:0003723	2	aten_0.1.m1.7800.m1	9
"RNA binding"	GO:0003723	2	aten_0.1.m1.15784.m1	-18
"RNA binding"	GO:0003723	2	aten_0.1.m1.26251.m1	0
"RNA binding"	GO:0003723	2	aten_0.1.m1.31332.m1	-1
"RNA binding"	GO:0003723	2	aten_0.1.m1.23013.m1	0
"RNA binding"	GO:0003723	2	aten_0.1.m1.31138.m1	-11
"RNA binding"	GO:0003723	2	aten_0.1.m1.2015.m1	7
"RNA binding"	GO:0003723	2	aten_0.1.m1.6227.m1	6
"RNA binding"	GO:0003723	2	aten_0.1.m1.3034.m1	-14
"RNA binding"	GO:0003723	2	aten_0.1.m1.14160.m1	-23
"RNA binding"	GO:0003723	2	aten_0.1.m1.32908.m1	0
"RNA binding"	GO:0003723	2	aten_0.1.m1.12879.m1	-3
"RNA binding"	GO:0003723	2	aten_0.1.m1.25204.m1	25
"RNA binding"	GO:0003723	2	aten_0.1.m1.30079.m1	4
"RNA binding"	GO:0003723	2	aten_0.1.m1.3228.m1	7
"RNA binding"	GO:0003723	2	aten_0.1.m1.18352.m1	0
"RNA binding"	GO:0003723	2	aten_0.1.m1.21146.m1	-8
"RNA binding"	GO:0003723	2	aten_0.1.m1.6551.m1	-1
"RNA binding"	GO:0003723	2	aten_0.1.m1.2841.m1	0
"RNA binding"	GO:0003723	2	aten_0.1.m1.22763.m1	-2
"RNA binding"	GO:0003723	2	aten_0.1.m1.3173.m1	-1
"RNA binding"	GO:0003723	2	aten_0.1.m1.24678.m1	0
"RNA binding"	GO:0003723	2	aten_0.1.m1.21101.m1	-1
"RNA binding"	GO:0003723	2	aten_0.1.m1.27790.m1	5
"RNA binding"	GO:0003723	2	aten_0.1.m1.3046.m1	0
"RNA binding"	GO:0003723	2	aten_0.1.m1.20220.m1	2
"RNA binding"	GO:0003723	2	aten_0.1.m1.9694.m1	-10
"RNA binding"	GO:0003723	2	aten_0.1.m1.15276.m1	0
"RNA binding"	GO:0003723	2	aten_0.1.m1.14291.m1	18
"RNA binding"	GO:0003723	2	aten_0.1.m1.13235.m1	-23
"RNA binding"	GO:0003723	2	aten_0.1.m1.3033.m1	-9
"RNA binding"	GO:0003723	2	aten_0.1.m1.7350.m1	0
"RNA binding"	GO:0003723	2	aten_0.1.m1.4772.m1	-1
"RNA binding"	GO:0003723	2	aten_0.1.m1.8909.m1	-1
"RNA binding"	GO:0003723	2	aten_0.1.m1.9141.m1	2
"RNA binding"	GO:0003723	2	aten_0.1.m1.2757.m1	0
"RNA binding"	GO:0003723	2	aten_0.1.m1.31734.m1	0
"RNA binding"	GO:0003723	2	aten_0.1.m1.476.m1	0
"RNA binding"	GO:0003723	2	aten_0.1.m1.24621.m1	7
"RNA binding"	GO:0003723	2	aten_0.1.m1.1042.m1	-4
"RNA binding"	GO:0003723	2	aten_0.1.m1.21438.m1	5
"RNA binding"	GO:0003723	2	aten_0.1.m1.10188.m1	0
"RNA binding"	GO:0003723	2	aten_0.1.m1.6191.m1	5
"RNA binding"	GO:0003723	2	aten_0.1.m1.32554.m1	0
"RNA binding"	GO:0003723	2	aten_0.1.m1.15058.m1	-2
"RNA binding"	GO:0003723	2	aten_0.1.m1.14366.m1	6
"RNA binding"	GO:0003723	2	aten_0.1.m1.2243.m1	17
"RNA binding"	GO:0003723	2	aten_0.1.m1.6081.m1	5
"RNA binding"	GO:0003723	2	aten_0.1.m1.22938.m1	3
"RNA binding"	GO:0003723	2	aten_0.1.m1.21486.m1	0
"hydro-lyase activity"	GO:0016836;GO:0016835	2	aten_0.1.m1.11207.m1	-8
"hydro-lyase activity"	GO:0016836;GO:0016835	2	aten_0.1.m1.5887.m1	7
"hydro-lyase activity"	GO:0016836;GO:0016835	2	aten_0.1.m1.25001.m1	0
"hydro-lyase activity"	GO:0016836;GO:0016835	2	aten_0.1.m1.11208.m1	0
"hydro-lyase activity"	GO:0016836;GO:0016835	2	aten_0.1.m1.14905.m1	2
"hydro-lyase activity"	GO:0016836;GO:0016835	2	aten_0.1.m1.565.m1	9
"hydro-lyase activity"	GO:0016836;GO:0016835	2	aten_0.1.m1.6479.m1	-4
"intracellular cAMP-activated cation channel activity"	GO:0005222;GO:0005221;GO:0043855	5	aten_0.1.m1.21648.m1	0
"intracellular cAMP-activated cation channel activity"	GO:0005222;GO:0005221;GO:0043855	5	aten_0.1.m1.6387.m1	0
"divalent inorganic cation transmembrane transporter activity"	GO:0005262;GO:0015085;GO:0072509	2	aten_0.1.m1.19863.m1	0
"divalent inorganic cation transmembrane transporter activity"	GO:0005262;GO:0015085;GO:0072509	2	aten_0.1.m1.15385.m1	-8
"divalent inorganic cation transmembrane transporter activity"	GO:0005262;GO:0015085;GO:0072509	2	aten_0.1.m1.28083.m1	-1
"divalent inorganic cation transmembrane transporter activity"	GO:0005262;GO:0015085;GO:0072509	2	aten_0.1.m1.12787.m1	-8
"divalent inorganic cation transmembrane transporter activity"	GO:0005262;GO:0015085;GO:0072509	2	aten_0.1.m1.19001.m1	2
"divalent inorganic cation transmembrane transporter activity"	GO:0005262;GO:0015085;GO:0072509	2	aten_0.1.m1.19339.m1	-11
"divalent inorganic cation transmembrane transporter activity"	GO:0005262;GO:0015085;GO:0072509	2	aten_0.1.m1.10594.m1	4
"divalent inorganic cation transmembrane transporter activity"	GO:0005262;GO:0015085;GO:0072509	2	aten_0.1.m1.272.m1	-3
"divalent inorganic cation transmembrane transporter activity"	GO:0005262;GO:0015085;GO:0072509	2	aten_0.1.m1.23035.m1	3
"divalent inorganic cation transmembrane transporter activity"	GO:0005262;GO:0015085;GO:0072509	2	aten_0.1.m1.10453.m1	-1
"divalent inorganic cation transmembrane transporter activity"	GO:0005262;GO:0015085;GO:0072509	2	aten_0.1.m1.30125.m1	0
"divalent inorganic cation transmembrane transporter activity"	GO:0005262;GO:0015085;GO:0072509	2	aten_0.1.m1.6844.m1	-3
"divalent inorganic cation transmembrane transporter activity"	GO:0005262;GO:0015085;GO:0072509	2	aten_0.1.m1.11152.m1	4
"divalent inorganic cation transmembrane transporter activity"	GO:0005262;GO:0015085;GO:0072509	2	aten_0.1.m1.9807.m1	9
"divalent inorganic cation transmembrane transporter activity"	GO:0005262;GO:0015085;GO:0072509	2	aten_0.1.m1.13368.m1	25
"divalent inorganic cation transmembrane transporter activity"	GO:0005262;GO:0015085;GO:0072509	2	aten_0.1.m1.15272.m1	-11
"divalent inorganic cation transmembrane transporter activity"	GO:0005262;GO:0015085;GO:0072509	2	aten_0.1.m1.12691.m1	6
"divalent inorganic cation transmembrane transporter activity"	GO:0005262;GO:0015085;GO:0072509	2	aten_0.1.m1.15383.m1	0
"divalent inorganic cation transmembrane transporter activity"	GO:0005262;GO:0015085;GO:0072509	2	aten_0.1.m1.6087.m1	0
"divalent inorganic cation transmembrane transporter activity"	GO:0005262;GO:0015085;GO:0072509	2	aten_0.1.m1.24204.m1	0
"divalent inorganic cation transmembrane transporter activity"	GO:0005262;GO:0015085;GO:0072509	2	aten_0.1.m1.15280.m1	-12
"divalent inorganic cation transmembrane transporter activity"	GO:0005262;GO:0015085;GO:0072509	2	aten_0.1.m1.17479.m1	0
"divalent inorganic cation transmembrane transporter activity"	GO:0005262;GO:0015085;GO:0072509	2	aten_0.1.m1.9812.m1	-9
"divalent inorganic cation transmembrane transporter activity"	GO:0005262;GO:0015085;GO:0072509	2	aten_0.1.m1.19333.m1	-15
"divalent inorganic cation transmembrane transporter activity"	GO:0005262;GO:0015085;GO:0072509	2	aten_0.1.m1.18985.m1	0
"divalent inorganic cation transmembrane transporter activity"	GO:0005262;GO:0015085;GO:0072509	2	aten_0.1.m1.30463.m1	6
"divalent inorganic cation transmembrane transporter activity"	GO:0005262;GO:0015085;GO:0072509	2	aten_0.1.m1.15382.m1	-7
"divalent inorganic cation transmembrane transporter activity"	GO:0005262;GO:0015085;GO:0072509	2	aten_0.1.m1.18992.m1	0
"divalent inorganic cation transmembrane transporter activity"	GO:0005262;GO:0015085;GO:0072509	2	aten_0.1.m1.30029.m1	2
"divalent inorganic cation transmembrane transporter activity"	GO:0005262;GO:0015085;GO:0072509	2	aten_0.1.m1.32354.m1	0
"divalent inorganic cation transmembrane transporter activity"	GO:0005262;GO:0015085;GO:0072509	2	aten_0.1.m1.7.m1	0
"ATPase activity"	GO:0016887	2	aten_0.1.m1.17226.m1	0
"ATPase activity"	GO:0016887	2	aten_0.1.m1.28838.m1	0
"ATPase activity"	GO:0016887	2	aten_0.1.m1.28054.m1	-1
"ATPase activity"	GO:0016887	2	aten_0.1.m1.14112.m1	-1
"ATPase activity"	GO:0016887	2	aten_0.1.m1.5052.m1	16
"ATPase activity"	GO:0016887	2	aten_0.1.m1.4524.m1	3
"ATPase activity"	GO:0016887	2	aten_0.1.m1.12042.m1	0
"ATPase activity"	GO:0016887	2	aten_0.1.m1.11590.m1	0
"ATPase activity"	GO:0016887	2	aten_0.1.m1.17790.m1	-12
"phosphotransferase activity, phosphate group as acceptor"	GO:0050145;GO:0016776	2	aten_0.1.m1.15569.m1	20
"phosphotransferase activity, phosphate group as acceptor"	GO:0050145;GO:0016776	2	aten_0.1.m1.5339.m1	0
"phosphotransferase activity, phosphate group as acceptor"	GO:0050145;GO:0016776	2	aten_0.1.m1.11282.m1	-1
"phosphotransferase activity, phosphate group as acceptor"	GO:0050145;GO:0016776	2	aten_0.1.m1.11057.m1	-5
"phosphotransferase activity, phosphate group as acceptor"	GO:0050145;GO:0016776	2	aten_0.1.m1.3086.m1	8
"ATP-dependent peptidase activity"	GO:0004176	4	aten_0.1.m1.28054.m1	-1
"ATP-dependent peptidase activity"	GO:0004176	4	aten_0.1.m1.12042.m1	0
"signaling receptor activity"	GO:0004930;GO:0004888;GO:0038023;GO:0060089	2	aten_0.1.m1.23510.m1	0
"signaling receptor activity"	GO:0004930;GO:0004888;GO:0038023;GO:0060089	2	aten_0.1.m1.9985.m1	0
"signaling receptor activity"	GO:0004930;GO:0004888;GO:0038023;GO:0060089	2	aten_0.1.m1.24229.m1	0
"signaling receptor activity"	GO:0004930;GO:0004888;GO:0038023;GO:0060089	2	aten_0.1.m1.3255.m1	1
"signaling receptor activity"	GO:0004930;GO:0004888;GO:0038023;GO:0060089	2	aten_0.1.m1.6063.m1	-4
"signaling receptor activity"	GO:0004930;GO:0004888;GO:0038023;GO:0060089	2	aten_0.1.m1.27579.m1	-12
"signaling receptor activity"	GO:0004930;GO:0004888;GO:0038023;GO:0060089	2	aten_0.1.m1.22451.m1	6
"signaling receptor activity"	GO:0004930;GO:0004888;GO:0038023;GO:0060089	2	aten_0.1.m1.10801.m1	4
"signaling receptor activity"	GO:0004930;GO:0004888;GO:0038023;GO:0060089	2	aten_0.1.m1.753.m1	-2
"signaling receptor activity"	GO:0004930;GO:0004888;GO:0038023;GO:0060089	2	aten_0.1.m1.23746.m1	0
"signaling receptor activity"	GO:0004930;GO:0004888;GO:0038023;GO:0060089	2	aten_0.1.m1.1400.m1	0
"signaling receptor activity"	GO:0004930;GO:0004888;GO:0038023;GO:0060089	2	aten_0.1.m1.21565.m1	-1
"signaling receptor activity"	GO:0004930;GO:0004888;GO:0038023;GO:0060089	2	aten_0.1.m1.29601.m1	0
"signaling receptor activity"	GO:0004930;GO:0004888;GO:0038023;GO:0060089	2	aten_0.1.m1.3207.m1	0
"signaling receptor activity"	GO:0004930;GO:0004888;GO:0038023;GO:0060089	2	aten_0.1.m1.19908.m1	-14
"signaling receptor activity"	GO:0004930;GO:0004888;GO:0038023;GO:0060089	2	aten_0.1.m1.1811.m1	0
"signaling receptor activity"	GO:0004930;GO:0004888;GO:0038023;GO:0060089	2	aten_0.1.m1.21955.m1	0
"signaling receptor activity"	GO:0004930;GO:0004888;GO:0038023;GO:0060089	2	aten_0.1.m1.8332.m1	0
"signaling receptor activity"	GO:0004930;GO:0004888;GO:0038023;GO:0060089	2	aten_0.1.m1.19512.m1	-2
"signaling receptor activity"	GO:0004930;GO:0004888;GO:0038023;GO:0060089	2	aten_0.1.m1.4707.m1	-1
"signaling receptor activity"	GO:0004930;GO:0004888;GO:0038023;GO:0060089	2	aten_0.1.m1.4680.m1	0
"signaling receptor activity"	GO:0004930;GO:0004888;GO:0038023;GO:0060089	2	aten_0.1.m1.3762.m1	2
"signaling receptor activity"	GO:0004930;GO:0004888;GO:0038023;GO:0060089	2	aten_0.1.m1.16409.m1	-5
"signaling receptor activity"	GO:0004930;GO:0004888;GO:0038023;GO:0060089	2	aten_0.1.m1.5882.m1	3
"signaling receptor activity"	GO:0004930;GO:0004888;GO:0038023;GO:0060089	2	aten_0.1.m1.10618.m1	0
"signaling receptor activity"	GO:0004930;GO:0004888;GO:0038023;GO:0060089	2	aten_0.1.m1.19270.m1	-3
"signaling receptor activity"	GO:0004930;GO:0004888;GO:0038023;GO:0060089	2	aten_0.1.m1.30060.m1	-19
"signaling receptor activity"	GO:0004930;GO:0004888;GO:0038023;GO:0060089	2	aten_0.1.m1.5864.m1	0
"signaling receptor activity"	GO:0004930;GO:0004888;GO:0038023;GO:0060089	2	aten_0.1.m1.23012.m1	0
"signaling receptor activity"	GO:0004930;GO:0004888;GO:0038023;GO:0060089	2	aten_0.1.m1.16556.m1	10
"signaling receptor activity"	GO:0004930;GO:0004888;GO:0038023;GO:0060089	2	aten_0.1.m1.33733.m1	-12
"signaling receptor activity"	GO:0004930;GO:0004888;GO:0038023;GO:0060089	2	aten_0.1.m1.19950.m1	6
"signaling receptor activity"	GO:0004930;GO:0004888;GO:0038023;GO:0060089	2	aten_0.1.m1.14585.m1	-15
"signaling receptor activity"	GO:0004930;GO:0004888;GO:0038023;GO:0060089	2	aten_0.1.m1.30448.m1	-5
"signaling receptor activity"	GO:0004930;GO:0004888;GO:0038023;GO:0060089	2	aten_0.1.m1.24944.m1	4
"signaling receptor activity"	GO:0004930;GO:0004888;GO:0038023;GO:0060089	2	aten_0.1.m1.10056.m1	11
"signaling receptor activity"	GO:0004930;GO:0004888;GO:0038023;GO:0060089	2	aten_0.1.m1.22659.m1	0
"signaling receptor activity"	GO:0004930;GO:0004888;GO:0038023;GO:0060089	2	aten_0.1.m1.27237.m1	0
"signaling receptor activity"	GO:0004930;GO:0004888;GO:0038023;GO:0060089	2	aten_0.1.m1.16739.m1	0
"signaling receptor activity"	GO:0004930;GO:0004888;GO:0038023;GO:0060089	2	aten_0.1.m1.27591.m1	6
"signaling receptor activity"	GO:0004930;GO:0004888;GO:0038023;GO:0060089	2	aten_0.1.m1.23827.m1	0
"signaling receptor activity"	GO:0004930;GO:0004888;GO:0038023;GO:0060089	2	aten_0.1.m1.8309.m1	4
"signaling receptor activity"	GO:0004930;GO:0004888;GO:0038023;GO:0060089	2	aten_0.1.m1.1334.m1	11
"signaling receptor activity"	GO:0004930;GO:0004888;GO:0038023;GO:0060089	2	aten_0.1.m1.17781.m1	-6
"signaling receptor activity"	GO:0004930;GO:0004888;GO:0038023;GO:0060089	2	aten_0.1.m1.15554.m1	2
"signaling receptor activity"	GO:0004930;GO:0004888;GO:0038023;GO:0060089	2	aten_0.1.m1.32151.m1	-11
"signaling receptor activity"	GO:0004930;GO:0004888;GO:0038023;GO:0060089	2	aten_0.1.m1.6088.m1	-9
"signaling receptor activity"	GO:0004930;GO:0004888;GO:0038023;GO:0060089	2	aten_0.1.m1.11225.m1	3
"signaling receptor activity"	GO:0004930;GO:0004888;GO:0038023;GO:0060089	2	aten_0.1.m1.28326.m1	17
"signaling receptor activity"	GO:0004930;GO:0004888;GO:0038023;GO:0060089	2	aten_0.1.m1.14178.m1	4
"signaling receptor activity"	GO:0004930;GO:0004888;GO:0038023;GO:0060089	2	aten_0.1.m1.20879.m1	10
"signaling receptor activity"	GO:0004930;GO:0004888;GO:0038023;GO:0060089	2	aten_0.1.m1.19428.m1	7
"signaling receptor activity"	GO:0004930;GO:0004888;GO:0038023;GO:0060089	2	aten_0.1.m1.32150.m1	7
"signaling receptor activity"	GO:0004930;GO:0004888;GO:0038023;GO:0060089	2	aten_0.1.m1.21115.m1	0
"signaling receptor activity"	GO:0004930;GO:0004888;GO:0038023;GO:0060089	2	aten_0.1.m1.22443.m1	0
"signaling receptor activity"	GO:0004930;GO:0004888;GO:0038023;GO:0060089	2	aten_0.1.m1.19643.m1	5
"signaling receptor activity"	GO:0004930;GO:0004888;GO:0038023;GO:0060089	2	aten_0.1.m1.27843.m1	1
"signaling receptor activity"	GO:0004930;GO:0004888;GO:0038023;GO:0060089	2	aten_0.1.m1.974.m1	0
"signaling receptor activity"	GO:0004930;GO:0004888;GO:0038023;GO:0060089	2	aten_0.1.m1.1337.m1	0
"signaling receptor activity"	GO:0004930;GO:0004888;GO:0038023;GO:0060089	2	aten_0.1.m1.16952.m1	3
"signaling receptor activity"	GO:0004930;GO:0004888;GO:0038023;GO:0060089	2	aten_0.1.m1.13638.m1	0
"signaling receptor activity"	GO:0004930;GO:0004888;GO:0038023;GO:0060089	2	aten_0.1.m1.11325.m1	0
"signaling receptor activity"	GO:0004930;GO:0004888;GO:0038023;GO:0060089	2	aten_0.1.m1.15888.m1	1
"signaling receptor activity"	GO:0004930;GO:0004888;GO:0038023;GO:0060089	2	aten_0.1.m1.3959.m1	-3
"signaling receptor activity"	GO:0004930;GO:0004888;GO:0038023;GO:0060089	2	aten_0.1.m1.4688.m1	-1
"signaling receptor activity"	GO:0004930;GO:0004888;GO:0038023;GO:0060089	2	aten_0.1.m1.6017.m1	15
"signaling receptor activity"	GO:0004930;GO:0004888;GO:0038023;GO:0060089	2	aten_0.1.m1.4716.m1	-7
"signaling receptor activity"	GO:0004930;GO:0004888;GO:0038023;GO:0060089	2	aten_0.1.m1.3658.m1	0
"signaling receptor activity"	GO:0004930;GO:0004888;GO:0038023;GO:0060089	2	aten_0.1.m1.23511.m1	10
"signaling receptor activity"	GO:0004930;GO:0004888;GO:0038023;GO:0060089	2	aten_0.1.m1.2634.m1	0
"signaling receptor activity"	GO:0004930;GO:0004888;GO:0038023;GO:0060089	2	aten_0.1.m1.15200.m1	-12
"signaling receptor activity"	GO:0004930;GO:0004888;GO:0038023;GO:0060089	2	aten_0.1.m1.972.m1	0
"signaling receptor activity"	GO:0004930;GO:0004888;GO:0038023;GO:0060089	2	aten_0.1.m1.27599.m1	24
"signaling receptor activity"	GO:0004930;GO:0004888;GO:0038023;GO:0060089	2	aten_0.1.m1.14640.m1	-14
"signaling receptor activity"	GO:0004930;GO:0004888;GO:0038023;GO:0060089	2	aten_0.1.m1.639.m1	8
"signaling receptor activity"	GO:0004930;GO:0004888;GO:0038023;GO:0060089	2	aten_0.1.m1.21917.m1	0
"signaling receptor activity"	GO:0004930;GO:0004888;GO:0038023;GO:0060089	2	aten_0.1.m1.19032.m1	-8
"signaling receptor activity"	GO:0004930;GO:0004888;GO:0038023;GO:0060089	2	aten_0.1.m1.4682.m1	25
"signaling receptor activity"	GO:0004930;GO:0004888;GO:0038023;GO:0060089	2	aten_0.1.m1.862.m1	0
"signaling receptor activity"	GO:0004930;GO:0004888;GO:0038023;GO:0060089	2	aten_0.1.m1.29033.m1	0
"signaling receptor activity"	GO:0004930;GO:0004888;GO:0038023;GO:0060089	2	aten_0.1.m1.3461.m1	-5
"signaling receptor activity"	GO:0004930;GO:0004888;GO:0038023;GO:0060089	2	aten_0.1.m1.1634.m1	2
"signaling receptor activity"	GO:0004930;GO:0004888;GO:0038023;GO:0060089	2	aten_0.1.m1.973.m1	-3
"signaling receptor activity"	GO:0004930;GO:0004888;GO:0038023;GO:0060089	2	aten_0.1.m1.967.m1	-2
"signaling receptor activity"	GO:0004930;GO:0004888;GO:0038023;GO:0060089	2	aten_0.1.m1.16294.m1	7
"signaling receptor activity"	GO:0004930;GO:0004888;GO:0038023;GO:0060089	2	aten_0.1.m1.10290.m1	-3
"signaling receptor activity"	GO:0004930;GO:0004888;GO:0038023;GO:0060089	2	aten_0.1.m1.11104.m1	-1
"signaling receptor activity"	GO:0004930;GO:0004888;GO:0038023;GO:0060089	2	aten_0.1.m1.12439.m1	-7
"signaling receptor activity"	GO:0004930;GO:0004888;GO:0038023;GO:0060089	2	aten_0.1.m1.33198.m1	-1
"signaling receptor activity"	GO:0004930;GO:0004888;GO:0038023;GO:0060089	2	aten_0.1.m1.4672.m1	2
"signaling receptor activity"	GO:0004930;GO:0004888;GO:0038023;GO:0060089	2	aten_0.1.m1.33126.m1	0
"signaling receptor activity"	GO:0004930;GO:0004888;GO:0038023;GO:0060089	2	aten_0.1.m1.5810.m1	-19
"signaling receptor activity"	GO:0004930;GO:0004888;GO:0038023;GO:0060089	2	aten_0.1.m1.24154.m1	-17
"signaling receptor activity"	GO:0004930;GO:0004888;GO:0038023;GO:0060089	2	aten_0.1.m1.4710.m1	-2
"signaling receptor activity"	GO:0004930;GO:0004888;GO:0038023;GO:0060089	2	aten_0.1.m1.23670.m1	7
"signaling receptor activity"	GO:0004930;GO:0004888;GO:0038023;GO:0060089	2	aten_0.1.m1.33568.m1	0
"signaling receptor activity"	GO:0004930;GO:0004888;GO:0038023;GO:0060089	2	aten_0.1.m1.23518.m1	0
"signaling receptor activity"	GO:0004930;GO:0004888;GO:0038023;GO:0060089	2	aten_0.1.m1.4763.m1	17
"signaling receptor activity"	GO:0004930;GO:0004888;GO:0038023;GO:0060089	2	aten_0.1.m1.4708.m1	-3
"signaling receptor activity"	GO:0004930;GO:0004888;GO:0038023;GO:0060089	2	aten_0.1.m1.32536.m1	5
"signaling receptor activity"	GO:0004930;GO:0004888;GO:0038023;GO:0060089	2	aten_0.1.m1.17698.m1	2
"signaling receptor activity"	GO:0004930;GO:0004888;GO:0038023;GO:0060089	2	aten_0.1.m1.992.m1	0
"signaling receptor activity"	GO:0004930;GO:0004888;GO:0038023;GO:0060089	2	aten_0.1.m1.360.m1	0
"signaling receptor activity"	GO:0004930;GO:0004888;GO:0038023;GO:0060089	2	aten_0.1.m1.713.m1	0
"signaling receptor activity"	GO:0004930;GO:0004888;GO:0038023;GO:0060089	2	aten_0.1.m1.7529.m1	-10
"signaling receptor activity"	GO:0004930;GO:0004888;GO:0038023;GO:0060089	2	aten_0.1.m1.6825.m1	0
"signaling receptor activity"	GO:0004930;GO:0004888;GO:0038023;GO:0060089	2	aten_0.1.m1.8970.m1	0
"signaling receptor activity"	GO:0004930;GO:0004888;GO:0038023;GO:0060089	2	aten_0.1.m1.10080.m1	0
"signaling receptor activity"	GO:0004930;GO:0004888;GO:0038023;GO:0060089	2	aten_0.1.m1.353.m1	-17
"signaling receptor activity"	GO:0004930;GO:0004888;GO:0038023;GO:0060089	2	aten_0.1.m1.15831.m1	-4
"signaling receptor activity"	GO:0004930;GO:0004888;GO:0038023;GO:0060089	2	aten_0.1.m1.22941.m1	0
"signaling receptor activity"	GO:0004930;GO:0004888;GO:0038023;GO:0060089	2	aten_0.1.m1.3462.m1	0
"signaling receptor activity"	GO:0004930;GO:0004888;GO:0038023;GO:0060089	2	aten_0.1.m1.7469.m1	7
"signaling receptor activity"	GO:0004930;GO:0004888;GO:0038023;GO:0060089	2	aten_0.1.m1.3323.m1	0
"signaling receptor activity"	GO:0004930;GO:0004888;GO:0038023;GO:0060089	2	aten_0.1.m1.19613.m1	0
"signaling receptor activity"	GO:0004930;GO:0004888;GO:0038023;GO:0060089	2	aten_0.1.m1.4686.m1	-2
"signaling receptor activity"	GO:0004930;GO:0004888;GO:0038023;GO:0060089	2	aten_0.1.m1.3332.m1	0
"signaling receptor activity"	GO:0004930;GO:0004888;GO:0038023;GO:0060089	2	aten_0.1.m1.26953.m1	0
"signaling receptor activity"	GO:0004930;GO:0004888;GO:0038023;GO:0060089	2	aten_0.1.m1.4813.m1	0
"signaling receptor activity"	GO:0004930;GO:0004888;GO:0038023;GO:0060089	2	aten_0.1.m1.33211.m1	0
"signaling receptor activity"	GO:0004930;GO:0004888;GO:0038023;GO:0060089	2	aten_0.1.m1.1073.m1	0
"signaling receptor activity"	GO:0004930;GO:0004888;GO:0038023;GO:0060089	2	aten_0.1.m1.6102.m1	7
"signaling receptor activity"	GO:0004930;GO:0004888;GO:0038023;GO:0060089	2	aten_0.1.m1.20118.m1	0
"signaling receptor activity"	GO:0004930;GO:0004888;GO:0038023;GO:0060089	2	aten_0.1.m1.23521.m1	0
"signaling receptor activity"	GO:0004930;GO:0004888;GO:0038023;GO:0060089	2	aten_0.1.m1.19967.m1	-4
"signaling receptor activity"	GO:0004930;GO:0004888;GO:0038023;GO:0060089	2	aten_0.1.m1.29582.m1	1
"signaling receptor activity"	GO:0004930;GO:0004888;GO:0038023;GO:0060089	2	aten_0.1.m1.12020.m1	-8
"signaling receptor activity"	GO:0004930;GO:0004888;GO:0038023;GO:0060089	2	aten_0.1.m1.17841.m1	10
"signaling receptor activity"	GO:0004930;GO:0004888;GO:0038023;GO:0060089	2	aten_0.1.m1.14709.m1	5
"signaling receptor activity"	GO:0004930;GO:0004888;GO:0038023;GO:0060089	2	aten_0.1.m1.15848.m1	0
"signaling receptor activity"	GO:0004930;GO:0004888;GO:0038023;GO:0060089	2	aten_0.1.m1.14592.m1	6
"signaling receptor activity"	GO:0004930;GO:0004888;GO:0038023;GO:0060089	2	aten_0.1.m1.5961.m1	0
"signaling receptor activity"	GO:0004930;GO:0004888;GO:0038023;GO:0060089	2	aten_0.1.m1.15909.m1	2
"signaling receptor activity"	GO:0004930;GO:0004888;GO:0038023;GO:0060089	2	aten_0.1.m1.33550.m1	2
"signaling receptor activity"	GO:0004930;GO:0004888;GO:0038023;GO:0060089	2	aten_0.1.m1.21911.m1	-6
"signaling receptor activity"	GO:0004930;GO:0004888;GO:0038023;GO:0060089	2	aten_0.1.m1.4703.m1	9
"signaling receptor activity"	GO:0004930;GO:0004888;GO:0038023;GO:0060089	2	aten_0.1.m1.14480.m1	-6
"signaling receptor activity"	GO:0004930;GO:0004888;GO:0038023;GO:0060089	2	aten_0.1.m1.12122.m1	1
"signaling receptor activity"	GO:0004930;GO:0004888;GO:0038023;GO:0060089	2	aten_0.1.m1.24189.m1	0
"signaling receptor activity"	GO:0004930;GO:0004888;GO:0038023;GO:0060089	2	aten_0.1.m1.24851.m1	4
"signaling receptor activity"	GO:0004930;GO:0004888;GO:0038023;GO:0060089	2	aten_0.1.m1.3345.m1	0
"signaling receptor activity"	GO:0004930;GO:0004888;GO:0038023;GO:0060089	2	aten_0.1.m1.27586.m1	15
"signaling receptor activity"	GO:0004930;GO:0004888;GO:0038023;GO:0060089	2	aten_0.1.m1.27568.m1	6
"signaling receptor activity"	GO:0004930;GO:0004888;GO:0038023;GO:0060089	2	aten_0.1.m1.14072.m1	-5
"signaling receptor activity"	GO:0004930;GO:0004888;GO:0038023;GO:0060089	2	aten_0.1.m1.27587.m1	2
"signaling receptor activity"	GO:0004930;GO:0004888;GO:0038023;GO:0060089	2	aten_0.1.m1.4681.m1	5
"signaling receptor activity"	GO:0004930;GO:0004888;GO:0038023;GO:0060089	2	aten_0.1.m1.13215.m1	-10
"signaling receptor activity"	GO:0004930;GO:0004888;GO:0038023;GO:0060089	2	aten_0.1.m1.12669.m1	0
"signaling receptor activity"	GO:0004930;GO:0004888;GO:0038023;GO:0060089	2	aten_0.1.m1.7606.m1	0
"signaling receptor activity"	GO:0004930;GO:0004888;GO:0038023;GO:0060089	2	aten_0.1.m1.23556.m1	0
"signaling receptor activity"	GO:0004930;GO:0004888;GO:0038023;GO:0060089	2	aten_0.1.m1.19905.m1	10
"signaling receptor activity"	GO:0004930;GO:0004888;GO:0038023;GO:0060089	2	aten_0.1.m1.12620.m1	-17
"signaling receptor activity"	GO:0004930;GO:0004888;GO:0038023;GO:0060089	2	aten_0.1.m1.28387.m1	0
"signaling receptor activity"	GO:0004930;GO:0004888;GO:0038023;GO:0060089	2	aten_0.1.m1.24198.m1	0
"signaling receptor activity"	GO:0004930;GO:0004888;GO:0038023;GO:0060089	2	aten_0.1.m1.12759.m1	0
"signaling receptor activity"	GO:0004930;GO:0004888;GO:0038023;GO:0060089	2	aten_0.1.m1.5554.m1	0
"signaling receptor activity"	GO:0004930;GO:0004888;GO:0038023;GO:0060089	2	aten_0.1.m1.27597.m1	7
"signaling receptor activity"	GO:0004930;GO:0004888;GO:0038023;GO:0060089	2	aten_0.1.m1.20878.m1	2
"signaling receptor activity"	GO:0004930;GO:0004888;GO:0038023;GO:0060089	2	aten_0.1.m1.19906.m1	-1
"signaling receptor activity"	GO:0004930;GO:0004888;GO:0038023;GO:0060089	2	aten_0.1.m1.14664.m1	-7
"signaling receptor activity"	GO:0004930;GO:0004888;GO:0038023;GO:0060089	2	aten_0.1.m1.3297.m1	10
"signaling receptor activity"	GO:0004930;GO:0004888;GO:0038023;GO:0060089	2	aten_0.1.m1.19947.m1	-7
"signaling receptor activity"	GO:0004930;GO:0004888;GO:0038023;GO:0060089	2	aten_0.1.m1.14614.m1	-11
"signaling receptor activity"	GO:0004930;GO:0004888;GO:0038023;GO:0060089	2	aten_0.1.m1.24934.m1	-16
"signaling receptor activity"	GO:0004930;GO:0004888;GO:0038023;GO:0060089	2	aten_0.1.m1.6067.m1	-10
"signaling receptor activity"	GO:0004930;GO:0004888;GO:0038023;GO:0060089	2	aten_0.1.m1.15663.m1	-5
"signaling receptor activity"	GO:0004930;GO:0004888;GO:0038023;GO:0060089	2	aten_0.1.m1.4241.m1	0
"signaling receptor activity"	GO:0004930;GO:0004888;GO:0038023;GO:0060089	2	aten_0.1.m1.25775.m1	-1
"signaling receptor activity"	GO:0004930;GO:0004888;GO:0038023;GO:0060089	2	aten_0.1.m1.16557.m1	-12
"signaling receptor activity"	GO:0004930;GO:0004888;GO:0038023;GO:0060089	2	aten_0.1.m1.8775.m1	-11
"signaling receptor activity"	GO:0004930;GO:0004888;GO:0038023;GO:0060089	2	aten_0.1.m1.31123.m1	2
"signaling receptor activity"	GO:0004930;GO:0004888;GO:0038023;GO:0060089	2	aten_0.1.m1.21588.m1	4
"signaling receptor activity"	GO:0004930;GO:0004888;GO:0038023;GO:0060089	2	aten_0.1.m1.21941.m1	7
"signaling receptor activity"	GO:0004930;GO:0004888;GO:0038023;GO:0060089	2	aten_0.1.m1.33658.m1	6
"signaling receptor activity"	GO:0004930;GO:0004888;GO:0038023;GO:0060089	2	aten_0.1.m1.31727.m1	9
"signaling receptor activity"	GO:0004930;GO:0004888;GO:0038023;GO:0060089	2	aten_0.1.m1.23824.m1	10
"signaling receptor activity"	GO:0004930;GO:0004888;GO:0038023;GO:0060089	2	aten_0.1.m1.12696.m1	10
"signaling receptor activity"	GO:0004930;GO:0004888;GO:0038023;GO:0060089	2	aten_0.1.m1.756.m1	1
"signaling receptor activity"	GO:0004930;GO:0004888;GO:0038023;GO:0060089	2	aten_0.1.m1.14647.m1	-13
"signaling receptor activity"	GO:0004930;GO:0004888;GO:0038023;GO:0060089	2	aten_0.1.m1.15829.m1	0
"signaling receptor activity"	GO:0004930;GO:0004888;GO:0038023;GO:0060089	2	aten_0.1.m1.15067.m1	-7
"signaling receptor activity"	GO:0004930;GO:0004888;GO:0038023;GO:0060089	2	aten_0.1.m1.23581.m1	-7
"signaling receptor activity"	GO:0004930;GO:0004888;GO:0038023;GO:0060089	2	aten_0.1.m1.31852.m1	-4
"signaling receptor activity"	GO:0004930;GO:0004888;GO:0038023;GO:0060089	2	aten_0.1.m1.13887.m1	4
"signaling receptor activity"	GO:0004930;GO:0004888;GO:0038023;GO:0060089	2	aten_0.1.m1.19994.m1	6
"signaling receptor activity"	GO:0004930;GO:0004888;GO:0038023;GO:0060089	2	aten_0.1.m1.5902.m1	-1
"signaling receptor activity"	GO:0004930;GO:0004888;GO:0038023;GO:0060089	2	aten_0.1.m1.15834.m1	0
"signaling receptor activity"	GO:0004930;GO:0004888;GO:0038023;GO:0060089	2	aten_0.1.m1.14073.m1	0
"signaling receptor activity"	GO:0004930;GO:0004888;GO:0038023;GO:0060089	2	aten_0.1.m1.21975.m1	0
"signaling receptor activity"	GO:0004930;GO:0004888;GO:0038023;GO:0060089	2	aten_0.1.m1.24134.m1	24
"signaling receptor activity"	GO:0004930;GO:0004888;GO:0038023;GO:0060089	2	aten_0.1.m1.4711.m1	-7
"signaling receptor activity"	GO:0004930;GO:0004888;GO:0038023;GO:0060089	2	aten_0.1.m1.26958.m1	-8
"signaling receptor activity"	GO:0004930;GO:0004888;GO:0038023;GO:0060089	2	aten_0.1.m1.23778.m1	-5
"signaling receptor activity"	GO:0004930;GO:0004888;GO:0038023;GO:0060089	2	aten_0.1.m1.19024.m1	0
"signaling receptor activity"	GO:0004930;GO:0004888;GO:0038023;GO:0060089	2	aten_0.1.m1.26436.m1	-17
"signaling receptor activity"	GO:0004930;GO:0004888;GO:0038023;GO:0060089	2	aten_0.1.m1.347.m1	0
"signaling receptor activity"	GO:0004930;GO:0004888;GO:0038023;GO:0060089	2	aten_0.1.m1.20138.m1	0
"signaling receptor activity"	GO:0004930;GO:0004888;GO:0038023;GO:0060089	2	aten_0.1.m1.1626.m1	0
"signaling receptor activity"	GO:0004930;GO:0004888;GO:0038023;GO:0060089	2	aten_0.1.m1.1270.m1	0
"signaling receptor activity"	GO:0004930;GO:0004888;GO:0038023;GO:0060089	2	aten_0.1.m1.12649.m1	17
"signaling receptor activity"	GO:0004930;GO:0004888;GO:0038023;GO:0060089	2	aten_0.1.m1.18172.m1	1
"signaling receptor activity"	GO:0004930;GO:0004888;GO:0038023;GO:0060089	2	aten_0.1.m1.749.m1	0
"signaling receptor activity"	GO:0004930;GO:0004888;GO:0038023;GO:0060089	2	aten_0.1.m1.12013.m1	-18
"signaling receptor activity"	GO:0004930;GO:0004888;GO:0038023;GO:0060089	2	aten_0.1.m1.15732.m1	11
"signaling receptor activity"	GO:0004930;GO:0004888;GO:0038023;GO:0060089	2	aten_0.1.m1.25233.m1	0
"signaling receptor activity"	GO:0004930;GO:0004888;GO:0038023;GO:0060089	2	aten_0.1.m1.12694.m1	0
"signaling receptor activity"	GO:0004930;GO:0004888;GO:0038023;GO:0060089	2	aten_0.1.m1.21903.m1	6
"signaling receptor activity"	GO:0004930;GO:0004888;GO:0038023;GO:0060089	2	aten_0.1.m1.10261.m1	0
"signaling receptor activity"	GO:0004930;GO:0004888;GO:0038023;GO:0060089	2	aten_0.1.m1.7537.m1	0
"signaling receptor activity"	GO:0004930;GO:0004888;GO:0038023;GO:0060089	2	aten_0.1.m1.20921.m1	-3
"signaling receptor activity"	GO:0004930;GO:0004888;GO:0038023;GO:0060089	2	aten_0.1.m1.25548.m1	-4
"signaling receptor activity"	GO:0004930;GO:0004888;GO:0038023;GO:0060089	2	aten_0.1.m1.32207.m1	-14
"signaling receptor activity"	GO:0004930;GO:0004888;GO:0038023;GO:0060089	2	aten_0.1.m1.20071.m1	6
"signaling receptor activity"	GO:0004930;GO:0004888;GO:0038023;GO:0060089	2	aten_0.1.m1.6491.m1	0
"signaling receptor activity"	GO:0004930;GO:0004888;GO:0038023;GO:0060089	2	aten_0.1.m1.28074.m1	2
"signaling receptor activity"	GO:0004930;GO:0004888;GO:0038023;GO:0060089	2	aten_0.1.m1.27771.m1	0
"signaling receptor activity"	GO:0004930;GO:0004888;GO:0038023;GO:0060089	2	aten_0.1.m1.13665.m1	-3
"signaling receptor activity"	GO:0004930;GO:0004888;GO:0038023;GO:0060089	2	aten_0.1.m1.16099.m1	-14
"signaling receptor activity"	GO:0004930;GO:0004888;GO:0038023;GO:0060089	2	aten_0.1.m1.2077.m1	0
"signaling receptor activity"	GO:0004930;GO:0004888;GO:0038023;GO:0060089	2	aten_0.1.m1.5645.m1	23
"signaling receptor activity"	GO:0004930;GO:0004888;GO:0038023;GO:0060089	2	aten_0.1.m1.23503.m1	0
"signaling receptor activity"	GO:0004930;GO:0004888;GO:0038023;GO:0060089	2	aten_0.1.m1.22891.m1	9
"signaling receptor activity"	GO:0004930;GO:0004888;GO:0038023;GO:0060089	2	aten_0.1.m1.27866.m1	-4
"signaling receptor activity"	GO:0004930;GO:0004888;GO:0038023;GO:0060089	2	aten_0.1.m1.20721.m1	-18
"signaling receptor activity"	GO:0004930;GO:0004888;GO:0038023;GO:0060089	2	aten_0.1.m1.25791.m1	0
"signaling receptor activity"	GO:0004930;GO:0004888;GO:0038023;GO:0060089	2	aten_0.1.m1.13958.m1	2
"signaling receptor activity"	GO:0004930;GO:0004888;GO:0038023;GO:0060089	2	aten_0.1.m1.8151.m1	-7
"signaling receptor activity"	GO:0004930;GO:0004888;GO:0038023;GO:0060089	2	aten_0.1.m1.1268.m1	17
"signaling receptor activity"	GO:0004930;GO:0004888;GO:0038023;GO:0060089	2	aten_0.1.m1.8171.m1	-2
"signaling receptor activity"	GO:0004930;GO:0004888;GO:0038023;GO:0060089	2	aten_0.1.m1.15306.m1	0
"signaling receptor activity"	GO:0004930;GO:0004888;GO:0038023;GO:0060089	2	aten_0.1.m1.1535.m1	7
"signaling receptor activity"	GO:0004930;GO:0004888;GO:0038023;GO:0060089	2	aten_0.1.m1.1532.m1	-7
"signaling receptor activity"	GO:0004930;GO:0004888;GO:0038023;GO:0060089	2	aten_0.1.m1.24826.m1	0
"signaling receptor activity"	GO:0004930;GO:0004888;GO:0038023;GO:0060089	2	aten_0.1.m1.1294.m1	0
"signaling receptor activity"	GO:0004930;GO:0004888;GO:0038023;GO:0060089	2	aten_0.1.m1.6734.m1	-6
"signaling receptor activity"	GO:0004930;GO:0004888;GO:0038023;GO:0060089	2	aten_0.1.m1.11945.m1	0
"signaling receptor activity"	GO:0004930;GO:0004888;GO:0038023;GO:0060089	2	aten_0.1.m1.10264.m1	0
"signaling receptor activity"	GO:0004930;GO:0004888;GO:0038023;GO:0060089	2	aten_0.1.m1.6973.m1	2
"signaling receptor activity"	GO:0004930;GO:0004888;GO:0038023;GO:0060089	2	aten_0.1.m1.8153.m1	-13
"signaling receptor activity"	GO:0004930;GO:0004888;GO:0038023;GO:0060089	2	aten_0.1.m1.20923.m1	-1
"signaling receptor activity"	GO:0004930;GO:0004888;GO:0038023;GO:0060089	2	aten_0.1.m1.5653.m1	10
"signaling receptor activity"	GO:0004930;GO:0004888;GO:0038023;GO:0060089	2	aten_0.1.m1.27886.m1	-1
"signaling receptor activity"	GO:0004930;GO:0004888;GO:0038023;GO:0060089	2	aten_0.1.m1.7575.m1	0
"signaling receptor activity"	GO:0004930;GO:0004888;GO:0038023;GO:0060089	2	aten_0.1.m1.23843.m1	6
"signaling receptor activity"	GO:0004930;GO:0004888;GO:0038023;GO:0060089	2	aten_0.1.m1.5845.m1	0
"signaling receptor activity"	GO:0004930;GO:0004888;GO:0038023;GO:0060089	2	aten_0.1.m1.23995.m1	3
"signaling receptor activity"	GO:0004930;GO:0004888;GO:0038023;GO:0060089	2	aten_0.1.m1.14121.m1	-12
"signaling receptor activity"	GO:0004930;GO:0004888;GO:0038023;GO:0060089	2	aten_0.1.m1.10260.m1	6
"signaling receptor activity"	GO:0004930;GO:0004888;GO:0038023;GO:0060089	2	aten_0.1.m1.16370.m1	-5
"signaling receptor activity"	GO:0004930;GO:0004888;GO:0038023;GO:0060089	2	aten_0.1.m1.29575.m1	19
"signaling receptor activity"	GO:0004930;GO:0004888;GO:0038023;GO:0060089	2	aten_0.1.m1.21243.m1	2
"signaling receptor activity"	GO:0004930;GO:0004888;GO:0038023;GO:0060089	2	aten_0.1.m1.20912.m1	-2
"signaling receptor activity"	GO:0004930;GO:0004888;GO:0038023;GO:0060089	2	aten_0.1.m1.7549.m1	0
"signaling receptor activity"	GO:0004930;GO:0004888;GO:0038023;GO:0060089	2	aten_0.1.m1.18072.m1	0
"signaling receptor activity"	GO:0004930;GO:0004888;GO:0038023;GO:0060089	2	aten_0.1.m1.140.m1	0
"signaling receptor activity"	GO:0004930;GO:0004888;GO:0038023;GO:0060089	2	aten_0.1.m1.5482.m1	10
"signaling receptor activity"	GO:0004930;GO:0004888;GO:0038023;GO:0060089	2	aten_0.1.m1.20610.m1	1
"signaling receptor activity"	GO:0004930;GO:0004888;GO:0038023;GO:0060089	2	aten_0.1.m1.32202.m1	-1
"signaling receptor activity"	GO:0004930;GO:0004888;GO:0038023;GO:0060089	2	aten_0.1.m1.478.m1	0
"signaling receptor activity"	GO:0004930;GO:0004888;GO:0038023;GO:0060089	2	aten_0.1.m1.10604.m1	-6
"signaling receptor activity"	GO:0004930;GO:0004888;GO:0038023;GO:0060089	2	aten_0.1.m1.8018.m1	-3
"signaling receptor activity"	GO:0004930;GO:0004888;GO:0038023;GO:0060089	2	aten_0.1.m1.8122.m1	0
"signaling receptor activity"	GO:0004930;GO:0004888;GO:0038023;GO:0060089	2	aten_0.1.m1.21983.m1	10
"signaling receptor activity"	GO:0004930;GO:0004888;GO:0038023;GO:0060089	2	aten_0.1.m1.21043.m1	0
"signaling receptor activity"	GO:0004930;GO:0004888;GO:0038023;GO:0060089	2	aten_0.1.m1.495.m1	1
"signaling receptor activity"	GO:0004930;GO:0004888;GO:0038023;GO:0060089	2	aten_0.1.m1.17506.m1	1
"signaling receptor activity"	GO:0004930;GO:0004888;GO:0038023;GO:0060089	2	aten_0.1.m1.18186.m1	0
"signaling receptor activity"	GO:0004930;GO:0004888;GO:0038023;GO:0060089	2	aten_0.1.m1.12719.m1	4
"signaling receptor activity"	GO:0004930;GO:0004888;GO:0038023;GO:0060089	2	aten_0.1.m1.3711.m1	0
"signaling receptor activity"	GO:0004930;GO:0004888;GO:0038023;GO:0060089	2	aten_0.1.m1.17501.m1	-3
"signaling receptor activity"	GO:0004930;GO:0004888;GO:0038023;GO:0060089	2	aten_0.1.m1.17502.m1	0
"signaling receptor activity"	GO:0004930;GO:0004888;GO:0038023;GO:0060089	2	aten_0.1.m1.17500.m1	0
"bubble DNA binding"	GO:0000405	2	aten_0.1.m1.27600.m1	-3
"bubble DNA binding"	GO:0000405	2	aten_0.1.m1.3477.m1	0
"bubble DNA binding"	GO:0000405	2	aten_0.1.m1.5459.m1	-7
"bubble DNA binding"	GO:0000405	2	aten_0.1.m1.16830.m1	-17
"bubble DNA binding"	GO:0000405	2	aten_0.1.m1.33110.m1	0
"calcium-dependent phospholipid binding"	GO:0005544	2	aten_0.1.m1.30427.m1	0
"calcium-dependent phospholipid binding"	GO:0005544	2	aten_0.1.m1.2062.m1	-12
"oxidoreductase activity, acting on the CH-NH2 group of donors, oxygen as acceptor"	GO:0016641;GO:0016638	4	aten_0.1.m1.17909.m1	0
"oxidoreductase activity, acting on the CH-NH2 group of donors, oxygen as acceptor"	GO:0016641;GO:0016638	4	aten_0.1.m1.32185.m1	7
"oxidoreductase activity, acting on the CH-NH2 group of donors, oxygen as acceptor"	GO:0016641;GO:0016638	4	aten_0.1.m1.6294.m1	-10
"exonuclease activity"	GO:0004527	5	aten_0.1.m1.22155.m1	-3
"exonuclease activity"	GO:0004527	5	aten_0.1.m1.15890.m1	-25
"exonuclease activity"	GO:0004527	5	aten_0.1.m1.17059.m1	-8
"exonuclease activity"	GO:0004527	5	aten_0.1.m1.24986.m1	0
"exonuclease activity"	GO:0004527	5	aten_0.1.m1.25201.m1	4
"exonuclease activity"	GO:0004527	5	aten_0.1.m1.21944.m1	0
"beta2-adrenergic receptor activity"	GO:0004941	2	aten_0.1.m1.19994.m1	6
"beta2-adrenergic receptor activity"	GO:0004941	2	aten_0.1.m1.1626.m1	0
"DNA binding"	GO:0003677	2	aten_0.1.m1.17226.m1	0
"DNA binding"	GO:0003677	2	aten_0.1.m1.15462.m1	17
"DNA binding"	GO:0003677	2	aten_0.1.m1.22332.m1	-4
"DNA binding"	GO:0003677	2	aten_0.1.m1.17438.m1	5
"DNA binding"	GO:0003677	2	aten_0.1.m1.1448.m1	0
"DNA binding"	GO:0003677	2	aten_0.1.m1.28838.m1	0
"DNA binding"	GO:0003677	2	aten_0.1.m1.25645.m1	14
"DNA binding"	GO:0003677	2	aten_0.1.m1.13253.m1	-16
"DNA binding"	GO:0003677	2	aten_0.1.m1.30518.m1	2
"DNA binding"	GO:0003677	2	aten_0.1.m1.11598.m1	7
"DNA binding"	GO:0003677	2	aten_0.1.m1.18838.m1	4
"DNA binding"	GO:0003677	2	aten_0.1.m1.3533.m1	-1
"DNA binding"	GO:0003677	2	aten_0.1.m1.27600.m1	-3
"DNA binding"	GO:0003677	2	aten_0.1.m1.7336.m1	-7
"DNA binding"	GO:0003677	2	aten_0.1.m1.32269.m1	-17
"DNA binding"	GO:0003677	2	aten_0.1.m1.1645.m1	-4
"DNA binding"	GO:0003677	2	aten_0.1.m1.14548.m1	0
"DNA binding"	GO:0003677	2	aten_0.1.m1.15232.m1	-3
"DNA binding"	GO:0003677	2	aten_0.1.m1.15861.m1	2
"DNA binding"	GO:0003677	2	aten_0.1.m1.11738.m1	7
"DNA binding"	GO:0003677	2	aten_0.1.m1.1153.m1	-6
"DNA binding"	GO:0003677	2	aten_0.1.m1.16864.m1	16
"DNA binding"	GO:0003677	2	aten_0.1.m1.11724.m1	-7
"DNA binding"	GO:0003677	2	aten_0.1.m1.21622.m1	0
"DNA binding"	GO:0003677	2	aten_0.1.m1.32728.m1	-10
"DNA binding"	GO:0003677	2	aten_0.1.m1.16710.m1	0
"DNA binding"	GO:0003677	2	aten_0.1.m1.20028.m1	1
"DNA binding"	GO:0003677	2	aten_0.1.m1.33439.m1	0
"DNA binding"	GO:0003677	2	aten_0.1.m1.10101.m1	10
"DNA binding"	GO:0003677	2	aten_0.1.m1.21004.m1	1
"DNA binding"	GO:0003677	2	aten_0.1.m1.9983.m1	0
"DNA binding"	GO:0003677	2	aten_0.1.m1.24821.m1	1
"DNA binding"	GO:0003677	2	aten_0.1.m1.9595.m1	3
"DNA binding"	GO:0003677	2	aten_0.1.m1.22910.m1	0
"DNA binding"	GO:0003677	2	aten_0.1.m1.20168.m1	21
"DNA binding"	GO:0003677	2	aten_0.1.m1.20840.m1	14
"DNA binding"	GO:0003677	2	aten_0.1.m1.8947.m1	-1
"DNA binding"	GO:0003677	2	aten_0.1.m1.19619.m1	9
"DNA binding"	GO:0003677	2	aten_0.1.m1.22235.m1	2
"DNA binding"	GO:0003677	2	aten_0.1.m1.2126.m1	0
"DNA binding"	GO:0003677	2	aten_0.1.m1.11022.m1	-7
"DNA binding"	GO:0003677	2	aten_0.1.m1.4545.m1	0
"DNA binding"	GO:0003677	2	aten_0.1.m1.18933.m1	0
"DNA binding"	GO:0003677	2	aten_0.1.m1.10922.m1	0
"DNA binding"	GO:0003677	2	aten_0.1.m1.8381.m1	-7
"DNA binding"	GO:0003677	2	aten_0.1.m1.33163.m1	0
"DNA binding"	GO:0003677	2	aten_0.1.m1.25938.m1	2
"DNA binding"	GO:0003677	2	aten_0.1.m1.19482.m1	2
"DNA binding"	GO:0003677	2	aten_0.1.m1.7972.m1	7
"DNA binding"	GO:0003677	2	aten_0.1.m1.13580.m1	4
"DNA binding"	GO:0003677	2	aten_0.1.m1.4663.m1	-1
"DNA binding"	GO:0003677	2	aten_0.1.m1.18964.m1	-4
"DNA binding"	GO:0003677	2	aten_0.1.m1.4630.m1	-8
"DNA binding"	GO:0003677	2	aten_0.1.m1.3477.m1	0
"DNA binding"	GO:0003677	2	aten_0.1.m1.18886.m1	19
"DNA binding"	GO:0003677	2	aten_0.1.m1.14322.m1	0
"DNA binding"	GO:0003677	2	aten_0.1.m1.33134.m1	-12
"DNA binding"	GO:0003677	2	aten_0.1.m1.24194.m1	5
"DNA binding"	GO:0003677	2	aten_0.1.m1.21637.m1	2
"DNA binding"	GO:0003677	2	aten_0.1.m1.5090.m1	0
"DNA binding"	GO:0003677	2	aten_0.1.m1.1028.m1	-4
"DNA binding"	GO:0003677	2	aten_0.1.m1.16709.m1	-19
"DNA binding"	GO:0003677	2	aten_0.1.m1.8720.m1	1
"DNA binding"	GO:0003677	2	aten_0.1.m1.12901.m1	0
"DNA binding"	GO:0003677	2	aten_0.1.m1.24499.m1	0
"DNA binding"	GO:0003677	2	aten_0.1.m1.15037.m1	0
"DNA binding"	GO:0003677	2	aten_0.1.m1.5622.m1	-11
"DNA binding"	GO:0003677	2	aten_0.1.m1.1647.m1	2
"DNA binding"	GO:0003677	2	aten_0.1.m1.31154.m1	0
"DNA binding"	GO:0003677	2	aten_0.1.m1.1114.m1	0
"DNA binding"	GO:0003677	2	aten_0.1.m1.17893.m1	-4
"DNA binding"	GO:0003677	2	aten_0.1.m1.8453.m1	0
"DNA binding"	GO:0003677	2	aten_0.1.m1.4914.m1	-5
"DNA binding"	GO:0003677	2	aten_0.1.m1.24242.m1	2
"DNA binding"	GO:0003677	2	aten_0.1.m1.21250.m1	0
"DNA binding"	GO:0003677	2	aten_0.1.m1.29023.m1	-7
"DNA binding"	GO:0003677	2	aten_0.1.m1.24772.m1	0
"DNA binding"	GO:0003677	2	aten_0.1.m1.14112.m1	-1
"DNA binding"	GO:0003677	2	aten_0.1.m1.29294.m1	-2
"DNA binding"	GO:0003677	2	aten_0.1.m1.6374.m1	38
"DNA binding"	GO:0003677	2	aten_0.1.m1.1737.m1	5
"DNA binding"	GO:0003677	2	aten_0.1.m1.29531.m1	-2
"DNA binding"	GO:0003677	2	aten_0.1.m1.8859.m1	-4
"DNA binding"	GO:0003677	2	aten_0.1.m1.32298.m1	0
"DNA binding"	GO:0003677	2	aten_0.1.m1.10673.m1	0
"DNA binding"	GO:0003677	2	aten_0.1.m1.7399.m1	1
"DNA binding"	GO:0003677	2	aten_0.1.m1.3523.m1	0
"DNA binding"	GO:0003677	2	aten_0.1.m1.21934.m1	10
"DNA binding"	GO:0003677	2	aten_0.1.m1.5526.m1	6
"DNA binding"	GO:0003677	2	aten_0.1.m1.2428.m1	0
"DNA binding"	GO:0003677	2	aten_0.1.m1.17979.m1	4
"DNA binding"	GO:0003677	2	aten_0.1.m1.15197.m1	14
"DNA binding"	GO:0003677	2	aten_0.1.m1.11487.m1	-14
"DNA binding"	GO:0003677	2	aten_0.1.m1.22149.m1	2
"DNA binding"	GO:0003677	2	aten_0.1.m1.5459.m1	-7
"DNA binding"	GO:0003677	2	aten_0.1.m1.10341.m1	0
"DNA binding"	GO:0003677	2	aten_0.1.m1.14991.m1	0
"DNA binding"	GO:0003677	2	aten_0.1.m1.15461.m1	0
"DNA binding"	GO:0003677	2	aten_0.1.m1.25899.m1	-12
"DNA binding"	GO:0003677	2	aten_0.1.m1.3394.m1	-9
"DNA binding"	GO:0003677	2	aten_0.1.m1.21114.m1	2
"DNA binding"	GO:0003677	2	aten_0.1.m1.27050.m1	-13
"DNA binding"	GO:0003677	2	aten_0.1.m1.2678.m1	9
"DNA binding"	GO:0003677	2	aten_0.1.m1.15118.m1	3
"DNA binding"	GO:0003677	2	aten_0.1.m1.13997.m1	-18
"DNA binding"	GO:0003677	2	aten_0.1.m1.22012.m1	-5
"DNA binding"	GO:0003677	2	aten_0.1.m1.1116.m1	12
"DNA binding"	GO:0003677	2	aten_0.1.m1.8948.m1	-1
"DNA binding"	GO:0003677	2	aten_0.1.m1.22301.m1	10
"DNA binding"	GO:0003677	2	aten_0.1.m1.20842.m1	2
"DNA binding"	GO:0003677	2	aten_0.1.m1.16830.m1	-17
"DNA binding"	GO:0003677	2	aten_0.1.m1.8062.m1	-8
"DNA binding"	GO:0003677	2	aten_0.1.m1.16700.m1	10
"DNA binding"	GO:0003677	2	aten_0.1.m1.33110.m1	0
"DNA binding"	GO:0003677	2	aten_0.1.m1.8318.m1	-9
"DNA binding"	GO:0003677	2	aten_0.1.m1.9316.m1	-7
"DNA binding"	GO:0003677	2	aten_0.1.m1.27858.m1	0
"DNA binding"	GO:0003677	2	aten_0.1.m1.21529.m1	-10
"DNA binding"	GO:0003677	2	aten_0.1.m1.32210.m1	9
"DNA binding"	GO:0003677	2	aten_0.1.m1.18630.m1	0
"DNA binding"	GO:0003677	2	aten_0.1.m1.19861.m1	1
"DNA binding"	GO:0003677	2	aten_0.1.m1.21584.m1	0
"DNA binding"	GO:0003677	2	aten_0.1.m1.16017.m1	0
"DNA binding"	GO:0003677	2	aten_0.1.m1.20832.m1	-3
"DNA binding"	GO:0003677	2	aten_0.1.m1.5927.m1	-1
"DNA binding"	GO:0003677	2	aten_0.1.m1.20470.m1	0
"DNA binding"	GO:0003677	2	aten_0.1.m1.14287.m1	0
"DNA binding"	GO:0003677	2	aten_0.1.m1.22467.m1	0
"DNA binding"	GO:0003677	2	aten_0.1.m1.18643.m1	8
"DNA binding"	GO:0003677	2	aten_0.1.m1.13254.m1	0
"DNA binding"	GO:0003677	2	aten_0.1.m1.29326.m1	6
"DNA binding"	GO:0003677	2	aten_0.1.m1.1003.m1	14
"DNA binding"	GO:0003677	2	aten_0.1.m1.22227.m1	12
"DNA binding"	GO:0003677	2	aten_0.1.m1.2759.m1	0
"DNA binding"	GO:0003677	2	aten_0.1.m1.13335.m1	-5
"DNA binding"	GO:0003677	2	aten_0.1.m1.13261.m1	0
"DNA binding"	GO:0003677	2	aten_0.1.m1.15429.m1	0
"DNA binding"	GO:0003677	2	aten_0.1.m1.1025.m1	0
"DNA binding"	GO:0003677	2	aten_0.1.m1.16251.m1	0
"DNA binding"	GO:0003677	2	aten_0.1.m1.11649.m1	0
"DNA binding"	GO:0003677	2	aten_0.1.m1.4386.m1	0
"DNA binding"	GO:0003677	2	aten_0.1.m1.19244.m1	-2
"DNA binding"	GO:0003677	2	aten_0.1.m1.18608.m1	0
"DNA binding"	GO:0003677	2	aten_0.1.m1.16869.m1	-2
"DNA binding"	GO:0003677	2	aten_0.1.m1.19210.m1	1
"DNA binding"	GO:0003677	2	aten_0.1.m1.23982.m1	-5
"DNA binding"	GO:0003677	2	aten_0.1.m1.1047.m1	15
"DNA binding"	GO:0003677	2	aten_0.1.m1.9990.m1	-1
"DNA binding"	GO:0003677	2	aten_0.1.m1.8585.m1	0
"DNA binding"	GO:0003677	2	aten_0.1.m1.237.m1	2
"DNA binding"	GO:0003677	2	aten_0.1.m1.15340.m1	0
"DNA binding"	GO:0003677	2	aten_0.1.m1.8776.m1	8
"DNA binding"	GO:0003677	2	aten_0.1.m1.18651.m1	0
"DNA binding"	GO:0003677	2	aten_0.1.m1.8091.m1	0
"DNA binding"	GO:0003677	2	aten_0.1.m1.25389.m1	0
"DNA binding"	GO:0003677	2	aten_0.1.m1.15081.m1	0
"DNA binding"	GO:0003677	2	aten_0.1.m1.10747.m1	0
"DNA binding"	GO:0003677	2	aten_0.1.m1.24549.m1	-8
"DNA binding"	GO:0003677	2	aten_0.1.m1.8946.m1	-15
"oxidoreductase activity, oxidizing metal ions"	GO:0016722	2	aten_0.1.m1.20544.m1	0
"oxidoreductase activity, oxidizing metal ions"	GO:0016722	2	aten_0.1.m1.20851.m1	-3
"oxidoreductase activity, oxidizing metal ions"	GO:0016722	2	aten_0.1.m1.20852.m1	0
"oxidoreductase activity, oxidizing metal ions"	GO:0016722	2	aten_0.1.m1.966.m1	-24
"transcription regulator activity"	GO:0000981;GO:0003700;GO:0140110	3	aten_0.1.m1.12803.m1	-22
"transcription regulator activity"	GO:0000981;GO:0003700;GO:0140110	3	aten_0.1.m1.12915.m1	0
"transcription regulator activity"	GO:0000981;GO:0003700;GO:0140110	3	aten_0.1.m1.2624.m1	0
"transcription regulator activity"	GO:0000981;GO:0003700;GO:0140110	3	aten_0.1.m1.22980.m1	2
"transcription regulator activity"	GO:0000981;GO:0003700;GO:0140110	3	aten_0.1.m1.18065.m1	0
"transcription regulator activity"	GO:0000981;GO:0003700;GO:0140110	3	aten_0.1.m1.12075.m1	0
"transcription regulator activity"	GO:0000981;GO:0003700;GO:0140110	3	aten_0.1.m1.17047.m1	9
"transcription regulator activity"	GO:0000981;GO:0003700;GO:0140110	3	aten_0.1.m1.20798.m1	1
"transcription regulator activity"	GO:0000981;GO:0003700;GO:0140110	3	aten_0.1.m1.26308.m1	0
"transcription regulator activity"	GO:0000981;GO:0003700;GO:0140110	3	aten_0.1.m1.24176.m1	0
"transcription regulator activity"	GO:0000981;GO:0003700;GO:0140110	3	aten_0.1.m1.7831.m1	-9
"transcription regulator activity"	GO:0000981;GO:0003700;GO:0140110	3	aten_0.1.m1.21226.m1	3
"transcription regulator activity"	GO:0000981;GO:0003700;GO:0140110	3	aten_0.1.m1.15579.m1	4
"transcription regulator activity"	GO:0000981;GO:0003700;GO:0140110	3	aten_0.1.m1.6599.m1	-1
"transcription regulator activity"	GO:0000981;GO:0003700;GO:0140110	3	aten_0.1.m1.3438.m1	0
"transcription regulator activity"	GO:0000981;GO:0003700;GO:0140110	3	aten_0.1.m1.7493.m1	3
"transcription regulator activity"	GO:0000981;GO:0003700;GO:0140110	3	aten_0.1.m1.8338.m1	9
"transcription regulator activity"	GO:0000981;GO:0003700;GO:0140110	3	aten_0.1.m1.3692.m1	4
"transcription regulator activity"	GO:0000981;GO:0003700;GO:0140110	3	aten_0.1.m1.25798.m1	0
"transcription regulator activity"	GO:0000981;GO:0003700;GO:0140110	3	aten_0.1.m1.2814.m1	0
"transcription regulator activity"	GO:0000981;GO:0003700;GO:0140110	3	aten_0.1.m1.7270.m1	2
"transcription regulator activity"	GO:0000981;GO:0003700;GO:0140110	3	aten_0.1.m1.34118.m1	0
"transcription regulator activity"	GO:0000981;GO:0003700;GO:0140110	3	aten_0.1.m1.2924.m1	0
"transcription regulator activity"	GO:0000981;GO:0003700;GO:0140110	3	aten_0.1.m1.1364.m1	-5
"transcription regulator activity"	GO:0000981;GO:0003700;GO:0140110	3	aten_0.1.m1.30624.m1	21
"transcription regulator activity"	GO:0000981;GO:0003700;GO:0140110	3	aten_0.1.m1.13309.m1	-14
"transcription regulator activity"	GO:0000981;GO:0003700;GO:0140110	3	aten_0.1.m1.22809.m1	0
"transcription regulator activity"	GO:0000981;GO:0003700;GO:0140110	3	aten_0.1.m1.28878.m1	8
"transcription regulator activity"	GO:0000981;GO:0003700;GO:0140110	3	aten_0.1.m1.13382.m1	-5
"transcription regulator activity"	GO:0000981;GO:0003700;GO:0140110	3	aten_0.1.m1.19169.m1	10
"transcription regulator activity"	GO:0000981;GO:0003700;GO:0140110	3	aten_0.1.m1.22652.m1	-7
"transcription regulator activity"	GO:0000981;GO:0003700;GO:0140110	3	aten_0.1.m1.33508.m1	-28
"transcription regulator activity"	GO:0000981;GO:0003700;GO:0140110	3	aten_0.1.m1.2846.m1	0
"transcription regulator activity"	GO:0000981;GO:0003700;GO:0140110	3	aten_0.1.m1.9439.m1	-2
"transcription regulator activity"	GO:0000981;GO:0003700;GO:0140110	3	aten_0.1.m1.18052.m1	-8
"transcription regulator activity"	GO:0000981;GO:0003700;GO:0140110	3	aten_0.1.m1.13550.m1	-7
"transcription regulator activity"	GO:0000981;GO:0003700;GO:0140110	3	aten_0.1.m1.2561.m1	-6
"transcription regulator activity"	GO:0000981;GO:0003700;GO:0140110	3	aten_0.1.m1.15794.m1	1
"transcription regulator activity"	GO:0000981;GO:0003700;GO:0140110	3	aten_0.1.m1.21147.m1	-13
"transcription regulator activity"	GO:0000981;GO:0003700;GO:0140110	3	aten_0.1.m1.7230.m1	-1
"transcription regulator activity"	GO:0000981;GO:0003700;GO:0140110	3	aten_0.1.m1.24129.m1	4
"transcription regulator activity"	GO:0000981;GO:0003700;GO:0140110	3	aten_0.1.m1.28331.m1	-2
"transcription regulator activity"	GO:0000981;GO:0003700;GO:0140110	3	aten_0.1.m1.12377.m1	2
"transcription regulator activity"	GO:0000981;GO:0003700;GO:0140110	3	aten_0.1.m1.11675.m1	-7
"transcription regulator activity"	GO:0000981;GO:0003700;GO:0140110	3	aten_0.1.m1.16061.m1	-4
"transcription regulator activity"	GO:0000981;GO:0003700;GO:0140110	3	aten_0.1.m1.3721.m1	0
"transcription regulator activity"	GO:0000981;GO:0003700;GO:0140110	3	aten_0.1.m1.26115.m1	-18
"transcription regulator activity"	GO:0000981;GO:0003700;GO:0140110	3	aten_0.1.m1.7321.m1	5
"transcription regulator activity"	GO:0000981;GO:0003700;GO:0140110	3	aten_0.1.m1.28652.m1	-7
"transcription regulator activity"	GO:0000981;GO:0003700;GO:0140110	3	aten_0.1.m1.17243.m1	-13
"transcription regulator activity"	GO:0000981;GO:0003700;GO:0140110	3	aten_0.1.m1.3505.m1	13
"transcription regulator activity"	GO:0000981;GO:0003700;GO:0140110	3	aten_0.1.m1.28793.m1	0
"transcription regulator activity"	GO:0000981;GO:0003700;GO:0140110	3	aten_0.1.m1.15242.m1	11
"transcription regulator activity"	GO:0000981;GO:0003700;GO:0140110	3	aten_0.1.m1.27351.m1	-1
"transcription regulator activity"	GO:0000981;GO:0003700;GO:0140110	3	aten_0.1.m1.25734.m1	26
"transcription regulator activity"	GO:0000981;GO:0003700;GO:0140110	3	aten_0.1.m1.2787.m1	-10
"transcription regulator activity"	GO:0000981;GO:0003700;GO:0140110	3	aten_0.1.m1.15045.m1	0
"transcription regulator activity"	GO:0000981;GO:0003700;GO:0140110	3	aten_0.1.m1.22224.m1	14
"transcription regulator activity"	GO:0000981;GO:0003700;GO:0140110	3	aten_0.1.m1.15240.m1	0
"transcription regulator activity"	GO:0000981;GO:0003700;GO:0140110	3	aten_0.1.m1.12870.m1	0
"transcription regulator activity"	GO:0000981;GO:0003700;GO:0140110	3	aten_0.1.m1.28300.m1	-9
"transcription regulator activity"	GO:0000981;GO:0003700;GO:0140110	3	aten_0.1.m1.23385.m1	-1
"transcription regulator activity"	GO:0000981;GO:0003700;GO:0140110	3	aten_0.1.m1.16437.m1	-14
"transcription regulator activity"	GO:0000981;GO:0003700;GO:0140110	3	aten_0.1.m1.5229.m1	6
"transcription regulator activity"	GO:0000981;GO:0003700;GO:0140110	3	aten_0.1.m1.21732.m1	0
"transcription regulator activity"	GO:0000981;GO:0003700;GO:0140110	3	aten_0.1.m1.29140.m1	-4
"transcription regulator activity"	GO:0000981;GO:0003700;GO:0140110	3	aten_0.1.m1.9406.m1	0
"aldehyde-lyase activity"	GO:0016832	2	aten_0.1.m1.363.m1	0
"aldehyde-lyase activity"	GO:0016832	2	aten_0.1.m1.18877.m1	28
"RNA-directed DNA polymerase activity"	GO:0003964;GO:0034061	4	aten_0.1.m1.32510.m1	-22
"RNA-directed DNA polymerase activity"	GO:0003964;GO:0034061	4	aten_0.1.m1.31221.m1	-9
"RNA-directed DNA polymerase activity"	GO:0003964;GO:0034061	4	aten_0.1.m1.28586.m1	0
"RNA-directed DNA polymerase activity"	GO:0003964;GO:0034061	4	aten_0.1.m1.17197.m1	-1
"RNA-directed DNA polymerase activity"	GO:0003964;GO:0034061	4	aten_0.1.m1.24186.m1	0
"RNA-directed DNA polymerase activity"	GO:0003964;GO:0034061	4	aten_0.1.m1.9799.m1	-11
"acyl-CoA desaturase activity"	GO:0004768;GO:0016215;GO:0016717	5	aten_0.1.m1.5123.m1	-9
"acyl-CoA desaturase activity"	GO:0004768;GO:0016215;GO:0016717	5	aten_0.1.m1.5133.m1	0
"xanthine dehydrogenase activity"	GO:0004854;GO:0016726	5	aten_0.1.m1.4603.m1	0
"xanthine dehydrogenase activity"	GO:0004854;GO:0016726	5	aten_0.1.m1.4602.m1	0
"melanocortin receptor activity"	GO:0004977	2	aten_0.1.m1.753.m1	-2
"melanocortin receptor activity"	GO:0004977	2	aten_0.1.m1.14585.m1	-15
"melanocortin receptor activity"	GO:0004977	2	aten_0.1.m1.11325.m1	0
"melanocortin receptor activity"	GO:0004977	2	aten_0.1.m1.15888.m1	1
"melanocortin receptor activity"	GO:0004977	2	aten_0.1.m1.15848.m1	0
"melanocortin receptor activity"	GO:0004977	2	aten_0.1.m1.14664.m1	-7
"melanocortin receptor activity"	GO:0004977	2	aten_0.1.m1.14614.m1	-11
"melanocortin receptor activity"	GO:0004977	2	aten_0.1.m1.14647.m1	-13
"melanocortin receptor activity"	GO:0004977	2	aten_0.1.m1.15834.m1	0
"RNA polymerase II cis-regulatory region sequence-specific DNA binding"	GO:0000978;GO:0000987	2	aten_0.1.m1.15462.m1	17
"RNA polymerase II cis-regulatory region sequence-specific DNA binding"	GO:0000978;GO:0000987	2	aten_0.1.m1.3533.m1	-1
"RNA polymerase II cis-regulatory region sequence-specific DNA binding"	GO:0000978;GO:0000987	2	aten_0.1.m1.7336.m1	-7
"RNA polymerase II cis-regulatory region sequence-specific DNA binding"	GO:0000978;GO:0000987	2	aten_0.1.m1.32269.m1	-17
"RNA polymerase II cis-regulatory region sequence-specific DNA binding"	GO:0000978;GO:0000987	2	aten_0.1.m1.11724.m1	-7
"RNA polymerase II cis-regulatory region sequence-specific DNA binding"	GO:0000978;GO:0000987	2	aten_0.1.m1.20028.m1	1
"RNA polymerase II cis-regulatory region sequence-specific DNA binding"	GO:0000978;GO:0000987	2	aten_0.1.m1.33439.m1	0
"RNA polymerase II cis-regulatory region sequence-specific DNA binding"	GO:0000978;GO:0000987	2	aten_0.1.m1.10101.m1	10
"RNA polymerase II cis-regulatory region sequence-specific DNA binding"	GO:0000978;GO:0000987	2	aten_0.1.m1.2126.m1	0
"RNA polymerase II cis-regulatory region sequence-specific DNA binding"	GO:0000978;GO:0000987	2	aten_0.1.m1.33134.m1	-12
"RNA polymerase II cis-regulatory region sequence-specific DNA binding"	GO:0000978;GO:0000987	2	aten_0.1.m1.21637.m1	2
"RNA polymerase II cis-regulatory region sequence-specific DNA binding"	GO:0000978;GO:0000987	2	aten_0.1.m1.4914.m1	-5
"RNA polymerase II cis-regulatory region sequence-specific DNA binding"	GO:0000978;GO:0000987	2	aten_0.1.m1.1737.m1	5
"RNA polymerase II cis-regulatory region sequence-specific DNA binding"	GO:0000978;GO:0000987	2	aten_0.1.m1.5526.m1	6
"RNA polymerase II cis-regulatory region sequence-specific DNA binding"	GO:0000978;GO:0000987	2	aten_0.1.m1.22149.m1	2
"RNA polymerase II cis-regulatory region sequence-specific DNA binding"	GO:0000978;GO:0000987	2	aten_0.1.m1.14991.m1	0
"RNA polymerase II cis-regulatory region sequence-specific DNA binding"	GO:0000978;GO:0000987	2	aten_0.1.m1.15461.m1	0
"RNA polymerase II cis-regulatory region sequence-specific DNA binding"	GO:0000978;GO:0000987	2	aten_0.1.m1.3394.m1	-9
"RNA polymerase II cis-regulatory region sequence-specific DNA binding"	GO:0000978;GO:0000987	2	aten_0.1.m1.16700.m1	10
"RNA polymerase II cis-regulatory region sequence-specific DNA binding"	GO:0000978;GO:0000987	2	aten_0.1.m1.9316.m1	-7
"RNA polymerase II cis-regulatory region sequence-specific DNA binding"	GO:0000978;GO:0000987	2	aten_0.1.m1.32210.m1	9
"RNA polymerase II cis-regulatory region sequence-specific DNA binding"	GO:0000978;GO:0000987	2	aten_0.1.m1.18630.m1	0
"RNA polymerase II cis-regulatory region sequence-specific DNA binding"	GO:0000978;GO:0000987	2	aten_0.1.m1.16017.m1	0
"RNA polymerase II cis-regulatory region sequence-specific DNA binding"	GO:0000978;GO:0000987	2	aten_0.1.m1.18643.m1	8
"monocarboxylic acid transmembrane transporter activity"	GO:0005313;GO:0015172;GO:0015245;GO:0008028	5	aten_0.1.m1.30357.m1	0
"monocarboxylic acid transmembrane transporter activity"	GO:0005313;GO:0015172;GO:0015245;GO:0008028	5	aten_0.1.m1.30383.m1	0
"monocarboxylic acid transmembrane transporter activity"	GO:0005313;GO:0015172;GO:0015245;GO:0008028	5	aten_0.1.m1.30404.m1	2
"monocarboxylic acid transmembrane transporter activity"	GO:0005313;GO:0015172;GO:0015245;GO:0008028	5	aten_0.1.m1.26691.m1	0
"monocarboxylic acid transmembrane transporter activity"	GO:0005313;GO:0015172;GO:0015245;GO:0008028	5	aten_0.1.m1.26450.m1	16
"monocarboxylic acid transmembrane transporter activity"	GO:0005313;GO:0015172;GO:0015245;GO:0008028	5	aten_0.1.m1.17784.m1	-3
"monocarboxylic acid transmembrane transporter activity"	GO:0005313;GO:0015172;GO:0015245;GO:0008028	5	aten_0.1.m1.30382.m1	0
"lyase activity"	GO:0016829	2	aten_0.1.m1.4392.m1	0
"lyase activity"	GO:0016829	2	aten_0.1.m1.27231.m1	-29
"lyase activity"	GO:0016829	2	aten_0.1.m1.19385.m1	0
"lyase activity"	GO:0016829	2	aten_0.1.m1.11207.m1	-8
"lyase activity"	GO:0016829	2	aten_0.1.m1.18085.m1	0
"lyase activity"	GO:0016829	2	aten_0.1.m1.5887.m1	7
"lyase activity"	GO:0016829	2	aten_0.1.m1.25162.m1	-10
"lyase activity"	GO:0016829	2	aten_0.1.m1.25001.m1	0
"lyase activity"	GO:0016829	2	aten_0.1.m1.11208.m1	0
"lyase activity"	GO:0016829	2	aten_0.1.m1.5364.m1	10
"lyase activity"	GO:0016829	2	aten_0.1.m1.1407.m1	0
"lyase activity"	GO:0016829	2	aten_0.1.m1.29695.m1	13
"lyase activity"	GO:0016829	2	aten_0.1.m1.32232.m1	-31
"lyase activity"	GO:0016829	2	aten_0.1.m1.13117.m1	12
"lyase activity"	GO:0016829	2	aten_0.1.m1.33938.m1	-10
"lyase activity"	GO:0016829	2	aten_0.1.m1.13102.m1	0
"lyase activity"	GO:0016829	2	aten_0.1.m1.20124.m1	24
"lyase activity"	GO:0016829	2	aten_0.1.m1.25617.m1	-3
"lyase activity"	GO:0016829	2	aten_0.1.m1.29694.m1	0
"lyase activity"	GO:0016829	2	aten_0.1.m1.2615.m1	0
"lyase activity"	GO:0016829	2	aten_0.1.m1.363.m1	0
"lyase activity"	GO:0016829	2	aten_0.1.m1.18877.m1	28
"lyase activity"	GO:0016829	2	aten_0.1.m1.4856.m1	7
"lyase activity"	GO:0016829	2	aten_0.1.m1.14905.m1	2
"lyase activity"	GO:0016829	2	aten_0.1.m1.2609.m1	0
"lyase activity"	GO:0016829	2	aten_0.1.m1.30426.m1	-4
"lyase activity"	GO:0016829	2	aten_0.1.m1.24177.m1	8
"lyase activity"	GO:0016829	2	aten_0.1.m1.565.m1	9
"lyase activity"	GO:0016829	2	aten_0.1.m1.6479.m1	-4
"protein serine/threonine phosphatase activity"	GO:0004722	4	aten_0.1.m1.18211.m1	-13
"protein serine/threonine phosphatase activity"	GO:0004722	4	aten_0.1.m1.11486.m1	-3
"protein serine/threonine phosphatase activity"	GO:0004722	4	aten_0.1.m1.13901.m1	0
"steroid binding"	GO:0005496	3	aten_0.1.m1.8059.m1	0
"steroid binding"	GO:0005496	3	aten_0.1.m1.26552.m1	-12
"aminoacyl-tRNA editing activity"	GO:0002161	2	aten_0.1.m1.28618.m1	0
"aminoacyl-tRNA editing activity"	GO:0002161	2	aten_0.1.m1.28617.m1	0
"aminoacyl-tRNA editing activity"	GO:0002161	2	aten_0.1.m1.19814.m1	0
"microtubule motor activity"	GO:0003777	2	aten_0.1.m1.22314.m1	-5
"microtubule motor activity"	GO:0003777	2	aten_0.1.m1.2824.m1	0
"microtubule motor activity"	GO:0003777	2	aten_0.1.m1.6040.m1	0
"microtubule motor activity"	GO:0003777	2	aten_0.1.m1.22306.m1	-3
"microtubule motor activity"	GO:0003777	2	aten_0.1.m1.2386.m1	0
"microtubule motor activity"	GO:0003777	2	aten_0.1.m1.1554.m1	0
"microtubule motor activity"	GO:0003777	2	aten_0.1.m1.16630.m1	-17
"microtubule motor activity"	GO:0003777	2	aten_0.1.m1.19299.m1	4
"microtubule motor activity"	GO:0003777	2	aten_0.1.m1.9777.m1	0
"microtubule motor activity"	GO:0003777	2	aten_0.1.m1.29972.m1	0
"microtubule motor activity"	GO:0003777	2	aten_0.1.m1.11329.m1	0
"phosphoric ester hydrolase activity"	GO:0042578;GO:0016791	4	aten_0.1.m1.7828.m1	9
"phosphoric ester hydrolase activity"	GO:0042578;GO:0016791	4	aten_0.1.m1.15669.m1	9
"phosphoric ester hydrolase activity"	GO:0042578;GO:0016791	4	aten_0.1.m1.2273.m1	0
"phosphoric ester hydrolase activity"	GO:0042578;GO:0016791	4	aten_0.1.m1.6491.m1	0
"phosphoric ester hydrolase activity"	GO:0042578;GO:0016791	4	aten_0.1.m1.5645.m1	23
"phosphoric ester hydrolase activity"	GO:0042578;GO:0016791	4	aten_0.1.m1.20808.m1	0
"phosphoric ester hydrolase activity"	GO:0042578;GO:0016791	4	aten_0.1.m1.12764.m1	13
"phosphoric ester hydrolase activity"	GO:0042578;GO:0016791	4	aten_0.1.m1.3433.m1	0
"phosphoric ester hydrolase activity"	GO:0042578;GO:0016791	4	aten_0.1.m1.2929.m1	4
"phosphoric ester hydrolase activity"	GO:0042578;GO:0016791	4	aten_0.1.m1.19564.m1	-8
"phosphoric ester hydrolase activity"	GO:0042578;GO:0016791	4	aten_0.1.m1.22966.m1	7
"phosphoric ester hydrolase activity"	GO:0042578;GO:0016791	4	aten_0.1.m1.10903.m1	0
"phosphoric ester hydrolase activity"	GO:0042578;GO:0016791	4	aten_0.1.m1.18211.m1	-13
"phosphoric ester hydrolase activity"	GO:0042578;GO:0016791	4	aten_0.1.m1.13999.m1	-4
"phosphoric ester hydrolase activity"	GO:0042578;GO:0016791	4	aten_0.1.m1.21070.m1	-6
"phosphoric ester hydrolase activity"	GO:0042578;GO:0016791	4	aten_0.1.m1.5653.m1	10
"phosphoric ester hydrolase activity"	GO:0042578;GO:0016791	4	aten_0.1.m1.1185.m1	0
"phosphoric ester hydrolase activity"	GO:0042578;GO:0016791	4	aten_0.1.m1.5651.m1	-3
"phosphoric ester hydrolase activity"	GO:0042578;GO:0016791	4	aten_0.1.m1.2136.m1	-7
"phosphoric ester hydrolase activity"	GO:0042578;GO:0016791	4	aten_0.1.m1.6754.m1	0
"phosphoric ester hydrolase activity"	GO:0042578;GO:0016791	4	aten_0.1.m1.27909.m1	-6
"phosphoric ester hydrolase activity"	GO:0042578;GO:0016791	4	aten_0.1.m1.11486.m1	-3
"phosphoric ester hydrolase activity"	GO:0042578;GO:0016791	4	aten_0.1.m1.5845.m1	0
"phosphoric ester hydrolase activity"	GO:0042578;GO:0016791	4	aten_0.1.m1.1794.m1	0
"phosphoric ester hydrolase activity"	GO:0042578;GO:0016791	4	aten_0.1.m1.1159.m1	0
"phosphoric ester hydrolase activity"	GO:0042578;GO:0016791	4	aten_0.1.m1.7362.m1	11
"phosphoric ester hydrolase activity"	GO:0042578;GO:0016791	4	aten_0.1.m1.6463.m1	-7
"phosphoric ester hydrolase activity"	GO:0042578;GO:0016791	4	aten_0.1.m1.8551.m1	-3
"phosphoric ester hydrolase activity"	GO:0042578;GO:0016791	4	aten_0.1.m1.1701.m1	0
"phosphoric ester hydrolase activity"	GO:0042578;GO:0016791	4	aten_0.1.m1.30494.m1	2
"phosphoric ester hydrolase activity"	GO:0042578;GO:0016791	4	aten_0.1.m1.10772.m1	-2
"phosphoric ester hydrolase activity"	GO:0042578;GO:0016791	4	aten_0.1.m1.140.m1	0
"phosphoric ester hydrolase activity"	GO:0042578;GO:0016791	4	aten_0.1.m1.141.m1	0
"phosphoric ester hydrolase activity"	GO:0042578;GO:0016791	4	aten_0.1.m1.13901.m1	0
"cytoskeletal protein binding"	GO:0003779;GO:0008092	2	aten_0.1.m1.12480.m1	0
"cytoskeletal protein binding"	GO:0003779;GO:0008092	2	aten_0.1.m1.19328.m1	1
"cytoskeletal protein binding"	GO:0003779;GO:0008092	2	aten_0.1.m1.16417.m1	9
"cytoskeletal protein binding"	GO:0003779;GO:0008092	2	aten_0.1.m1.23541.m1	12
"cytoskeletal protein binding"	GO:0003779;GO:0008092	2	aten_0.1.m1.27349.m1	13
"cytoskeletal protein binding"	GO:0003779;GO:0008092	2	aten_0.1.m1.2588.m1	4
"cytoskeletal protein binding"	GO:0003779;GO:0008092	2	aten_0.1.m1.8488.m1	0
"cytoskeletal protein binding"	GO:0003779;GO:0008092	2	aten_0.1.m1.7467.m1	4
"cytoskeletal protein binding"	GO:0003779;GO:0008092	2	aten_0.1.m1.24360.m1	-6
"cytoskeletal protein binding"	GO:0003779;GO:0008092	2	aten_0.1.m1.14010.m1	-8
"cytoskeletal protein binding"	GO:0003779;GO:0008092	2	aten_0.1.m1.23358.m1	4
"cytoskeletal protein binding"	GO:0003779;GO:0008092	2	aten_0.1.m1.25349.m1	-2
"cytoskeletal protein binding"	GO:0003779;GO:0008092	2	aten_0.1.m1.19670.m1	2
"cytoskeletal protein binding"	GO:0003779;GO:0008092	2	aten_0.1.m1.2726.m1	0
"cytoskeletal protein binding"	GO:0003779;GO:0008092	2	aten_0.1.m1.13406.m1	0
"cytoskeletal protein binding"	GO:0003779;GO:0008092	2	aten_0.1.m1.23485.m1	0
"cytoskeletal protein binding"	GO:0003779;GO:0008092	2	aten_0.1.m1.24372.m1	0
"cytoskeletal protein binding"	GO:0003779;GO:0008092	2	aten_0.1.m1.273.m1	0
"cytoskeletal protein binding"	GO:0003779;GO:0008092	2	aten_0.1.m1.25139.m1	-4
"cytoskeletal protein binding"	GO:0003779;GO:0008092	2	aten_0.1.m1.1464.m1	23
"cytoskeletal protein binding"	GO:0003779;GO:0008092	2	aten_0.1.m1.4604.m1	12
"cytoskeletal protein binding"	GO:0003779;GO:0008092	2	aten_0.1.m1.9172.m1	0
"cytoskeletal protein binding"	GO:0003779;GO:0008092	2	aten_0.1.m1.9166.m1	0
"cytoskeletal protein binding"	GO:0003779;GO:0008092	2	aten_0.1.m1.11543.m1	12
"cytoskeletal protein binding"	GO:0003779;GO:0008092	2	aten_0.1.m1.24330.m1	-12
"cytoskeletal protein binding"	GO:0003779;GO:0008092	2	aten_0.1.m1.24807.m1	16
"cytoskeletal protein binding"	GO:0003779;GO:0008092	2	aten_0.1.m1.19341.m1	0
"cytoskeletal protein binding"	GO:0003779;GO:0008092	2	aten_0.1.m1.16021.m1	6
"cytoskeletal protein binding"	GO:0003779;GO:0008092	2	aten_0.1.m1.1502.m1	0
"GTPase regulator activity"	GO:0030695;GO:0060589	2	aten_0.1.m1.19992.m1	-10
"GTPase regulator activity"	GO:0030695;GO:0060589	2	aten_0.1.m1.16903.m1	0
"GTPase regulator activity"	GO:0030695;GO:0060589	2	aten_0.1.m1.2673.m1	0
"GTPase regulator activity"	GO:0030695;GO:0060589	2	aten_0.1.m1.22544.m1	0
"GTPase regulator activity"	GO:0030695;GO:0060589	2	aten_0.1.m1.6159.m1	-17
"GTPase regulator activity"	GO:0030695;GO:0060589	2	aten_0.1.m1.7501.m1	0
"GTPase regulator activity"	GO:0030695;GO:0060589	2	aten_0.1.m1.20781.m1	-5
"GTPase regulator activity"	GO:0030695;GO:0060589	2	aten_0.1.m1.22206.m1	0
"GTPase regulator activity"	GO:0030695;GO:0060589	2	aten_0.1.m1.1026.m1	0
"GTPase regulator activity"	GO:0030695;GO:0060589	2	aten_0.1.m1.32470.m1	-13
"GTPase regulator activity"	GO:0030695;GO:0060589	2	aten_0.1.m1.15800.m1	12
"GTPase regulator activity"	GO:0030695;GO:0060589	2	aten_0.1.m1.2896.m1	0
"GTPase regulator activity"	GO:0030695;GO:0060589	2	aten_0.1.m1.9161.m1	-3
"GTPase regulator activity"	GO:0030695;GO:0060589	2	aten_0.1.m1.24298.m1	24
"GTPase regulator activity"	GO:0030695;GO:0060589	2	aten_0.1.m1.19810.m1	0
"GTPase regulator activity"	GO:0030695;GO:0060589	2	aten_0.1.m1.5189.m1	0
"GTPase regulator activity"	GO:0030695;GO:0060589	2	aten_0.1.m1.6193.m1	-8
"GTPase regulator activity"	GO:0030695;GO:0060589	2	aten_0.1.m1.4446.m1	0
"GTPase regulator activity"	GO:0030695;GO:0060589	2	aten_0.1.m1.15205.m1	0
"GTPase regulator activity"	GO:0030695;GO:0060589	2	aten_0.1.m1.4543.m1	7
"GTPase regulator activity"	GO:0030695;GO:0060589	2	aten_0.1.m1.5799.m1	30
"organic hydroxy compound transmembrane transporter activity"	GO:1901618	4	aten_0.1.m1.5157.m1	0
"organic hydroxy compound transmembrane transporter activity"	GO:1901618	4	aten_0.1.m1.28929.m1	0
"translation repressor activity, mRNA regulatory element binding"	GO:0000900;GO:0030371	2	aten_0.1.m1.15.m1	14
"translation repressor activity, mRNA regulatory element binding"	GO:0000900;GO:0030371	2	aten_0.1.m1.1784.m1	5
"translation repressor activity, mRNA regulatory element binding"	GO:0000900;GO:0030371	2	aten_0.1.m1.1137.m1	12
"ferric-chelate reductase activity"	GO:0000293;GO:0016723	2	aten_0.1.m1.20544.m1	0
"ferric-chelate reductase activity"	GO:0000293;GO:0016723	2	aten_0.1.m1.966.m1	-24
"peptide disulfide oxidoreductase activity"	GO:0004362;GO:0015038;GO:0016668;GO:0015037;GO:0015036	5	aten_0.1.m1.18047.m1	0
"peptide disulfide oxidoreductase activity"	GO:0004362;GO:0015038;GO:0016668;GO:0015037;GO:0015036	5	aten_0.1.m1.14728.m1	4
"oxidoreductase activity, acting on CH or CH2 groups"	GO:0016725	2	aten_0.1.m1.28677.m1	0
"oxidoreductase activity, acting on CH or CH2 groups"	GO:0016725	2	aten_0.1.m1.8147.m1	-3
"oxidoreductase activity, acting on CH or CH2 groups"	GO:0016725	2	aten_0.1.m1.4603.m1	0
"oxidoreductase activity, acting on CH or CH2 groups"	GO:0016725	2	aten_0.1.m1.24323.m1	0
"oxidoreductase activity, acting on CH or CH2 groups"	GO:0016725	2	aten_0.1.m1.4602.m1	0
"calcium channel regulator activity"	GO:0005246;GO:0099106;GO:0016247	3	aten_0.1.m1.29467.m1	6
"calcium channel regulator activity"	GO:0005246;GO:0099106;GO:0016247	3	aten_0.1.m1.14486.m1	0
"receptor ligand activity"	GO:0048018;GO:0030546;GO:0030545	3	aten_0.1.m1.647.m1	-5
"receptor ligand activity"	GO:0048018;GO:0030546;GO:0030545	3	aten_0.1.m1.5592.m1	9
"receptor ligand activity"	GO:0048018;GO:0030546;GO:0030545	3	aten_0.1.m1.30253.m1	0
"receptor ligand activity"	GO:0048018;GO:0030546;GO:0030545	3	aten_0.1.m1.8486.m1	-10
"neuropeptide receptor activity"	GO:0008188	4	aten_0.1.m1.24229.m1	0
"neuropeptide receptor activity"	GO:0008188	4	aten_0.1.m1.21955.m1	0
"neuropeptide receptor activity"	GO:0008188	4	aten_0.1.m1.19512.m1	-2
"neuropeptide receptor activity"	GO:0008188	4	aten_0.1.m1.5882.m1	3
"neuropeptide receptor activity"	GO:0008188	4	aten_0.1.m1.19270.m1	-3
"neuropeptide receptor activity"	GO:0008188	4	aten_0.1.m1.16556.m1	10
"neuropeptide receptor activity"	GO:0008188	4	aten_0.1.m1.1334.m1	11
"neuropeptide receptor activity"	GO:0008188	4	aten_0.1.m1.22443.m1	0
"neuropeptide receptor activity"	GO:0008188	4	aten_0.1.m1.27843.m1	1
"neuropeptide receptor activity"	GO:0008188	4	aten_0.1.m1.974.m1	0
"neuropeptide receptor activity"	GO:0008188	4	aten_0.1.m1.13638.m1	0
"neuropeptide receptor activity"	GO:0008188	4	aten_0.1.m1.972.m1	0
"neuropeptide receptor activity"	GO:0008188	4	aten_0.1.m1.639.m1	8
"neuropeptide receptor activity"	GO:0008188	4	aten_0.1.m1.973.m1	-3
"neuropeptide receptor activity"	GO:0008188	4	aten_0.1.m1.33126.m1	0
"neuropeptide receptor activity"	GO:0008188	4	aten_0.1.m1.32536.m1	5
"neuropeptide receptor activity"	GO:0008188	4	aten_0.1.m1.992.m1	0
"neuropeptide receptor activity"	GO:0008188	4	aten_0.1.m1.713.m1	0
"neuropeptide receptor activity"	GO:0008188	4	aten_0.1.m1.6825.m1	0
"neuropeptide receptor activity"	GO:0008188	4	aten_0.1.m1.17841.m1	10
"neuropeptide receptor activity"	GO:0008188	4	aten_0.1.m1.12122.m1	1
"neuropeptide receptor activity"	GO:0008188	4	aten_0.1.m1.3297.m1	10
"neuropeptide receptor activity"	GO:0008188	4	aten_0.1.m1.8775.m1	-11
"neuropeptide receptor activity"	GO:0008188	4	aten_0.1.m1.23824.m1	10
"neuropeptide receptor activity"	GO:0008188	4	aten_0.1.m1.13887.m1	4
"neuropeptide receptor activity"	GO:0008188	4	aten_0.1.m1.18172.m1	1
"neuropeptide receptor activity"	GO:0008188	4	aten_0.1.m1.12694.m1	0
"G protein-coupled amine receptor activity"	GO:0008227	2	aten_0.1.m1.9985.m1	0
"G protein-coupled amine receptor activity"	GO:0008227	2	aten_0.1.m1.10801.m1	4
"G protein-coupled amine receptor activity"	GO:0008227	2	aten_0.1.m1.1400.m1	0
"G protein-coupled amine receptor activity"	GO:0008227	2	aten_0.1.m1.22659.m1	0
"G protein-coupled amine receptor activity"	GO:0008227	2	aten_0.1.m1.16739.m1	0
"G protein-coupled amine receptor activity"	GO:0008227	2	aten_0.1.m1.23827.m1	0
"G protein-coupled amine receptor activity"	GO:0008227	2	aten_0.1.m1.17781.m1	-6
"G protein-coupled amine receptor activity"	GO:0008227	2	aten_0.1.m1.15554.m1	2
"G protein-coupled amine receptor activity"	GO:0008227	2	aten_0.1.m1.6017.m1	15
"G protein-coupled amine receptor activity"	GO:0008227	2	aten_0.1.m1.14640.m1	-14
"G protein-coupled amine receptor activity"	GO:0008227	2	aten_0.1.m1.3461.m1	-5
"G protein-coupled amine receptor activity"	GO:0008227	2	aten_0.1.m1.1634.m1	2
"G protein-coupled amine receptor activity"	GO:0008227	2	aten_0.1.m1.10290.m1	-3
"G protein-coupled amine receptor activity"	GO:0008227	2	aten_0.1.m1.5810.m1	-19
"G protein-coupled amine receptor activity"	GO:0008227	2	aten_0.1.m1.22941.m1	0
"G protein-coupled amine receptor activity"	GO:0008227	2	aten_0.1.m1.3462.m1	0
"G protein-coupled amine receptor activity"	GO:0008227	2	aten_0.1.m1.19613.m1	0
"G protein-coupled amine receptor activity"	GO:0008227	2	aten_0.1.m1.14592.m1	6
"G protein-coupled amine receptor activity"	GO:0008227	2	aten_0.1.m1.5961.m1	0
"G protein-coupled amine receptor activity"	GO:0008227	2	aten_0.1.m1.15909.m1	2
"G protein-coupled amine receptor activity"	GO:0008227	2	aten_0.1.m1.12620.m1	-17
"G protein-coupled amine receptor activity"	GO:0008227	2	aten_0.1.m1.12759.m1	0
"G protein-coupled amine receptor activity"	GO:0008227	2	aten_0.1.m1.6067.m1	-10
"G protein-coupled amine receptor activity"	GO:0008227	2	aten_0.1.m1.31123.m1	2
"G protein-coupled amine receptor activity"	GO:0008227	2	aten_0.1.m1.756.m1	1
"G protein-coupled amine receptor activity"	GO:0008227	2	aten_0.1.m1.15829.m1	0
"G protein-coupled amine receptor activity"	GO:0008227	2	aten_0.1.m1.31852.m1	-4
"G protein-coupled amine receptor activity"	GO:0008227	2	aten_0.1.m1.19994.m1	6
"G protein-coupled amine receptor activity"	GO:0008227	2	aten_0.1.m1.5902.m1	-1
"G protein-coupled amine receptor activity"	GO:0008227	2	aten_0.1.m1.23778.m1	-5
"G protein-coupled amine receptor activity"	GO:0008227	2	aten_0.1.m1.1626.m1	0
"structural constituent of ribosome"	GO:0003735	2	aten_0.1.m1.12990.m1	0
"structural constituent of ribosome"	GO:0003735	2	aten_0.1.m1.14748.m1	0
"structural constituent of ribosome"	GO:0003735	2	aten_0.1.m1.10601.m1	7
"structural constituent of ribosome"	GO:0003735	2	aten_0.1.m1.5529.m1	0
"structural constituent of ribosome"	GO:0003735	2	aten_0.1.m1.14320.m1	0
"structural constituent of ribosome"	GO:0003735	2	aten_0.1.m1.226.m1	0
"protein tyrosine kinase activity"	GO:0004713	2	aten_0.1.m1.7537.m1	0
"protein tyrosine kinase activity"	GO:0004713	2	aten_0.1.m1.20921.m1	-3
"protein tyrosine kinase activity"	GO:0004713	2	aten_0.1.m1.32207.m1	-14
"protein tyrosine kinase activity"	GO:0004713	2	aten_0.1.m1.16242.m1	3
"protein tyrosine kinase activity"	GO:0004713	2	aten_0.1.m1.13665.m1	-3
"protein tyrosine kinase activity"	GO:0004713	2	aten_0.1.m1.16099.m1	-14
"protein tyrosine kinase activity"	GO:0004713	2	aten_0.1.m1.8151.m1	-7
"protein tyrosine kinase activity"	GO:0004713	2	aten_0.1.m1.1268.m1	17
"protein tyrosine kinase activity"	GO:0004713	2	aten_0.1.m1.8171.m1	-2
"protein tyrosine kinase activity"	GO:0004713	2	aten_0.1.m1.11945.m1	0
"protein tyrosine kinase activity"	GO:0004713	2	aten_0.1.m1.8022.m1	9
"protein tyrosine kinase activity"	GO:0004713	2	aten_0.1.m1.8153.m1	-13
"protein tyrosine kinase activity"	GO:0004713	2	aten_0.1.m1.20923.m1	-1
"protein tyrosine kinase activity"	GO:0004713	2	aten_0.1.m1.20704.m1	0
"protein tyrosine kinase activity"	GO:0004713	2	aten_0.1.m1.28778.m1	-17
"protein tyrosine kinase activity"	GO:0004713	2	aten_0.1.m1.23843.m1	6
"protein tyrosine kinase activity"	GO:0004713	2	aten_0.1.m1.32581.m1	11
"protein tyrosine kinase activity"	GO:0004713	2	aten_0.1.m1.2531.m1	-7
"protein tyrosine kinase activity"	GO:0004713	2	aten_0.1.m1.32192.m1	-18
"protein tyrosine kinase activity"	GO:0004713	2	aten_0.1.m1.32083.m1	0
"protein tyrosine kinase activity"	GO:0004713	2	aten_0.1.m1.20912.m1	-2
"protein tyrosine kinase activity"	GO:0004713	2	aten_0.1.m1.7549.m1	0
"protein tyrosine kinase activity"	GO:0004713	2	aten_0.1.m1.32301.m1	4
"protein tyrosine kinase activity"	GO:0004713	2	aten_0.1.m1.18072.m1	0
"protein tyrosine kinase activity"	GO:0004713	2	aten_0.1.m1.23887.m1	0
"protein tyrosine kinase activity"	GO:0004713	2	aten_0.1.m1.29284.m1	0
"protein tyrosine kinase activity"	GO:0004713	2	aten_0.1.m1.31027.m1	2
"protein tyrosine kinase activity"	GO:0004713	2	aten_0.1.m1.32202.m1	-1
"protein tyrosine kinase activity"	GO:0004713	2	aten_0.1.m1.29307.m1	-1
"protein tyrosine kinase activity"	GO:0004713	2	aten_0.1.m1.10604.m1	-6
"protein tyrosine kinase activity"	GO:0004713	2	aten_0.1.m1.8018.m1	-3
"protein tyrosine kinase activity"	GO:0004713	2	aten_0.1.m1.8122.m1	0
"sulfuric ester hydrolase activity"	GO:0008484;GO:0003943	2	aten_0.1.m1.24358.m1	5
"sulfuric ester hydrolase activity"	GO:0008484;GO:0003943	2	aten_0.1.m1.21530.m1	2
"sulfuric ester hydrolase activity"	GO:0008484;GO:0003943	2	aten_0.1.m1.21522.m1	-14
"sulfuric ester hydrolase activity"	GO:0008484;GO:0003943	2	aten_0.1.m1.13099.m1	0
"O-acyltransferase activity"	GO:0008374	3	aten_0.1.m1.10694.m1	-7
"O-acyltransferase activity"	GO:0008374	3	aten_0.1.m1.15392.m1	0
"cysteine-type endopeptidase inhibitor activity"	GO:0004869	2	aten_0.1.m1.3932.m1	-10
"cysteine-type endopeptidase inhibitor activity"	GO:0004869	2	aten_0.1.m1.16307.m1	-8
"metalloexopeptidase activity"	GO:0004181;GO:0008235	3	aten_0.1.m1.6891.m1	0
"metalloexopeptidase activity"	GO:0004181;GO:0008235	3	aten_0.1.m1.11718.m1	0
"metalloexopeptidase activity"	GO:0004181;GO:0008235	3	aten_0.1.m1.10177.m1	0
"exopeptidase activity"	GO:0008238	2	aten_0.1.m1.2436.m1	-28
"exopeptidase activity"	GO:0008238	2	aten_0.1.m1.23642.m1	0
"exopeptidase activity"	GO:0008238	2	aten_0.1.m1.2435.m1	-14
"exopeptidase activity"	GO:0008238	2	aten_0.1.m1.1258.m1	0
"exopeptidase activity"	GO:0008238	2	aten_0.1.m1.28934.m1	10
"exopeptidase activity"	GO:0008238	2	aten_0.1.m1.6891.m1	0
"exopeptidase activity"	GO:0008238	2	aten_0.1.m1.2397.m1	12
"exopeptidase activity"	GO:0008238	2	aten_0.1.m1.16894.m1	14
"exopeptidase activity"	GO:0008238	2	aten_0.1.m1.11718.m1	0
"exopeptidase activity"	GO:0008238	2	aten_0.1.m1.8303.m1	12
"exopeptidase activity"	GO:0008238	2	aten_0.1.m1.11561.m1	-12
"exopeptidase activity"	GO:0008238	2	aten_0.1.m1.10177.m1	0
"exopeptidase activity"	GO:0008238	2	aten_0.1.m1.3960.m1	24
"exopeptidase activity"	GO:0008238	2	aten_0.1.m1.10193.m1	0
"exopeptidase activity"	GO:0008238	2	aten_0.1.m1.514.m1	0
"octopamine receptor activity"	GO:0004989	2	aten_0.1.m1.10801.m1	4
"octopamine receptor activity"	GO:0004989	2	aten_0.1.m1.1400.m1	0
"octopamine receptor activity"	GO:0004989	2	aten_0.1.m1.5961.m1	0
"tachykinin receptor activity"	GO:0004995	5	aten_0.1.m1.24229.m1	0
"tachykinin receptor activity"	GO:0004995	5	aten_0.1.m1.19270.m1	-3
"tachykinin receptor activity"	GO:0004995	5	aten_0.1.m1.16556.m1	10
"tachykinin receptor activity"	GO:0004995	5	aten_0.1.m1.974.m1	0
"tachykinin receptor activity"	GO:0004995	5	aten_0.1.m1.13638.m1	0
"tachykinin receptor activity"	GO:0004995	5	aten_0.1.m1.972.m1	0
"tachykinin receptor activity"	GO:0004995	5	aten_0.1.m1.639.m1	8
"tachykinin receptor activity"	GO:0004995	5	aten_0.1.m1.973.m1	-3
"tachykinin receptor activity"	GO:0004995	5	aten_0.1.m1.32536.m1	5
"tachykinin receptor activity"	GO:0004995	5	aten_0.1.m1.713.m1	0
"tachykinin receptor activity"	GO:0004995	5	aten_0.1.m1.6825.m1	0
"tachykinin receptor activity"	GO:0004995	5	aten_0.1.m1.17841.m1	10
"tachykinin receptor activity"	GO:0004995	5	aten_0.1.m1.12122.m1	1
"tachykinin receptor activity"	GO:0004995	5	aten_0.1.m1.23824.m1	10
"tachykinin receptor activity"	GO:0004995	5	aten_0.1.m1.13887.m1	4
"tachykinin receptor activity"	GO:0004995	5	aten_0.1.m1.12694.m1	0
"adrenergic receptor activity"	GO:0004935	4	aten_0.1.m1.9985.m1	0
"adrenergic receptor activity"	GO:0004935	4	aten_0.1.m1.23827.m1	0
"adrenergic receptor activity"	GO:0004935	4	aten_0.1.m1.17781.m1	-6
"adrenergic receptor activity"	GO:0004935	4	aten_0.1.m1.14640.m1	-14
"adrenergic receptor activity"	GO:0004935	4	aten_0.1.m1.1634.m1	2
"adrenergic receptor activity"	GO:0004935	4	aten_0.1.m1.5810.m1	-19
"adrenergic receptor activity"	GO:0004935	4	aten_0.1.m1.12620.m1	-17
"adrenergic receptor activity"	GO:0004935	4	aten_0.1.m1.12759.m1	0
"adrenergic receptor activity"	GO:0004935	4	aten_0.1.m1.756.m1	1
"adrenergic receptor activity"	GO:0004935	4	aten_0.1.m1.31852.m1	-4
"adrenergic receptor activity"	GO:0004935	4	aten_0.1.m1.19994.m1	6
"adrenergic receptor activity"	GO:0004935	4	aten_0.1.m1.5902.m1	-1
"adrenergic receptor activity"	GO:0004935	4	aten_0.1.m1.1626.m1	0
"transmembrane receptor protein kinase activity"	GO:0004714;GO:0019199	2	aten_0.1.m1.7537.m1	0
"transmembrane receptor protein kinase activity"	GO:0004714;GO:0019199	2	aten_0.1.m1.20921.m1	-3
"transmembrane receptor protein kinase activity"	GO:0004714;GO:0019199	2	aten_0.1.m1.32207.m1	-14
"transmembrane receptor protein kinase activity"	GO:0004714;GO:0019199	2	aten_0.1.m1.13665.m1	-3
"transmembrane receptor protein kinase activity"	GO:0004714;GO:0019199	2	aten_0.1.m1.16099.m1	-14
"transmembrane receptor protein kinase activity"	GO:0004714;GO:0019199	2	aten_0.1.m1.8151.m1	-7
"transmembrane receptor protein kinase activity"	GO:0004714;GO:0019199	2	aten_0.1.m1.1268.m1	17
"transmembrane receptor protein kinase activity"	GO:0004714;GO:0019199	2	aten_0.1.m1.8171.m1	-2
"transmembrane receptor protein kinase activity"	GO:0004714;GO:0019199	2	aten_0.1.m1.11945.m1	0
"transmembrane receptor protein kinase activity"	GO:0004714;GO:0019199	2	aten_0.1.m1.8153.m1	-13
"transmembrane receptor protein kinase activity"	GO:0004714;GO:0019199	2	aten_0.1.m1.20923.m1	-1
"transmembrane receptor protein kinase activity"	GO:0004714;GO:0019199	2	aten_0.1.m1.23843.m1	6
"transmembrane receptor protein kinase activity"	GO:0004714;GO:0019199	2	aten_0.1.m1.20912.m1	-2
"transmembrane receptor protein kinase activity"	GO:0004714;GO:0019199	2	aten_0.1.m1.7549.m1	0
"transmembrane receptor protein kinase activity"	GO:0004714;GO:0019199	2	aten_0.1.m1.18072.m1	0
"transmembrane receptor protein kinase activity"	GO:0004714;GO:0019199	2	aten_0.1.m1.32202.m1	-1
"transmembrane receptor protein kinase activity"	GO:0004714;GO:0019199	2	aten_0.1.m1.10604.m1	-6
"transmembrane receptor protein kinase activity"	GO:0004714;GO:0019199	2	aten_0.1.m1.8018.m1	-3
"transmembrane receptor protein kinase activity"	GO:0004714;GO:0019199	2	aten_0.1.m1.8122.m1	0
"transmembrane receptor protein kinase activity"	GO:0004714;GO:0019199	2	aten_0.1.m1.2077.m1	0
"hydrolase activity, acting on ester bonds"	GO:0016788	3	aten_0.1.m1.7828.m1	9
"hydrolase activity, acting on ester bonds"	GO:0016788	3	aten_0.1.m1.22155.m1	-3
"hydrolase activity, acting on ester bonds"	GO:0016788	3	aten_0.1.m1.15669.m1	9
"hydrolase activity, acting on ester bonds"	GO:0016788	3	aten_0.1.m1.14014.m1	4
"hydrolase activity, acting on ester bonds"	GO:0016788	3	aten_0.1.m1.2273.m1	0
"hydrolase activity, acting on ester bonds"	GO:0016788	3	aten_0.1.m1.15890.m1	-25
"hydrolase activity, acting on ester bonds"	GO:0016788	3	aten_0.1.m1.14906.m1	-8
"hydrolase activity, acting on ester bonds"	GO:0016788	3	aten_0.1.m1.4759.m1	0
"hydrolase activity, acting on ester bonds"	GO:0016788	3	aten_0.1.m1.6491.m1	0
"hydrolase activity, acting on ester bonds"	GO:0016788	3	aten_0.1.m1.6558.m1	-10
"hydrolase activity, acting on ester bonds"	GO:0016788	3	aten_0.1.m1.811.m1	-7
"hydrolase activity, acting on ester bonds"	GO:0016788	3	aten_0.1.m1.6555.m1	11
"hydrolase activity, acting on ester bonds"	GO:0016788	3	aten_0.1.m1.28618.m1	0
"hydrolase activity, acting on ester bonds"	GO:0016788	3	aten_0.1.m1.19486.m1	0
"hydrolase activity, acting on ester bonds"	GO:0016788	3	aten_0.1.m1.6359.m1	3
"hydrolase activity, acting on ester bonds"	GO:0016788	3	aten_0.1.m1.28038.m1	0
"hydrolase activity, acting on ester bonds"	GO:0016788	3	aten_0.1.m1.9204.m1	-2
"hydrolase activity, acting on ester bonds"	GO:0016788	3	aten_0.1.m1.20449.m1	20
"hydrolase activity, acting on ester bonds"	GO:0016788	3	aten_0.1.m1.28617.m1	0
"hydrolase activity, acting on ester bonds"	GO:0016788	3	aten_0.1.m1.5645.m1	23
"hydrolase activity, acting on ester bonds"	GO:0016788	3	aten_0.1.m1.20808.m1	0
"hydrolase activity, acting on ester bonds"	GO:0016788	3	aten_0.1.m1.17059.m1	-8
"hydrolase activity, acting on ester bonds"	GO:0016788	3	aten_0.1.m1.12764.m1	13
"hydrolase activity, acting on ester bonds"	GO:0016788	3	aten_0.1.m1.21027.m1	1
"hydrolase activity, acting on ester bonds"	GO:0016788	3	aten_0.1.m1.29814.m1	-7
"hydrolase activity, acting on ester bonds"	GO:0016788	3	aten_0.1.m1.3232.m1	0
"hydrolase activity, acting on ester bonds"	GO:0016788	3	aten_0.1.m1.24986.m1	0
"hydrolase activity, acting on ester bonds"	GO:0016788	3	aten_0.1.m1.3433.m1	0
"hydrolase activity, acting on ester bonds"	GO:0016788	3	aten_0.1.m1.18016.m1	0
"hydrolase activity, acting on ester bonds"	GO:0016788	3	aten_0.1.m1.24358.m1	5
"hydrolase activity, acting on ester bonds"	GO:0016788	3	aten_0.1.m1.2929.m1	4
"hydrolase activity, acting on ester bonds"	GO:0016788	3	aten_0.1.m1.19564.m1	-8
"hydrolase activity, acting on ester bonds"	GO:0016788	3	aten_0.1.m1.21452.m1	-1
"hydrolase activity, acting on ester bonds"	GO:0016788	3	aten_0.1.m1.21530.m1	2
"hydrolase activity, acting on ester bonds"	GO:0016788	3	aten_0.1.m1.22966.m1	7
"hydrolase activity, acting on ester bonds"	GO:0016788	3	aten_0.1.m1.21522.m1	-14
"hydrolase activity, acting on ester bonds"	GO:0016788	3	aten_0.1.m1.10903.m1	0
"hydrolase activity, acting on ester bonds"	GO:0016788	3	aten_0.1.m1.192.m1	-1
"hydrolase activity, acting on ester bonds"	GO:0016788	3	aten_0.1.m1.21761.m1	0
"hydrolase activity, acting on ester bonds"	GO:0016788	3	aten_0.1.m1.33305.m1	7
"hydrolase activity, acting on ester bonds"	GO:0016788	3	aten_0.1.m1.18211.m1	-13
"hydrolase activity, acting on ester bonds"	GO:0016788	3	aten_0.1.m1.13999.m1	-4
"hydrolase activity, acting on ester bonds"	GO:0016788	3	aten_0.1.m1.4482.m1	21
"hydrolase activity, acting on ester bonds"	GO:0016788	3	aten_0.1.m1.9623.m1	1
"hydrolase activity, acting on ester bonds"	GO:0016788	3	aten_0.1.m1.21070.m1	-6
"hydrolase activity, acting on ester bonds"	GO:0016788	3	aten_0.1.m1.9805.m1	0
"hydrolase activity, acting on ester bonds"	GO:0016788	3	aten_0.1.m1.25201.m1	4
"hydrolase activity, acting on ester bonds"	GO:0016788	3	aten_0.1.m1.30361.m1	-1
"hydrolase activity, acting on ester bonds"	GO:0016788	3	aten_0.1.m1.5653.m1	10
"hydrolase activity, acting on ester bonds"	GO:0016788	3	aten_0.1.m1.11351.m1	7
"hydrolase activity, acting on ester bonds"	GO:0016788	3	aten_0.1.m1.18510.m1	5
"hydrolase activity, acting on ester bonds"	GO:0016788	3	aten_0.1.m1.9800.m1	3
"hydrolase activity, acting on ester bonds"	GO:0016788	3	aten_0.1.m1.19277.m1	-8
"hydrolase activity, acting on ester bonds"	GO:0016788	3	aten_0.1.m1.1185.m1	0
"hydrolase activity, acting on ester bonds"	GO:0016788	3	aten_0.1.m1.5651.m1	-3
"hydrolase activity, acting on ester bonds"	GO:0016788	3	aten_0.1.m1.2136.m1	-7
"hydrolase activity, acting on ester bonds"	GO:0016788	3	aten_0.1.m1.6754.m1	0
"hydrolase activity, acting on ester bonds"	GO:0016788	3	aten_0.1.m1.8093.m1	-4
"hydrolase activity, acting on ester bonds"	GO:0016788	3	aten_0.1.m1.27909.m1	-6
"hydrolase activity, acting on ester bonds"	GO:0016788	3	aten_0.1.m1.11486.m1	-3
"hydrolase activity, acting on ester bonds"	GO:0016788	3	aten_0.1.m1.5845.m1	0
"hydrolase activity, acting on ester bonds"	GO:0016788	3	aten_0.1.m1.21868.m1	0
"hydrolase activity, acting on ester bonds"	GO:0016788	3	aten_0.1.m1.11710.m1	0
"hydrolase activity, acting on ester bonds"	GO:0016788	3	aten_0.1.m1.7154.m1	-11
"hydrolase activity, acting on ester bonds"	GO:0016788	3	aten_0.1.m1.11046.m1	17
"hydrolase activity, acting on ester bonds"	GO:0016788	3	aten_0.1.m1.1794.m1	0
"hydrolase activity, acting on ester bonds"	GO:0016788	3	aten_0.1.m1.1159.m1	0
"hydrolase activity, acting on ester bonds"	GO:0016788	3	aten_0.1.m1.13099.m1	0
"hydrolase activity, acting on ester bonds"	GO:0016788	3	aten_0.1.m1.13497.m1	0
"hydrolase activity, acting on ester bonds"	GO:0016788	3	aten_0.1.m1.14018.m1	0
"hydrolase activity, acting on ester bonds"	GO:0016788	3	aten_0.1.m1.7362.m1	11
"hydrolase activity, acting on ester bonds"	GO:0016788	3	aten_0.1.m1.5854.m1	0
"hydrolase activity, acting on ester bonds"	GO:0016788	3	aten_0.1.m1.6463.m1	-7
"hydrolase activity, acting on ester bonds"	GO:0016788	3	aten_0.1.m1.8551.m1	-3
"hydrolase activity, acting on ester bonds"	GO:0016788	3	aten_0.1.m1.19814.m1	0
"hydrolase activity, acting on ester bonds"	GO:0016788	3	aten_0.1.m1.29538.m1	-6
"hydrolase activity, acting on ester bonds"	GO:0016788	3	aten_0.1.m1.4517.m1	0
"hydrolase activity, acting on ester bonds"	GO:0016788	3	aten_0.1.m1.1701.m1	0
"hydrolase activity, acting on ester bonds"	GO:0016788	3	aten_0.1.m1.30494.m1	2
"hydrolase activity, acting on ester bonds"	GO:0016788	3	aten_0.1.m1.14515.m1	0
"hydrolase activity, acting on ester bonds"	GO:0016788	3	aten_0.1.m1.11723.m1	0
"hydrolase activity, acting on ester bonds"	GO:0016788	3	aten_0.1.m1.15631.m1	-2
"hydrolase activity, acting on ester bonds"	GO:0016788	3	aten_0.1.m1.10772.m1	-2
"hydrolase activity, acting on ester bonds"	GO:0016788	3	aten_0.1.m1.140.m1	0
"hydrolase activity, acting on ester bonds"	GO:0016788	3	aten_0.1.m1.21944.m1	0
"hydrolase activity, acting on ester bonds"	GO:0016788	3	aten_0.1.m1.27259.m1	0
"hydrolase activity, acting on ester bonds"	GO:0016788	3	aten_0.1.m1.141.m1	0
"hydrolase activity, acting on ester bonds"	GO:0016788	3	aten_0.1.m1.6362.m1	0
"hydrolase activity, acting on ester bonds"	GO:0016788	3	aten_0.1.m1.29815.m1	0
"hydrolase activity, acting on ester bonds"	GO:0016788	3	aten_0.1.m1.31884.m1	-6
"hydrolase activity, acting on ester bonds"	GO:0016788	3	aten_0.1.m1.13901.m1	0
"hydrolase activity, acting on ester bonds"	GO:0016788	3	aten_0.1.m1.7138.m1	1
"DNA-directed 5'-3' RNA polymerase activity"	GO:0003899;GO:0034062;GO:0097747	5	aten_0.1.m1.17232.m1	-10
"DNA-directed 5'-3' RNA polymerase activity"	GO:0003899;GO:0034062;GO:0097747	5	aten_0.1.m1.32999.m1	-6
"transferase activity, transferring amino-acyl groups"	GO:0000048;GO:0016755	2	aten_0.1.m1.14259.m1	15
"transferase activity, transferring amino-acyl groups"	GO:0000048;GO:0016755	2	aten_0.1.m1.14252.m1	0
"transferase activity, transferring amino-acyl groups"	GO:0000048;GO:0016755	2	aten_0.1.m1.14262.m1	13
"transferase activity, transferring amino-acyl groups"	GO:0000048;GO:0016755	2	aten_0.1.m1.14253.m1	0
"transferase activity, transferring amino-acyl groups"	GO:0000048;GO:0016755	2	aten_0.1.m1.709.m1	0
"transferase activity, transferring amino-acyl groups"	GO:0000048;GO:0016755	2	aten_0.1.m1.689.m1	0
"L-ornithine transmembrane transporter activity"	GO:0000064	2	aten_0.1.m1.13176.m1	-17
"L-ornithine transmembrane transporter activity"	GO:0000064	2	aten_0.1.m1.19582.m1	2
"L-ornithine transmembrane transporter activity"	GO:0000064	2	aten_0.1.m1.23773.m1	-21
"guanyl-nucleotide exchange factor activity"	GO:0005085	2	aten_0.1.m1.19992.m1	-10
"guanyl-nucleotide exchange factor activity"	GO:0005085	2	aten_0.1.m1.22544.m1	0
"guanyl-nucleotide exchange factor activity"	GO:0005085	2	aten_0.1.m1.6159.m1	-17
"guanyl-nucleotide exchange factor activity"	GO:0005085	2	aten_0.1.m1.7501.m1	0
"guanyl-nucleotide exchange factor activity"	GO:0005085	2	aten_0.1.m1.1026.m1	0
"guanyl-nucleotide exchange factor activity"	GO:0005085	2	aten_0.1.m1.15800.m1	12
"guanyl-nucleotide exchange factor activity"	GO:0005085	2	aten_0.1.m1.9161.m1	-3
"guanyl-nucleotide exchange factor activity"	GO:0005085	2	aten_0.1.m1.24298.m1	24
"guanyl-nucleotide exchange factor activity"	GO:0005085	2	aten_0.1.m1.4446.m1	0
"ligand-gated ion channel activity"	GO:0099094;GO:0015276;GO:0022834	2	aten_0.1.m1.21648.m1	0
"ligand-gated ion channel activity"	GO:0099094;GO:0015276;GO:0022834	2	aten_0.1.m1.6454.m1	-13
"ligand-gated ion channel activity"	GO:0099094;GO:0015276;GO:0022834	2	aten_0.1.m1.19748.m1	-4
"ligand-gated ion channel activity"	GO:0099094;GO:0015276;GO:0022834	2	aten_0.1.m1.6387.m1	0
"ligand-gated ion channel activity"	GO:0099094;GO:0015276;GO:0022834	2	aten_0.1.m1.15514.m1	1
"ligand-gated ion channel activity"	GO:0099094;GO:0015276;GO:0022834	2	aten_0.1.m1.24204.m1	0
"ligand-gated ion channel activity"	GO:0099094;GO:0015276;GO:0022834	2	aten_0.1.m1.22182.m1	7
"ligand-gated ion channel activity"	GO:0099094;GO:0015276;GO:0022834	2	aten_0.1.m1.19742.m1	0
"ligand-gated ion channel activity"	GO:0099094;GO:0015276;GO:0022834	2	aten_0.1.m1.13958.m1	2
"ligand-gated ion channel activity"	GO:0099094;GO:0015276;GO:0022834	2	aten_0.1.m1.16370.m1	-5
"transaminase activity"	GO:0008483;GO:0016769	3	aten_0.1.m1.12472.m1	-3
"transaminase activity"	GO:0008483;GO:0016769	3	aten_0.1.m1.32379.m1	2
"transaminase activity"	GO:0008483;GO:0016769	3	aten_0.1.m1.3577.m1	11
"transaminase activity"	GO:0008483;GO:0016769	3	aten_0.1.m1.16320.m1	-7
"transaminase activity"	GO:0008483;GO:0016769	3	aten_0.1.m1.21211.m1	3
"transaminase activity"	GO:0008483;GO:0016769	3	aten_0.1.m1.8539.m1	0
"oxygen carrier activity"	GO:0005344;GO:0140104	2	aten_0.1.m1.4255.m1	2
"oxygen carrier activity"	GO:0005344;GO:0140104	2	aten_0.1.m1.25843.m1	-9
"microfilament motor activity"	GO:0000146	4	aten_0.1.m1.22157.m1	-7
"microfilament motor activity"	GO:0000146	4	aten_0.1.m1.3080.m1	8
"microfilament motor activity"	GO:0000146	4	aten_0.1.m1.17873.m1	0
"microfilament motor activity"	GO:0000146	4	aten_0.1.m1.14762.m1	0
"microfilament motor activity"	GO:0000146	4	aten_0.1.m1.6119.m1	7
"fatty acid synthase activity"	GO:0004312	3	aten_0.1.m1.2716.m1	0
"fatty acid synthase activity"	GO:0004312	3	aten_0.1.m1.17103.m1	-2
"neuropeptide Y receptor activity"	GO:0004983	2	aten_0.1.m1.19512.m1	-2
"neuropeptide Y receptor activity"	GO:0004983	2	aten_0.1.m1.1334.m1	11
"neuropeptide Y receptor activity"	GO:0004983	2	aten_0.1.m1.27843.m1	1
"neuropeptide Y receptor activity"	GO:0004983	2	aten_0.1.m1.992.m1	0
"neuropeptide Y receptor activity"	GO:0004983	2	aten_0.1.m1.8775.m1	-11
"neuropeptide Y receptor activity"	GO:0004983	2	aten_0.1.m1.18172.m1	1
"polypeptide N-acetylgalactosaminyltransferase activity"	GO:0004653	4	aten_0.1.m1.11829.m1	0
"polypeptide N-acetylgalactosaminyltransferase activity"	GO:0004653	4	aten_0.1.m1.23106.m1	0
"channel activity"	GO:0005261;GO:0005216;GO:0015267;GO:0022803	5	aten_0.1.m1.26187.m1	9
"channel activity"	GO:0005261;GO:0005216;GO:0015267;GO:0022803	5	aten_0.1.m1.19863.m1	0
"channel activity"	GO:0005261;GO:0005216;GO:0015267;GO:0022803	5	aten_0.1.m1.15385.m1	-8
"channel activity"	GO:0005261;GO:0005216;GO:0015267;GO:0022803	5	aten_0.1.m1.21648.m1	0
"channel activity"	GO:0005261;GO:0005216;GO:0015267;GO:0022803	5	aten_0.1.m1.28083.m1	-1
"channel activity"	GO:0005261;GO:0005216;GO:0015267;GO:0022803	5	aten_0.1.m1.12787.m1	-8
"channel activity"	GO:0005261;GO:0005216;GO:0015267;GO:0022803	5	aten_0.1.m1.19001.m1	2
"channel activity"	GO:0005261;GO:0005216;GO:0015267;GO:0022803	5	aten_0.1.m1.6454.m1	-13
"channel activity"	GO:0005261;GO:0005216;GO:0015267;GO:0022803	5	aten_0.1.m1.19339.m1	-11
"channel activity"	GO:0005261;GO:0005216;GO:0015267;GO:0022803	5	aten_0.1.m1.11476.m1	0
"channel activity"	GO:0005261;GO:0005216;GO:0015267;GO:0022803	5	aten_0.1.m1.33727.m1	5
"channel activity"	GO:0005261;GO:0005216;GO:0015267;GO:0022803	5	aten_0.1.m1.10444.m1	0
"channel activity"	GO:0005261;GO:0005216;GO:0015267;GO:0022803	5	aten_0.1.m1.10594.m1	4
"channel activity"	GO:0005261;GO:0005216;GO:0015267;GO:0022803	5	aten_0.1.m1.272.m1	-3
"channel activity"	GO:0005261;GO:0005216;GO:0015267;GO:0022803	5	aten_0.1.m1.31297.m1	-8
"channel activity"	GO:0005261;GO:0005216;GO:0015267;GO:0022803	5	aten_0.1.m1.23035.m1	3
"channel activity"	GO:0005261;GO:0005216;GO:0015267;GO:0022803	5	aten_0.1.m1.19748.m1	-4
"channel activity"	GO:0005261;GO:0005216;GO:0015267;GO:0022803	5	aten_0.1.m1.11119.m1	0
"channel activity"	GO:0005261;GO:0005216;GO:0015267;GO:0022803	5	aten_0.1.m1.2410.m1	9
"channel activity"	GO:0005261;GO:0005216;GO:0015267;GO:0022803	5	aten_0.1.m1.10453.m1	-1
"channel activity"	GO:0005261;GO:0005216;GO:0015267;GO:0022803	5	aten_0.1.m1.30125.m1	0
"channel activity"	GO:0005261;GO:0005216;GO:0015267;GO:0022803	5	aten_0.1.m1.1674.m1	-21
"channel activity"	GO:0005261;GO:0005216;GO:0015267;GO:0022803	5	aten_0.1.m1.18898.m1	0
"channel activity"	GO:0005261;GO:0005216;GO:0015267;GO:0022803	5	aten_0.1.m1.6844.m1	-3
"channel activity"	GO:0005261;GO:0005216;GO:0015267;GO:0022803	5	aten_0.1.m1.22508.m1	-2
"channel activity"	GO:0005261;GO:0005216;GO:0015267;GO:0022803	5	aten_0.1.m1.11152.m1	4
"channel activity"	GO:0005261;GO:0005216;GO:0015267;GO:0022803	5	aten_0.1.m1.9807.m1	9
"channel activity"	GO:0005261;GO:0005216;GO:0015267;GO:0022803	5	aten_0.1.m1.13368.m1	25
"channel activity"	GO:0005261;GO:0005216;GO:0015267;GO:0022803	5	aten_0.1.m1.11475.m1	-1
"channel activity"	GO:0005261;GO:0005216;GO:0015267;GO:0022803	5	aten_0.1.m1.15272.m1	-11
"channel activity"	GO:0005261;GO:0005216;GO:0015267;GO:0022803	5	aten_0.1.m1.16326.m1	-1
"channel activity"	GO:0005261;GO:0005216;GO:0015267;GO:0022803	5	aten_0.1.m1.16905.m1	0
"channel activity"	GO:0005261;GO:0005216;GO:0015267;GO:0022803	5	aten_0.1.m1.12784.m1	5
"channel activity"	GO:0005261;GO:0005216;GO:0015267;GO:0022803	5	aten_0.1.m1.6388.m1	-3
"channel activity"	GO:0005261;GO:0005216;GO:0015267;GO:0022803	5	aten_0.1.m1.6387.m1	0
"channel activity"	GO:0005261;GO:0005216;GO:0015267;GO:0022803	5	aten_0.1.m1.24269.m1	0
"channel activity"	GO:0005261;GO:0005216;GO:0015267;GO:0022803	5	aten_0.1.m1.14502.m1	-3
"channel activity"	GO:0005261;GO:0005216;GO:0015267;GO:0022803	5	aten_0.1.m1.15514.m1	1
"channel activity"	GO:0005261;GO:0005216;GO:0015267;GO:0022803	5	aten_0.1.m1.21015.m1	-8
"channel activity"	GO:0005261;GO:0005216;GO:0015267;GO:0022803	5	aten_0.1.m1.15502.m1	-4
"channel activity"	GO:0005261;GO:0005216;GO:0015267;GO:0022803	5	aten_0.1.m1.12691.m1	6
"channel activity"	GO:0005261;GO:0005216;GO:0015267;GO:0022803	5	aten_0.1.m1.7390.m1	0
"channel activity"	GO:0005261;GO:0005216;GO:0015267;GO:0022803	5	aten_0.1.m1.15383.m1	0
"channel activity"	GO:0005261;GO:0005216;GO:0015267;GO:0022803	5	aten_0.1.m1.9839.m1	-4
"channel activity"	GO:0005261;GO:0005216;GO:0015267;GO:0022803	5	aten_0.1.m1.6087.m1	0
"channel activity"	GO:0005261;GO:0005216;GO:0015267;GO:0022803	5	aten_0.1.m1.24204.m1	0
"channel activity"	GO:0005261;GO:0005216;GO:0015267;GO:0022803	5	aten_0.1.m1.15280.m1	-12
"channel activity"	GO:0005261;GO:0005216;GO:0015267;GO:0022803	5	aten_0.1.m1.17479.m1	0
"channel activity"	GO:0005261;GO:0005216;GO:0015267;GO:0022803	5	aten_0.1.m1.22182.m1	7
"channel activity"	GO:0005261;GO:0005216;GO:0015267;GO:0022803	5	aten_0.1.m1.2877.m1	13
"channel activity"	GO:0005261;GO:0005216;GO:0015267;GO:0022803	5	aten_0.1.m1.9812.m1	-9
"channel activity"	GO:0005261;GO:0005216;GO:0015267;GO:0022803	5	aten_0.1.m1.29680.m1	0
"channel activity"	GO:0005261;GO:0005216;GO:0015267;GO:0022803	5	aten_0.1.m1.19333.m1	-15
"channel activity"	GO:0005261;GO:0005216;GO:0015267;GO:0022803	5	aten_0.1.m1.18985.m1	0
"channel activity"	GO:0005261;GO:0005216;GO:0015267;GO:0022803	5	aten_0.1.m1.19742.m1	0
"channel activity"	GO:0005261;GO:0005216;GO:0015267;GO:0022803	5	aten_0.1.m1.25532.m1	6
"channel activity"	GO:0005261;GO:0005216;GO:0015267;GO:0022803	5	aten_0.1.m1.30463.m1	6
"channel activity"	GO:0005261;GO:0005216;GO:0015267;GO:0022803	5	aten_0.1.m1.15382.m1	-7
"channel activity"	GO:0005261;GO:0005216;GO:0015267;GO:0022803	5	aten_0.1.m1.18992.m1	0
"channel activity"	GO:0005261;GO:0005216;GO:0015267;GO:0022803	5	aten_0.1.m1.29019.m1	3
"channel activity"	GO:0005261;GO:0005216;GO:0015267;GO:0022803	5	aten_0.1.m1.22865.m1	2
"channel activity"	GO:0005261;GO:0005216;GO:0015267;GO:0022803	5	aten_0.1.m1.12702.m1	0
"channel activity"	GO:0005261;GO:0005216;GO:0015267;GO:0022803	5	aten_0.1.m1.24193.m1	2
"channel activity"	GO:0005261;GO:0005216;GO:0015267;GO:0022803	5	aten_0.1.m1.13958.m1	2
"channel activity"	GO:0005261;GO:0005216;GO:0015267;GO:0022803	5	aten_0.1.m1.9224.m1	-10
"channel activity"	GO:0005261;GO:0005216;GO:0015267;GO:0022803	5	aten_0.1.m1.21246.m1	23
"channel activity"	GO:0005261;GO:0005216;GO:0015267;GO:0022803	5	aten_0.1.m1.26537.m1	-10
"channel activity"	GO:0005261;GO:0005216;GO:0015267;GO:0022803	5	aten_0.1.m1.19690.m1	7
"channel activity"	GO:0005261;GO:0005216;GO:0015267;GO:0022803	5	aten_0.1.m1.1219.m1	0
"channel activity"	GO:0005261;GO:0005216;GO:0015267;GO:0022803	5	aten_0.1.m1.19011.m1	-19
"channel activity"	GO:0005261;GO:0005216;GO:0015267;GO:0022803	5	aten_0.1.m1.16370.m1	-5
"channel activity"	GO:0005261;GO:0005216;GO:0015267;GO:0022803	5	aten_0.1.m1.2858.m1	4
"channel activity"	GO:0005261;GO:0005216;GO:0015267;GO:0022803	5	aten_0.1.m1.3079.m1	0
"channel activity"	GO:0005261;GO:0005216;GO:0015267;GO:0022803	5	aten_0.1.m1.28104.m1	-10
"channel activity"	GO:0005261;GO:0005216;GO:0015267;GO:0022803	5	aten_0.1.m1.32548.m1	1
"channel activity"	GO:0005261;GO:0005216;GO:0015267;GO:0022803	5	aten_0.1.m1.18558.m1	-14
"DNA secondary structure binding"	GO:0000217	3	aten_0.1.m1.27600.m1	-3
"DNA secondary structure binding"	GO:0000217	3	aten_0.1.m1.4545.m1	0
"DNA secondary structure binding"	GO:0000217	3	aten_0.1.m1.3477.m1	0
"DNA secondary structure binding"	GO:0000217	3	aten_0.1.m1.15037.m1	0
"DNA secondary structure binding"	GO:0000217	3	aten_0.1.m1.5459.m1	-7
"DNA secondary structure binding"	GO:0000217	3	aten_0.1.m1.16830.m1	-17
"DNA secondary structure binding"	GO:0000217	3	aten_0.1.m1.33110.m1	0
"N,N-dimethylaniline monooxygenase activity"	GO:0004499;GO:0016709	5	aten_0.1.m1.11077.m1	0
"N,N-dimethylaniline monooxygenase activity"	GO:0004499;GO:0016709	5	aten_0.1.m1.11076.m1	-9
"transcription coregulator activity"	GO:0003712	2	aten_0.1.m1.12870.m1	0
"transcription coregulator activity"	GO:0003712	2	aten_0.1.m1.28300.m1	-9
"transcription coregulator activity"	GO:0003712	2	aten_0.1.m1.23385.m1	-1
"transcription coregulator activity"	GO:0003712	2	aten_0.1.m1.16437.m1	-14
"transcription coregulator activity"	GO:0003712	2	aten_0.1.m1.5229.m1	6
"transcription coregulator activity"	GO:0003712	2	aten_0.1.m1.21732.m1	0
"transcription coregulator activity"	GO:0003712	2	aten_0.1.m1.29140.m1	-4
"transcription coregulator activity"	GO:0003712	2	aten_0.1.m1.9406.m1	0
"oxidoreductase activity, acting on paired donors, with incorporation or reduction of molecular oxygen"	GO:0016705	2	aten_0.1.m1.10547.m1	0
"oxidoreductase activity, acting on paired donors, with incorporation or reduction of molecular oxygen"	GO:0016705	2	aten_0.1.m1.29667.m1	-8
"oxidoreductase activity, acting on paired donors, with incorporation or reduction of molecular oxygen"	GO:0016705	2	aten_0.1.m1.12833.m1	-4
"oxidoreductase activity, acting on paired donors, with incorporation or reduction of molecular oxygen"	GO:0016705	2	aten_0.1.m1.16147.m1	-6
"oxidoreductase activity, acting on paired donors, with incorporation or reduction of molecular oxygen"	GO:0016705	2	aten_0.1.m1.1417.m1	6
"oxidoreductase activity, acting on paired donors, with incorporation or reduction of molecular oxygen"	GO:0016705	2	aten_0.1.m1.5123.m1	-9
"oxidoreductase activity, acting on paired donors, with incorporation or reduction of molecular oxygen"	GO:0016705	2	aten_0.1.m1.11077.m1	0
"oxidoreductase activity, acting on paired donors, with incorporation or reduction of molecular oxygen"	GO:0016705	2	aten_0.1.m1.7584.m1	5
"oxidoreductase activity, acting on paired donors, with incorporation or reduction of molecular oxygen"	GO:0016705	2	aten_0.1.m1.5133.m1	0
"oxidoreductase activity, acting on paired donors, with incorporation or reduction of molecular oxygen"	GO:0016705	2	aten_0.1.m1.7780.m1	0
"oxidoreductase activity, acting on paired donors, with incorporation or reduction of molecular oxygen"	GO:0016705	2	aten_0.1.m1.1415.m1	0
"oxidoreductase activity, acting on paired donors, with incorporation or reduction of molecular oxygen"	GO:0016705	2	aten_0.1.m1.13577.m1	0
"oxidoreductase activity, acting on paired donors, with incorporation or reduction of molecular oxygen"	GO:0016705	2	aten_0.1.m1.11076.m1	-9
"oxidoreductase activity, acting on paired donors, with incorporation or reduction of molecular oxygen"	GO:0016705	2	aten_0.1.m1.18411.m1	-10
"oxidoreductase activity, acting on paired donors, with incorporation or reduction of molecular oxygen"	GO:0016705	2	aten_0.1.m1.29468.m1	-3
"oxidoreductase activity, acting on paired donors, with incorporation or reduction of molecular oxygen"	GO:0016705	2	aten_0.1.m1.22657.m1	7
"oxidoreductase activity, acting on paired donors, with incorporation or reduction of molecular oxygen"	GO:0016705	2	aten_0.1.m1.14104.m1	0
"oxidoreductase activity, acting on paired donors, with incorporation or reduction of molecular oxygen"	GO:0016705	2	aten_0.1.m1.29399.m1	-18
"G protein-coupled GABA receptor activity"	GO:0004965	3	aten_0.1.m1.23510.m1	0
"G protein-coupled GABA receptor activity"	GO:0004965	3	aten_0.1.m1.6063.m1	-4
"G protein-coupled GABA receptor activity"	GO:0004965	3	aten_0.1.m1.3207.m1	0
"G protein-coupled GABA receptor activity"	GO:0004965	3	aten_0.1.m1.16409.m1	-5
"G protein-coupled GABA receptor activity"	GO:0004965	3	aten_0.1.m1.30060.m1	-19
"G protein-coupled GABA receptor activity"	GO:0004965	3	aten_0.1.m1.27237.m1	0
"G protein-coupled GABA receptor activity"	GO:0004965	3	aten_0.1.m1.23511.m1	10
"G protein-coupled GABA receptor activity"	GO:0004965	3	aten_0.1.m1.29033.m1	0
"G protein-coupled GABA receptor activity"	GO:0004965	3	aten_0.1.m1.23518.m1	0
"G protein-coupled GABA receptor activity"	GO:0004965	3	aten_0.1.m1.23521.m1	0
"G protein-coupled GABA receptor activity"	GO:0004965	3	aten_0.1.m1.33550.m1	2
"G protein-coupled GABA receptor activity"	GO:0004965	3	aten_0.1.m1.24198.m1	0
"G protein-coupled GABA receptor activity"	GO:0004965	3	aten_0.1.m1.749.m1	0
"G protein-coupled GABA receptor activity"	GO:0004965	3	aten_0.1.m1.15732.m1	11
"translation elongation factor activity"	GO:0003746	2	aten_0.1.m1.2015.m1	7
"translation elongation factor activity"	GO:0003746	2	aten_0.1.m1.22763.m1	-2
"translation elongation factor activity"	GO:0003746	2	aten_0.1.m1.3173.m1	-1
"translation elongation factor activity"	GO:0003746	2	aten_0.1.m1.22938.m1	3
"G protein-coupled serotonin receptor activity"	GO:0004993;GO:0099589	5	aten_0.1.m1.15829.m1	0
"G protein-coupled serotonin receptor activity"	GO:0004993;GO:0099589	5	aten_0.1.m1.23778.m1	-5
"cyclin-dependent protein kinase activity"	GO:0004693;GO:0097472	4	aten_0.1.m1.20049.m1	0
"cyclin-dependent protein kinase activity"	GO:0004693;GO:0097472	4	aten_0.1.m1.27218.m1	2
"transcription factor binding"	GO:0140297;GO:0008134	3	aten_0.1.m1.3796.m1	-14
"transcription factor binding"	GO:0140297;GO:0008134	3	aten_0.1.m1.24735.m1	-1
"transcription factor binding"	GO:0140297;GO:0008134	3	aten_0.1.m1.216.m1	1
"transcription factor binding"	GO:0140297;GO:0008134	3	aten_0.1.m1.6331.m1	-5
"transferase activity, transferring acyl groups, acyl groups converted into alkyl on transfer"	GO:0046912	2	aten_0.1.m1.29060.m1	-7
"transferase activity, transferring acyl groups, acyl groups converted into alkyl on transfer"	GO:0046912	2	aten_0.1.m1.1912.m1	-5
"protease binding"	GO:0002020;GO:0019899	4	aten_0.1.m1.26363.m1	-1
"protease binding"	GO:0002020;GO:0019899	4	aten_0.1.m1.31296.m1	-1
"protease binding"	GO:0002020;GO:0019899	4	aten_0.1.m1.22639.m1	-13
"protease binding"	GO:0002020;GO:0019899	4	aten_0.1.m1.16399.m1	4
"protease binding"	GO:0002020;GO:0019899	4	aten_0.1.m1.21417.m1	0
"protease binding"	GO:0002020;GO:0019899	4	aten_0.1.m1.1637.m1	0
"protease binding"	GO:0002020;GO:0019899	4	aten_0.1.m1.16394.m1	-3
"protease binding"	GO:0002020;GO:0019899	4	aten_0.1.m1.21421.m1	0
"protease binding"	GO:0002020;GO:0019899	4	aten_0.1.m1.22826.m1	5
"transferase activity, transferring glycosyl groups"	GO:0016758;GO:0016757	4	aten_0.1.m1.11829.m1	0
"transferase activity, transferring glycosyl groups"	GO:0016758;GO:0016757	4	aten_0.1.m1.7817.m1	0
"transferase activity, transferring glycosyl groups"	GO:0016758;GO:0016757	4	aten_0.1.m1.2.m1	0
"transferase activity, transferring glycosyl groups"	GO:0016758;GO:0016757	4	aten_0.1.m1.15379.m1	0
"transferase activity, transferring glycosyl groups"	GO:0016758;GO:0016757	4	aten_0.1.m1.20626.m1	0
"transferase activity, transferring glycosyl groups"	GO:0016758;GO:0016757	4	aten_0.1.m1.357.m1	0
"transferase activity, transferring glycosyl groups"	GO:0016758;GO:0016757	4	aten_0.1.m1.12203.m1	0
"transferase activity, transferring glycosyl groups"	GO:0016758;GO:0016757	4	aten_0.1.m1.16422.m1	-3
"transferase activity, transferring glycosyl groups"	GO:0016758;GO:0016757	4	aten_0.1.m1.481.m1	2
"transferase activity, transferring glycosyl groups"	GO:0016758;GO:0016757	4	aten_0.1.m1.30354.m1	10
"transferase activity, transferring glycosyl groups"	GO:0016758;GO:0016757	4	aten_0.1.m1.30347.m1	-12
"transferase activity, transferring glycosyl groups"	GO:0016758;GO:0016757	4	aten_0.1.m1.23106.m1	0
"transferase activity, transferring glycosyl groups"	GO:0016758;GO:0016757	4	aten_0.1.m1.13351.m1	-4
"transferase activity, transferring glycosyl groups"	GO:0016758;GO:0016757	4	aten_0.1.m1.3281.m1	0
"transferase activity, transferring glycosyl groups"	GO:0016758;GO:0016757	4	aten_0.1.m1.17775.m1	-7
"transferase activity, transferring glycosyl groups"	GO:0016758;GO:0016757	4	aten_0.1.m1.12352.m1	0
"transferase activity, transferring glycosyl groups"	GO:0016758;GO:0016757	4	aten_0.1.m1.22679.m1	0
"transferase activity, transferring glycosyl groups"	GO:0016758;GO:0016757	4	aten_0.1.m1.6082.m1	-3
"transferase activity, transferring glycosyl groups"	GO:0016758;GO:0016757	4	aten_0.1.m1.13352.m1	0
"transferase activity, transferring glycosyl groups"	GO:0016758;GO:0016757	4	aten_0.1.m1.12726.m1	-10
"transferase activity, transferring glycosyl groups"	GO:0016758;GO:0016757	4	aten_0.1.m1.10978.m1	0
"transferase activity, transferring glycosyl groups"	GO:0016758;GO:0016757	4	aten_0.1.m1.1462.m1	0
"transferase activity, transferring glycosyl groups"	GO:0016758;GO:0016757	4	aten_0.1.m1.29855.m1	-15
"transferase activity, transferring glycosyl groups"	GO:0016758;GO:0016757	4	aten_0.1.m1.4854.m1	4
"transferase activity, transferring glycosyl groups"	GO:0016758;GO:0016757	4	aten_0.1.m1.19561.m1	-1
"transferase activity, transferring glycosyl groups"	GO:0016758;GO:0016757	4	aten_0.1.m1.9137.m1	0
"transferase activity, transferring glycosyl groups"	GO:0016758;GO:0016757	4	aten_0.1.m1.22246.m1	-1
"transferase activity, transferring glycosyl groups"	GO:0016758;GO:0016757	4	aten_0.1.m1.9203.m1	0
"transferase activity, transferring glycosyl groups"	GO:0016758;GO:0016757	4	aten_0.1.m1.9139.m1	-1
"transferase activity, transferring glycosyl groups"	GO:0016758;GO:0016757	4	aten_0.1.m1.10959.m1	-5
"aryl sulfotransferase activity"	GO:0004062;GO:0008146;GO:0016782	3	aten_0.1.m1.32328.m1	0
"aryl sulfotransferase activity"	GO:0004062;GO:0008146;GO:0016782	3	aten_0.1.m1.32068.m1	0
"aryl sulfotransferase activity"	GO:0004062;GO:0008146;GO:0016782	3	aten_0.1.m1.28756.m1	-3
"aryl sulfotransferase activity"	GO:0004062;GO:0008146;GO:0016782	3	aten_0.1.m1.30851.m1	-17
"aryl sulfotransferase activity"	GO:0004062;GO:0008146;GO:0016782	3	aten_0.1.m1.32744.m1	-3
"collagen binding"	GO:0005518	2	aten_0.1.m1.12022.m1	0
"collagen binding"	GO:0005518	2	aten_0.1.m1.611.m1	0
"collagen binding"	GO:0005518	2	aten_0.1.m1.12023.m1	12
"UDP-glycosyltransferase activity"	GO:0008194	4	aten_0.1.m1.11829.m1	0
"UDP-glycosyltransferase activity"	GO:0008194	4	aten_0.1.m1.2.m1	0
"UDP-glycosyltransferase activity"	GO:0008194	4	aten_0.1.m1.20626.m1	0
"UDP-glycosyltransferase activity"	GO:0008194	4	aten_0.1.m1.16422.m1	-3
"UDP-glycosyltransferase activity"	GO:0008194	4	aten_0.1.m1.481.m1	2
"UDP-glycosyltransferase activity"	GO:0008194	4	aten_0.1.m1.30354.m1	10
"UDP-glycosyltransferase activity"	GO:0008194	4	aten_0.1.m1.30347.m1	-12
"UDP-glycosyltransferase activity"	GO:0008194	4	aten_0.1.m1.23106.m1	0
"UDP-glycosyltransferase activity"	GO:0008194	4	aten_0.1.m1.13351.m1	-4
"UDP-glycosyltransferase activity"	GO:0008194	4	aten_0.1.m1.12352.m1	0
"UDP-glycosyltransferase activity"	GO:0008194	4	aten_0.1.m1.22679.m1	0
"UDP-glycosyltransferase activity"	GO:0008194	4	aten_0.1.m1.13352.m1	0
"UDP-glycosyltransferase activity"	GO:0008194	4	aten_0.1.m1.10978.m1	0
"acid phosphatase activity"	GO:0003993	2	aten_0.1.m1.15669.m1	9
"acid phosphatase activity"	GO:0003993	2	aten_0.1.m1.12764.m1	13
"acid phosphatase activity"	GO:0003993	2	aten_0.1.m1.3433.m1	0
"acid phosphatase activity"	GO:0003993	2	aten_0.1.m1.6754.m1	0
"acid phosphatase activity"	GO:0003993	2	aten_0.1.m1.27909.m1	-6
"phosphatidylinositol binding"	GO:0035091	2	aten_0.1.m1.6483.m1	-4
"phosphatidylinositol binding"	GO:0035091	2	aten_0.1.m1.5498.m1	0
"phosphatidylinositol binding"	GO:0035091	2	aten_0.1.m1.15059.m1	0
"thiol-dependent ubiquitin-specific protease activity"	GO:0004843;GO:0008242;GO:0101005	3	aten_0.1.m1.32588.m1	0
"thiol-dependent ubiquitin-specific protease activity"	GO:0004843;GO:0008242;GO:0101005	3	aten_0.1.m1.18839.m1	3
"thiol-dependent ubiquitin-specific protease activity"	GO:0004843;GO:0008242;GO:0101005	3	aten_0.1.m1.14756.m1	0
"ligase activity"	GO:0016874	2	aten_0.1.m1.6464.m1	-22
"ligase activity"	GO:0016874	2	aten_0.1.m1.15660.m1	-1
"ligase activity"	GO:0016874	2	aten_0.1.m1.22004.m1	-3
"ligase activity"	GO:0016874	2	aten_0.1.m1.5722.m1	-3
"ligase activity"	GO:0016874	2	aten_0.1.m1.22005.m1	-6
"ligase activity"	GO:0016874	2	aten_0.1.m1.11590.m1	0
"ligase activity"	GO:0016874	2	aten_0.1.m1.263.m1	10
"ligase activity"	GO:0016874	2	aten_0.1.m1.11308.m1	11
"protein serine/threonine kinase activity"	GO:0004674	2	aten_0.1.m1.8874.m1	-7
"protein serine/threonine kinase activity"	GO:0004674	2	aten_0.1.m1.4495.m1	0
"protein serine/threonine kinase activity"	GO:0004674	2	aten_0.1.m1.11765.m1	0
"protein serine/threonine kinase activity"	GO:0004674	2	aten_0.1.m1.17280.m1	4
"protein serine/threonine kinase activity"	GO:0004674	2	aten_0.1.m1.11636.m1	-6
"protein serine/threonine kinase activity"	GO:0004674	2	aten_0.1.m1.3147.m1	13
"protein serine/threonine kinase activity"	GO:0004674	2	aten_0.1.m1.24689.m1	-26
"protein serine/threonine kinase activity"	GO:0004674	2	aten_0.1.m1.11807.m1	-4
"protein serine/threonine kinase activity"	GO:0004674	2	aten_0.1.m1.15966.m1	0
"protein serine/threonine kinase activity"	GO:0004674	2	aten_0.1.m1.11816.m1	3
"protein serine/threonine kinase activity"	GO:0004674	2	aten_0.1.m1.10800.m1	-7
"protein serine/threonine kinase activity"	GO:0004674	2	aten_0.1.m1.2077.m1	0
"protein serine/threonine kinase activity"	GO:0004674	2	aten_0.1.m1.28129.m1	4
"protein serine/threonine kinase activity"	GO:0004674	2	aten_0.1.m1.25172.m1	-5
"protein serine/threonine kinase activity"	GO:0004674	2	aten_0.1.m1.6443.m1	0
"protein serine/threonine kinase activity"	GO:0004674	2	aten_0.1.m1.26580.m1	0
"protein serine/threonine kinase activity"	GO:0004674	2	aten_0.1.m1.30180.m1	-4
"protein serine/threonine kinase activity"	GO:0004674	2	aten_0.1.m1.14915.m1	10
"protein serine/threonine kinase activity"	GO:0004674	2	aten_0.1.m1.29451.m1	-3
"protein serine/threonine kinase activity"	GO:0004674	2	aten_0.1.m1.10040.m1	-6
"protein serine/threonine kinase activity"	GO:0004674	2	aten_0.1.m1.10782.m1	0
"protein serine/threonine kinase activity"	GO:0004674	2	aten_0.1.m1.6746.m1	6
"protein serine/threonine kinase activity"	GO:0004674	2	aten_0.1.m1.3958.m1	0
"protein serine/threonine kinase activity"	GO:0004674	2	aten_0.1.m1.15566.m1	5
"protein serine/threonine kinase activity"	GO:0004674	2	aten_0.1.m1.6745.m1	0
"protein serine/threonine kinase activity"	GO:0004674	2	aten_0.1.m1.12240.m1	-2
"protein serine/threonine kinase activity"	GO:0004674	2	aten_0.1.m1.20049.m1	0
"protein serine/threonine kinase activity"	GO:0004674	2	aten_0.1.m1.21277.m1	17
"protein serine/threonine kinase activity"	GO:0004674	2	aten_0.1.m1.7275.m1	-7
"protein serine/threonine kinase activity"	GO:0004674	2	aten_0.1.m1.30179.m1	-12
"protein serine/threonine kinase activity"	GO:0004674	2	aten_0.1.m1.20791.m1	-1
"protein serine/threonine kinase activity"	GO:0004674	2	aten_0.1.m1.16559.m1	0
"protein serine/threonine kinase activity"	GO:0004674	2	aten_0.1.m1.32176.m1	1
"protein serine/threonine kinase activity"	GO:0004674	2	aten_0.1.m1.324.m1	1
"protein serine/threonine kinase activity"	GO:0004674	2	aten_0.1.m1.3639.m1	29
"protein serine/threonine kinase activity"	GO:0004674	2	aten_0.1.m1.19485.m1	0
"protein serine/threonine kinase activity"	GO:0004674	2	aten_0.1.m1.3182.m1	7
"protein serine/threonine kinase activity"	GO:0004674	2	aten_0.1.m1.2604.m1	0
"protein serine/threonine kinase activity"	GO:0004674	2	aten_0.1.m1.33053.m1	7
"protein serine/threonine kinase activity"	GO:0004674	2	aten_0.1.m1.32158.m1	0
"protein serine/threonine kinase activity"	GO:0004674	2	aten_0.1.m1.7215.m1	13
"protein serine/threonine kinase activity"	GO:0004674	2	aten_0.1.m1.6715.m1	0
"protein serine/threonine kinase activity"	GO:0004674	2	aten_0.1.m1.24847.m1	0
"protein serine/threonine kinase activity"	GO:0004674	2	aten_0.1.m1.6749.m1	0
"protein serine/threonine kinase activity"	GO:0004674	2	aten_0.1.m1.9802.m1	2
"protein serine/threonine kinase activity"	GO:0004674	2	aten_0.1.m1.3140.m1	-32
"protein serine/threonine kinase activity"	GO:0004674	2	aten_0.1.m1.6742.m1	-12
"protein serine/threonine kinase activity"	GO:0004674	2	aten_0.1.m1.11569.m1	-4
"protein serine/threonine kinase activity"	GO:0004674	2	aten_0.1.m1.7551.m1	0
"protein serine/threonine kinase activity"	GO:0004674	2	aten_0.1.m1.27038.m1	-10
"protein serine/threonine kinase activity"	GO:0004674	2	aten_0.1.m1.14360.m1	2
"protein serine/threonine kinase activity"	GO:0004674	2	aten_0.1.m1.15570.m1	1
"protein serine/threonine kinase activity"	GO:0004674	2	aten_0.1.m1.7910.m1	19
"protein serine/threonine kinase activity"	GO:0004674	2	aten_0.1.m1.27346.m1	-7
"protein serine/threonine kinase activity"	GO:0004674	2	aten_0.1.m1.8602.m1	-17
"protein serine/threonine kinase activity"	GO:0004674	2	aten_0.1.m1.27218.m1	2
"protein serine/threonine kinase activity"	GO:0004674	2	aten_0.1.m1.24720.m1	24
"protein serine/threonine kinase activity"	GO:0004674	2	aten_0.1.m1.11781.m1	12
"protein serine/threonine kinase activity"	GO:0004674	2	aten_0.1.m1.14109.m1	0
"protein serine/threonine kinase activity"	GO:0004674	2	aten_0.1.m1.29897.m1	0
"protein serine/threonine kinase activity"	GO:0004674	2	aten_0.1.m1.30187.m1	6
"protein serine/threonine kinase activity"	GO:0004674	2	aten_0.1.m1.25286.m1	-5
"protein serine/threonine kinase activity"	GO:0004674	2	aten_0.1.m1.15982.m1	4
"protein serine/threonine kinase activity"	GO:0004674	2	aten_0.1.m1.24683.m1	-16
"protein serine/threonine kinase activity"	GO:0004674	2	aten_0.1.m1.6753.m1	0
"protein serine/threonine kinase activity"	GO:0004674	2	aten_0.1.m1.5070.m1	-10
"protein serine/threonine kinase activity"	GO:0004674	2	aten_0.1.m1.1221.m1	0
"protein serine/threonine kinase activity"	GO:0004674	2	aten_0.1.m1.22532.m1	0
"nucleoside kinase activity"	GO:0019206	2	aten_0.1.m1.14416.m1	-7
"nucleoside kinase activity"	GO:0019206	2	aten_0.1.m1.922.m1	0
"tRNA binding"	GO:0000049	2	aten_0.1.m1.13308.m1	6
"tRNA binding"	GO:0000049	2	aten_0.1.m1.24431.m1	11
"tRNA binding"	GO:0000049	2	aten_0.1.m1.20365.m1	15
"tRNA binding"	GO:0000049	2	aten_0.1.m1.1881.m1	-1
"tRNA binding"	GO:0000049	2	aten_0.1.m1.27307.m1	-10
"tRNA binding"	GO:0000049	2	aten_0.1.m1.31139.m1	24
"tRNA binding"	GO:0000049	2	aten_0.1.m1.1783.m1	0
"tRNA binding"	GO:0000049	2	aten_0.1.m1.8075.m1	0
"tRNA binding"	GO:0000049	2	aten_0.1.m1.3289.m1	0
"tRNA binding"	GO:0000049	2	aten_0.1.m1.30470.m1	0
"tRNA binding"	GO:0000049	2	aten_0.1.m1.26251.m1	0
"tRNA binding"	GO:0000049	2	aten_0.1.m1.31138.m1	-11
"tRNA binding"	GO:0000049	2	aten_0.1.m1.21146.m1	-8
"tRNA binding"	GO:0000049	2	aten_0.1.m1.21101.m1	-1
"tRNA binding"	GO:0000049	2	aten_0.1.m1.3046.m1	0
"tRNA binding"	GO:0000049	2	aten_0.1.m1.20220.m1	2
"tRNA binding"	GO:0000049	2	aten_0.1.m1.6191.m1	5
"tRNA binding"	GO:0000049	2	aten_0.1.m1.32554.m1	0
"organic cyclic compound binding"	GO:0097159;GO:1901363	2	aten_0.1.m1.17226.m1	0
"organic cyclic compound binding"	GO:0097159;GO:1901363	2	aten_0.1.m1.13308.m1	6
"organic cyclic compound binding"	GO:0097159;GO:1901363	2	aten_0.1.m1.3551.m1	-2
"organic cyclic compound binding"	GO:0097159;GO:1901363	2	aten_0.1.m1.22651.m1	-1
"organic cyclic compound binding"	GO:0097159;GO:1901363	2	aten_0.1.m1.12986.m1	-13
"organic cyclic compound binding"	GO:0097159;GO:1901363	2	aten_0.1.m1.15462.m1	17
"organic cyclic compound binding"	GO:0097159;GO:1901363	2	aten_0.1.m1.5523.m1	2
"organic cyclic compound binding"	GO:0097159;GO:1901363	2	aten_0.1.m1.15.m1	14
"organic cyclic compound binding"	GO:0097159;GO:1901363	2	aten_0.1.m1.22332.m1	-4
"organic cyclic compound binding"	GO:0097159;GO:1901363	2	aten_0.1.m1.17438.m1	5
"organic cyclic compound binding"	GO:0097159;GO:1901363	2	aten_0.1.m1.34087.m1	0
"organic cyclic compound binding"	GO:0097159;GO:1901363	2	aten_0.1.m1.6077.m1	0
"organic cyclic compound binding"	GO:0097159;GO:1901363	2	aten_0.1.m1.1448.m1	0
"organic cyclic compound binding"	GO:0097159;GO:1901363	2	aten_0.1.m1.28838.m1	0
"organic cyclic compound binding"	GO:0097159;GO:1901363	2	aten_0.1.m1.22104.m1	6
"organic cyclic compound binding"	GO:0097159;GO:1901363	2	aten_0.1.m1.12063.m1	4
"organic cyclic compound binding"	GO:0097159;GO:1901363	2	aten_0.1.m1.25645.m1	14
"organic cyclic compound binding"	GO:0097159;GO:1901363	2	aten_0.1.m1.13253.m1	-16
"organic cyclic compound binding"	GO:0097159;GO:1901363	2	aten_0.1.m1.30518.m1	2
"organic cyclic compound binding"	GO:0097159;GO:1901363	2	aten_0.1.m1.11598.m1	7
"organic cyclic compound binding"	GO:0097159;GO:1901363	2	aten_0.1.m1.18838.m1	4
"organic cyclic compound binding"	GO:0097159;GO:1901363	2	aten_0.1.m1.3533.m1	-1
"organic cyclic compound binding"	GO:0097159;GO:1901363	2	aten_0.1.m1.20279.m1	0
"organic cyclic compound binding"	GO:0097159;GO:1901363	2	aten_0.1.m1.28293.m1	0
"organic cyclic compound binding"	GO:0097159;GO:1901363	2	aten_0.1.m1.27600.m1	-3
"organic cyclic compound binding"	GO:0097159;GO:1901363	2	aten_0.1.m1.7336.m1	-7
"organic cyclic compound binding"	GO:0097159;GO:1901363	2	aten_0.1.m1.32269.m1	-17
"organic cyclic compound binding"	GO:0097159;GO:1901363	2	aten_0.1.m1.1801.m1	-6
"organic cyclic compound binding"	GO:0097159;GO:1901363	2	aten_0.1.m1.1645.m1	-4
"organic cyclic compound binding"	GO:0097159;GO:1901363	2	aten_0.1.m1.22547.m1	19
"organic cyclic compound binding"	GO:0097159;GO:1901363	2	aten_0.1.m1.1362.m1	-11
"organic cyclic compound binding"	GO:0097159;GO:1901363	2	aten_0.1.m1.807.m1	-2
"organic cyclic compound binding"	GO:0097159;GO:1901363	2	aten_0.1.m1.14548.m1	0
"organic cyclic compound binding"	GO:0097159;GO:1901363	2	aten_0.1.m1.26033.m1	-11
"organic cyclic compound binding"	GO:0097159;GO:1901363	2	aten_0.1.m1.10932.m1	-10
"organic cyclic compound binding"	GO:0097159;GO:1901363	2	aten_0.1.m1.15232.m1	-3
"organic cyclic compound binding"	GO:0097159;GO:1901363	2	aten_0.1.m1.15861.m1	2
"organic cyclic compound binding"	GO:0097159;GO:1901363	2	aten_0.1.m1.12083.m1	12
"organic cyclic compound binding"	GO:0097159;GO:1901363	2	aten_0.1.m1.19126.m1	2
"organic cyclic compound binding"	GO:0097159;GO:1901363	2	aten_0.1.m1.6364.m1	0
"organic cyclic compound binding"	GO:0097159;GO:1901363	2	aten_0.1.m1.11738.m1	7
"organic cyclic compound binding"	GO:0097159;GO:1901363	2	aten_0.1.m1.1153.m1	-6
"organic cyclic compound binding"	GO:0097159;GO:1901363	2	aten_0.1.m1.16864.m1	16
"organic cyclic compound binding"	GO:0097159;GO:1901363	2	aten_0.1.m1.11724.m1	-7
"organic cyclic compound binding"	GO:0097159;GO:1901363	2	aten_0.1.m1.2487.m1	12
"organic cyclic compound binding"	GO:0097159;GO:1901363	2	aten_0.1.m1.9133.m1	1
"organic cyclic compound binding"	GO:0097159;GO:1901363	2	aten_0.1.m1.7183.m1	4
"organic cyclic compound binding"	GO:0097159;GO:1901363	2	aten_0.1.m1.446.m1	0
"organic cyclic compound binding"	GO:0097159;GO:1901363	2	aten_0.1.m1.21622.m1	0
"organic cyclic compound binding"	GO:0097159;GO:1901363	2	aten_0.1.m1.32728.m1	-10
"organic cyclic compound binding"	GO:0097159;GO:1901363	2	aten_0.1.m1.16710.m1	0
"organic cyclic compound binding"	GO:0097159;GO:1901363	2	aten_0.1.m1.30031.m1	-5
"organic cyclic compound binding"	GO:0097159;GO:1901363	2	aten_0.1.m1.29917.m1	2
"organic cyclic compound binding"	GO:0097159;GO:1901363	2	aten_0.1.m1.29929.m1	0
"organic cyclic compound binding"	GO:0097159;GO:1901363	2	aten_0.1.m1.20028.m1	1
"organic cyclic compound binding"	GO:0097159;GO:1901363	2	aten_0.1.m1.24431.m1	11
"organic cyclic compound binding"	GO:0097159;GO:1901363	2	aten_0.1.m1.33439.m1	0
"organic cyclic compound binding"	GO:0097159;GO:1901363	2	aten_0.1.m1.12009.m1	3
"organic cyclic compound binding"	GO:0097159;GO:1901363	2	aten_0.1.m1.10101.m1	10
"organic cyclic compound binding"	GO:0097159;GO:1901363	2	aten_0.1.m1.21004.m1	1
"organic cyclic compound binding"	GO:0097159;GO:1901363	2	aten_0.1.m1.10900.m1	-4
"organic cyclic compound binding"	GO:0097159;GO:1901363	2	aten_0.1.m1.9983.m1	0
"organic cyclic compound binding"	GO:0097159;GO:1901363	2	aten_0.1.m1.1941.m1	0
"organic cyclic compound binding"	GO:0097159;GO:1901363	2	aten_0.1.m1.20666.m1	-4
"organic cyclic compound binding"	GO:0097159;GO:1901363	2	aten_0.1.m1.20365.m1	15
"organic cyclic compound binding"	GO:0097159;GO:1901363	2	aten_0.1.m1.24821.m1	1
"organic cyclic compound binding"	GO:0097159;GO:1901363	2	aten_0.1.m1.1881.m1	-1
"organic cyclic compound binding"	GO:0097159;GO:1901363	2	aten_0.1.m1.8756.m1	0
"organic cyclic compound binding"	GO:0097159;GO:1901363	2	aten_0.1.m1.9595.m1	3
"organic cyclic compound binding"	GO:0097159;GO:1901363	2	aten_0.1.m1.22910.m1	0
"organic cyclic compound binding"	GO:0097159;GO:1901363	2	aten_0.1.m1.33050.m1	0
"organic cyclic compound binding"	GO:0097159;GO:1901363	2	aten_0.1.m1.7227.m1	3
"organic cyclic compound binding"	GO:0097159;GO:1901363	2	aten_0.1.m1.20168.m1	21
"organic cyclic compound binding"	GO:0097159;GO:1901363	2	aten_0.1.m1.23445.m1	0
"organic cyclic compound binding"	GO:0097159;GO:1901363	2	aten_0.1.m1.26985.m1	4
"organic cyclic compound binding"	GO:0097159;GO:1901363	2	aten_0.1.m1.26976.m1	3
"organic cyclic compound binding"	GO:0097159;GO:1901363	2	aten_0.1.m1.13238.m1	0
"organic cyclic compound binding"	GO:0097159;GO:1901363	2	aten_0.1.m1.31861.m1	-4
"organic cyclic compound binding"	GO:0097159;GO:1901363	2	aten_0.1.m1.27307.m1	-10
"organic cyclic compound binding"	GO:0097159;GO:1901363	2	aten_0.1.m1.20614.m1	4
"organic cyclic compound binding"	GO:0097159;GO:1901363	2	aten_0.1.m1.25919.m1	0
"organic cyclic compound binding"	GO:0097159;GO:1901363	2	aten_0.1.m1.1226.m1	0
"organic cyclic compound binding"	GO:0097159;GO:1901363	2	aten_0.1.m1.20840.m1	14
"organic cyclic compound binding"	GO:0097159;GO:1901363	2	aten_0.1.m1.8947.m1	-1
"organic cyclic compound binding"	GO:0097159;GO:1901363	2	aten_0.1.m1.19619.m1	9
"organic cyclic compound binding"	GO:0097159;GO:1901363	2	aten_0.1.m1.22235.m1	2
"organic cyclic compound binding"	GO:0097159;GO:1901363	2	aten_0.1.m1.2126.m1	0
"organic cyclic compound binding"	GO:0097159;GO:1901363	2	aten_0.1.m1.11022.m1	-7
"organic cyclic compound binding"	GO:0097159;GO:1901363	2	aten_0.1.m1.34091.m1	0
"organic cyclic compound binding"	GO:0097159;GO:1901363	2	aten_0.1.m1.5377.m1	0
"organic cyclic compound binding"	GO:0097159;GO:1901363	2	aten_0.1.m1.4545.m1	0
"organic cyclic compound binding"	GO:0097159;GO:1901363	2	aten_0.1.m1.18933.m1	0
"organic cyclic compound binding"	GO:0097159;GO:1901363	2	aten_0.1.m1.15040.m1	-1
"organic cyclic compound binding"	GO:0097159;GO:1901363	2	aten_0.1.m1.26516.m1	4
"organic cyclic compound binding"	GO:0097159;GO:1901363	2	aten_0.1.m1.10162.m1	-14
"organic cyclic compound binding"	GO:0097159;GO:1901363	2	aten_0.1.m1.10922.m1	0
"organic cyclic compound binding"	GO:0097159;GO:1901363	2	aten_0.1.m1.18698.m1	8
"organic cyclic compound binding"	GO:0097159;GO:1901363	2	aten_0.1.m1.8381.m1	-7
"organic cyclic compound binding"	GO:0097159;GO:1901363	2	aten_0.1.m1.33163.m1	0
"organic cyclic compound binding"	GO:0097159;GO:1901363	2	aten_0.1.m1.21262.m1	0
"organic cyclic compound binding"	GO:0097159;GO:1901363	2	aten_0.1.m1.3946.m1	3
"organic cyclic compound binding"	GO:0097159;GO:1901363	2	aten_0.1.m1.25938.m1	2
"organic cyclic compound binding"	GO:0097159;GO:1901363	2	aten_0.1.m1.11211.m1	0
"organic cyclic compound binding"	GO:0097159;GO:1901363	2	aten_0.1.m1.19482.m1	2
"organic cyclic compound binding"	GO:0097159;GO:1901363	2	aten_0.1.m1.20607.m1	9
"organic cyclic compound binding"	GO:0097159;GO:1901363	2	aten_0.1.m1.7972.m1	7
"organic cyclic compound binding"	GO:0097159;GO:1901363	2	aten_0.1.m1.13167.m1	10
"organic cyclic compound binding"	GO:0097159;GO:1901363	2	aten_0.1.m1.27541.m1	-1
"organic cyclic compound binding"	GO:0097159;GO:1901363	2	aten_0.1.m1.14230.m1	-3
"organic cyclic compound binding"	GO:0097159;GO:1901363	2	aten_0.1.m1.13580.m1	4
"organic cyclic compound binding"	GO:0097159;GO:1901363	2	aten_0.1.m1.4663.m1	-1
"organic cyclic compound binding"	GO:0097159;GO:1901363	2	aten_0.1.m1.18964.m1	-4
"organic cyclic compound binding"	GO:0097159;GO:1901363	2	aten_0.1.m1.4630.m1	-8
"organic cyclic compound binding"	GO:0097159;GO:1901363	2	aten_0.1.m1.7736.m1	-3
"organic cyclic compound binding"	GO:0097159;GO:1901363	2	aten_0.1.m1.4530.m1	-11
"organic cyclic compound binding"	GO:0097159;GO:1901363	2	aten_0.1.m1.18892.m1	0
"organic cyclic compound binding"	GO:0097159;GO:1901363	2	aten_0.1.m1.16536.m1	0
"organic cyclic compound binding"	GO:0097159;GO:1901363	2	aten_0.1.m1.18834.m1	0
"organic cyclic compound binding"	GO:0097159;GO:1901363	2	aten_0.1.m1.18941.m1	0
"organic cyclic compound binding"	GO:0097159;GO:1901363	2	aten_0.1.m1.14977.m1	-13
"organic cyclic compound binding"	GO:0097159;GO:1901363	2	aten_0.1.m1.3477.m1	0
"organic cyclic compound binding"	GO:0097159;GO:1901363	2	aten_0.1.m1.26510.m1	0
"organic cyclic compound binding"	GO:0097159;GO:1901363	2	aten_0.1.m1.31139.m1	24
"organic cyclic compound binding"	GO:0097159;GO:1901363	2	aten_0.1.m1.1783.m1	0
"organic cyclic compound binding"	GO:0097159;GO:1901363	2	aten_0.1.m1.19546.m1	7
"organic cyclic compound binding"	GO:0097159;GO:1901363	2	aten_0.1.m1.18886.m1	19
"organic cyclic compound binding"	GO:0097159;GO:1901363	2	aten_0.1.m1.30432.m1	-7
"organic cyclic compound binding"	GO:0097159;GO:1901363	2	aten_0.1.m1.26242.m1	5
"organic cyclic compound binding"	GO:0097159;GO:1901363	2	aten_0.1.m1.23026.m1	0
"organic cyclic compound binding"	GO:0097159;GO:1901363	2	aten_0.1.m1.8075.m1	0
"organic cyclic compound binding"	GO:0097159;GO:1901363	2	aten_0.1.m1.14322.m1	0
"organic cyclic compound binding"	GO:0097159;GO:1901363	2	aten_0.1.m1.16859.m1	0
"organic cyclic compound binding"	GO:0097159;GO:1901363	2	aten_0.1.m1.14776.m1	14
"organic cyclic compound binding"	GO:0097159;GO:1901363	2	aten_0.1.m1.12035.m1	14
"organic cyclic compound binding"	GO:0097159;GO:1901363	2	aten_0.1.m1.33134.m1	-12
"organic cyclic compound binding"	GO:0097159;GO:1901363	2	aten_0.1.m1.26949.m1	3
"organic cyclic compound binding"	GO:0097159;GO:1901363	2	aten_0.1.m1.7395.m1	-6
"organic cyclic compound binding"	GO:0097159;GO:1901363	2	aten_0.1.m1.24194.m1	5
"organic cyclic compound binding"	GO:0097159;GO:1901363	2	aten_0.1.m1.21637.m1	2
"organic cyclic compound binding"	GO:0097159;GO:1901363	2	aten_0.1.m1.21360.m1	0
"organic cyclic compound binding"	GO:0097159;GO:1901363	2	aten_0.1.m1.4830.m1	-8
"organic cyclic compound binding"	GO:0097159;GO:1901363	2	aten_0.1.m1.3289.m1	0
"organic cyclic compound binding"	GO:0097159;GO:1901363	2	aten_0.1.m1.7269.m1	7
"organic cyclic compound binding"	GO:0097159;GO:1901363	2	aten_0.1.m1.15087.m1	6
"organic cyclic compound binding"	GO:0097159;GO:1901363	2	aten_0.1.m1.30470.m1	0
"organic cyclic compound binding"	GO:0097159;GO:1901363	2	aten_0.1.m1.5090.m1	0
"organic cyclic compound binding"	GO:0097159;GO:1901363	2	aten_0.1.m1.1028.m1	-4
"organic cyclic compound binding"	GO:0097159;GO:1901363	2	aten_0.1.m1.16709.m1	-19
"organic cyclic compound binding"	GO:0097159;GO:1901363	2	aten_0.1.m1.7800.m1	9
"organic cyclic compound binding"	GO:0097159;GO:1901363	2	aten_0.1.m1.8720.m1	1
"organic cyclic compound binding"	GO:0097159;GO:1901363	2	aten_0.1.m1.15784.m1	-18
"organic cyclic compound binding"	GO:0097159;GO:1901363	2	aten_0.1.m1.33417.m1	0
"organic cyclic compound binding"	GO:0097159;GO:1901363	2	aten_0.1.m1.12901.m1	0
"organic cyclic compound binding"	GO:0097159;GO:1901363	2	aten_0.1.m1.16855.m1	0
"organic cyclic compound binding"	GO:0097159;GO:1901363	2	aten_0.1.m1.26251.m1	0
"organic cyclic compound binding"	GO:0097159;GO:1901363	2	aten_0.1.m1.31421.m1	-1
"organic cyclic compound binding"	GO:0097159;GO:1901363	2	aten_0.1.m1.24499.m1	0
"organic cyclic compound binding"	GO:0097159;GO:1901363	2	aten_0.1.m1.8059.m1	0
"organic cyclic compound binding"	GO:0097159;GO:1901363	2	aten_0.1.m1.15037.m1	0
"organic cyclic compound binding"	GO:0097159;GO:1901363	2	aten_0.1.m1.24329.m1	-5
"organic cyclic compound binding"	GO:0097159;GO:1901363	2	aten_0.1.m1.18719.m1	0
"organic cyclic compound binding"	GO:0097159;GO:1901363	2	aten_0.1.m1.2827.m1	0
"organic cyclic compound binding"	GO:0097159;GO:1901363	2	aten_0.1.m1.31332.m1	-1
"organic cyclic compound binding"	GO:0097159;GO:1901363	2	aten_0.1.m1.30527.m1	-15
"organic cyclic compound binding"	GO:0097159;GO:1901363	2	aten_0.1.m1.5622.m1	-11
"organic cyclic compound binding"	GO:0097159;GO:1901363	2	aten_0.1.m1.23013.m1	0
"organic cyclic compound binding"	GO:0097159;GO:1901363	2	aten_0.1.m1.1647.m1	2
"organic cyclic compound binding"	GO:0097159;GO:1901363	2	aten_0.1.m1.27545.m1	-11
"organic cyclic compound binding"	GO:0097159;GO:1901363	2	aten_0.1.m1.31154.m1	0
"organic cyclic compound binding"	GO:0097159;GO:1901363	2	aten_0.1.m1.1114.m1	0
"organic cyclic compound binding"	GO:0097159;GO:1901363	2	aten_0.1.m1.1386.m1	0
"organic cyclic compound binding"	GO:0097159;GO:1901363	2	aten_0.1.m1.28894.m1	11
"organic cyclic compound binding"	GO:0097159;GO:1901363	2	aten_0.1.m1.31138.m1	-11
"organic cyclic compound binding"	GO:0097159;GO:1901363	2	aten_0.1.m1.17893.m1	-4
"organic cyclic compound binding"	GO:0097159;GO:1901363	2	aten_0.1.m1.8453.m1	0
"organic cyclic compound binding"	GO:0097159;GO:1901363	2	aten_0.1.m1.29893.m1	3
"organic cyclic compound binding"	GO:0097159;GO:1901363	2	aten_0.1.m1.4914.m1	-5
"organic cyclic compound binding"	GO:0097159;GO:1901363	2	aten_0.1.m1.33802.m1	0
"organic cyclic compound binding"	GO:0097159;GO:1901363	2	aten_0.1.m1.24242.m1	2
"organic cyclic compound binding"	GO:0097159;GO:1901363	2	aten_0.1.m1.2015.m1	7
"organic cyclic compound binding"	GO:0097159;GO:1901363	2	aten_0.1.m1.32557.m1	0
"organic cyclic compound binding"	GO:0097159;GO:1901363	2	aten_0.1.m1.21250.m1	0
"organic cyclic compound binding"	GO:0097159;GO:1901363	2	aten_0.1.m1.30112.m1	0
"organic cyclic compound binding"	GO:0097159;GO:1901363	2	aten_0.1.m1.4312.m1	17
"organic cyclic compound binding"	GO:0097159;GO:1901363	2	aten_0.1.m1.9889.m1	-7
"organic cyclic compound binding"	GO:0097159;GO:1901363	2	aten_0.1.m1.28846.m1	14
"organic cyclic compound binding"	GO:0097159;GO:1901363	2	aten_0.1.m1.29023.m1	-7
"organic cyclic compound binding"	GO:0097159;GO:1901363	2	aten_0.1.m1.26594.m1	0
"organic cyclic compound binding"	GO:0097159;GO:1901363	2	aten_0.1.m1.6227.m1	6
"organic cyclic compound binding"	GO:0097159;GO:1901363	2	aten_0.1.m1.24772.m1	0
"organic cyclic compound binding"	GO:0097159;GO:1901363	2	aten_0.1.m1.11067.m1	0
"organic cyclic compound binding"	GO:0097159;GO:1901363	2	aten_0.1.m1.3034.m1	-14
"organic cyclic compound binding"	GO:0097159;GO:1901363	2	aten_0.1.m1.14112.m1	-1
"organic cyclic compound binding"	GO:0097159;GO:1901363	2	aten_0.1.m1.29294.m1	-2
"organic cyclic compound binding"	GO:0097159;GO:1901363	2	aten_0.1.m1.26552.m1	-12
"organic cyclic compound binding"	GO:0097159;GO:1901363	2	aten_0.1.m1.6374.m1	38
"organic cyclic compound binding"	GO:0097159;GO:1901363	2	aten_0.1.m1.1737.m1	5
"organic cyclic compound binding"	GO:0097159;GO:1901363	2	aten_0.1.m1.24853.m1	4
"organic cyclic compound binding"	GO:0097159;GO:1901363	2	aten_0.1.m1.9898.m1	0
"organic cyclic compound binding"	GO:0097159;GO:1901363	2	aten_0.1.m1.14160.m1	-23
"organic cyclic compound binding"	GO:0097159;GO:1901363	2	aten_0.1.m1.32908.m1	0
"organic cyclic compound binding"	GO:0097159;GO:1901363	2	aten_0.1.m1.12879.m1	-3
"organic cyclic compound binding"	GO:0097159;GO:1901363	2	aten_0.1.m1.9298.m1	-3
"organic cyclic compound binding"	GO:0097159;GO:1901363	2	aten_0.1.m1.25204.m1	25
"organic cyclic compound binding"	GO:0097159;GO:1901363	2	aten_0.1.m1.29531.m1	-2
"organic cyclic compound binding"	GO:0097159;GO:1901363	2	aten_0.1.m1.30079.m1	4
"organic cyclic compound binding"	GO:0097159;GO:1901363	2	aten_0.1.m1.8859.m1	-4
"organic cyclic compound binding"	GO:0097159;GO:1901363	2	aten_0.1.m1.24306.m1	0
"organic cyclic compound binding"	GO:0097159;GO:1901363	2	aten_0.1.m1.13539.m1	0
"organic cyclic compound binding"	GO:0097159;GO:1901363	2	aten_0.1.m1.8721.m1	-9
"organic cyclic compound binding"	GO:0097159;GO:1901363	2	aten_0.1.m1.32298.m1	0
"organic cyclic compound binding"	GO:0097159;GO:1901363	2	aten_0.1.m1.24492.m1	0
"organic cyclic compound binding"	GO:0097159;GO:1901363	2	aten_0.1.m1.10673.m1	0
"organic cyclic compound binding"	GO:0097159;GO:1901363	2	aten_0.1.m1.2171.m1	-11
"organic cyclic compound binding"	GO:0097159;GO:1901363	2	aten_0.1.m1.3228.m1	7
"organic cyclic compound binding"	GO:0097159;GO:1901363	2	aten_0.1.m1.26974.m1	-16
"organic cyclic compound binding"	GO:0097159;GO:1901363	2	aten_0.1.m1.18697.m1	2
"organic cyclic compound binding"	GO:0097159;GO:1901363	2	aten_0.1.m1.7399.m1	1
"organic cyclic compound binding"	GO:0097159;GO:1901363	2	aten_0.1.m1.3523.m1	0
"organic cyclic compound binding"	GO:0097159;GO:1901363	2	aten_0.1.m1.18824.m1	2
"organic cyclic compound binding"	GO:0097159;GO:1901363	2	aten_0.1.m1.21934.m1	10
"organic cyclic compound binding"	GO:0097159;GO:1901363	2	aten_0.1.m1.12026.m1	8
"organic cyclic compound binding"	GO:0097159;GO:1901363	2	aten_0.1.m1.18352.m1	0
"organic cyclic compound binding"	GO:0097159;GO:1901363	2	aten_0.1.m1.16037.m1	0
"organic cyclic compound binding"	GO:0097159;GO:1901363	2	aten_0.1.m1.2802.m1	0
"organic cyclic compound binding"	GO:0097159;GO:1901363	2	aten_0.1.m1.5526.m1	6
"organic cyclic compound binding"	GO:0097159;GO:1901363	2	aten_0.1.m1.2428.m1	0
"organic cyclic compound binding"	GO:0097159;GO:1901363	2	aten_0.1.m1.12758.m1	0
"organic cyclic compound binding"	GO:0097159;GO:1901363	2	aten_0.1.m1.21146.m1	-8
"organic cyclic compound binding"	GO:0097159;GO:1901363	2	aten_0.1.m1.6551.m1	-1
"organic cyclic compound binding"	GO:0097159;GO:1901363	2	aten_0.1.m1.17979.m1	4
"organic cyclic compound binding"	GO:0097159;GO:1901363	2	aten_0.1.m1.20624.m1	0
"organic cyclic compound binding"	GO:0097159;GO:1901363	2	aten_0.1.m1.24256.m1	0
"organic cyclic compound binding"	GO:0097159;GO:1901363	2	aten_0.1.m1.2244.m1	0
"organic cyclic compound binding"	GO:0097159;GO:1901363	2	aten_0.1.m1.15197.m1	14
"organic cyclic compound binding"	GO:0097159;GO:1901363	2	aten_0.1.m1.11487.m1	-14
"organic cyclic compound binding"	GO:0097159;GO:1901363	2	aten_0.1.m1.22149.m1	2
"organic cyclic compound binding"	GO:0097159;GO:1901363	2	aten_0.1.m1.5459.m1	-7
"organic cyclic compound binding"	GO:0097159;GO:1901363	2	aten_0.1.m1.29924.m1	-7
"organic cyclic compound binding"	GO:0097159;GO:1901363	2	aten_0.1.m1.2841.m1	0
"organic cyclic compound binding"	GO:0097159;GO:1901363	2	aten_0.1.m1.10341.m1	0
"organic cyclic compound binding"	GO:0097159;GO:1901363	2	aten_0.1.m1.4195.m1	24
"organic cyclic compound binding"	GO:0097159;GO:1901363	2	aten_0.1.m1.22484.m1	24
"organic cyclic compound binding"	GO:0097159;GO:1901363	2	aten_0.1.m1.22763.m1	-2
"organic cyclic compound binding"	GO:0097159;GO:1901363	2	aten_0.1.m1.14991.m1	0
"organic cyclic compound binding"	GO:0097159;GO:1901363	2	aten_0.1.m1.15461.m1	0
"organic cyclic compound binding"	GO:0097159;GO:1901363	2	aten_0.1.m1.25899.m1	-12
"organic cyclic compound binding"	GO:0097159;GO:1901363	2	aten_0.1.m1.31073.m1	0
"organic cyclic compound binding"	GO:0097159;GO:1901363	2	aten_0.1.m1.11110.m1	0
"organic cyclic compound binding"	GO:0097159;GO:1901363	2	aten_0.1.m1.3394.m1	-9
"organic cyclic compound binding"	GO:0097159;GO:1901363	2	aten_0.1.m1.21114.m1	2
"organic cyclic compound binding"	GO:0097159;GO:1901363	2	aten_0.1.m1.3173.m1	-1
"organic cyclic compound binding"	GO:0097159;GO:1901363	2	aten_0.1.m1.2187.m1	-12
"organic cyclic compound binding"	GO:0097159;GO:1901363	2	aten_0.1.m1.27497.m1	0
"organic cyclic compound binding"	GO:0097159;GO:1901363	2	aten_0.1.m1.24678.m1	0
"organic cyclic compound binding"	GO:0097159;GO:1901363	2	aten_0.1.m1.27050.m1	-13
"organic cyclic compound binding"	GO:0097159;GO:1901363	2	aten_0.1.m1.2678.m1	9
"organic cyclic compound binding"	GO:0097159;GO:1901363	2	aten_0.1.m1.15118.m1	3
"organic cyclic compound binding"	GO:0097159;GO:1901363	2	aten_0.1.m1.2262.m1	7
"organic cyclic compound binding"	GO:0097159;GO:1901363	2	aten_0.1.m1.19135.m1	-2
"organic cyclic compound binding"	GO:0097159;GO:1901363	2	aten_0.1.m1.29004.m1	0
"organic cyclic compound binding"	GO:0097159;GO:1901363	2	aten_0.1.m1.21101.m1	-1
"organic cyclic compound binding"	GO:0097159;GO:1901363	2	aten_0.1.m1.13997.m1	-18
"organic cyclic compound binding"	GO:0097159;GO:1901363	2	aten_0.1.m1.2871.m1	0
"organic cyclic compound binding"	GO:0097159;GO:1901363	2	aten_0.1.m1.27790.m1	5
"organic cyclic compound binding"	GO:0097159;GO:1901363	2	aten_0.1.m1.3046.m1	0
"organic cyclic compound binding"	GO:0097159;GO:1901363	2	aten_0.1.m1.34088.m1	2
"organic cyclic compound binding"	GO:0097159;GO:1901363	2	aten_0.1.m1.22012.m1	-5
"organic cyclic compound binding"	GO:0097159;GO:1901363	2	aten_0.1.m1.1116.m1	12
"organic cyclic compound binding"	GO:0097159;GO:1901363	2	aten_0.1.m1.8948.m1	-1
"organic cyclic compound binding"	GO:0097159;GO:1901363	2	aten_0.1.m1.20220.m1	2
"organic cyclic compound binding"	GO:0097159;GO:1901363	2	aten_0.1.m1.22301.m1	10
"organic cyclic compound binding"	GO:0097159;GO:1901363	2	aten_0.1.m1.12.m1	-15
"organic cyclic compound binding"	GO:0097159;GO:1901363	2	aten_0.1.m1.20842.m1	2
"organic cyclic compound binding"	GO:0097159;GO:1901363	2	aten_0.1.m1.9694.m1	-10
"organic cyclic compound binding"	GO:0097159;GO:1901363	2	aten_0.1.m1.26556.m1	2
"organic cyclic compound binding"	GO:0097159;GO:1901363	2	aten_0.1.m1.16830.m1	-17
"organic cyclic compound binding"	GO:0097159;GO:1901363	2	aten_0.1.m1.8062.m1	-8
"organic cyclic compound binding"	GO:0097159;GO:1901363	2	aten_0.1.m1.16700.m1	10
"organic cyclic compound binding"	GO:0097159;GO:1901363	2	aten_0.1.m1.33110.m1	0
"organic cyclic compound binding"	GO:0097159;GO:1901363	2	aten_0.1.m1.7184.m1	0
"organic cyclic compound binding"	GO:0097159;GO:1901363	2	aten_0.1.m1.15276.m1	0
"organic cyclic compound binding"	GO:0097159;GO:1901363	2	aten_0.1.m1.30203.m1	-4
"organic cyclic compound binding"	GO:0097159;GO:1901363	2	aten_0.1.m1.8318.m1	-9
"organic cyclic compound binding"	GO:0097159;GO:1901363	2	aten_0.1.m1.1784.m1	5
"organic cyclic compound binding"	GO:0097159;GO:1901363	2	aten_0.1.m1.9316.m1	-7
"organic cyclic compound binding"	GO:0097159;GO:1901363	2	aten_0.1.m1.26560.m1	-12
"organic cyclic compound binding"	GO:0097159;GO:1901363	2	aten_0.1.m1.14291.m1	18
"organic cyclic compound binding"	GO:0097159;GO:1901363	2	aten_0.1.m1.68.m1	0
"organic cyclic compound binding"	GO:0097159;GO:1901363	2	aten_0.1.m1.27858.m1	0
"organic cyclic compound binding"	GO:0097159;GO:1901363	2	aten_0.1.m1.2790.m1	0
"organic cyclic compound binding"	GO:0097159;GO:1901363	2	aten_0.1.m1.19811.m1	0
"organic cyclic compound binding"	GO:0097159;GO:1901363	2	aten_0.1.m1.26579.m1	5
"organic cyclic compound binding"	GO:0097159;GO:1901363	2	aten_0.1.m1.1983.m1	-4
"organic cyclic compound binding"	GO:0097159;GO:1901363	2	aten_0.1.m1.7454.m1	0
"organic cyclic compound binding"	GO:0097159;GO:1901363	2	aten_0.1.m1.21529.m1	-10
"organic cyclic compound binding"	GO:0097159;GO:1901363	2	aten_0.1.m1.13235.m1	-23
"organic cyclic compound binding"	GO:0097159;GO:1901363	2	aten_0.1.m1.32210.m1	9
"organic cyclic compound binding"	GO:0097159;GO:1901363	2	aten_0.1.m1.3033.m1	-9
"organic cyclic compound binding"	GO:0097159;GO:1901363	2	aten_0.1.m1.18630.m1	0
"organic cyclic compound binding"	GO:0097159;GO:1901363	2	aten_0.1.m1.7350.m1	0
"organic cyclic compound binding"	GO:0097159;GO:1901363	2	aten_0.1.m1.20307.m1	5
"organic cyclic compound binding"	GO:0097159;GO:1901363	2	aten_0.1.m1.9888.m1	0
"organic cyclic compound binding"	GO:0097159;GO:1901363	2	aten_0.1.m1.4772.m1	-1
"organic cyclic compound binding"	GO:0097159;GO:1901363	2	aten_0.1.m1.19861.m1	1
"organic cyclic compound binding"	GO:0097159;GO:1901363	2	aten_0.1.m1.684.m1	-3
"organic cyclic compound binding"	GO:0097159;GO:1901363	2	aten_0.1.m1.3935.m1	0
"organic cyclic compound binding"	GO:0097159;GO:1901363	2	aten_0.1.m1.8909.m1	-1
"organic cyclic compound binding"	GO:0097159;GO:1901363	2	aten_0.1.m1.21584.m1	0
"organic cyclic compound binding"	GO:0097159;GO:1901363	2	aten_0.1.m1.16017.m1	0
"organic cyclic compound binding"	GO:0097159;GO:1901363	2	aten_0.1.m1.5512.m1	0
"organic cyclic compound binding"	GO:0097159;GO:1901363	2	aten_0.1.m1.7291.m1	0
"organic cyclic compound binding"	GO:0097159;GO:1901363	2	aten_0.1.m1.20832.m1	-3
"organic cyclic compound binding"	GO:0097159;GO:1901363	2	aten_0.1.m1.5927.m1	-1
"organic cyclic compound binding"	GO:0097159;GO:1901363	2	aten_0.1.m1.9141.m1	2
"organic cyclic compound binding"	GO:0097159;GO:1901363	2	aten_0.1.m1.2757.m1	0
"organic cyclic compound binding"	GO:0097159;GO:1901363	2	aten_0.1.m1.20470.m1	0
"organic cyclic compound binding"	GO:0097159;GO:1901363	2	aten_0.1.m1.31734.m1	0
"organic cyclic compound binding"	GO:0097159;GO:1901363	2	aten_0.1.m1.14287.m1	0
"organic cyclic compound binding"	GO:0097159;GO:1901363	2	aten_0.1.m1.26969.m1	-8
"organic cyclic compound binding"	GO:0097159;GO:1901363	2	aten_0.1.m1.22467.m1	0
"organic cyclic compound binding"	GO:0097159;GO:1901363	2	aten_0.1.m1.476.m1	0
"organic cyclic compound binding"	GO:0097159;GO:1901363	2	aten_0.1.m1.18643.m1	8
"organic cyclic compound binding"	GO:0097159;GO:1901363	2	aten_0.1.m1.30465.m1	10
"organic cyclic compound binding"	GO:0097159;GO:1901363	2	aten_0.1.m1.9925.m1	0
"organic cyclic compound binding"	GO:0097159;GO:1901363	2	aten_0.1.m1.10664.m1	-1
"organic cyclic compound binding"	GO:0097159;GO:1901363	2	aten_0.1.m1.27797.m1	0
"organic cyclic compound binding"	GO:0097159;GO:1901363	2	aten_0.1.m1.13254.m1	0
"organic cyclic compound binding"	GO:0097159;GO:1901363	2	aten_0.1.m1.382.m1	0
"organic cyclic compound binding"	GO:0097159;GO:1901363	2	aten_0.1.m1.8243.m1	0
"organic cyclic compound binding"	GO:0097159;GO:1901363	2	aten_0.1.m1.29326.m1	6
"organic cyclic compound binding"	GO:0097159;GO:1901363	2	aten_0.1.m1.1137.m1	12
"organic cyclic compound binding"	GO:0097159;GO:1901363	2	aten_0.1.m1.1003.m1	14
"organic cyclic compound binding"	GO:0097159;GO:1901363	2	aten_0.1.m1.24621.m1	7
"organic cyclic compound binding"	GO:0097159;GO:1901363	2	aten_0.1.m1.22227.m1	12
"organic cyclic compound binding"	GO:0097159;GO:1901363	2	aten_0.1.m1.2759.m1	0
"organic cyclic compound binding"	GO:0097159;GO:1901363	2	aten_0.1.m1.15792.m1	6
"organic cyclic compound binding"	GO:0097159;GO:1901363	2	aten_0.1.m1.15947.m1	4
"organic cyclic compound binding"	GO:0097159;GO:1901363	2	aten_0.1.m1.9383.m1	-3
"organic cyclic compound binding"	GO:0097159;GO:1901363	2	aten_0.1.m1.13335.m1	-5
"organic cyclic compound binding"	GO:0097159;GO:1901363	2	aten_0.1.m1.13261.m1	0
"organic cyclic compound binding"	GO:0097159;GO:1901363	2	aten_0.1.m1.32260.m1	4
"organic cyclic compound binding"	GO:0097159;GO:1901363	2	aten_0.1.m1.1042.m1	-4
"organic cyclic compound binding"	GO:0097159;GO:1901363	2	aten_0.1.m1.15429.m1	0
"organic cyclic compound binding"	GO:0097159;GO:1901363	2	aten_0.1.m1.11966.m1	0
"organic cyclic compound binding"	GO:0097159;GO:1901363	2	aten_0.1.m1.1025.m1	0
"organic cyclic compound binding"	GO:0097159;GO:1901363	2	aten_0.1.m1.16251.m1	0
"organic cyclic compound binding"	GO:0097159;GO:1901363	2	aten_0.1.m1.24353.m1	0
"organic cyclic compound binding"	GO:0097159;GO:1901363	2	aten_0.1.m1.19146.m1	0
"organic cyclic compound binding"	GO:0097159;GO:1901363	2	aten_0.1.m1.11649.m1	0
"organic cyclic compound binding"	GO:0097159;GO:1901363	2	aten_0.1.m1.372.m1	0
"organic cyclic compound binding"	GO:0097159;GO:1901363	2	aten_0.1.m1.4386.m1	0
"organic cyclic compound binding"	GO:0097159;GO:1901363	2	aten_0.1.m1.19244.m1	-2
"organic cyclic compound binding"	GO:0097159;GO:1901363	2	aten_0.1.m1.21438.m1	5
"organic cyclic compound binding"	GO:0097159;GO:1901363	2	aten_0.1.m1.33503.m1	-3
"organic cyclic compound binding"	GO:0097159;GO:1901363	2	aten_0.1.m1.18608.m1	0
"organic cyclic compound binding"	GO:0097159;GO:1901363	2	aten_0.1.m1.16869.m1	-2
"organic cyclic compound binding"	GO:0097159;GO:1901363	2	aten_0.1.m1.29986.m1	-1
"organic cyclic compound binding"	GO:0097159;GO:1901363	2	aten_0.1.m1.19210.m1	1
"organic cyclic compound binding"	GO:0097159;GO:1901363	2	aten_0.1.m1.23982.m1	-5
"organic cyclic compound binding"	GO:0097159;GO:1901363	2	aten_0.1.m1.1047.m1	15
"organic cyclic compound binding"	GO:0097159;GO:1901363	2	aten_0.1.m1.4539.m1	-1
"organic cyclic compound binding"	GO:0097159;GO:1901363	2	aten_0.1.m1.10188.m1	0
"organic cyclic compound binding"	GO:0097159;GO:1901363	2	aten_0.1.m1.25435.m1	7
"organic cyclic compound binding"	GO:0097159;GO:1901363	2	aten_0.1.m1.18841.m1	2
"organic cyclic compound binding"	GO:0097159;GO:1901363	2	aten_0.1.m1.22874.m1	4
"organic cyclic compound binding"	GO:0097159;GO:1901363	2	aten_0.1.m1.9990.m1	-1
"organic cyclic compound binding"	GO:0097159;GO:1901363	2	aten_0.1.m1.6191.m1	5
"organic cyclic compound binding"	GO:0097159;GO:1901363	2	aten_0.1.m1.32554.m1	0
"organic cyclic compound binding"	GO:0097159;GO:1901363	2	aten_0.1.m1.15058.m1	-2
"organic cyclic compound binding"	GO:0097159;GO:1901363	2	aten_0.1.m1.8585.m1	0
"organic cyclic compound binding"	GO:0097159;GO:1901363	2	aten_0.1.m1.18017.m1	0
"organic cyclic compound binding"	GO:0097159;GO:1901363	2	aten_0.1.m1.14366.m1	6
"organic cyclic compound binding"	GO:0097159;GO:1901363	2	aten_0.1.m1.2243.m1	17
"organic cyclic compound binding"	GO:0097159;GO:1901363	2	aten_0.1.m1.6081.m1	5
"organic cyclic compound binding"	GO:0097159;GO:1901363	2	aten_0.1.m1.18748.m1	16
"organic cyclic compound binding"	GO:0097159;GO:1901363	2	aten_0.1.m1.237.m1	2
"organic cyclic compound binding"	GO:0097159;GO:1901363	2	aten_0.1.m1.31218.m1	0
"organic cyclic compound binding"	GO:0097159;GO:1901363	2	aten_0.1.m1.20132.m1	9
"organic cyclic compound binding"	GO:0097159;GO:1901363	2	aten_0.1.m1.22938.m1	3
"organic cyclic compound binding"	GO:0097159;GO:1901363	2	aten_0.1.m1.19141.m1	-10
"organic cyclic compound binding"	GO:0097159;GO:1901363	2	aten_0.1.m1.20801.m1	-9
"organic cyclic compound binding"	GO:0097159;GO:1901363	2	aten_0.1.m1.15340.m1	0
"organic cyclic compound binding"	GO:0097159;GO:1901363	2	aten_0.1.m1.7453.m1	13
"organic cyclic compound binding"	GO:0097159;GO:1901363	2	aten_0.1.m1.8776.m1	8
"organic cyclic compound binding"	GO:0097159;GO:1901363	2	aten_0.1.m1.18651.m1	0
"organic cyclic compound binding"	GO:0097159;GO:1901363	2	aten_0.1.m1.21201.m1	0
"organic cyclic compound binding"	GO:0097159;GO:1901363	2	aten_0.1.m1.8091.m1	0
"organic cyclic compound binding"	GO:0097159;GO:1901363	2	aten_0.1.m1.25389.m1	0
"organic cyclic compound binding"	GO:0097159;GO:1901363	2	aten_0.1.m1.2986.m1	-3
"organic cyclic compound binding"	GO:0097159;GO:1901363	2	aten_0.1.m1.15081.m1	0
"organic cyclic compound binding"	GO:0097159;GO:1901363	2	aten_0.1.m1.16922.m1	-3
"organic cyclic compound binding"	GO:0097159;GO:1901363	2	aten_0.1.m1.10747.m1	0
"organic cyclic compound binding"	GO:0097159;GO:1901363	2	aten_0.1.m1.19133.m1	1
"organic cyclic compound binding"	GO:0097159;GO:1901363	2	aten_0.1.m1.7944.m1	0
"organic cyclic compound binding"	GO:0097159;GO:1901363	2	aten_0.1.m1.19118.m1	0
"organic cyclic compound binding"	GO:0097159;GO:1901363	2	aten_0.1.m1.1510.m1	0
"organic cyclic compound binding"	GO:0097159;GO:1901363	2	aten_0.1.m1.24549.m1	-8
"organic cyclic compound binding"	GO:0097159;GO:1901363	2	aten_0.1.m1.5347.m1	0
"organic cyclic compound binding"	GO:0097159;GO:1901363	2	aten_0.1.m1.21486.m1	0
"organic cyclic compound binding"	GO:0097159;GO:1901363	2	aten_0.1.m1.8946.m1	-15
"voltage-gated calcium channel activity"	GO:0005245	2	aten_0.1.m1.19863.m1	0
"voltage-gated calcium channel activity"	GO:0005245	2	aten_0.1.m1.15385.m1	-8
"voltage-gated calcium channel activity"	GO:0005245	2	aten_0.1.m1.28083.m1	-1
"voltage-gated calcium channel activity"	GO:0005245	2	aten_0.1.m1.10453.m1	-1
"voltage-gated calcium channel activity"	GO:0005245	2	aten_0.1.m1.6844.m1	-3
"voltage-gated calcium channel activity"	GO:0005245	2	aten_0.1.m1.9807.m1	9
"voltage-gated calcium channel activity"	GO:0005245	2	aten_0.1.m1.13368.m1	25
"voltage-gated calcium channel activity"	GO:0005245	2	aten_0.1.m1.15272.m1	-11
"voltage-gated calcium channel activity"	GO:0005245	2	aten_0.1.m1.15383.m1	0
"voltage-gated calcium channel activity"	GO:0005245	2	aten_0.1.m1.15280.m1	-12
"voltage-gated calcium channel activity"	GO:0005245	2	aten_0.1.m1.9812.m1	-9
"voltage-gated calcium channel activity"	GO:0005245	2	aten_0.1.m1.15382.m1	-7
"neuromedin U receptor activity"	GO:0001607	2	aten_0.1.m1.21955.m1	0
"neuromedin U receptor activity"	GO:0001607	2	aten_0.1.m1.5882.m1	3
"neuromedin U receptor activity"	GO:0001607	2	aten_0.1.m1.3297.m1	10
"triglyceride lipase activity"	GO:0004806	2	aten_0.1.m1.14014.m1	4
"triglyceride lipase activity"	GO:0004806	2	aten_0.1.m1.6558.m1	-10
"triglyceride lipase activity"	GO:0004806	2	aten_0.1.m1.6555.m1	11
"triglyceride lipase activity"	GO:0004806	2	aten_0.1.m1.14018.m1	0
"deaminase activity"	GO:0016814;GO:0019239	3	aten_0.1.m1.2830.m1	-23
"deaminase activity"	GO:0016814;GO:0019239	3	aten_0.1.m1.22324.m1	-10
"amidine-lyase activity"	GO:0016842	4	aten_0.1.m1.4392.m1	0
"amidine-lyase activity"	GO:0016842	4	aten_0.1.m1.19385.m1	0
"beta-N-acetylglucosaminylglycopeptide beta-1,4-galactosyltransferase activity"	GO:0003831;GO:0035250;GO:0008378	6	aten_0.1.m1.481.m1	2
"beta-N-acetylglucosaminylglycopeptide beta-1,4-galactosyltransferase activity"	GO:0003831;GO:0035250;GO:0008378	6	aten_0.1.m1.12352.m1	0
"inorganic anion transmembrane transporter activity"	GO:0005254;GO:0005253;GO:0015108;GO:0015103	3	aten_0.1.m1.22865.m1	2
"inorganic anion transmembrane transporter activity"	GO:0005254;GO:0005253;GO:0015108;GO:0015103	3	aten_0.1.m1.12702.m1	0
"inorganic anion transmembrane transporter activity"	GO:0005254;GO:0005253;GO:0015108;GO:0015103	3	aten_0.1.m1.9224.m1	-10
"inorganic anion transmembrane transporter activity"	GO:0005254;GO:0005253;GO:0015108;GO:0015103	3	aten_0.1.m1.26537.m1	-10
"inorganic anion transmembrane transporter activity"	GO:0005254;GO:0005253;GO:0015108;GO:0015103	3	aten_0.1.m1.19690.m1	7
"inorganic anion transmembrane transporter activity"	GO:0005254;GO:0005253;GO:0015108;GO:0015103	3	aten_0.1.m1.19011.m1	-19
"inorganic anion transmembrane transporter activity"	GO:0005254;GO:0005253;GO:0015108;GO:0015103	3	aten_0.1.m1.32548.m1	1
"inorganic anion transmembrane transporter activity"	GO:0005254;GO:0005253;GO:0015108;GO:0015103	3	aten_0.1.m1.5157.m1	0
"solute:proton symporter activity"	GO:0015295	3	aten_0.1.m1.5237.m1	0
"solute:proton symporter activity"	GO:0015295	3	aten_0.1.m1.28929.m1	0
"neurotransmitter receptor activity"	GO:0030594	3	aten_0.1.m1.21043.m1	0
"neurotransmitter receptor activity"	GO:0030594	3	aten_0.1.m1.13958.m1	2
"neurotransmitter receptor activity"	GO:0030594	3	aten_0.1.m1.3711.m1	0
"neurotransmitter receptor activity"	GO:0030594	3	aten_0.1.m1.16370.m1	-5
"N-methyltransferase activity"	GO:0008170	2	aten_0.1.m1.5788.m1	0
"N-methyltransferase activity"	GO:0008170	2	aten_0.1.m1.12547.m1	0
"phosphatidylserine binding"	GO:0001786	2	aten_0.1.m1.9834.m1	0
"phosphatidylserine binding"	GO:0001786	2	aten_0.1.m1.13398.m1	-14
"oxidoreductase activity, acting on CH-OH group of donors"	GO:0016614	2	aten_0.1.m1.6885.m1	-12
"oxidoreductase activity, acting on CH-OH group of donors"	GO:0016614	2	aten_0.1.m1.2190.m1	-12
"oxidoreductase activity, acting on CH-OH group of donors"	GO:0016614	2	aten_0.1.m1.30307.m1	-1
"oxidoreductase activity, acting on CH-OH group of donors"	GO:0016614	2	aten_0.1.m1.3800.m1	7
"oxidoreductase activity, acting on CH-OH group of donors"	GO:0016614	2	aten_0.1.m1.27781.m1	0
"oxidoreductase activity, acting on CH-OH group of donors"	GO:0016614	2	aten_0.1.m1.1317.m1	0
"oxidoreductase activity, acting on CH-OH group of donors"	GO:0016614	2	aten_0.1.m1.1320.m1	11
"oxidoreductase activity, acting on CH-OH group of donors"	GO:0016614	2	aten_0.1.m1.3260.m1	-5
"oxidoreductase activity, acting on CH-OH group of donors"	GO:0016614	2	aten_0.1.m1.6168.m1	0
"oxidoreductase activity, acting on CH-OH group of donors"	GO:0016614	2	aten_0.1.m1.5945.m1	0
"protein tyrosine phosphatase activity"	GO:0004725	2	aten_0.1.m1.2273.m1	0
"protein tyrosine phosphatase activity"	GO:0004725	2	aten_0.1.m1.6491.m1	0
"protein tyrosine phosphatase activity"	GO:0004725	2	aten_0.1.m1.5645.m1	23
"protein tyrosine phosphatase activity"	GO:0004725	2	aten_0.1.m1.21070.m1	-6
"protein tyrosine phosphatase activity"	GO:0004725	2	aten_0.1.m1.5653.m1	10
"protein tyrosine phosphatase activity"	GO:0004725	2	aten_0.1.m1.5651.m1	-3
"protein tyrosine phosphatase activity"	GO:0004725	2	aten_0.1.m1.2136.m1	-7
"protein tyrosine phosphatase activity"	GO:0004725	2	aten_0.1.m1.5845.m1	0
"protein tyrosine phosphatase activity"	GO:0004725	2	aten_0.1.m1.1701.m1	0
"protein tyrosine phosphatase activity"	GO:0004725	2	aten_0.1.m1.140.m1	0
"protein tyrosine phosphatase activity"	GO:0004725	2	aten_0.1.m1.141.m1	0
"potassium channel activity"	GO:0005249;GO:0005267;GO:0015079	3	aten_0.1.m1.26187.m1	9
"potassium channel activity"	GO:0005249;GO:0005267;GO:0015079	3	aten_0.1.m1.6454.m1	-13
"potassium channel activity"	GO:0005249;GO:0005267;GO:0015079	3	aten_0.1.m1.11476.m1	0
"potassium channel activity"	GO:0005249;GO:0005267;GO:0015079	3	aten_0.1.m1.10444.m1	0
"potassium channel activity"	GO:0005249;GO:0005267;GO:0015079	3	aten_0.1.m1.31297.m1	-8
"potassium channel activity"	GO:0005249;GO:0005267;GO:0015079	3	aten_0.1.m1.2410.m1	9
"potassium channel activity"	GO:0005249;GO:0005267;GO:0015079	3	aten_0.1.m1.11475.m1	-1
"potassium channel activity"	GO:0005249;GO:0005267;GO:0015079	3	aten_0.1.m1.16326.m1	-1
"potassium channel activity"	GO:0005249;GO:0005267;GO:0015079	3	aten_0.1.m1.6388.m1	-3
"potassium channel activity"	GO:0005249;GO:0005267;GO:0015079	3	aten_0.1.m1.14502.m1	-3
"potassium channel activity"	GO:0005249;GO:0005267;GO:0015079	3	aten_0.1.m1.21015.m1	-8
"potassium channel activity"	GO:0005249;GO:0005267;GO:0015079	3	aten_0.1.m1.7390.m1	0
"potassium channel activity"	GO:0005249;GO:0005267;GO:0015079	3	aten_0.1.m1.9839.m1	-4
"potassium channel activity"	GO:0005249;GO:0005267;GO:0015079	3	aten_0.1.m1.22182.m1	7
"potassium channel activity"	GO:0005249;GO:0005267;GO:0015079	3	aten_0.1.m1.2877.m1	13
"potassium channel activity"	GO:0005249;GO:0005267;GO:0015079	3	aten_0.1.m1.29680.m1	0
"potassium channel activity"	GO:0005249;GO:0005267;GO:0015079	3	aten_0.1.m1.12784.m1	5
"phosphorylase kinase activity"	GO:0004689	2	aten_0.1.m1.6443.m1	0
"phosphorylase kinase activity"	GO:0004689	2	aten_0.1.m1.3958.m1	0
"lipase activity"	GO:0016298	4	aten_0.1.m1.14014.m1	4
"lipase activity"	GO:0016298	4	aten_0.1.m1.6558.m1	-10
"lipase activity"	GO:0016298	4	aten_0.1.m1.811.m1	-7
"lipase activity"	GO:0016298	4	aten_0.1.m1.6555.m1	11
"lipase activity"	GO:0016298	4	aten_0.1.m1.6359.m1	3
"lipase activity"	GO:0016298	4	aten_0.1.m1.21027.m1	1
"lipase activity"	GO:0016298	4	aten_0.1.m1.29814.m1	-7
"lipase activity"	GO:0016298	4	aten_0.1.m1.4482.m1	21
"lipase activity"	GO:0016298	4	aten_0.1.m1.9805.m1	0
"lipase activity"	GO:0016298	4	aten_0.1.m1.9800.m1	3
"lipase activity"	GO:0016298	4	aten_0.1.m1.11710.m1	0
"lipase activity"	GO:0016298	4	aten_0.1.m1.7154.m1	-11
"lipase activity"	GO:0016298	4	aten_0.1.m1.14018.m1	0
"lipase activity"	GO:0016298	4	aten_0.1.m1.15631.m1	-2
"lipase activity"	GO:0016298	4	aten_0.1.m1.10772.m1	-2
"lipase activity"	GO:0016298	4	aten_0.1.m1.6362.m1	0
"lipase activity"	GO:0016298	4	aten_0.1.m1.7138.m1	1
"zinc ion transmembrane transporter activity"	GO:0005385	2	aten_0.1.m1.30029.m1	2
"zinc ion transmembrane transporter activity"	GO:0005385	2	aten_0.1.m1.32354.m1	0
"zinc ion transmembrane transporter activity"	GO:0005385	2	aten_0.1.m1.7.m1	0
"GTPase activity"	GO:0003924	2	aten_0.1.m1.32239.m1	9
"GTPase activity"	GO:0003924	2	aten_0.1.m1.3618.m1	-3
"GTPase activity"	GO:0003924	2	aten_0.1.m1.23589.m1	9
"GTPase activity"	GO:0003924	2	aten_0.1.m1.19302.m1	-7
"GTPase activity"	GO:0003924	2	aten_0.1.m1.2025.m1	0
"GTPase activity"	GO:0003924	2	aten_0.1.m1.3967.m1	0
"GTPase activity"	GO:0003924	2	aten_0.1.m1.4479.m1	-1
"GTPase activity"	GO:0003924	2	aten_0.1.m1.5958.m1	-1
"GTPase activity"	GO:0003924	2	aten_0.1.m1.12309.m1	7
"GTPase activity"	GO:0003924	2	aten_0.1.m1.12093.m1	0
"GTPase activity"	GO:0003924	2	aten_0.1.m1.22509.m1	-14
"GTPase activity"	GO:0003924	2	aten_0.1.m1.5964.m1	0
"GTPase activity"	GO:0003924	2	aten_0.1.m1.1121.m1	0
"GTPase activity"	GO:0003924	2	aten_0.1.m1.5952.m1	0
"GTPase activity"	GO:0003924	2	aten_0.1.m1.5957.m1	0
"GTPase activity"	GO:0003924	2	aten_0.1.m1.29021.m1	1
"hydrolase activity, acting on carbon-nitrogen (but not peptide) bonds"	GO:0016810	3	aten_0.1.m1.2830.m1	-23
"hydrolase activity, acting on carbon-nitrogen (but not peptide) bonds"	GO:0016810	3	aten_0.1.m1.6390.m1	-1
"hydrolase activity, acting on carbon-nitrogen (but not peptide) bonds"	GO:0016810	3	aten_0.1.m1.18761.m1	3
"hydrolase activity, acting on carbon-nitrogen (but not peptide) bonds"	GO:0016810	3	aten_0.1.m1.30302.m1	7
"hydrolase activity, acting on carbon-nitrogen (but not peptide) bonds"	GO:0016810	3	aten_0.1.m1.26506.m1	2
"hydrolase activity, acting on carbon-nitrogen (but not peptide) bonds"	GO:0016810	3	aten_0.1.m1.1231.m1	-14
"hydrolase activity, acting on carbon-nitrogen (but not peptide) bonds"	GO:0016810	3	aten_0.1.m1.2065.m1	3
"hydrolase activity, acting on carbon-nitrogen (but not peptide) bonds"	GO:0016810	3	aten_0.1.m1.22324.m1	-10
"hydrolase activity, acting on carbon-nitrogen (but not peptide) bonds"	GO:0016810	3	aten_0.1.m1.19111.m1	0
"S-adenosylmethionine-dependent methyltransferase activity"	GO:0008757	2	aten_0.1.m1.21097.m1	8
"S-adenosylmethionine-dependent methyltransferase activity"	GO:0008757	2	aten_0.1.m1.5788.m1	0
"S-adenosylmethionine-dependent methyltransferase activity"	GO:0008757	2	aten_0.1.m1.12547.m1	0
"dioxygenase activity"	GO:0004656;GO:0019798;GO:0031545;GO:0031543;GO:0016706;GO:0051213	5	aten_0.1.m1.29667.m1	-8
"dioxygenase activity"	GO:0004656;GO:0019798;GO:0031545;GO:0031543;GO:0016706;GO:0051213	5	aten_0.1.m1.7780.m1	0
"dioxygenase activity"	GO:0004656;GO:0019798;GO:0031545;GO:0031543;GO:0016706;GO:0051213	5	aten_0.1.m1.13577.m1	0
"dioxygenase activity"	GO:0004656;GO:0019798;GO:0031545;GO:0031543;GO:0016706;GO:0051213	5	aten_0.1.m1.10648.m1	-1
"lipopolysaccharide binding"	GO:0001530	2	aten_0.1.m1.1875.m1	0
"lipopolysaccharide binding"	GO:0001530	2	aten_0.1.m1.1995.m1	0
"lipopolysaccharide binding"	GO:0001530	2	aten_0.1.m1.24669.m1	-1
"lipopolysaccharide binding"	GO:0001530	2	aten_0.1.m1.13479.m1	17
"lipopolysaccharide binding"	GO:0001530	2	aten_0.1.m1.16875.m1	0
"lipopolysaccharide binding"	GO:0001530	2	aten_0.1.m1.24653.m1	0
"lipopolysaccharide binding"	GO:0001530	2	aten_0.1.m1.17577.m1	4
"lipopolysaccharide binding"	GO:0001530	2	aten_0.1.m1.21733.m1	-2
"lipopolysaccharide binding"	GO:0001530	2	aten_0.1.m1.26432.m1	5
"lipopolysaccharide binding"	GO:0001530	2	aten_0.1.m1.30791.m1	0
"lipopolysaccharide binding"	GO:0001530	2	aten_0.1.m1.7440.m1	-3
"aminopeptidase activity"	GO:0004177	2	aten_0.1.m1.1258.m1	0
"aminopeptidase activity"	GO:0004177	2	aten_0.1.m1.28934.m1	10
"aminopeptidase activity"	GO:0004177	2	aten_0.1.m1.16894.m1	14
"aminopeptidase activity"	GO:0004177	2	aten_0.1.m1.8303.m1	12
"aminopeptidase activity"	GO:0004177	2	aten_0.1.m1.3960.m1	24
"transmitter-gated ion channel activity"	GO:0004970;GO:0022824;GO:0005230;GO:0022835	4	aten_0.1.m1.13958.m1	2
"transmitter-gated ion channel activity"	GO:0004970;GO:0022824;GO:0005230;GO:0022835	4	aten_0.1.m1.16370.m1	-5
"cytokine receptor binding"	GO:0005164;GO:0032813;GO:0005126	4	aten_0.1.m1.3077.m1	0
"cytokine receptor binding"	GO:0005164;GO:0032813;GO:0005126	4	aten_0.1.m1.15652.m1	0
"cytokine receptor binding"	GO:0005164;GO:0032813;GO:0005126	4	aten_0.1.m1.6166.m1	12
"cytokine receptor binding"	GO:0005164;GO:0032813;GO:0005126	4	aten_0.1.m1.156.m1	1
"cytokine receptor binding"	GO:0005164;GO:0032813;GO:0005126	4	aten_0.1.m1.11994.m1	0
"cytokine receptor binding"	GO:0005164;GO:0032813;GO:0005126	4	aten_0.1.m1.9813.m1	3
"cytokine receptor binding"	GO:0005164;GO:0032813;GO:0005126	4	aten_0.1.m1.6153.m1	4
"endodeoxyribonuclease activity"	GO:0000014;GO:0004520;GO:0004536	4	aten_0.1.m1.4759.m1	0
"endodeoxyribonuclease activity"	GO:0000014;GO:0004520;GO:0004536	4	aten_0.1.m1.18510.m1	5
"endodeoxyribonuclease activity"	GO:0000014;GO:0004520;GO:0004536	4	aten_0.1.m1.5854.m1	0
"endodeoxyribonuclease activity"	GO:0000014;GO:0004520;GO:0004536	4	aten_0.1.m1.29538.m1	-6
"transferase activity, transferring phosphorus-containing groups"	GO:0004672;GO:0016301;GO:0016773;GO:0016772	2	aten_0.1.m1.8874.m1	-7
"transferase activity, transferring phosphorus-containing groups"	GO:0004672;GO:0016301;GO:0016773;GO:0016772	2	aten_0.1.m1.17858.m1	-7
"transferase activity, transferring phosphorus-containing groups"	GO:0004672;GO:0016301;GO:0016773;GO:0016772	2	aten_0.1.m1.7537.m1	0
"transferase activity, transferring phosphorus-containing groups"	GO:0004672;GO:0016301;GO:0016773;GO:0016772	2	aten_0.1.m1.20921.m1	-3
"transferase activity, transferring phosphorus-containing groups"	GO:0004672;GO:0016301;GO:0016773;GO:0016772	2	aten_0.1.m1.32207.m1	-14
"transferase activity, transferring phosphorus-containing groups"	GO:0004672;GO:0016301;GO:0016773;GO:0016772	2	aten_0.1.m1.16242.m1	3
"transferase activity, transferring phosphorus-containing groups"	GO:0004672;GO:0016301;GO:0016773;GO:0016772	2	aten_0.1.m1.4495.m1	0
"transferase activity, transferring phosphorus-containing groups"	GO:0004672;GO:0016301;GO:0016773;GO:0016772	2	aten_0.1.m1.11765.m1	0
"transferase activity, transferring phosphorus-containing groups"	GO:0004672;GO:0016301;GO:0016773;GO:0016772	2	aten_0.1.m1.17280.m1	4
"transferase activity, transferring phosphorus-containing groups"	GO:0004672;GO:0016301;GO:0016773;GO:0016772	2	aten_0.1.m1.11636.m1	-6
"transferase activity, transferring phosphorus-containing groups"	GO:0004672;GO:0016301;GO:0016773;GO:0016772	2	aten_0.1.m1.3147.m1	13
"transferase activity, transferring phosphorus-containing groups"	GO:0004672;GO:0016301;GO:0016773;GO:0016772	2	aten_0.1.m1.24689.m1	-26
"transferase activity, transferring phosphorus-containing groups"	GO:0004672;GO:0016301;GO:0016773;GO:0016772	2	aten_0.1.m1.11807.m1	-4
"transferase activity, transferring phosphorus-containing groups"	GO:0004672;GO:0016301;GO:0016773;GO:0016772	2	aten_0.1.m1.15966.m1	0
"transferase activity, transferring phosphorus-containing groups"	GO:0004672;GO:0016301;GO:0016773;GO:0016772	2	aten_0.1.m1.11816.m1	3
"transferase activity, transferring phosphorus-containing groups"	GO:0004672;GO:0016301;GO:0016773;GO:0016772	2	aten_0.1.m1.10800.m1	-7
"transferase activity, transferring phosphorus-containing groups"	GO:0004672;GO:0016301;GO:0016773;GO:0016772	2	aten_0.1.m1.13665.m1	-3
"transferase activity, transferring phosphorus-containing groups"	GO:0004672;GO:0016301;GO:0016773;GO:0016772	2	aten_0.1.m1.16099.m1	-14
"transferase activity, transferring phosphorus-containing groups"	GO:0004672;GO:0016301;GO:0016773;GO:0016772	2	aten_0.1.m1.2077.m1	0
"transferase activity, transferring phosphorus-containing groups"	GO:0004672;GO:0016301;GO:0016773;GO:0016772	2	aten_0.1.m1.28129.m1	4
"transferase activity, transferring phosphorus-containing groups"	GO:0004672;GO:0016301;GO:0016773;GO:0016772	2	aten_0.1.m1.25172.m1	-5
"transferase activity, transferring phosphorus-containing groups"	GO:0004672;GO:0016301;GO:0016773;GO:0016772	2	aten_0.1.m1.16053.m1	0
"transferase activity, transferring phosphorus-containing groups"	GO:0004672;GO:0016301;GO:0016773;GO:0016772	2	aten_0.1.m1.6443.m1	0
"transferase activity, transferring phosphorus-containing groups"	GO:0004672;GO:0016301;GO:0016773;GO:0016772	2	aten_0.1.m1.26580.m1	0
"transferase activity, transferring phosphorus-containing groups"	GO:0004672;GO:0016301;GO:0016773;GO:0016772	2	aten_0.1.m1.30180.m1	-4
"transferase activity, transferring phosphorus-containing groups"	GO:0004672;GO:0016301;GO:0016773;GO:0016772	2	aten_0.1.m1.14915.m1	10
"transferase activity, transferring phosphorus-containing groups"	GO:0004672;GO:0016301;GO:0016773;GO:0016772	2	aten_0.1.m1.29451.m1	-3
"transferase activity, transferring phosphorus-containing groups"	GO:0004672;GO:0016301;GO:0016773;GO:0016772	2	aten_0.1.m1.8151.m1	-7
"transferase activity, transferring phosphorus-containing groups"	GO:0004672;GO:0016301;GO:0016773;GO:0016772	2	aten_0.1.m1.3629.m1	-10
"transferase activity, transferring phosphorus-containing groups"	GO:0004672;GO:0016301;GO:0016773;GO:0016772	2	aten_0.1.m1.1268.m1	17
"transferase activity, transferring phosphorus-containing groups"	GO:0004672;GO:0016301;GO:0016773;GO:0016772	2	aten_0.1.m1.10040.m1	-6
"transferase activity, transferring phosphorus-containing groups"	GO:0004672;GO:0016301;GO:0016773;GO:0016772	2	aten_0.1.m1.10782.m1	0
"transferase activity, transferring phosphorus-containing groups"	GO:0004672;GO:0016301;GO:0016773;GO:0016772	2	aten_0.1.m1.6746.m1	6
"transferase activity, transferring phosphorus-containing groups"	GO:0004672;GO:0016301;GO:0016773;GO:0016772	2	aten_0.1.m1.8171.m1	-2
"transferase activity, transferring phosphorus-containing groups"	GO:0004672;GO:0016301;GO:0016773;GO:0016772	2	aten_0.1.m1.3958.m1	0
"transferase activity, transferring phosphorus-containing groups"	GO:0004672;GO:0016301;GO:0016773;GO:0016772	2	aten_0.1.m1.15566.m1	5
"transferase activity, transferring phosphorus-containing groups"	GO:0004672;GO:0016301;GO:0016773;GO:0016772	2	aten_0.1.m1.6745.m1	0
"transferase activity, transferring phosphorus-containing groups"	GO:0004672;GO:0016301;GO:0016773;GO:0016772	2	aten_0.1.m1.12240.m1	-2
"transferase activity, transferring phosphorus-containing groups"	GO:0004672;GO:0016301;GO:0016773;GO:0016772	2	aten_0.1.m1.20049.m1	0
"transferase activity, transferring phosphorus-containing groups"	GO:0004672;GO:0016301;GO:0016773;GO:0016772	2	aten_0.1.m1.21277.m1	17
"transferase activity, transferring phosphorus-containing groups"	GO:0004672;GO:0016301;GO:0016773;GO:0016772	2	aten_0.1.m1.7275.m1	-7
"transferase activity, transferring phosphorus-containing groups"	GO:0004672;GO:0016301;GO:0016773;GO:0016772	2	aten_0.1.m1.30179.m1	-12
"transferase activity, transferring phosphorus-containing groups"	GO:0004672;GO:0016301;GO:0016773;GO:0016772	2	aten_0.1.m1.11945.m1	0
"transferase activity, transferring phosphorus-containing groups"	GO:0004672;GO:0016301;GO:0016773;GO:0016772	2	aten_0.1.m1.8022.m1	9
"transferase activity, transferring phosphorus-containing groups"	GO:0004672;GO:0016301;GO:0016773;GO:0016772	2	aten_0.1.m1.20791.m1	-1
"transferase activity, transferring phosphorus-containing groups"	GO:0004672;GO:0016301;GO:0016773;GO:0016772	2	aten_0.1.m1.16559.m1	0
"transferase activity, transferring phosphorus-containing groups"	GO:0004672;GO:0016301;GO:0016773;GO:0016772	2	aten_0.1.m1.8153.m1	-13
"transferase activity, transferring phosphorus-containing groups"	GO:0004672;GO:0016301;GO:0016773;GO:0016772	2	aten_0.1.m1.20923.m1	-1
"transferase activity, transferring phosphorus-containing groups"	GO:0004672;GO:0016301;GO:0016773;GO:0016772	2	aten_0.1.m1.12767.m1	-11
"transferase activity, transferring phosphorus-containing groups"	GO:0004672;GO:0016301;GO:0016773;GO:0016772	2	aten_0.1.m1.32176.m1	1
"transferase activity, transferring phosphorus-containing groups"	GO:0004672;GO:0016301;GO:0016773;GO:0016772	2	aten_0.1.m1.324.m1	1
"transferase activity, transferring phosphorus-containing groups"	GO:0004672;GO:0016301;GO:0016773;GO:0016772	2	aten_0.1.m1.3639.m1	29
"transferase activity, transferring phosphorus-containing groups"	GO:0004672;GO:0016301;GO:0016773;GO:0016772	2	aten_0.1.m1.20704.m1	0
"transferase activity, transferring phosphorus-containing groups"	GO:0004672;GO:0016301;GO:0016773;GO:0016772	2	aten_0.1.m1.19485.m1	0
"transferase activity, transferring phosphorus-containing groups"	GO:0004672;GO:0016301;GO:0016773;GO:0016772	2	aten_0.1.m1.3182.m1	7
"transferase activity, transferring phosphorus-containing groups"	GO:0004672;GO:0016301;GO:0016773;GO:0016772	2	aten_0.1.m1.2604.m1	0
"transferase activity, transferring phosphorus-containing groups"	GO:0004672;GO:0016301;GO:0016773;GO:0016772	2	aten_0.1.m1.33053.m1	7
"transferase activity, transferring phosphorus-containing groups"	GO:0004672;GO:0016301;GO:0016773;GO:0016772	2	aten_0.1.m1.28778.m1	-17
"transferase activity, transferring phosphorus-containing groups"	GO:0004672;GO:0016301;GO:0016773;GO:0016772	2	aten_0.1.m1.32158.m1	0
"transferase activity, transferring phosphorus-containing groups"	GO:0004672;GO:0016301;GO:0016773;GO:0016772	2	aten_0.1.m1.9417.m1	0
"transferase activity, transferring phosphorus-containing groups"	GO:0004672;GO:0016301;GO:0016773;GO:0016772	2	aten_0.1.m1.23843.m1	6
"transferase activity, transferring phosphorus-containing groups"	GO:0004672;GO:0016301;GO:0016773;GO:0016772	2	aten_0.1.m1.7215.m1	13
"transferase activity, transferring phosphorus-containing groups"	GO:0004672;GO:0016301;GO:0016773;GO:0016772	2	aten_0.1.m1.6715.m1	0
"transferase activity, transferring phosphorus-containing groups"	GO:0004672;GO:0016301;GO:0016773;GO:0016772	2	aten_0.1.m1.24847.m1	0
"transferase activity, transferring phosphorus-containing groups"	GO:0004672;GO:0016301;GO:0016773;GO:0016772	2	aten_0.1.m1.6749.m1	0
"transferase activity, transferring phosphorus-containing groups"	GO:0004672;GO:0016301;GO:0016773;GO:0016772	2	aten_0.1.m1.9802.m1	2
"transferase activity, transferring phosphorus-containing groups"	GO:0004672;GO:0016301;GO:0016773;GO:0016772	2	aten_0.1.m1.3140.m1	-32
"transferase activity, transferring phosphorus-containing groups"	GO:0004672;GO:0016301;GO:0016773;GO:0016772	2	aten_0.1.m1.6742.m1	-12
"transferase activity, transferring phosphorus-containing groups"	GO:0004672;GO:0016301;GO:0016773;GO:0016772	2	aten_0.1.m1.32581.m1	11
"transferase activity, transferring phosphorus-containing groups"	GO:0004672;GO:0016301;GO:0016773;GO:0016772	2	aten_0.1.m1.11569.m1	-4
"transferase activity, transferring phosphorus-containing groups"	GO:0004672;GO:0016301;GO:0016773;GO:0016772	2	aten_0.1.m1.2531.m1	-7
"transferase activity, transferring phosphorus-containing groups"	GO:0004672;GO:0016301;GO:0016773;GO:0016772	2	aten_0.1.m1.32192.m1	-18
"transferase activity, transferring phosphorus-containing groups"	GO:0004672;GO:0016301;GO:0016773;GO:0016772	2	aten_0.1.m1.7551.m1	0
"transferase activity, transferring phosphorus-containing groups"	GO:0004672;GO:0016301;GO:0016773;GO:0016772	2	aten_0.1.m1.27038.m1	-10
"transferase activity, transferring phosphorus-containing groups"	GO:0004672;GO:0016301;GO:0016773;GO:0016772	2	aten_0.1.m1.32083.m1	0
"transferase activity, transferring phosphorus-containing groups"	GO:0004672;GO:0016301;GO:0016773;GO:0016772	2	aten_0.1.m1.20912.m1	-2
"transferase activity, transferring phosphorus-containing groups"	GO:0004672;GO:0016301;GO:0016773;GO:0016772	2	aten_0.1.m1.14360.m1	2
"transferase activity, transferring phosphorus-containing groups"	GO:0004672;GO:0016301;GO:0016773;GO:0016772	2	aten_0.1.m1.15570.m1	1
"transferase activity, transferring phosphorus-containing groups"	GO:0004672;GO:0016301;GO:0016773;GO:0016772	2	aten_0.1.m1.7549.m1	0
"transferase activity, transferring phosphorus-containing groups"	GO:0004672;GO:0016301;GO:0016773;GO:0016772	2	aten_0.1.m1.29500.m1	0
"transferase activity, transferring phosphorus-containing groups"	GO:0004672;GO:0016301;GO:0016773;GO:0016772	2	aten_0.1.m1.7910.m1	19
"transferase activity, transferring phosphorus-containing groups"	GO:0004672;GO:0016301;GO:0016773;GO:0016772	2	aten_0.1.m1.27346.m1	-7
"transferase activity, transferring phosphorus-containing groups"	GO:0004672;GO:0016301;GO:0016773;GO:0016772	2	aten_0.1.m1.20589.m1	0
"transferase activity, transferring phosphorus-containing groups"	GO:0004672;GO:0016301;GO:0016773;GO:0016772	2	aten_0.1.m1.32301.m1	4
"transferase activity, transferring phosphorus-containing groups"	GO:0004672;GO:0016301;GO:0016773;GO:0016772	2	aten_0.1.m1.8602.m1	-17
"transferase activity, transferring phosphorus-containing groups"	GO:0004672;GO:0016301;GO:0016773;GO:0016772	2	aten_0.1.m1.18072.m1	0
"transferase activity, transferring phosphorus-containing groups"	GO:0004672;GO:0016301;GO:0016773;GO:0016772	2	aten_0.1.m1.27218.m1	2
"transferase activity, transferring phosphorus-containing groups"	GO:0004672;GO:0016301;GO:0016773;GO:0016772	2	aten_0.1.m1.25191.m1	10
"transferase activity, transferring phosphorus-containing groups"	GO:0004672;GO:0016301;GO:0016773;GO:0016772	2	aten_0.1.m1.24720.m1	24
"transferase activity, transferring phosphorus-containing groups"	GO:0004672;GO:0016301;GO:0016773;GO:0016772	2	aten_0.1.m1.11781.m1	12
"transferase activity, transferring phosphorus-containing groups"	GO:0004672;GO:0016301;GO:0016773;GO:0016772	2	aten_0.1.m1.14109.m1	0
"transferase activity, transferring phosphorus-containing groups"	GO:0004672;GO:0016301;GO:0016773;GO:0016772	2	aten_0.1.m1.3050.m1	3
"transferase activity, transferring phosphorus-containing groups"	GO:0004672;GO:0016301;GO:0016773;GO:0016772	2	aten_0.1.m1.29897.m1	0
"transferase activity, transferring phosphorus-containing groups"	GO:0004672;GO:0016301;GO:0016773;GO:0016772	2	aten_0.1.m1.30187.m1	6
"transferase activity, transferring phosphorus-containing groups"	GO:0004672;GO:0016301;GO:0016773;GO:0016772	2	aten_0.1.m1.23887.m1	0
"transferase activity, transferring phosphorus-containing groups"	GO:0004672;GO:0016301;GO:0016773;GO:0016772	2	aten_0.1.m1.29284.m1	0
"transferase activity, transferring phosphorus-containing groups"	GO:0004672;GO:0016301;GO:0016773;GO:0016772	2	aten_0.1.m1.25286.m1	-5
"transferase activity, transferring phosphorus-containing groups"	GO:0004672;GO:0016301;GO:0016773;GO:0016772	2	aten_0.1.m1.15982.m1	4
"transferase activity, transferring phosphorus-containing groups"	GO:0004672;GO:0016301;GO:0016773;GO:0016772	2	aten_0.1.m1.29913.m1	-4
"transferase activity, transferring phosphorus-containing groups"	GO:0004672;GO:0016301;GO:0016773;GO:0016772	2	aten_0.1.m1.31027.m1	2
"transferase activity, transferring phosphorus-containing groups"	GO:0004672;GO:0016301;GO:0016773;GO:0016772	2	aten_0.1.m1.24683.m1	-16
"transferase activity, transferring phosphorus-containing groups"	GO:0004672;GO:0016301;GO:0016773;GO:0016772	2	aten_0.1.m1.6753.m1	0
"transferase activity, transferring phosphorus-containing groups"	GO:0004672;GO:0016301;GO:0016773;GO:0016772	2	aten_0.1.m1.32202.m1	-1
"transferase activity, transferring phosphorus-containing groups"	GO:0004672;GO:0016301;GO:0016773;GO:0016772	2	aten_0.1.m1.29307.m1	-1
"transferase activity, transferring phosphorus-containing groups"	GO:0004672;GO:0016301;GO:0016773;GO:0016772	2	aten_0.1.m1.10604.m1	-6
"transferase activity, transferring phosphorus-containing groups"	GO:0004672;GO:0016301;GO:0016773;GO:0016772	2	aten_0.1.m1.5070.m1	-10
"transferase activity, transferring phosphorus-containing groups"	GO:0004672;GO:0016301;GO:0016773;GO:0016772	2	aten_0.1.m1.1221.m1	0
"transferase activity, transferring phosphorus-containing groups"	GO:0004672;GO:0016301;GO:0016773;GO:0016772	2	aten_0.1.m1.8018.m1	-3
"transferase activity, transferring phosphorus-containing groups"	GO:0004672;GO:0016301;GO:0016773;GO:0016772	2	aten_0.1.m1.8122.m1	0
"transferase activity, transferring phosphorus-containing groups"	GO:0004672;GO:0016301;GO:0016773;GO:0016772	2	aten_0.1.m1.22532.m1	0
"transferase activity, transferring phosphorus-containing groups"	GO:0004672;GO:0016301;GO:0016773;GO:0016772	2	aten_0.1.m1.7279.m1	0
"transferase activity, transferring phosphorus-containing groups"	GO:0004672;GO:0016301;GO:0016773;GO:0016772	2	aten_0.1.m1.6310.m1	0
"transferase activity, transferring phosphorus-containing groups"	GO:0004672;GO:0016301;GO:0016773;GO:0016772	2	aten_0.1.m1.32895.m1	0
"transferase activity, transferring phosphorus-containing groups"	GO:0004672;GO:0016301;GO:0016773;GO:0016772	2	aten_0.1.m1.26394.m1	-3
"transferase activity, transferring phosphorus-containing groups"	GO:0004672;GO:0016301;GO:0016773;GO:0016772	2	aten_0.1.m1.15569.m1	20
"transferase activity, transferring phosphorus-containing groups"	GO:0004672;GO:0016301;GO:0016773;GO:0016772	2	aten_0.1.m1.14416.m1	-7
"transferase activity, transferring phosphorus-containing groups"	GO:0004672;GO:0016301;GO:0016773;GO:0016772	2	aten_0.1.m1.5339.m1	0
"transferase activity, transferring phosphorus-containing groups"	GO:0004672;GO:0016301;GO:0016773;GO:0016772	2	aten_0.1.m1.21173.m1	-2
"transferase activity, transferring phosphorus-containing groups"	GO:0004672;GO:0016301;GO:0016773;GO:0016772	2	aten_0.1.m1.10088.m1	0
"transferase activity, transferring phosphorus-containing groups"	GO:0004672;GO:0016301;GO:0016773;GO:0016772	2	aten_0.1.m1.10746.m1	4
"transferase activity, transferring phosphorus-containing groups"	GO:0004672;GO:0016301;GO:0016773;GO:0016772	2	aten_0.1.m1.17868.m1	2
"transferase activity, transferring phosphorus-containing groups"	GO:0004672;GO:0016301;GO:0016773;GO:0016772	2	aten_0.1.m1.12832.m1	0
"transferase activity, transferring phosphorus-containing groups"	GO:0004672;GO:0016301;GO:0016773;GO:0016772	2	aten_0.1.m1.8546.m1	-4
"transferase activity, transferring phosphorus-containing groups"	GO:0004672;GO:0016301;GO:0016773;GO:0016772	2	aten_0.1.m1.3086.m1	8
"transferase activity, transferring phosphorus-containing groups"	GO:0004672;GO:0016301;GO:0016773;GO:0016772	2	aten_0.1.m1.11282.m1	-1
"transferase activity, transferring phosphorus-containing groups"	GO:0004672;GO:0016301;GO:0016773;GO:0016772	2	aten_0.1.m1.13255.m1	-1
"transferase activity, transferring phosphorus-containing groups"	GO:0004672;GO:0016301;GO:0016773;GO:0016772	2	aten_0.1.m1.922.m1	0
"transferase activity, transferring phosphorus-containing groups"	GO:0004672;GO:0016301;GO:0016773;GO:0016772	2	aten_0.1.m1.2463.m1	-4
"transferase activity, transferring phosphorus-containing groups"	GO:0004672;GO:0016301;GO:0016773;GO:0016772	2	aten_0.1.m1.11057.m1	-5
"transferase activity, transferring phosphorus-containing groups"	GO:0004672;GO:0016301;GO:0016773;GO:0016772	2	aten_0.1.m1.32510.m1	-22
"transferase activity, transferring phosphorus-containing groups"	GO:0004672;GO:0016301;GO:0016773;GO:0016772	2	aten_0.1.m1.31221.m1	-9
"transferase activity, transferring phosphorus-containing groups"	GO:0004672;GO:0016301;GO:0016773;GO:0016772	2	aten_0.1.m1.5213.m1	2
"transferase activity, transferring phosphorus-containing groups"	GO:0004672;GO:0016301;GO:0016773;GO:0016772	2	aten_0.1.m1.30498.m1	3
"transferase activity, transferring phosphorus-containing groups"	GO:0004672;GO:0016301;GO:0016773;GO:0016772	2	aten_0.1.m1.17232.m1	-10
"transferase activity, transferring phosphorus-containing groups"	GO:0004672;GO:0016301;GO:0016773;GO:0016772	2	aten_0.1.m1.32999.m1	-6
"transferase activity, transferring phosphorus-containing groups"	GO:0004672;GO:0016301;GO:0016773;GO:0016772	2	aten_0.1.m1.28586.m1	0
"transferase activity, transferring phosphorus-containing groups"	GO:0004672;GO:0016301;GO:0016773;GO:0016772	2	aten_0.1.m1.17197.m1	-1
"transferase activity, transferring phosphorus-containing groups"	GO:0004672;GO:0016301;GO:0016773;GO:0016772	2	aten_0.1.m1.11897.m1	-11
"transferase activity, transferring phosphorus-containing groups"	GO:0004672;GO:0016301;GO:0016773;GO:0016772	2	aten_0.1.m1.30507.m1	0
"transferase activity, transferring phosphorus-containing groups"	GO:0004672;GO:0016301;GO:0016773;GO:0016772	2	aten_0.1.m1.15220.m1	0
"transferase activity, transferring phosphorus-containing groups"	GO:0004672;GO:0016301;GO:0016773;GO:0016772	2	aten_0.1.m1.24186.m1	0
"transferase activity, transferring phosphorus-containing groups"	GO:0004672;GO:0016301;GO:0016773;GO:0016772	2	aten_0.1.m1.9799.m1	-11
"amide binding"	GO:0033218;GO:0001540;GO:0042277	2	aten_0.1.m1.12063.m1	4
"amide binding"	GO:0033218;GO:0001540;GO:0042277	2	aten_0.1.m1.19762.m1	5
"amide binding"	GO:0033218;GO:0001540;GO:0042277	2	aten_0.1.m1.1177.m1	7
"amide binding"	GO:0033218;GO:0001540;GO:0042277	2	aten_0.1.m1.4295.m1	0
"amide binding"	GO:0033218;GO:0001540;GO:0042277	2	aten_0.1.m1.3873.m1	0
"amide binding"	GO:0033218;GO:0001540;GO:0042277	2	aten_0.1.m1.13283.m1	-12
"amide binding"	GO:0033218;GO:0001540;GO:0042277	2	aten_0.1.m1.22552.m1	7
"amide binding"	GO:0033218;GO:0001540;GO:0042277	2	aten_0.1.m1.8844.m1	0
"amide binding"	GO:0033218;GO:0001540;GO:0042277	2	aten_0.1.m1.21998.m1	0
"amide binding"	GO:0033218;GO:0001540;GO:0042277	2	aten_0.1.m1.22551.m1	1
"amide binding"	GO:0033218;GO:0001540;GO:0042277	2	aten_0.1.m1.2494.m1	0
"amide binding"	GO:0033218;GO:0001540;GO:0042277	2	aten_0.1.m1.11330.m1	0
"amide binding"	GO:0033218;GO:0001540;GO:0042277	2	aten_0.1.m1.30465.m1	10
"amide binding"	GO:0033218;GO:0001540;GO:0042277	2	aten_0.1.m1.7944.m1	0
"cysteine-type peptidase activity"	GO:0004197;GO:0008234	2	aten_0.1.m1.3508.m1	0
"cysteine-type peptidase activity"	GO:0004197;GO:0008234	2	aten_0.1.m1.3014.m1	0
"cysteine-type peptidase activity"	GO:0004197;GO:0008234	2	aten_0.1.m1.4271.m1	0
"cysteine-type peptidase activity"	GO:0004197;GO:0008234	2	aten_0.1.m1.20740.m1	-10
"cysteine-type peptidase activity"	GO:0004197;GO:0008234	2	aten_0.1.m1.10716.m1	0
"cysteine-type peptidase activity"	GO:0004197;GO:0008234	2	aten_0.1.m1.12445.m1	0
"cysteine-type peptidase activity"	GO:0004197;GO:0008234	2	aten_0.1.m1.14025.m1	0
"cysteine-type peptidase activity"	GO:0004197;GO:0008234	2	aten_0.1.m1.27746.m1	12
"cysteine-type peptidase activity"	GO:0004197;GO:0008234	2	aten_0.1.m1.2184.m1	7
"cysteine-type peptidase activity"	GO:0004197;GO:0008234	2	aten_0.1.m1.14015.m1	0
"cysteine-type peptidase activity"	GO:0004197;GO:0008234	2	aten_0.1.m1.11561.m1	-12
"serine-type endopeptidase inhibitor activity"	GO:0004867	3	aten_0.1.m1.21626.m1	14
"serine-type endopeptidase inhibitor activity"	GO:0004867	3	aten_0.1.m1.21616.m1	14
"serine-type endopeptidase inhibitor activity"	GO:0004867	3	aten_0.1.m1.25011.m1	5
"serine-type endopeptidase inhibitor activity"	GO:0004867	3	aten_0.1.m1.21617.m1	0
"serine-type endopeptidase inhibitor activity"	GO:0004867	3	aten_0.1.m1.18509.m1	24
"serine-type endopeptidase inhibitor activity"	GO:0004867	3	aten_0.1.m1.26375.m1	-6
"serine-type endopeptidase inhibitor activity"	GO:0004867	3	aten_0.1.m1.31728.m1	-11
"serine-type endopeptidase inhibitor activity"	GO:0004867	3	aten_0.1.m1.12760.m1	-14
"serine-type endopeptidase inhibitor activity"	GO:0004867	3	aten_0.1.m1.9784.m1	0
"G-protein alpha-subunit binding"	GO:0001965	3	aten_0.1.m1.14176.m1	-12
"G-protein alpha-subunit binding"	GO:0001965	3	aten_0.1.m1.25878.m1	6
"G-protein alpha-subunit binding"	GO:0001965	3	aten_0.1.m1.6728.m1	-1
"G-protein alpha-subunit binding"	GO:0001965	3	aten_0.1.m1.5976.m1	0
"G-protein alpha-subunit binding"	GO:0001965	3	aten_0.1.m1.4168.m1	-3
"G-protein alpha-subunit binding"	GO:0001965	3	aten_0.1.m1.30129.m1	2
"serine hydrolase activity"	GO:0004252;GO:0008236;GO:0017171	3	aten_0.1.m1.5520.m1	-7
"serine hydrolase activity"	GO:0004252;GO:0008236;GO:0017171	3	aten_0.1.m1.12464.m1	-6
"serine hydrolase activity"	GO:0004252;GO:0008236;GO:0017171	3	aten_0.1.m1.16778.m1	0
"serine hydrolase activity"	GO:0004252;GO:0008236;GO:0017171	3	aten_0.1.m1.28581.m1	19
"serine hydrolase activity"	GO:0004252;GO:0008236;GO:0017171	3	aten_0.1.m1.8282.m1	0
"serine hydrolase activity"	GO:0004252;GO:0008236;GO:0017171	3	aten_0.1.m1.33318.m1	0
"serine hydrolase activity"	GO:0004252;GO:0008236;GO:0017171	3	aten_0.1.m1.4001.m1	-3
"serine hydrolase activity"	GO:0004252;GO:0008236;GO:0017171	3	aten_0.1.m1.5918.m1	-18
"serine hydrolase activity"	GO:0004252;GO:0008236;GO:0017171	3	aten_0.1.m1.23672.m1	-1
"serine hydrolase activity"	GO:0004252;GO:0008236;GO:0017171	3	aten_0.1.m1.16268.m1	-2
"serine hydrolase activity"	GO:0004252;GO:0008236;GO:0017171	3	aten_0.1.m1.28579.m1	24
"serine hydrolase activity"	GO:0004252;GO:0008236;GO:0017171	3	aten_0.1.m1.5316.m1	-9
"serine hydrolase activity"	GO:0004252;GO:0008236;GO:0017171	3	aten_0.1.m1.30796.m1	7
"serine hydrolase activity"	GO:0004252;GO:0008236;GO:0017171	3	aten_0.1.m1.20021.m1	0
"serine hydrolase activity"	GO:0004252;GO:0008236;GO:0017171	3	aten_0.1.m1.28539.m1	5
"serine hydrolase activity"	GO:0004252;GO:0008236;GO:0017171	3	aten_0.1.m1.8293.m1	0
"serine hydrolase activity"	GO:0004252;GO:0008236;GO:0017171	3	aten_0.1.m1.24143.m1	0
"serine hydrolase activity"	GO:0004252;GO:0008236;GO:0017171	3	aten_0.1.m1.5519.m1	0
"serine hydrolase activity"	GO:0004252;GO:0008236;GO:0017171	3	aten_0.1.m1.1279.m1	-1
"serine hydrolase activity"	GO:0004252;GO:0008236;GO:0017171	3	aten_0.1.m1.32085.m1	-3
"serine hydrolase activity"	GO:0004252;GO:0008236;GO:0017171	3	aten_0.1.m1.9114.m1	0
"serine hydrolase activity"	GO:0004252;GO:0008236;GO:0017171	3	aten_0.1.m1.1816.m1	0
"serine hydrolase activity"	GO:0004252;GO:0008236;GO:0017171	3	aten_0.1.m1.17441.m1	-6
"serine hydrolase activity"	GO:0004252;GO:0008236;GO:0017171	3	aten_0.1.m1.12079.m1	0
"serine hydrolase activity"	GO:0004252;GO:0008236;GO:0017171	3	aten_0.1.m1.1622.m1	0
"serine hydrolase activity"	GO:0004252;GO:0008236;GO:0017171	3	aten_0.1.m1.29333.m1	-4
"serine hydrolase activity"	GO:0004252;GO:0008236;GO:0017171	3	aten_0.1.m1.28574.m1	0
"serine hydrolase activity"	GO:0004252;GO:0008236;GO:0017171	3	aten_0.1.m1.8452.m1	19
"serine hydrolase activity"	GO:0004252;GO:0008236;GO:0017171	3	aten_0.1.m1.33759.m1	18
"serine hydrolase activity"	GO:0004252;GO:0008236;GO:0017171	3	aten_0.1.m1.28558.m1	14
"serine hydrolase activity"	GO:0004252;GO:0008236;GO:0017171	3	aten_0.1.m1.1632.m1	4
"serine hydrolase activity"	GO:0004252;GO:0008236;GO:0017171	3	aten_0.1.m1.32765.m1	0
"serine hydrolase activity"	GO:0004252;GO:0008236;GO:0017171	3	aten_0.1.m1.31432.m1	-3
"serine hydrolase activity"	GO:0004252;GO:0008236;GO:0017171	3	aten_0.1.m1.28580.m1	0
"serine hydrolase activity"	GO:0004252;GO:0008236;GO:0017171	3	aten_0.1.m1.5528.m1	-8
"serine hydrolase activity"	GO:0004252;GO:0008236;GO:0017171	3	aten_0.1.m1.12520.m1	-3
"serine hydrolase activity"	GO:0004252;GO:0008236;GO:0017171	3	aten_0.1.m1.30202.m1	0
"serine hydrolase activity"	GO:0004252;GO:0008236;GO:0017171	3	aten_0.1.m1.34125.m1	-1
"metal ion binding"	GO:0046872;GO:0043169	3	aten_0.1.m1.731.m1	0
"metal ion binding"	GO:0046872;GO:0043169	3	aten_0.1.m1.33609.m1	-5
"metal ion binding"	GO:0046872;GO:0043169	3	aten_0.1.m1.29654.m1	10
"metal ion binding"	GO:0046872;GO:0043169	3	aten_0.1.m1.23479.m1	-4
"metal ion binding"	GO:0046872;GO:0043169	3	aten_0.1.m1.234.m1	0
"metal ion binding"	GO:0046872;GO:0043169	3	aten_0.1.m1.29900.m1	-7
"metal ion binding"	GO:0046872;GO:0043169	3	aten_0.1.m1.24974.m1	0
"metal ion binding"	GO:0046872;GO:0043169	3	aten_0.1.m1.32836.m1	6
"metal ion binding"	GO:0046872;GO:0043169	3	aten_0.1.m1.19384.m1	24
"metal ion binding"	GO:0046872;GO:0043169	3	aten_0.1.m1.854.m1	0
"metal ion binding"	GO:0046872;GO:0043169	3	aten_0.1.m1.24605.m1	4
"metal ion binding"	GO:0046872;GO:0043169	3	aten_0.1.m1.24227.m1	0
"metal ion binding"	GO:0046872;GO:0043169	3	aten_0.1.m1.22993.m1	-7
"metal ion binding"	GO:0046872;GO:0043169	3	aten_0.1.m1.6507.m1	-6
"metal ion binding"	GO:0046872;GO:0043169	3	aten_0.1.m1.13236.m1	-1
"metal ion binding"	GO:0046872;GO:0043169	3	aten_0.1.m1.19984.m1	0
"metal ion binding"	GO:0046872;GO:0043169	3	aten_0.1.m1.29821.m1	-18
"metal ion binding"	GO:0046872;GO:0043169	3	aten_0.1.m1.6723.m1	-2
"metal ion binding"	GO:0046872;GO:0043169	3	aten_0.1.m1.7044.m1	4
"metal ion binding"	GO:0046872;GO:0043169	3	aten_0.1.m1.22457.m1	0
"metal ion binding"	GO:0046872;GO:0043169	3	aten_0.1.m1.26093.m1	-21
"metal ion binding"	GO:0046872;GO:0043169	3	aten_0.1.m1.20672.m1	-4
"metal ion binding"	GO:0046872;GO:0043169	3	aten_0.1.m1.544.m1	17
"metal ion binding"	GO:0046872;GO:0043169	3	aten_0.1.m1.16192.m1	0
"metal ion binding"	GO:0046872;GO:0043169	3	aten_0.1.m1.7159.m1	9
"metal ion binding"	GO:0046872;GO:0043169	3	aten_0.1.m1.25626.m1	0
"metal ion binding"	GO:0046872;GO:0043169	3	aten_0.1.m1.14582.m1	-11
"metal ion binding"	GO:0046872;GO:0043169	3	aten_0.1.m1.21025.m1	-2
"metal ion binding"	GO:0046872;GO:0043169	3	aten_0.1.m1.16199.m1	0
"metal ion binding"	GO:0046872;GO:0043169	3	aten_0.1.m1.29889.m1	0
"metal ion binding"	GO:0046872;GO:0043169	3	aten_0.1.m1.33619.m1	-10
"metal ion binding"	GO:0046872;GO:0043169	3	aten_0.1.m1.3625.m1	0
"metal ion binding"	GO:0046872;GO:0043169	3	aten_0.1.m1.3422.m1	0
"metal ion binding"	GO:0046872;GO:0043169	3	aten_0.1.m1.16212.m1	0
"metal ion binding"	GO:0046872;GO:0043169	3	aten_0.1.m1.29522.m1	-12
"metal ion binding"	GO:0046872;GO:0043169	3	aten_0.1.m1.28951.m1	0
"metal ion binding"	GO:0046872;GO:0043169	3	aten_0.1.m1.28128.m1	-14
"metal ion binding"	GO:0046872;GO:0043169	3	aten_0.1.m1.21502.m1	2
"metal ion binding"	GO:0046872;GO:0043169	3	aten_0.1.m1.6714.m1	2
"metal ion binding"	GO:0046872;GO:0043169	3	aten_0.1.m1.12808.m1	0
"metal ion binding"	GO:0046872;GO:0043169	3	aten_0.1.m1.18862.m1	0
"metal ion binding"	GO:0046872;GO:0043169	3	aten_0.1.m1.11335.m1	0
"metal ion binding"	GO:0046872;GO:0043169	3	aten_0.1.m1.3316.m1	3
"metal ion binding"	GO:0046872;GO:0043169	3	aten_0.1.m1.29932.m1	10
"metal ion binding"	GO:0046872;GO:0043169	3	aten_0.1.m1.5028.m1	15
"metal ion binding"	GO:0046872;GO:0043169	3	aten_0.1.m1.30076.m1	3
"metal ion binding"	GO:0046872;GO:0043169	3	aten_0.1.m1.2336.m1	18
"metal ion binding"	GO:0046872;GO:0043169	3	aten_0.1.m1.6372.m1	0
"metal ion binding"	GO:0046872;GO:0043169	3	aten_0.1.m1.16047.m1	15
"metal ion binding"	GO:0046872;GO:0043169	3	aten_0.1.m1.7930.m1	-6
"metal ion binding"	GO:0046872;GO:0043169	3	aten_0.1.m1.16914.m1	1
"metal ion binding"	GO:0046872;GO:0043169	3	aten_0.1.m1.16196.m1	-5
"metal ion binding"	GO:0046872;GO:0043169	3	aten_0.1.m1.24677.m1	2
"metal ion binding"	GO:0046872;GO:0043169	3	aten_0.1.m1.24764.m1	10
"metal ion binding"	GO:0046872;GO:0043169	3	aten_0.1.m1.29469.m1	-11
"metal ion binding"	GO:0046872;GO:0043169	3	aten_0.1.m1.9280.m1	0
"metal ion binding"	GO:0046872;GO:0043169	3	aten_0.1.m1.15000.m1	0
"metal ion binding"	GO:0046872;GO:0043169	3	aten_0.1.m1.21000.m1	-12
"metal ion binding"	GO:0046872;GO:0043169	3	aten_0.1.m1.16189.m1	0
"metal ion binding"	GO:0046872;GO:0043169	3	aten_0.1.m1.19373.m1	24
"metal ion binding"	GO:0046872;GO:0043169	3	aten_0.1.m1.11927.m1	0
"metal ion binding"	GO:0046872;GO:0043169	3	aten_0.1.m1.22990.m1	-8
"metal ion binding"	GO:0046872;GO:0043169	3	aten_0.1.m1.12066.m1	0
"metal ion binding"	GO:0046872;GO:0043169	3	aten_0.1.m1.4859.m1	0
"metal ion binding"	GO:0046872;GO:0043169	3	aten_0.1.m1.22988.m1	12
"metal ion binding"	GO:0046872;GO:0043169	3	aten_0.1.m1.5853.m1	0
"metal ion binding"	GO:0046872;GO:0043169	3	aten_0.1.m1.24002.m1	0
"metal ion binding"	GO:0046872;GO:0043169	3	aten_0.1.m1.25276.m1	0
"metal ion binding"	GO:0046872;GO:0043169	3	aten_0.1.m1.22940.m1	0
"metal ion binding"	GO:0046872;GO:0043169	3	aten_0.1.m1.22581.m1	-2
"metal ion binding"	GO:0046872;GO:0043169	3	aten_0.1.m1.5499.m1	0
"metal ion binding"	GO:0046872;GO:0043169	3	aten_0.1.m1.19749.m1	-5
"metal ion binding"	GO:0046872;GO:0043169	3	aten_0.1.m1.16226.m1	-14
"metal ion binding"	GO:0046872;GO:0043169	3	aten_0.1.m1.2307.m1	7
"metal ion binding"	GO:0046872;GO:0043169	3	aten_0.1.m1.6705.m1	0
"metal ion binding"	GO:0046872;GO:0043169	3	aten_0.1.m1.8706.m1	4
"metal ion binding"	GO:0046872;GO:0043169	3	aten_0.1.m1.14043.m1	0
"metal ion binding"	GO:0046872;GO:0043169	3	aten_0.1.m1.3472.m1	-2
"metal ion binding"	GO:0046872;GO:0043169	3	aten_0.1.m1.21309.m1	18
"metal ion binding"	GO:0046872;GO:0043169	3	aten_0.1.m1.6747.m1	4
"metal ion binding"	GO:0046872;GO:0043169	3	aten_0.1.m1.6949.m1	0
"metal ion binding"	GO:0046872;GO:0043169	3	aten_0.1.m1.2360.m1	-2
"metal ion binding"	GO:0046872;GO:0043169	3	aten_0.1.m1.32814.m1	0
"metal ion binding"	GO:0046872;GO:0043169	3	aten_0.1.m1.2197.m1	-7
"metal ion binding"	GO:0046872;GO:0043169	3	aten_0.1.m1.15653.m1	-1
"metal ion binding"	GO:0046872;GO:0043169	3	aten_0.1.m1.19879.m1	0
"metal ion binding"	GO:0046872;GO:0043169	3	aten_0.1.m1.24840.m1	0
"metal ion binding"	GO:0046872;GO:0043169	3	aten_0.1.m1.1913.m1	0
"metal ion binding"	GO:0046872;GO:0043169	3	aten_0.1.m1.30414.m1	-7
"metal ion binding"	GO:0046872;GO:0043169	3	aten_0.1.m1.22985.m1	-7
"metal ion binding"	GO:0046872;GO:0043169	3	aten_0.1.m1.14339.m1	10
"metal ion binding"	GO:0046872;GO:0043169	3	aten_0.1.m1.3732.m1	7
"metal ion binding"	GO:0046872;GO:0043169	3	aten_0.1.m1.28945.m1	0
"metal ion binding"	GO:0046872;GO:0043169	3	aten_0.1.m1.14328.m1	0
"metal ion binding"	GO:0046872;GO:0043169	3	aten_0.1.m1.10595.m1	8
"metal ion binding"	GO:0046872;GO:0043169	3	aten_0.1.m1.6206.m1	0
"metal ion binding"	GO:0046872;GO:0043169	3	aten_0.1.m1.33478.m1	-7
"metal ion binding"	GO:0046872;GO:0043169	3	aten_0.1.m1.11839.m1	0
"metal ion binding"	GO:0046872;GO:0043169	3	aten_0.1.m1.32413.m1	7
"metal ion binding"	GO:0046872;GO:0043169	3	aten_0.1.m1.30115.m1	0
"metal ion binding"	GO:0046872;GO:0043169	3	aten_0.1.m1.1396.m1	10
"metal ion binding"	GO:0046872;GO:0043169	3	aten_0.1.m1.24765.m1	15
"metal ion binding"	GO:0046872;GO:0043169	3	aten_0.1.m1.3471.m1	0
"metal ion binding"	GO:0046872;GO:0043169	3	aten_0.1.m1.13097.m1	11
"metal ion binding"	GO:0046872;GO:0043169	3	aten_0.1.m1.16217.m1	0
"metal ion binding"	GO:0046872;GO:0043169	3	aten_0.1.m1.7200.m1	-22
"metal ion binding"	GO:0046872;GO:0043169	3	aten_0.1.m1.15968.m1	-3
"metal ion binding"	GO:0046872;GO:0043169	3	aten_0.1.m1.25542.m1	0
"metal ion binding"	GO:0046872;GO:0043169	3	aten_0.1.m1.33233.m1	-4
"metal ion binding"	GO:0046872;GO:0043169	3	aten_0.1.m1.30321.m1	19
"metal ion binding"	GO:0046872;GO:0043169	3	aten_0.1.m1.31115.m1	6
"metal ion binding"	GO:0046872;GO:0043169	3	aten_0.1.m1.16223.m1	2
"metal ion binding"	GO:0046872;GO:0043169	3	aten_0.1.m1.25616.m1	-1
"metal ion binding"	GO:0046872;GO:0043169	3	aten_0.1.m1.13315.m1	0
"metal ion binding"	GO:0046872;GO:0043169	3	aten_0.1.m1.7119.m1	-17
"metal ion binding"	GO:0046872;GO:0043169	3	aten_0.1.m1.14340.m1	0
"metal ion binding"	GO:0046872;GO:0043169	3	aten_0.1.m1.7573.m1	2
"metal ion binding"	GO:0046872;GO:0043169	3	aten_0.1.m1.31232.m1	0
"metal ion binding"	GO:0046872;GO:0043169	3	aten_0.1.m1.29464.m1	5
"metal ion binding"	GO:0046872;GO:0043169	3	aten_0.1.m1.19877.m1	13
"metal ion binding"	GO:0046872;GO:0043169	3	aten_0.1.m1.23037.m1	0
"metal ion binding"	GO:0046872;GO:0043169	3	aten_0.1.m1.5649.m1	0
"metal ion binding"	GO:0046872;GO:0043169	3	aten_0.1.m1.16663.m1	-6
"metal ion binding"	GO:0046872;GO:0043169	3	aten_0.1.m1.30536.m1	0
"metal ion binding"	GO:0046872;GO:0043169	3	aten_0.1.m1.14334.m1	0
"metal ion binding"	GO:0046872;GO:0043169	3	aten_0.1.m1.24776.m1	3
"metal ion binding"	GO:0046872;GO:0043169	3	aten_0.1.m1.19382.m1	0
"metal ion binding"	GO:0046872;GO:0043169	3	aten_0.1.m1.14538.m1	0
"metal ion binding"	GO:0046872;GO:0043169	3	aten_0.1.m1.24912.m1	-2
"metal ion binding"	GO:0046872;GO:0043169	3	aten_0.1.m1.16215.m1	-15
"metal ion binding"	GO:0046872;GO:0043169	3	aten_0.1.m1.21476.m1	0
"metal ion binding"	GO:0046872;GO:0043169	3	aten_0.1.m1.6993.m1	-12
"metal ion binding"	GO:0046872;GO:0043169	3	aten_0.1.m1.6674.m1	0
"metal ion binding"	GO:0046872;GO:0043169	3	aten_0.1.m1.4896.m1	0
"metal ion binding"	GO:0046872;GO:0043169	3	aten_0.1.m1.4921.m1	1
"metal ion binding"	GO:0046872;GO:0043169	3	aten_0.1.m1.21451.m1	8
"metal ion binding"	GO:0046872;GO:0043169	3	aten_0.1.m1.31419.m1	2
"metal ion binding"	GO:0046872;GO:0043169	3	aten_0.1.m1.32224.m1	10
"metal ion binding"	GO:0046872;GO:0043169	3	aten_0.1.m1.22994.m1	-20
"metal ion binding"	GO:0046872;GO:0043169	3	aten_0.1.m1.12132.m1	7
"metal ion binding"	GO:0046872;GO:0043169	3	aten_0.1.m1.7926.m1	0
"metal ion binding"	GO:0046872;GO:0043169	3	aten_0.1.m1.11844.m1	-14
"metal ion binding"	GO:0046872;GO:0043169	3	aten_0.1.m1.1359.m1	2
"metal ion binding"	GO:0046872;GO:0043169	3	aten_0.1.m1.31592.m1	0
"metal ion binding"	GO:0046872;GO:0043169	3	aten_0.1.m1.24057.m1	0
"metal ion binding"	GO:0046872;GO:0043169	3	aten_0.1.m1.9978.m1	-5
"metal ion binding"	GO:0046872;GO:0043169	3	aten_0.1.m1.28953.m1	0
"metal ion binding"	GO:0046872;GO:0043169	3	aten_0.1.m1.28938.m1	0
"metal ion binding"	GO:0046872;GO:0043169	3	aten_0.1.m1.22585.m1	0
"metal ion binding"	GO:0046872;GO:0043169	3	aten_0.1.m1.5544.m1	0
"metal ion binding"	GO:0046872;GO:0043169	3	aten_0.1.m1.3962.m1	0
"metal ion binding"	GO:0046872;GO:0043169	3	aten_0.1.m1.17591.m1	2
"metal ion binding"	GO:0046872;GO:0043169	3	aten_0.1.m1.25612.m1	1
"metal ion binding"	GO:0046872;GO:0043169	3	aten_0.1.m1.1465.m1	-1
"metal ion binding"	GO:0046872;GO:0043169	3	aten_0.1.m1.7110.m1	0
"metal ion binding"	GO:0046872;GO:0043169	3	aten_0.1.m1.846.m1	0
"metal ion binding"	GO:0046872;GO:0043169	3	aten_0.1.m1.24774.m1	24
"metal ion binding"	GO:0046872;GO:0043169	3	aten_0.1.m1.19703.m1	0
"metal ion binding"	GO:0046872;GO:0043169	3	aten_0.1.m1.6848.m1	0
"metal ion binding"	GO:0046872;GO:0043169	3	aten_0.1.m1.17414.m1	1
"metal ion binding"	GO:0046872;GO:0043169	3	aten_0.1.m1.5514.m1	-6
"metal ion binding"	GO:0046872;GO:0043169	3	aten_0.1.m1.13929.m1	23
"metal ion binding"	GO:0046872;GO:0043169	3	aten_0.1.m1.7566.m1	-10
"metal ion binding"	GO:0046872;GO:0043169	3	aten_0.1.m1.11194.m1	3
"metal ion binding"	GO:0046872;GO:0043169	3	aten_0.1.m1.24967.m1	0
"metal ion binding"	GO:0046872;GO:0043169	3	aten_0.1.m1.27989.m1	29
"metal ion binding"	GO:0046872;GO:0043169	3	aten_0.1.m1.30250.m1	0
"metal ion binding"	GO:0046872;GO:0043169	3	aten_0.1.m1.20545.m1	-14
"metal ion binding"	GO:0046872;GO:0043169	3	aten_0.1.m1.6704.m1	0
"metal ion binding"	GO:0046872;GO:0043169	3	aten_0.1.m1.6989.m1	-10
"metal ion binding"	GO:0046872;GO:0043169	3	aten_0.1.m1.16655.m1	0
"metal ion binding"	GO:0046872;GO:0043169	3	aten_0.1.m1.28071.m1	0
"metal ion binding"	GO:0046872;GO:0043169	3	aten_0.1.m1.5160.m1	8
"metal ion binding"	GO:0046872;GO:0043169	3	aten_0.1.m1.14517.m1	7
"metal ion binding"	GO:0046872;GO:0043169	3	aten_0.1.m1.18552.m1	0
"metal ion binding"	GO:0046872;GO:0043169	3	aten_0.1.m1.9408.m1	0
"metal ion binding"	GO:0046872;GO:0043169	3	aten_0.1.m1.22302.m1	0
"metal ion binding"	GO:0046872;GO:0043169	3	aten_0.1.m1.17377.m1	-6
"metal ion binding"	GO:0046872;GO:0043169	3	aten_0.1.m1.22812.m1	-4
"metal ion binding"	GO:0046872;GO:0043169	3	aten_0.1.m1.4855.m1	-30
"metal ion binding"	GO:0046872;GO:0043169	3	aten_0.1.m1.6849.m1	1
"metal ion binding"	GO:0046872;GO:0043169	3	aten_0.1.m1.21424.m1	-2
"metal ion binding"	GO:0046872;GO:0043169	3	aten_0.1.m1.23599.m1	11
"metal ion binding"	GO:0046872;GO:0043169	3	aten_0.1.m1.9344.m1	-1
"metal ion binding"	GO:0046872;GO:0043169	3	aten_0.1.m1.379.m1	-4
"metal ion binding"	GO:0046872;GO:0043169	3	aten_0.1.m1.24971.m1	-9
"metal ion binding"	GO:0046872;GO:0043169	3	aten_0.1.m1.7836.m1	-10
"metal ion binding"	GO:0046872;GO:0043169	3	aten_0.1.m1.7064.m1	0
"metal ion binding"	GO:0046872;GO:0043169	3	aten_0.1.m1.18385.m1	-13
"metal ion binding"	GO:0046872;GO:0043169	3	aten_0.1.m1.310.m1	7
"metal ion binding"	GO:0046872;GO:0043169	3	aten_0.1.m1.28771.m1	0
"metal ion binding"	GO:0046872;GO:0043169	3	aten_0.1.m1.18366.m1	14
"metal ion binding"	GO:0046872;GO:0043169	3	aten_0.1.m1.427.m1	0
"metal ion binding"	GO:0046872;GO:0043169	3	aten_0.1.m1.9396.m1	8
"metal ion binding"	GO:0046872;GO:0043169	3	aten_0.1.m1.6687.m1	0
"metal ion binding"	GO:0046872;GO:0043169	3	aten_0.1.m1.13252.m1	20
"metal ion binding"	GO:0046872;GO:0043169	3	aten_0.1.m1.18560.m1	8
"metal ion binding"	GO:0046872;GO:0043169	3	aten_0.1.m1.247.m1	0
"metal ion binding"	GO:0046872;GO:0043169	3	aten_0.1.m1.2310.m1	-2
"transferase activity, transferring acyl groups"	GO:0016746	3	aten_0.1.m1.14259.m1	15
"transferase activity, transferring acyl groups"	GO:0016746	3	aten_0.1.m1.10694.m1	-7
"transferase activity, transferring acyl groups"	GO:0016746	3	aten_0.1.m1.14252.m1	0
"transferase activity, transferring acyl groups"	GO:0016746	3	aten_0.1.m1.29060.m1	-7
"transferase activity, transferring acyl groups"	GO:0016746	3	aten_0.1.m1.18612.m1	0
"transferase activity, transferring acyl groups"	GO:0016746	3	aten_0.1.m1.2716.m1	0
"transferase activity, transferring acyl groups"	GO:0016746	3	aten_0.1.m1.14262.m1	13
"transferase activity, transferring acyl groups"	GO:0016746	3	aten_0.1.m1.17103.m1	-2
"transferase activity, transferring acyl groups"	GO:0016746	3	aten_0.1.m1.15392.m1	0
"transferase activity, transferring acyl groups"	GO:0016746	3	aten_0.1.m1.14253.m1	0
"transferase activity, transferring acyl groups"	GO:0016746	3	aten_0.1.m1.24399.m1	0
"transferase activity, transferring acyl groups"	GO:0016746	3	aten_0.1.m1.709.m1	0
"transferase activity, transferring acyl groups"	GO:0016746	3	aten_0.1.m1.1912.m1	-5
"transferase activity, transferring acyl groups"	GO:0016746	3	aten_0.1.m1.689.m1	0
"beta-N-acetylhexosaminidase activity"	GO:0004563;GO:0015929	3	aten_0.1.m1.9425.m1	6
"beta-N-acetylhexosaminidase activity"	GO:0004563;GO:0015929	3	aten_0.1.m1.6182.m1	-12
"nucleic acid binding"	GO:0003676	3	aten_0.1.m1.17226.m1	0
"nucleic acid binding"	GO:0003676	3	aten_0.1.m1.13308.m1	6
"nucleic acid binding"	GO:0003676	3	aten_0.1.m1.3551.m1	-2
"nucleic acid binding"	GO:0003676	3	aten_0.1.m1.12986.m1	-13
"nucleic acid binding"	GO:0003676	3	aten_0.1.m1.15462.m1	17
"nucleic acid binding"	GO:0003676	3	aten_0.1.m1.15.m1	14
"nucleic acid binding"	GO:0003676	3	aten_0.1.m1.22332.m1	-4
"nucleic acid binding"	GO:0003676	3	aten_0.1.m1.17438.m1	5
"nucleic acid binding"	GO:0003676	3	aten_0.1.m1.1448.m1	0
"nucleic acid binding"	GO:0003676	3	aten_0.1.m1.28838.m1	0
"nucleic acid binding"	GO:0003676	3	aten_0.1.m1.22104.m1	6
"nucleic acid binding"	GO:0003676	3	aten_0.1.m1.25645.m1	14
"nucleic acid binding"	GO:0003676	3	aten_0.1.m1.13253.m1	-16
"nucleic acid binding"	GO:0003676	3	aten_0.1.m1.30518.m1	2
"nucleic acid binding"	GO:0003676	3	aten_0.1.m1.11598.m1	7
"nucleic acid binding"	GO:0003676	3	aten_0.1.m1.18838.m1	4
"nucleic acid binding"	GO:0003676	3	aten_0.1.m1.3533.m1	-1
"nucleic acid binding"	GO:0003676	3	aten_0.1.m1.28293.m1	0
"nucleic acid binding"	GO:0003676	3	aten_0.1.m1.27600.m1	-3
"nucleic acid binding"	GO:0003676	3	aten_0.1.m1.7336.m1	-7
"nucleic acid binding"	GO:0003676	3	aten_0.1.m1.32269.m1	-17
"nucleic acid binding"	GO:0003676	3	aten_0.1.m1.1801.m1	-6
"nucleic acid binding"	GO:0003676	3	aten_0.1.m1.1645.m1	-4
"nucleic acid binding"	GO:0003676	3	aten_0.1.m1.1362.m1	-11
"nucleic acid binding"	GO:0003676	3	aten_0.1.m1.14548.m1	0
"nucleic acid binding"	GO:0003676	3	aten_0.1.m1.26033.m1	-11
"nucleic acid binding"	GO:0003676	3	aten_0.1.m1.15232.m1	-3
"nucleic acid binding"	GO:0003676	3	aten_0.1.m1.15861.m1	2
"nucleic acid binding"	GO:0003676	3	aten_0.1.m1.6364.m1	0
"nucleic acid binding"	GO:0003676	3	aten_0.1.m1.11738.m1	7
"nucleic acid binding"	GO:0003676	3	aten_0.1.m1.1153.m1	-6
"nucleic acid binding"	GO:0003676	3	aten_0.1.m1.16864.m1	16
"nucleic acid binding"	GO:0003676	3	aten_0.1.m1.11724.m1	-7
"nucleic acid binding"	GO:0003676	3	aten_0.1.m1.9133.m1	1
"nucleic acid binding"	GO:0003676	3	aten_0.1.m1.21622.m1	0
"nucleic acid binding"	GO:0003676	3	aten_0.1.m1.32728.m1	-10
"nucleic acid binding"	GO:0003676	3	aten_0.1.m1.16710.m1	0
"nucleic acid binding"	GO:0003676	3	aten_0.1.m1.20028.m1	1
"nucleic acid binding"	GO:0003676	3	aten_0.1.m1.24431.m1	11
"nucleic acid binding"	GO:0003676	3	aten_0.1.m1.33439.m1	0
"nucleic acid binding"	GO:0003676	3	aten_0.1.m1.12009.m1	3
"nucleic acid binding"	GO:0003676	3	aten_0.1.m1.10101.m1	10
"nucleic acid binding"	GO:0003676	3	aten_0.1.m1.21004.m1	1
"nucleic acid binding"	GO:0003676	3	aten_0.1.m1.10900.m1	-4
"nucleic acid binding"	GO:0003676	3	aten_0.1.m1.9983.m1	0
"nucleic acid binding"	GO:0003676	3	aten_0.1.m1.20365.m1	15
"nucleic acid binding"	GO:0003676	3	aten_0.1.m1.24821.m1	1
"nucleic acid binding"	GO:0003676	3	aten_0.1.m1.1881.m1	-1
"nucleic acid binding"	GO:0003676	3	aten_0.1.m1.9595.m1	3
"nucleic acid binding"	GO:0003676	3	aten_0.1.m1.22910.m1	0
"nucleic acid binding"	GO:0003676	3	aten_0.1.m1.7227.m1	3
"nucleic acid binding"	GO:0003676	3	aten_0.1.m1.20168.m1	21
"nucleic acid binding"	GO:0003676	3	aten_0.1.m1.26985.m1	4
"nucleic acid binding"	GO:0003676	3	aten_0.1.m1.31861.m1	-4
"nucleic acid binding"	GO:0003676	3	aten_0.1.m1.27307.m1	-10
"nucleic acid binding"	GO:0003676	3	aten_0.1.m1.20614.m1	4
"nucleic acid binding"	GO:0003676	3	aten_0.1.m1.25919.m1	0
"nucleic acid binding"	GO:0003676	3	aten_0.1.m1.1226.m1	0
"nucleic acid binding"	GO:0003676	3	aten_0.1.m1.20840.m1	14
"nucleic acid binding"	GO:0003676	3	aten_0.1.m1.8947.m1	-1
"nucleic acid binding"	GO:0003676	3	aten_0.1.m1.19619.m1	9
"nucleic acid binding"	GO:0003676	3	aten_0.1.m1.22235.m1	2
"nucleic acid binding"	GO:0003676	3	aten_0.1.m1.2126.m1	0
"nucleic acid binding"	GO:0003676	3	aten_0.1.m1.11022.m1	-7
"nucleic acid binding"	GO:0003676	3	aten_0.1.m1.5377.m1	0
"nucleic acid binding"	GO:0003676	3	aten_0.1.m1.4545.m1	0
"nucleic acid binding"	GO:0003676	3	aten_0.1.m1.18933.m1	0
"nucleic acid binding"	GO:0003676	3	aten_0.1.m1.15040.m1	-1
"nucleic acid binding"	GO:0003676	3	aten_0.1.m1.10922.m1	0
"nucleic acid binding"	GO:0003676	3	aten_0.1.m1.8381.m1	-7
"nucleic acid binding"	GO:0003676	3	aten_0.1.m1.33163.m1	0
"nucleic acid binding"	GO:0003676	3	aten_0.1.m1.21262.m1	0
"nucleic acid binding"	GO:0003676	3	aten_0.1.m1.25938.m1	2
"nucleic acid binding"	GO:0003676	3	aten_0.1.m1.19482.m1	2
"nucleic acid binding"	GO:0003676	3	aten_0.1.m1.20607.m1	9
"nucleic acid binding"	GO:0003676	3	aten_0.1.m1.7972.m1	7
"nucleic acid binding"	GO:0003676	3	aten_0.1.m1.13167.m1	10
"nucleic acid binding"	GO:0003676	3	aten_0.1.m1.14230.m1	-3
"nucleic acid binding"	GO:0003676	3	aten_0.1.m1.13580.m1	4
"nucleic acid binding"	GO:0003676	3	aten_0.1.m1.4663.m1	-1
"nucleic acid binding"	GO:0003676	3	aten_0.1.m1.18964.m1	-4
"nucleic acid binding"	GO:0003676	3	aten_0.1.m1.4630.m1	-8
"nucleic acid binding"	GO:0003676	3	aten_0.1.m1.7736.m1	-3
"nucleic acid binding"	GO:0003676	3	aten_0.1.m1.4530.m1	-11
"nucleic acid binding"	GO:0003676	3	aten_0.1.m1.18892.m1	0
"nucleic acid binding"	GO:0003676	3	aten_0.1.m1.16536.m1	0
"nucleic acid binding"	GO:0003676	3	aten_0.1.m1.18834.m1	0
"nucleic acid binding"	GO:0003676	3	aten_0.1.m1.18941.m1	0
"nucleic acid binding"	GO:0003676	3	aten_0.1.m1.3477.m1	0
"nucleic acid binding"	GO:0003676	3	aten_0.1.m1.31139.m1	24
"nucleic acid binding"	GO:0003676	3	aten_0.1.m1.1783.m1	0
"nucleic acid binding"	GO:0003676	3	aten_0.1.m1.18886.m1	19
"nucleic acid binding"	GO:0003676	3	aten_0.1.m1.26242.m1	5
"nucleic acid binding"	GO:0003676	3	aten_0.1.m1.23026.m1	0
"nucleic acid binding"	GO:0003676	3	aten_0.1.m1.8075.m1	0
"nucleic acid binding"	GO:0003676	3	aten_0.1.m1.14322.m1	0
"nucleic acid binding"	GO:0003676	3	aten_0.1.m1.16859.m1	0
"nucleic acid binding"	GO:0003676	3	aten_0.1.m1.14776.m1	14
"nucleic acid binding"	GO:0003676	3	aten_0.1.m1.12035.m1	14
"nucleic acid binding"	GO:0003676	3	aten_0.1.m1.33134.m1	-12
"nucleic acid binding"	GO:0003676	3	aten_0.1.m1.7395.m1	-6
"nucleic acid binding"	GO:0003676	3	aten_0.1.m1.24194.m1	5
"nucleic acid binding"	GO:0003676	3	aten_0.1.m1.21637.m1	2
"nucleic acid binding"	GO:0003676	3	aten_0.1.m1.4830.m1	-8
"nucleic acid binding"	GO:0003676	3	aten_0.1.m1.3289.m1	0
"nucleic acid binding"	GO:0003676	3	aten_0.1.m1.15087.m1	6
"nucleic acid binding"	GO:0003676	3	aten_0.1.m1.30470.m1	0
"nucleic acid binding"	GO:0003676	3	aten_0.1.m1.5090.m1	0
"nucleic acid binding"	GO:0003676	3	aten_0.1.m1.1028.m1	-4
"nucleic acid binding"	GO:0003676	3	aten_0.1.m1.16709.m1	-19
"nucleic acid binding"	GO:0003676	3	aten_0.1.m1.7800.m1	9
"nucleic acid binding"	GO:0003676	3	aten_0.1.m1.8720.m1	1
"nucleic acid binding"	GO:0003676	3	aten_0.1.m1.15784.m1	-18
"nucleic acid binding"	GO:0003676	3	aten_0.1.m1.33417.m1	0
"nucleic acid binding"	GO:0003676	3	aten_0.1.m1.12901.m1	0
"nucleic acid binding"	GO:0003676	3	aten_0.1.m1.26251.m1	0
"nucleic acid binding"	GO:0003676	3	aten_0.1.m1.24499.m1	0
"nucleic acid binding"	GO:0003676	3	aten_0.1.m1.15037.m1	0
"nucleic acid binding"	GO:0003676	3	aten_0.1.m1.18719.m1	0
"nucleic acid binding"	GO:0003676	3	aten_0.1.m1.31332.m1	-1
"nucleic acid binding"	GO:0003676	3	aten_0.1.m1.5622.m1	-11
"nucleic acid binding"	GO:0003676	3	aten_0.1.m1.23013.m1	0
"nucleic acid binding"	GO:0003676	3	aten_0.1.m1.1647.m1	2
"nucleic acid binding"	GO:0003676	3	aten_0.1.m1.31154.m1	0
"nucleic acid binding"	GO:0003676	3	aten_0.1.m1.1114.m1	0
"nucleic acid binding"	GO:0003676	3	aten_0.1.m1.31138.m1	-11
"nucleic acid binding"	GO:0003676	3	aten_0.1.m1.17893.m1	-4
"nucleic acid binding"	GO:0003676	3	aten_0.1.m1.8453.m1	0
"nucleic acid binding"	GO:0003676	3	aten_0.1.m1.4914.m1	-5
"nucleic acid binding"	GO:0003676	3	aten_0.1.m1.33802.m1	0
"nucleic acid binding"	GO:0003676	3	aten_0.1.m1.24242.m1	2
"nucleic acid binding"	GO:0003676	3	aten_0.1.m1.2015.m1	7
"nucleic acid binding"	GO:0003676	3	aten_0.1.m1.21250.m1	0
"nucleic acid binding"	GO:0003676	3	aten_0.1.m1.29023.m1	-7
"nucleic acid binding"	GO:0003676	3	aten_0.1.m1.26594.m1	0
"nucleic acid binding"	GO:0003676	3	aten_0.1.m1.6227.m1	6
"nucleic acid binding"	GO:0003676	3	aten_0.1.m1.24772.m1	0
"nucleic acid binding"	GO:0003676	3	aten_0.1.m1.3034.m1	-14
"nucleic acid binding"	GO:0003676	3	aten_0.1.m1.14112.m1	-1
"nucleic acid binding"	GO:0003676	3	aten_0.1.m1.29294.m1	-2
"nucleic acid binding"	GO:0003676	3	aten_0.1.m1.6374.m1	38
"nucleic acid binding"	GO:0003676	3	aten_0.1.m1.1737.m1	5
"nucleic acid binding"	GO:0003676	3	aten_0.1.m1.14160.m1	-23
"nucleic acid binding"	GO:0003676	3	aten_0.1.m1.32908.m1	0
"nucleic acid binding"	GO:0003676	3	aten_0.1.m1.12879.m1	-3
"nucleic acid binding"	GO:0003676	3	aten_0.1.m1.25204.m1	25
"nucleic acid binding"	GO:0003676	3	aten_0.1.m1.29531.m1	-2
"nucleic acid binding"	GO:0003676	3	aten_0.1.m1.30079.m1	4
"nucleic acid binding"	GO:0003676	3	aten_0.1.m1.8859.m1	-4
"nucleic acid binding"	GO:0003676	3	aten_0.1.m1.32298.m1	0
"nucleic acid binding"	GO:0003676	3	aten_0.1.m1.24492.m1	0
"nucleic acid binding"	GO:0003676	3	aten_0.1.m1.10673.m1	0
"nucleic acid binding"	GO:0003676	3	aten_0.1.m1.3228.m1	7
"nucleic acid binding"	GO:0003676	3	aten_0.1.m1.7399.m1	1
"nucleic acid binding"	GO:0003676	3	aten_0.1.m1.3523.m1	0
"nucleic acid binding"	GO:0003676	3	aten_0.1.m1.21934.m1	10
"nucleic acid binding"	GO:0003676	3	aten_0.1.m1.18352.m1	0
"nucleic acid binding"	GO:0003676	3	aten_0.1.m1.5526.m1	6
"nucleic acid binding"	GO:0003676	3	aten_0.1.m1.2428.m1	0
"nucleic acid binding"	GO:0003676	3	aten_0.1.m1.21146.m1	-8
"nucleic acid binding"	GO:0003676	3	aten_0.1.m1.6551.m1	-1
"nucleic acid binding"	GO:0003676	3	aten_0.1.m1.17979.m1	4
"nucleic acid binding"	GO:0003676	3	aten_0.1.m1.2244.m1	0
"nucleic acid binding"	GO:0003676	3	aten_0.1.m1.15197.m1	14
"nucleic acid binding"	GO:0003676	3	aten_0.1.m1.11487.m1	-14
"nucleic acid binding"	GO:0003676	3	aten_0.1.m1.22149.m1	2
"nucleic acid binding"	GO:0003676	3	aten_0.1.m1.5459.m1	-7
"nucleic acid binding"	GO:0003676	3	aten_0.1.m1.2841.m1	0
"nucleic acid binding"	GO:0003676	3	aten_0.1.m1.10341.m1	0
"nucleic acid binding"	GO:0003676	3	aten_0.1.m1.22763.m1	-2
"nucleic acid binding"	GO:0003676	3	aten_0.1.m1.14991.m1	0
"nucleic acid binding"	GO:0003676	3	aten_0.1.m1.15461.m1	0
"nucleic acid binding"	GO:0003676	3	aten_0.1.m1.25899.m1	-12
"nucleic acid binding"	GO:0003676	3	aten_0.1.m1.11110.m1	0
"nucleic acid binding"	GO:0003676	3	aten_0.1.m1.3394.m1	-9
"nucleic acid binding"	GO:0003676	3	aten_0.1.m1.21114.m1	2
"nucleic acid binding"	GO:0003676	3	aten_0.1.m1.3173.m1	-1
"nucleic acid binding"	GO:0003676	3	aten_0.1.m1.24678.m1	0
"nucleic acid binding"	GO:0003676	3	aten_0.1.m1.27050.m1	-13
"nucleic acid binding"	GO:0003676	3	aten_0.1.m1.2678.m1	9
"nucleic acid binding"	GO:0003676	3	aten_0.1.m1.15118.m1	3
"nucleic acid binding"	GO:0003676	3	aten_0.1.m1.21101.m1	-1
"nucleic acid binding"	GO:0003676	3	aten_0.1.m1.13997.m1	-18
"nucleic acid binding"	GO:0003676	3	aten_0.1.m1.2871.m1	0
"nucleic acid binding"	GO:0003676	3	aten_0.1.m1.27790.m1	5
"nucleic acid binding"	GO:0003676	3	aten_0.1.m1.3046.m1	0
"nucleic acid binding"	GO:0003676	3	aten_0.1.m1.22012.m1	-5
"nucleic acid binding"	GO:0003676	3	aten_0.1.m1.1116.m1	12
"nucleic acid binding"	GO:0003676	3	aten_0.1.m1.8948.m1	-1
"nucleic acid binding"	GO:0003676	3	aten_0.1.m1.20220.m1	2
"nucleic acid binding"	GO:0003676	3	aten_0.1.m1.22301.m1	10
"nucleic acid binding"	GO:0003676	3	aten_0.1.m1.20842.m1	2
"nucleic acid binding"	GO:0003676	3	aten_0.1.m1.9694.m1	-10
"nucleic acid binding"	GO:0003676	3	aten_0.1.m1.26556.m1	2
"nucleic acid binding"	GO:0003676	3	aten_0.1.m1.16830.m1	-17
"nucleic acid binding"	GO:0003676	3	aten_0.1.m1.8062.m1	-8
"nucleic acid binding"	GO:0003676	3	aten_0.1.m1.16700.m1	10
"nucleic acid binding"	GO:0003676	3	aten_0.1.m1.33110.m1	0
"nucleic acid binding"	GO:0003676	3	aten_0.1.m1.15276.m1	0
"nucleic acid binding"	GO:0003676	3	aten_0.1.m1.8318.m1	-9
"nucleic acid binding"	GO:0003676	3	aten_0.1.m1.1784.m1	5
"nucleic acid binding"	GO:0003676	3	aten_0.1.m1.9316.m1	-7
"nucleic acid binding"	GO:0003676	3	aten_0.1.m1.14291.m1	18
"nucleic acid binding"	GO:0003676	3	aten_0.1.m1.27858.m1	0
"nucleic acid binding"	GO:0003676	3	aten_0.1.m1.21529.m1	-10
"nucleic acid binding"	GO:0003676	3	aten_0.1.m1.13235.m1	-23
"nucleic acid binding"	GO:0003676	3	aten_0.1.m1.32210.m1	9
"nucleic acid binding"	GO:0003676	3	aten_0.1.m1.3033.m1	-9
"nucleic acid binding"	GO:0003676	3	aten_0.1.m1.18630.m1	0
"nucleic acid binding"	GO:0003676	3	aten_0.1.m1.7350.m1	0
"nucleic acid binding"	GO:0003676	3	aten_0.1.m1.20307.m1	5
"nucleic acid binding"	GO:0003676	3	aten_0.1.m1.4772.m1	-1
"nucleic acid binding"	GO:0003676	3	aten_0.1.m1.19861.m1	1
"nucleic acid binding"	GO:0003676	3	aten_0.1.m1.684.m1	-3
"nucleic acid binding"	GO:0003676	3	aten_0.1.m1.8909.m1	-1
"nucleic acid binding"	GO:0003676	3	aten_0.1.m1.21584.m1	0
"nucleic acid binding"	GO:0003676	3	aten_0.1.m1.16017.m1	0
"nucleic acid binding"	GO:0003676	3	aten_0.1.m1.7291.m1	0
"nucleic acid binding"	GO:0003676	3	aten_0.1.m1.20832.m1	-3
"nucleic acid binding"	GO:0003676	3	aten_0.1.m1.5927.m1	-1
"nucleic acid binding"	GO:0003676	3	aten_0.1.m1.9141.m1	2
"nucleic acid binding"	GO:0003676	3	aten_0.1.m1.2757.m1	0
"nucleic acid binding"	GO:0003676	3	aten_0.1.m1.20470.m1	0
"nucleic acid binding"	GO:0003676	3	aten_0.1.m1.31734.m1	0
"nucleic acid binding"	GO:0003676	3	aten_0.1.m1.14287.m1	0
"nucleic acid binding"	GO:0003676	3	aten_0.1.m1.22467.m1	0
"nucleic acid binding"	GO:0003676	3	aten_0.1.m1.476.m1	0
"nucleic acid binding"	GO:0003676	3	aten_0.1.m1.18643.m1	8
"nucleic acid binding"	GO:0003676	3	aten_0.1.m1.10664.m1	-1
"nucleic acid binding"	GO:0003676	3	aten_0.1.m1.13254.m1	0
"nucleic acid binding"	GO:0003676	3	aten_0.1.m1.29326.m1	6
"nucleic acid binding"	GO:0003676	3	aten_0.1.m1.1137.m1	12
"nucleic acid binding"	GO:0003676	3	aten_0.1.m1.1003.m1	14
"nucleic acid binding"	GO:0003676	3	aten_0.1.m1.24621.m1	7
"nucleic acid binding"	GO:0003676	3	aten_0.1.m1.22227.m1	12
"nucleic acid binding"	GO:0003676	3	aten_0.1.m1.2759.m1	0
"nucleic acid binding"	GO:0003676	3	aten_0.1.m1.15792.m1	6
"nucleic acid binding"	GO:0003676	3	aten_0.1.m1.13335.m1	-5
"nucleic acid binding"	GO:0003676	3	aten_0.1.m1.13261.m1	0
"nucleic acid binding"	GO:0003676	3	aten_0.1.m1.32260.m1	4
"nucleic acid binding"	GO:0003676	3	aten_0.1.m1.1042.m1	-4
"nucleic acid binding"	GO:0003676	3	aten_0.1.m1.15429.m1	0
"nucleic acid binding"	GO:0003676	3	aten_0.1.m1.1025.m1	0
"nucleic acid binding"	GO:0003676	3	aten_0.1.m1.16251.m1	0
"nucleic acid binding"	GO:0003676	3	aten_0.1.m1.11649.m1	0
"nucleic acid binding"	GO:0003676	3	aten_0.1.m1.4386.m1	0
"nucleic acid binding"	GO:0003676	3	aten_0.1.m1.19244.m1	-2
"nucleic acid binding"	GO:0003676	3	aten_0.1.m1.21438.m1	5
"nucleic acid binding"	GO:0003676	3	aten_0.1.m1.33503.m1	-3
"nucleic acid binding"	GO:0003676	3	aten_0.1.m1.18608.m1	0
"nucleic acid binding"	GO:0003676	3	aten_0.1.m1.16869.m1	-2
"nucleic acid binding"	GO:0003676	3	aten_0.1.m1.29986.m1	-1
"nucleic acid binding"	GO:0003676	3	aten_0.1.m1.19210.m1	1
"nucleic acid binding"	GO:0003676	3	aten_0.1.m1.23982.m1	-5
"nucleic acid binding"	GO:0003676	3	aten_0.1.m1.1047.m1	15
"nucleic acid binding"	GO:0003676	3	aten_0.1.m1.10188.m1	0
"nucleic acid binding"	GO:0003676	3	aten_0.1.m1.25435.m1	7
"nucleic acid binding"	GO:0003676	3	aten_0.1.m1.9990.m1	-1
"nucleic acid binding"	GO:0003676	3	aten_0.1.m1.6191.m1	5
"nucleic acid binding"	GO:0003676	3	aten_0.1.m1.32554.m1	0
"nucleic acid binding"	GO:0003676	3	aten_0.1.m1.15058.m1	-2
"nucleic acid binding"	GO:0003676	3	aten_0.1.m1.8585.m1	0
"nucleic acid binding"	GO:0003676	3	aten_0.1.m1.18017.m1	0
"nucleic acid binding"	GO:0003676	3	aten_0.1.m1.14366.m1	6
"nucleic acid binding"	GO:0003676	3	aten_0.1.m1.2243.m1	17
"nucleic acid binding"	GO:0003676	3	aten_0.1.m1.6081.m1	5
"nucleic acid binding"	GO:0003676	3	aten_0.1.m1.18748.m1	16
"nucleic acid binding"	GO:0003676	3	aten_0.1.m1.237.m1	2
"nucleic acid binding"	GO:0003676	3	aten_0.1.m1.31218.m1	0
"nucleic acid binding"	GO:0003676	3	aten_0.1.m1.20132.m1	9
"nucleic acid binding"	GO:0003676	3	aten_0.1.m1.22938.m1	3
"nucleic acid binding"	GO:0003676	3	aten_0.1.m1.15340.m1	0
"nucleic acid binding"	GO:0003676	3	aten_0.1.m1.8776.m1	8
"nucleic acid binding"	GO:0003676	3	aten_0.1.m1.18651.m1	0
"nucleic acid binding"	GO:0003676	3	aten_0.1.m1.21201.m1	0
"nucleic acid binding"	GO:0003676	3	aten_0.1.m1.8091.m1	0
"nucleic acid binding"	GO:0003676	3	aten_0.1.m1.25389.m1	0
"nucleic acid binding"	GO:0003676	3	aten_0.1.m1.15081.m1	0
"nucleic acid binding"	GO:0003676	3	aten_0.1.m1.16922.m1	-3
"nucleic acid binding"	GO:0003676	3	aten_0.1.m1.10747.m1	0
"nucleic acid binding"	GO:0003676	3	aten_0.1.m1.1510.m1	0
"nucleic acid binding"	GO:0003676	3	aten_0.1.m1.24549.m1	-8
"nucleic acid binding"	GO:0003676	3	aten_0.1.m1.5347.m1	0
"nucleic acid binding"	GO:0003676	3	aten_0.1.m1.21486.m1	0
"nucleic acid binding"	GO:0003676	3	aten_0.1.m1.8946.m1	-15
"catalytic activity, acting on RNA"	GO:0140098	2	aten_0.1.m1.22155.m1	-3
"catalytic activity, acting on RNA"	GO:0140098	2	aten_0.1.m1.10.m1	-15
"catalytic activity, acting on RNA"	GO:0140098	2	aten_0.1.m1.28618.m1	0
"catalytic activity, acting on RNA"	GO:0140098	2	aten_0.1.m1.28617.m1	0
"catalytic activity, acting on RNA"	GO:0140098	2	aten_0.1.m1.17059.m1	-8
"catalytic activity, acting on RNA"	GO:0140098	2	aten_0.1.m1.25201.m1	4
"catalytic activity, acting on RNA"	GO:0140098	2	aten_0.1.m1.17232.m1	-10
"catalytic activity, acting on RNA"	GO:0140098	2	aten_0.1.m1.32999.m1	-6
"catalytic activity, acting on RNA"	GO:0140098	2	aten_0.1.m1.19814.m1	0
"catalytic activity, acting on RNA"	GO:0140098	2	aten_0.1.m1.11723.m1	0
"catalytic activity, acting on RNA"	GO:0140098	2	aten_0.1.m1.11975.m1	0
"p53 binding"	GO:0002039	2	aten_0.1.m1.8666.m1	0
"p53 binding"	GO:0002039	2	aten_0.1.m1.14386.m1	0
"p53 binding"	GO:0002039	2	aten_0.1.m1.16576.m1	-4
"p53 binding"	GO:0002039	2	aten_0.1.m1.7295.m1	0
"GABA-A receptor activity"	GO:0004890	3	aten_0.1.m1.10261.m1	0
"GABA-A receptor activity"	GO:0004890	3	aten_0.1.m1.25791.m1	0
"GABA-A receptor activity"	GO:0004890	3	aten_0.1.m1.1535.m1	7
"GABA-A receptor activity"	GO:0004890	3	aten_0.1.m1.1532.m1	-7
"GABA-A receptor activity"	GO:0004890	3	aten_0.1.m1.24826.m1	0
"GABA-A receptor activity"	GO:0004890	3	aten_0.1.m1.1294.m1	0
"GABA-A receptor activity"	GO:0004890	3	aten_0.1.m1.10264.m1	0
"GABA-A receptor activity"	GO:0004890	3	aten_0.1.m1.7575.m1	0
"GABA-A receptor activity"	GO:0004890	3	aten_0.1.m1.10260.m1	6
"GABA-A receptor activity"	GO:0004890	3	aten_0.1.m1.5482.m1	10
"ferroxidase activity"	GO:0004322;GO:0016724	5	aten_0.1.m1.20851.m1	-3
"ferroxidase activity"	GO:0004322;GO:0016724	5	aten_0.1.m1.20852.m1	0
"active transmembrane transporter activity"	GO:0015294;GO:0015293;GO:0022853;GO:0015291;GO:0022804;GO:0015370	3	aten_0.1.m1.5237.m1	0
"active transmembrane transporter activity"	GO:0015294;GO:0015293;GO:0022853;GO:0015291;GO:0022804;GO:0015370	3	aten_0.1.m1.31334.m1	-3
"active transmembrane transporter activity"	GO:0015294;GO:0015293;GO:0022853;GO:0015291;GO:0022804;GO:0015370	3	aten_0.1.m1.30357.m1	0
"active transmembrane transporter activity"	GO:0015294;GO:0015293;GO:0022853;GO:0015291;GO:0022804;GO:0015370	3	aten_0.1.m1.30383.m1	0
"active transmembrane transporter activity"	GO:0015294;GO:0015293;GO:0022853;GO:0015291;GO:0022804;GO:0015370	3	aten_0.1.m1.18237.m1	-17
"active transmembrane transporter activity"	GO:0015294;GO:0015293;GO:0022853;GO:0015291;GO:0022804;GO:0015370	3	aten_0.1.m1.15336.m1	13
"active transmembrane transporter activity"	GO:0015294;GO:0015293;GO:0022853;GO:0015291;GO:0022804;GO:0015370	3	aten_0.1.m1.5157.m1	0
"active transmembrane transporter activity"	GO:0015294;GO:0015293;GO:0022853;GO:0015291;GO:0022804;GO:0015370	3	aten_0.1.m1.28929.m1	0
"active transmembrane transporter activity"	GO:0015294;GO:0015293;GO:0022853;GO:0015291;GO:0022804;GO:0015370	3	aten_0.1.m1.2471.m1	0
"active transmembrane transporter activity"	GO:0015294;GO:0015293;GO:0022853;GO:0015291;GO:0022804;GO:0015370	3	aten_0.1.m1.30404.m1	2
"active transmembrane transporter activity"	GO:0015294;GO:0015293;GO:0022853;GO:0015291;GO:0022804;GO:0015370	3	aten_0.1.m1.26691.m1	0
"active transmembrane transporter activity"	GO:0015294;GO:0015293;GO:0022853;GO:0015291;GO:0022804;GO:0015370	3	aten_0.1.m1.15344.m1	0
"active transmembrane transporter activity"	GO:0015294;GO:0015293;GO:0022853;GO:0015291;GO:0022804;GO:0015370	3	aten_0.1.m1.30382.m1	0
"active transmembrane transporter activity"	GO:0015294;GO:0015293;GO:0022853;GO:0015291;GO:0022804;GO:0015370	3	aten_0.1.m1.931.m1	0
"translation factor activity, RNA binding"	GO:0008135	2	aten_0.1.m1.13167.m1	10
"translation factor activity, RNA binding"	GO:0008135	2	aten_0.1.m1.2015.m1	7
"translation factor activity, RNA binding"	GO:0008135	2	aten_0.1.m1.3228.m1	7
"translation factor activity, RNA binding"	GO:0008135	2	aten_0.1.m1.22763.m1	-2
"translation factor activity, RNA binding"	GO:0008135	2	aten_0.1.m1.3173.m1	-1
"translation factor activity, RNA binding"	GO:0008135	2	aten_0.1.m1.22938.m1	3
"L-tyrosine aminotransferase activity"	GO:0004838;GO:0070547	5	aten_0.1.m1.12472.m1	-3
"L-tyrosine aminotransferase activity"	GO:0004838;GO:0070547	5	aten_0.1.m1.32379.m1	2
"copper ion binding"	GO:0005507	5	aten_0.1.m1.24227.m1	0
"copper ion binding"	GO:0005507	5	aten_0.1.m1.26093.m1	-21
"copper ion binding"	GO:0005507	5	aten_0.1.m1.29889.m1	0
"copper ion binding"	GO:0005507	5	aten_0.1.m1.12808.m1	0
"copper ion binding"	GO:0005507	5	aten_0.1.m1.18862.m1	0
"copper ion binding"	GO:0005507	5	aten_0.1.m1.29932.m1	10
"copper ion binding"	GO:0005507	5	aten_0.1.m1.24840.m1	0
"copper ion binding"	GO:0005507	5	aten_0.1.m1.32413.m1	7
"copper ion binding"	GO:0005507	5	aten_0.1.m1.30115.m1	0
"copper ion binding"	GO:0005507	5	aten_0.1.m1.5649.m1	0
"copper ion binding"	GO:0005507	5	aten_0.1.m1.16663.m1	-6
"copper ion binding"	GO:0005507	5	aten_0.1.m1.1359.m1	2
"copper ion binding"	GO:0005507	5	aten_0.1.m1.3962.m1	0
"copper ion binding"	GO:0005507	5	aten_0.1.m1.17591.m1	2
"copper ion binding"	GO:0005507	5	aten_0.1.m1.17414.m1	1
"copper ion binding"	GO:0005507	5	aten_0.1.m1.16655.m1	0
"copper ion binding"	GO:0005507	5	aten_0.1.m1.7836.m1	-10
"retinol dehydrogenase activity"	GO:0004745	5	aten_0.1.m1.6885.m1	-12
"retinol dehydrogenase activity"	GO:0004745	5	aten_0.1.m1.1320.m1	11
"chromatin binding"	GO:0003682	2	aten_0.1.m1.26019.m1	7
"chromatin binding"	GO:0003682	2	aten_0.1.m1.12098.m1	8
"chromatin binding"	GO:0003682	2	aten_0.1.m1.19713.m1	0
"chromatin binding"	GO:0003682	2	aten_0.1.m1.25600.m1	-9
"chromatin binding"	GO:0003682	2	aten_0.1.m1.10198.m1	-1
"chromatin binding"	GO:0003682	2	aten_0.1.m1.77.m1	2
"chromatin binding"	GO:0003682	2	aten_0.1.m1.448.m1	-7
"chromatin binding"	GO:0003682	2	aten_0.1.m1.5596.m1	0
"chromatin binding"	GO:0003682	2	aten_0.1.m1.5151.m1	15
"chromatin binding"	GO:0003682	2	aten_0.1.m1.14533.m1	8
"chromatin binding"	GO:0003682	2	aten_0.1.m1.1617.m1	0
"chromatin binding"	GO:0003682	2	aten_0.1.m1.23830.m1	17
"chromatin binding"	GO:0003682	2	aten_0.1.m1.2159.m1	8
"chromatin binding"	GO:0003682	2	aten_0.1.m1.242.m1	0
"chromatin binding"	GO:0003682	2	aten_0.1.m1.25767.m1	3
"chromatin binding"	GO:0003682	2	aten_0.1.m1.19176.m1	0
"carbohydrate kinase activity"	GO:0019200	2	aten_0.1.m1.6310.m1	0
"carbohydrate kinase activity"	GO:0019200	2	aten_0.1.m1.8546.m1	-4
"trace-amine receptor activity"	GO:0001594	6	aten_0.1.m1.22659.m1	0
"trace-amine receptor activity"	GO:0001594	6	aten_0.1.m1.16739.m1	0
"trace-amine receptor activity"	GO:0001594	6	aten_0.1.m1.15554.m1	2
"trace-amine receptor activity"	GO:0001594	6	aten_0.1.m1.6017.m1	15
"trace-amine receptor activity"	GO:0001594	6	aten_0.1.m1.3461.m1	-5
"trace-amine receptor activity"	GO:0001594	6	aten_0.1.m1.10290.m1	-3
"trace-amine receptor activity"	GO:0001594	6	aten_0.1.m1.22941.m1	0
"trace-amine receptor activity"	GO:0001594	6	aten_0.1.m1.3462.m1	0
"trace-amine receptor activity"	GO:0001594	6	aten_0.1.m1.19613.m1	0
"trace-amine receptor activity"	GO:0001594	6	aten_0.1.m1.14592.m1	6
"trace-amine receptor activity"	GO:0001594	6	aten_0.1.m1.15909.m1	2
"trace-amine receptor activity"	GO:0001594	6	aten_0.1.m1.6067.m1	-10
"trace-amine receptor activity"	GO:0001594	6	aten_0.1.m1.31123.m1	2
"aspartic-type endopeptidase activity"	GO:0004190;GO:0070001	2	aten_0.1.m1.1936.m1	-7
"aspartic-type endopeptidase activity"	GO:0004190;GO:0070001	2	aten_0.1.m1.1935.m1	0
"aspartic-type endopeptidase activity"	GO:0004190;GO:0070001	2	aten_0.1.m1.1961.m1	9
"NADPH-hemoprotein reductase activity"	GO:0003958;GO:0016653	5	aten_0.1.m1.11276.m1	-12
"NADPH-hemoprotein reductase activity"	GO:0003958;GO:0016653	5	aten_0.1.m1.14076.m1	-6
"superoxide dismutase activity"	GO:0004784;GO:0016721	3	aten_0.1.m1.1058.m1	5
"superoxide dismutase activity"	GO:0004784;GO:0016721	3	aten_0.1.m1.1059.m1	0
"5'-nucleotidase activity"	GO:0008253;GO:0008252	2	aten_0.1.m1.20808.m1	0
"5'-nucleotidase activity"	GO:0008253;GO:0008252	2	aten_0.1.m1.1185.m1	0
"catalytic activity, acting on a protein"	GO:0140096	2	aten_0.1.m1.14389.m1	5
"catalytic activity, acting on a protein"	GO:0140096	2	aten_0.1.m1.28186.m1	6
"catalytic activity, acting on a protein"	GO:0140096	2	aten_0.1.m1.11829.m1	0
"catalytic activity, acting on a protein"	GO:0140096	2	aten_0.1.m1.14170.m1	0
"catalytic activity, acting on a protein"	GO:0140096	2	aten_0.1.m1.8874.m1	-7
"catalytic activity, acting on a protein"	GO:0140096	2	aten_0.1.m1.17858.m1	-7
"catalytic activity, acting on a protein"	GO:0140096	2	aten_0.1.m1.7728.m1	0
"catalytic activity, acting on a protein"	GO:0140096	2	aten_0.1.m1.28669.m1	0
"catalytic activity, acting on a protein"	GO:0140096	2	aten_0.1.m1.7537.m1	0
"catalytic activity, acting on a protein"	GO:0140096	2	aten_0.1.m1.32458.m1	0
"catalytic activity, acting on a protein"	GO:0140096	2	aten_0.1.m1.21473.m1	-6
"catalytic activity, acting on a protein"	GO:0140096	2	aten_0.1.m1.20921.m1	-3
"catalytic activity, acting on a protein"	GO:0140096	2	aten_0.1.m1.5520.m1	-7
"catalytic activity, acting on a protein"	GO:0140096	2	aten_0.1.m1.32207.m1	-14
"catalytic activity, acting on a protein"	GO:0140096	2	aten_0.1.m1.21097.m1	8
"catalytic activity, acting on a protein"	GO:0140096	2	aten_0.1.m1.16242.m1	3
"catalytic activity, acting on a protein"	GO:0140096	2	aten_0.1.m1.2273.m1	0
"catalytic activity, acting on a protein"	GO:0140096	2	aten_0.1.m1.24872.m1	-21
"catalytic activity, acting on a protein"	GO:0140096	2	aten_0.1.m1.4495.m1	0
"catalytic activity, acting on a protein"	GO:0140096	2	aten_0.1.m1.11765.m1	0
"catalytic activity, acting on a protein"	GO:0140096	2	aten_0.1.m1.24796.m1	0
"catalytic activity, acting on a protein"	GO:0140096	2	aten_0.1.m1.18188.m1	0
"catalytic activity, acting on a protein"	GO:0140096	2	aten_0.1.m1.17280.m1	4
"catalytic activity, acting on a protein"	GO:0140096	2	aten_0.1.m1.6722.m1	0
"catalytic activity, acting on a protein"	GO:0140096	2	aten_0.1.m1.11636.m1	-6
"catalytic activity, acting on a protein"	GO:0140096	2	aten_0.1.m1.2436.m1	-28
"catalytic activity, acting on a protein"	GO:0140096	2	aten_0.1.m1.6491.m1	0
"catalytic activity, acting on a protein"	GO:0140096	2	aten_0.1.m1.18303.m1	-12
"catalytic activity, acting on a protein"	GO:0140096	2	aten_0.1.m1.29667.m1	-8
"catalytic activity, acting on a protein"	GO:0140096	2	aten_0.1.m1.32588.m1	0
"catalytic activity, acting on a protein"	GO:0140096	2	aten_0.1.m1.14259.m1	15
"catalytic activity, acting on a protein"	GO:0140096	2	aten_0.1.m1.12464.m1	-6
"catalytic activity, acting on a protein"	GO:0140096	2	aten_0.1.m1.23642.m1	0
"catalytic activity, acting on a protein"	GO:0140096	2	aten_0.1.m1.3147.m1	13
"catalytic activity, acting on a protein"	GO:0140096	2	aten_0.1.m1.24689.m1	-26
"catalytic activity, acting on a protein"	GO:0140096	2	aten_0.1.m1.11807.m1	-4
"catalytic activity, acting on a protein"	GO:0140096	2	aten_0.1.m1.28040.m1	0
"catalytic activity, acting on a protein"	GO:0140096	2	aten_0.1.m1.16778.m1	0
"catalytic activity, acting on a protein"	GO:0140096	2	aten_0.1.m1.8828.m1	0
"catalytic activity, acting on a protein"	GO:0140096	2	aten_0.1.m1.15966.m1	0
"catalytic activity, acting on a protein"	GO:0140096	2	aten_0.1.m1.11816.m1	3
"catalytic activity, acting on a protein"	GO:0140096	2	aten_0.1.m1.10800.m1	-7
"catalytic activity, acting on a protein"	GO:0140096	2	aten_0.1.m1.28581.m1	19
"catalytic activity, acting on a protein"	GO:0140096	2	aten_0.1.m1.13665.m1	-3
"catalytic activity, acting on a protein"	GO:0140096	2	aten_0.1.m1.31347.m1	-13
"catalytic activity, acting on a protein"	GO:0140096	2	aten_0.1.m1.6515.m1	3
"catalytic activity, acting on a protein"	GO:0140096	2	aten_0.1.m1.21008.m1	0
"catalytic activity, acting on a protein"	GO:0140096	2	aten_0.1.m1.16099.m1	-14
"catalytic activity, acting on a protein"	GO:0140096	2	aten_0.1.m1.3508.m1	0
"catalytic activity, acting on a protein"	GO:0140096	2	aten_0.1.m1.21347.m1	2
"catalytic activity, acting on a protein"	GO:0140096	2	aten_0.1.m1.2077.m1	0
"catalytic activity, acting on a protein"	GO:0140096	2	aten_0.1.m1.28129.m1	4
"catalytic activity, acting on a protein"	GO:0140096	2	aten_0.1.m1.25172.m1	-5
"catalytic activity, acting on a protein"	GO:0140096	2	aten_0.1.m1.14252.m1	0
"catalytic activity, acting on a protein"	GO:0140096	2	aten_0.1.m1.5645.m1	23
"catalytic activity, acting on a protein"	GO:0140096	2	aten_0.1.m1.28044.m1	0
"catalytic activity, acting on a protein"	GO:0140096	2	aten_0.1.m1.16053.m1	0
"catalytic activity, acting on a protein"	GO:0140096	2	aten_0.1.m1.6443.m1	0
"catalytic activity, acting on a protein"	GO:0140096	2	aten_0.1.m1.2435.m1	-14
"catalytic activity, acting on a protein"	GO:0140096	2	aten_0.1.m1.31097.m1	0
"catalytic activity, acting on a protein"	GO:0140096	2	aten_0.1.m1.27861.m1	0
"catalytic activity, acting on a protein"	GO:0140096	2	aten_0.1.m1.18226.m1	0
"catalytic activity, acting on a protein"	GO:0140096	2	aten_0.1.m1.26580.m1	0
"catalytic activity, acting on a protein"	GO:0140096	2	aten_0.1.m1.21210.m1	-5
"catalytic activity, acting on a protein"	GO:0140096	2	aten_0.1.m1.10439.m1	0
"catalytic activity, acting on a protein"	GO:0140096	2	aten_0.1.m1.8282.m1	0
"catalytic activity, acting on a protein"	GO:0140096	2	aten_0.1.m1.30180.m1	-4
"catalytic activity, acting on a protein"	GO:0140096	2	aten_0.1.m1.18042.m1	-17
"catalytic activity, acting on a protein"	GO:0140096	2	aten_0.1.m1.6580.m1	6
"catalytic activity, acting on a protein"	GO:0140096	2	aten_0.1.m1.30132.m1	0
"catalytic activity, acting on a protein"	GO:0140096	2	aten_0.1.m1.17765.m1	0
"catalytic activity, acting on a protein"	GO:0140096	2	aten_0.1.m1.28054.m1	-1
"catalytic activity, acting on a protein"	GO:0140096	2	aten_0.1.m1.14915.m1	10
"catalytic activity, acting on a protein"	GO:0140096	2	aten_0.1.m1.29451.m1	-3
"catalytic activity, acting on a protein"	GO:0140096	2	aten_0.1.m1.17752.m1	0
"catalytic activity, acting on a protein"	GO:0140096	2	aten_0.1.m1.31301.m1	0
"catalytic activity, acting on a protein"	GO:0140096	2	aten_0.1.m1.33318.m1	0
"catalytic activity, acting on a protein"	GO:0140096	2	aten_0.1.m1.1936.m1	-7
"catalytic activity, acting on a protein"	GO:0140096	2	aten_0.1.m1.5024.m1	-24
"catalytic activity, acting on a protein"	GO:0140096	2	aten_0.1.m1.8151.m1	-7
"catalytic activity, acting on a protein"	GO:0140096	2	aten_0.1.m1.9279.m1	-13
"catalytic activity, acting on a protein"	GO:0140096	2	aten_0.1.m1.1258.m1	0
"catalytic activity, acting on a protein"	GO:0140096	2	aten_0.1.m1.28934.m1	10
"catalytic activity, acting on a protein"	GO:0140096	2	aten_0.1.m1.3629.m1	-10
"catalytic activity, acting on a protein"	GO:0140096	2	aten_0.1.m1.19564.m1	-8
"catalytic activity, acting on a protein"	GO:0140096	2	aten_0.1.m1.6891.m1	0
"catalytic activity, acting on a protein"	GO:0140096	2	aten_0.1.m1.12921.m1	4
"catalytic activity, acting on a protein"	GO:0140096	2	aten_0.1.m1.4001.m1	-3
"catalytic activity, acting on a protein"	GO:0140096	2	aten_0.1.m1.1268.m1	17
"catalytic activity, acting on a protein"	GO:0140096	2	aten_0.1.m1.10040.m1	-6
"catalytic activity, acting on a protein"	GO:0140096	2	aten_0.1.m1.10782.m1	0
"catalytic activity, acting on a protein"	GO:0140096	2	aten_0.1.m1.5918.m1	-18
"catalytic activity, acting on a protein"	GO:0140096	2	aten_0.1.m1.23672.m1	-1
"catalytic activity, acting on a protein"	GO:0140096	2	aten_0.1.m1.6464.m1	-22
"catalytic activity, acting on a protein"	GO:0140096	2	aten_0.1.m1.10903.m1	0
"catalytic activity, acting on a protein"	GO:0140096	2	aten_0.1.m1.6746.m1	6
"catalytic activity, acting on a protein"	GO:0140096	2	aten_0.1.m1.8171.m1	-2
"catalytic activity, acting on a protein"	GO:0140096	2	aten_0.1.m1.3958.m1	0
"catalytic activity, acting on a protein"	GO:0140096	2	aten_0.1.m1.15566.m1	5
"catalytic activity, acting on a protein"	GO:0140096	2	aten_0.1.m1.2397.m1	12
"catalytic activity, acting on a protein"	GO:0140096	2	aten_0.1.m1.18839.m1	3
"catalytic activity, acting on a protein"	GO:0140096	2	aten_0.1.m1.26962.m1	7
"catalytic activity, acting on a protein"	GO:0140096	2	aten_0.1.m1.25790.m1	0
"catalytic activity, acting on a protein"	GO:0140096	2	aten_0.1.m1.19938.m1	12
"catalytic activity, acting on a protein"	GO:0140096	2	aten_0.1.m1.16268.m1	-2
"catalytic activity, acting on a protein"	GO:0140096	2	aten_0.1.m1.6745.m1	0
"catalytic activity, acting on a protein"	GO:0140096	2	aten_0.1.m1.12240.m1	-2
"catalytic activity, acting on a protein"	GO:0140096	2	aten_0.1.m1.16894.m1	14
"catalytic activity, acting on a protein"	GO:0140096	2	aten_0.1.m1.28579.m1	24
"catalytic activity, acting on a protein"	GO:0140096	2	aten_0.1.m1.18211.m1	-13
"catalytic activity, acting on a protein"	GO:0140096	2	aten_0.1.m1.20049.m1	0
"catalytic activity, acting on a protein"	GO:0140096	2	aten_0.1.m1.21277.m1	17
"catalytic activity, acting on a protein"	GO:0140096	2	aten_0.1.m1.14262.m1	13
"catalytic activity, acting on a protein"	GO:0140096	2	aten_0.1.m1.10568.m1	3
"catalytic activity, acting on a protein"	GO:0140096	2	aten_0.1.m1.26717.m1	0
"catalytic activity, acting on a protein"	GO:0140096	2	aten_0.1.m1.7275.m1	-7
"catalytic activity, acting on a protein"	GO:0140096	2	aten_0.1.m1.30179.m1	-12
"catalytic activity, acting on a protein"	GO:0140096	2	aten_0.1.m1.11718.m1	0
"catalytic activity, acting on a protein"	GO:0140096	2	aten_0.1.m1.26708.m1	4
"catalytic activity, acting on a protein"	GO:0140096	2	aten_0.1.m1.11945.m1	0
"catalytic activity, acting on a protein"	GO:0140096	2	aten_0.1.m1.5316.m1	-9
"catalytic activity, acting on a protein"	GO:0140096	2	aten_0.1.m1.8022.m1	9
"catalytic activity, acting on a protein"	GO:0140096	2	aten_0.1.m1.21070.m1	-6
"catalytic activity, acting on a protein"	GO:0140096	2	aten_0.1.m1.7780.m1	0
"catalytic activity, acting on a protein"	GO:0140096	2	aten_0.1.m1.20791.m1	-1
"catalytic activity, acting on a protein"	GO:0140096	2	aten_0.1.m1.16559.m1	0
"catalytic activity, acting on a protein"	GO:0140096	2	aten_0.1.m1.30796.m1	7
"catalytic activity, acting on a protein"	GO:0140096	2	aten_0.1.m1.8521.m1	-1
"catalytic activity, acting on a protein"	GO:0140096	2	aten_0.1.m1.8153.m1	-13
"catalytic activity, acting on a protein"	GO:0140096	2	aten_0.1.m1.20923.m1	-1
"catalytic activity, acting on a protein"	GO:0140096	2	aten_0.1.m1.18216.m1	0
"catalytic activity, acting on a protein"	GO:0140096	2	aten_0.1.m1.12767.m1	-11
"catalytic activity, acting on a protein"	GO:0140096	2	aten_0.1.m1.20021.m1	0
"catalytic activity, acting on a protein"	GO:0140096	2	aten_0.1.m1.28539.m1	5
"catalytic activity, acting on a protein"	GO:0140096	2	aten_0.1.m1.13577.m1	0
"catalytic activity, acting on a protein"	GO:0140096	2	aten_0.1.m1.17150.m1	-7
"catalytic activity, acting on a protein"	GO:0140096	2	aten_0.1.m1.15660.m1	-1
"catalytic activity, acting on a protein"	GO:0140096	2	aten_0.1.m1.32176.m1	1
"catalytic activity, acting on a protein"	GO:0140096	2	aten_0.1.m1.18464.m1	0
"catalytic activity, acting on a protein"	GO:0140096	2	aten_0.1.m1.324.m1	1
"catalytic activity, acting on a protein"	GO:0140096	2	aten_0.1.m1.8293.m1	0
"catalytic activity, acting on a protein"	GO:0140096	2	aten_0.1.m1.3639.m1	29
"catalytic activity, acting on a protein"	GO:0140096	2	aten_0.1.m1.24143.m1	0
"catalytic activity, acting on a protein"	GO:0140096	2	aten_0.1.m1.5653.m1	10
"catalytic activity, acting on a protein"	GO:0140096	2	aten_0.1.m1.1935.m1	0
"catalytic activity, acting on a protein"	GO:0140096	2	aten_0.1.m1.20704.m1	0
"catalytic activity, acting on a protein"	GO:0140096	2	aten_0.1.m1.5519.m1	0
"catalytic activity, acting on a protein"	GO:0140096	2	aten_0.1.m1.1279.m1	-1
"catalytic activity, acting on a protein"	GO:0140096	2	aten_0.1.m1.32085.m1	-3
"catalytic activity, acting on a protein"	GO:0140096	2	aten_0.1.m1.3014.m1	0
"catalytic activity, acting on a protein"	GO:0140096	2	aten_0.1.m1.23106.m1	0
"catalytic activity, acting on a protein"	GO:0140096	2	aten_0.1.m1.8303.m1	12
"catalytic activity, acting on a protein"	GO:0140096	2	aten_0.1.m1.19485.m1	0
"catalytic activity, acting on a protein"	GO:0140096	2	aten_0.1.m1.3182.m1	7
"catalytic activity, acting on a protein"	GO:0140096	2	aten_0.1.m1.2604.m1	0
"catalytic activity, acting on a protein"	GO:0140096	2	aten_0.1.m1.9114.m1	0
"catalytic activity, acting on a protein"	GO:0140096	2	aten_0.1.m1.1961.m1	9
"catalytic activity, acting on a protein"	GO:0140096	2	aten_0.1.m1.33053.m1	7
"catalytic activity, acting on a protein"	GO:0140096	2	aten_0.1.m1.1816.m1	0
"catalytic activity, acting on a protein"	GO:0140096	2	aten_0.1.m1.4271.m1	0
"catalytic activity, acting on a protein"	GO:0140096	2	aten_0.1.m1.11030.m1	0
"catalytic activity, acting on a protein"	GO:0140096	2	aten_0.1.m1.11561.m1	-12
"catalytic activity, acting on a protein"	GO:0140096	2	aten_0.1.m1.28778.m1	-17
"catalytic activity, acting on a protein"	GO:0140096	2	aten_0.1.m1.5651.m1	-3
"catalytic activity, acting on a protein"	GO:0140096	2	aten_0.1.m1.8230.m1	15
"catalytic activity, acting on a protein"	GO:0140096	2	aten_0.1.m1.29610.m1	10
"catalytic activity, acting on a protein"	GO:0140096	2	aten_0.1.m1.4721.m1	7
"catalytic activity, acting on a protein"	GO:0140096	2	aten_0.1.m1.18177.m1	-4
"catalytic activity, acting on a protein"	GO:0140096	2	aten_0.1.m1.2136.m1	-7
"catalytic activity, acting on a protein"	GO:0140096	2	aten_0.1.m1.32158.m1	0
"catalytic activity, acting on a protein"	GO:0140096	2	aten_0.1.m1.29170.m1	-1
"catalytic activity, acting on a protein"	GO:0140096	2	aten_0.1.m1.17441.m1	-6
"catalytic activity, acting on a protein"	GO:0140096	2	aten_0.1.m1.9417.m1	0
"catalytic activity, acting on a protein"	GO:0140096	2	aten_0.1.m1.33315.m1	0
"catalytic activity, acting on a protein"	GO:0140096	2	aten_0.1.m1.16895.m1	12
"catalytic activity, acting on a protein"	GO:0140096	2	aten_0.1.m1.14253.m1	0
"catalytic activity, acting on a protein"	GO:0140096	2	aten_0.1.m1.12079.m1	0
"catalytic activity, acting on a protein"	GO:0140096	2	aten_0.1.m1.23843.m1	6
"catalytic activity, acting on a protein"	GO:0140096	2	aten_0.1.m1.7215.m1	13
"catalytic activity, acting on a protein"	GO:0140096	2	aten_0.1.m1.6715.m1	0
"catalytic activity, acting on a protein"	GO:0140096	2	aten_0.1.m1.25190.m1	0
"catalytic activity, acting on a protein"	GO:0140096	2	aten_0.1.m1.24847.m1	0
"catalytic activity, acting on a protein"	GO:0140096	2	aten_0.1.m1.6749.m1	0
"catalytic activity, acting on a protein"	GO:0140096	2	aten_0.1.m1.11486.m1	-3
"catalytic activity, acting on a protein"	GO:0140096	2	aten_0.1.m1.5845.m1	0
"catalytic activity, acting on a protein"	GO:0140096	2	aten_0.1.m1.9802.m1	2
"catalytic activity, acting on a protein"	GO:0140096	2	aten_0.1.m1.5026.m1	0
"catalytic activity, acting on a protein"	GO:0140096	2	aten_0.1.m1.1622.m1	0
"catalytic activity, acting on a protein"	GO:0140096	2	aten_0.1.m1.24266.m1	0
"catalytic activity, acting on a protein"	GO:0140096	2	aten_0.1.m1.29333.m1	-4
"catalytic activity, acting on a protein"	GO:0140096	2	aten_0.1.m1.27004.m1	0
"catalytic activity, acting on a protein"	GO:0140096	2	aten_0.1.m1.3140.m1	-32
"catalytic activity, acting on a protein"	GO:0140096	2	aten_0.1.m1.6742.m1	-12
"catalytic activity, acting on a protein"	GO:0140096	2	aten_0.1.m1.32581.m1	11
"catalytic activity, acting on a protein"	GO:0140096	2	aten_0.1.m1.20740.m1	-10
"catalytic activity, acting on a protein"	GO:0140096	2	aten_0.1.m1.5037.m1	0
"catalytic activity, acting on a protein"	GO:0140096	2	aten_0.1.m1.26074.m1	-7
"catalytic activity, acting on a protein"	GO:0140096	2	aten_0.1.m1.11569.m1	-4
"catalytic activity, acting on a protein"	GO:0140096	2	aten_0.1.m1.20012.m1	10
"catalytic activity, acting on a protein"	GO:0140096	2	aten_0.1.m1.2531.m1	-7
"catalytic activity, acting on a protein"	GO:0140096	2	aten_0.1.m1.15352.m1	0
"catalytic activity, acting on a protein"	GO:0140096	2	aten_0.1.m1.1159.m1	0
"catalytic activity, acting on a protein"	GO:0140096	2	aten_0.1.m1.12047.m1	4
"catalytic activity, acting on a protein"	GO:0140096	2	aten_0.1.m1.28574.m1	0
"catalytic activity, acting on a protein"	GO:0140096	2	aten_0.1.m1.8452.m1	19
"catalytic activity, acting on a protein"	GO:0140096	2	aten_0.1.m1.10716.m1	0
"catalytic activity, acting on a protein"	GO:0140096	2	aten_0.1.m1.33759.m1	18
"catalytic activity, acting on a protein"	GO:0140096	2	aten_0.1.m1.12042.m1	0
"catalytic activity, acting on a protein"	GO:0140096	2	aten_0.1.m1.25014.m1	-10
"catalytic activity, acting on a protein"	GO:0140096	2	aten_0.1.m1.9110.m1	14
"catalytic activity, acting on a protein"	GO:0140096	2	aten_0.1.m1.1020.m1	12
"catalytic activity, acting on a protein"	GO:0140096	2	aten_0.1.m1.12445.m1	0
"catalytic activity, acting on a protein"	GO:0140096	2	aten_0.1.m1.32192.m1	-18
"catalytic activity, acting on a protein"	GO:0140096	2	aten_0.1.m1.7551.m1	0
"catalytic activity, acting on a protein"	GO:0140096	2	aten_0.1.m1.10177.m1	0
"catalytic activity, acting on a protein"	GO:0140096	2	aten_0.1.m1.7362.m1	11
"catalytic activity, acting on a protein"	GO:0140096	2	aten_0.1.m1.6721.m1	0
"catalytic activity, acting on a protein"	GO:0140096	2	aten_0.1.m1.28558.m1	14
"catalytic activity, acting on a protein"	GO:0140096	2	aten_0.1.m1.1632.m1	4
"catalytic activity, acting on a protein"	GO:0140096	2	aten_0.1.m1.32765.m1	0
"catalytic activity, acting on a protein"	GO:0140096	2	aten_0.1.m1.27038.m1	-10
"catalytic activity, acting on a protein"	GO:0140096	2	aten_0.1.m1.6463.m1	-7
"catalytic activity, acting on a protein"	GO:0140096	2	aten_0.1.m1.709.m1	0
"catalytic activity, acting on a protein"	GO:0140096	2	aten_0.1.m1.632.m1	-16
"catalytic activity, acting on a protein"	GO:0140096	2	aten_0.1.m1.32083.m1	0
"catalytic activity, acting on a protein"	GO:0140096	2	aten_0.1.m1.20912.m1	-2
"catalytic activity, acting on a protein"	GO:0140096	2	aten_0.1.m1.1701.m1	0
"catalytic activity, acting on a protein"	GO:0140096	2	aten_0.1.m1.14025.m1	0
"catalytic activity, acting on a protein"	GO:0140096	2	aten_0.1.m1.30494.m1	2
"catalytic activity, acting on a protein"	GO:0140096	2	aten_0.1.m1.25247.m1	0
"catalytic activity, acting on a protein"	GO:0140096	2	aten_0.1.m1.14360.m1	2
"catalytic activity, acting on a protein"	GO:0140096	2	aten_0.1.m1.11105.m1	-8
"catalytic activity, acting on a protein"	GO:0140096	2	aten_0.1.m1.15570.m1	1
"catalytic activity, acting on a protein"	GO:0140096	2	aten_0.1.m1.14889.m1	-6
"catalytic activity, acting on a protein"	GO:0140096	2	aten_0.1.m1.7549.m1	0
"catalytic activity, acting on a protein"	GO:0140096	2	aten_0.1.m1.29500.m1	0
"catalytic activity, acting on a protein"	GO:0140096	2	aten_0.1.m1.7910.m1	19
"catalytic activity, acting on a protein"	GO:0140096	2	aten_0.1.m1.27346.m1	-7
"catalytic activity, acting on a protein"	GO:0140096	2	aten_0.1.m1.27746.m1	12
"catalytic activity, acting on a protein"	GO:0140096	2	aten_0.1.m1.20589.m1	0
"catalytic activity, acting on a protein"	GO:0140096	2	aten_0.1.m1.2184.m1	7
"catalytic activity, acting on a protein"	GO:0140096	2	aten_0.1.m1.689.m1	0
"catalytic activity, acting on a protein"	GO:0140096	2	aten_0.1.m1.32301.m1	4
"catalytic activity, acting on a protein"	GO:0140096	2	aten_0.1.m1.8602.m1	-17
"catalytic activity, acting on a protein"	GO:0140096	2	aten_0.1.m1.18072.m1	0
"catalytic activity, acting on a protein"	GO:0140096	2	aten_0.1.m1.9083.m1	-1
"catalytic activity, acting on a protein"	GO:0140096	2	aten_0.1.m1.24240.m1	9
"catalytic activity, acting on a protein"	GO:0140096	2	aten_0.1.m1.31432.m1	-3
"catalytic activity, acting on a protein"	GO:0140096	2	aten_0.1.m1.3960.m1	24
"catalytic activity, acting on a protein"	GO:0140096	2	aten_0.1.m1.27218.m1	2
"catalytic activity, acting on a protein"	GO:0140096	2	aten_0.1.m1.25191.m1	10
"catalytic activity, acting on a protein"	GO:0140096	2	aten_0.1.m1.24720.m1	24
"catalytic activity, acting on a protein"	GO:0140096	2	aten_0.1.m1.8032.m1	0
"catalytic activity, acting on a protein"	GO:0140096	2	aten_0.1.m1.9278.m1	-1
"catalytic activity, acting on a protein"	GO:0140096	2	aten_0.1.m1.14756.m1	0
"catalytic activity, acting on a protein"	GO:0140096	2	aten_0.1.m1.7850.m1	5
"catalytic activity, acting on a protein"	GO:0140096	2	aten_0.1.m1.11781.m1	12
"catalytic activity, acting on a protein"	GO:0140096	2	aten_0.1.m1.14109.m1	0
"catalytic activity, acting on a protein"	GO:0140096	2	aten_0.1.m1.140.m1	0
"catalytic activity, acting on a protein"	GO:0140096	2	aten_0.1.m1.3050.m1	3
"catalytic activity, acting on a protein"	GO:0140096	2	aten_0.1.m1.10193.m1	0
"catalytic activity, acting on a protein"	GO:0140096	2	aten_0.1.m1.9272.m1	4
"catalytic activity, acting on a protein"	GO:0140096	2	aten_0.1.m1.514.m1	0
"catalytic activity, acting on a protein"	GO:0140096	2	aten_0.1.m1.29897.m1	0
"catalytic activity, acting on a protein"	GO:0140096	2	aten_0.1.m1.28580.m1	0
"catalytic activity, acting on a protein"	GO:0140096	2	aten_0.1.m1.4383.m1	-12
"catalytic activity, acting on a protein"	GO:0140096	2	aten_0.1.m1.30187.m1	6
"catalytic activity, acting on a protein"	GO:0140096	2	aten_0.1.m1.5528.m1	-8
"catalytic activity, acting on a protein"	GO:0140096	2	aten_0.1.m1.29541.m1	1
"catalytic activity, acting on a protein"	GO:0140096	2	aten_0.1.m1.12520.m1	-3
"catalytic activity, acting on a protein"	GO:0140096	2	aten_0.1.m1.23887.m1	0
"catalytic activity, acting on a protein"	GO:0140096	2	aten_0.1.m1.141.m1	0
"catalytic activity, acting on a protein"	GO:0140096	2	aten_0.1.m1.29284.m1	0
"catalytic activity, acting on a protein"	GO:0140096	2	aten_0.1.m1.25286.m1	-5
"catalytic activity, acting on a protein"	GO:0140096	2	aten_0.1.m1.15982.m1	4
"catalytic activity, acting on a protein"	GO:0140096	2	aten_0.1.m1.5060.m1	7
"catalytic activity, acting on a protein"	GO:0140096	2	aten_0.1.m1.29913.m1	-4
"catalytic activity, acting on a protein"	GO:0140096	2	aten_0.1.m1.31027.m1	2
"catalytic activity, acting on a protein"	GO:0140096	2	aten_0.1.m1.13901.m1	0
"catalytic activity, acting on a protein"	GO:0140096	2	aten_0.1.m1.9414.m1	0
"catalytic activity, acting on a protein"	GO:0140096	2	aten_0.1.m1.18227.m1	0
"catalytic activity, acting on a protein"	GO:0140096	2	aten_0.1.m1.24683.m1	-16
"catalytic activity, acting on a protein"	GO:0140096	2	aten_0.1.m1.6753.m1	0
"catalytic activity, acting on a protein"	GO:0140096	2	aten_0.1.m1.30202.m1	0
"catalytic activity, acting on a protein"	GO:0140096	2	aten_0.1.m1.32202.m1	-1
"catalytic activity, acting on a protein"	GO:0140096	2	aten_0.1.m1.29307.m1	-1
"catalytic activity, acting on a protein"	GO:0140096	2	aten_0.1.m1.22898.m1	0
"catalytic activity, acting on a protein"	GO:0140096	2	aten_0.1.m1.2828.m1	13
"catalytic activity, acting on a protein"	GO:0140096	2	aten_0.1.m1.31586.m1	0
"catalytic activity, acting on a protein"	GO:0140096	2	aten_0.1.m1.10604.m1	-6
"catalytic activity, acting on a protein"	GO:0140096	2	aten_0.1.m1.34125.m1	-1
"catalytic activity, acting on a protein"	GO:0140096	2	aten_0.1.m1.5070.m1	-10
"catalytic activity, acting on a protein"	GO:0140096	2	aten_0.1.m1.14015.m1	0
"catalytic activity, acting on a protein"	GO:0140096	2	aten_0.1.m1.1221.m1	0
"catalytic activity, acting on a protein"	GO:0140096	2	aten_0.1.m1.8018.m1	-3
"catalytic activity, acting on a protein"	GO:0140096	2	aten_0.1.m1.17746.m1	0
"catalytic activity, acting on a protein"	GO:0140096	2	aten_0.1.m1.8122.m1	0
"catalytic activity, acting on a protein"	GO:0140096	2	aten_0.1.m1.22532.m1	0
"catalytic activity, acting on a protein"	GO:0140096	2	aten_0.1.m1.7279.m1	0
"vitamin binding"	GO:0019842	2	aten_0.1.m1.12063.m1	4
"vitamin binding"	GO:0019842	2	aten_0.1.m1.6216.m1	2
"vitamin binding"	GO:0019842	2	aten_0.1.m1.12427.m1	-8
"oxidoreductase activity, acting on the aldehyde or oxo group of donors"	GO:0016903	2	aten_0.1.m1.9722.m1	1
"oxidoreductase activity, acting on the aldehyde or oxo group of donors"	GO:0016903	2	aten_0.1.m1.1413.m1	-15
"oxidoreductase activity, acting on the aldehyde or oxo group of donors"	GO:0016903	2	aten_0.1.m1.9709.m1	0
"aldehyde dehydrogenase (NAD+) activity"	GO:0008802;GO:0004029;GO:0004030;GO:0016620	6	aten_0.1.m1.9722.m1	1
"aldehyde dehydrogenase (NAD+) activity"	GO:0008802;GO:0004029;GO:0004030;GO:0016620	6	aten_0.1.m1.9709.m1	0
"proton transmembrane transporter activity"	GO:0015078	2	aten_0.1.m1.5237.m1	0
"proton transmembrane transporter activity"	GO:0015078	2	aten_0.1.m1.931.m1	0
"proton transmembrane transporter activity"	GO:0015078	2	aten_0.1.m1.30556.m1	2
"proton transmembrane transporter activity"	GO:0015078	2	aten_0.1.m1.28929.m1	0
"proton transmembrane transporter activity"	GO:0015078	2	aten_0.1.m1.1470.m1	1
"proton transmembrane transporter activity"	GO:0015078	2	aten_0.1.m1.32156.m1	12
"transcription coactivator activity"	GO:0003713	3	aten_0.1.m1.12870.m1	0
"transcription coactivator activity"	GO:0003713	3	aten_0.1.m1.16437.m1	-14
"transcription coactivator activity"	GO:0003713	3	aten_0.1.m1.5229.m1	6
"transcription coactivator activity"	GO:0003713	3	aten_0.1.m1.21732.m1	0
"enzyme regulator activity"	GO:0030234	2	aten_0.1.m1.21626.m1	14
"enzyme regulator activity"	GO:0030234	2	aten_0.1.m1.19992.m1	-10
"enzyme regulator activity"	GO:0030234	2	aten_0.1.m1.16903.m1	0
"enzyme regulator activity"	GO:0030234	2	aten_0.1.m1.3932.m1	-10
"enzyme regulator activity"	GO:0030234	2	aten_0.1.m1.2673.m1	0
"enzyme regulator activity"	GO:0030234	2	aten_0.1.m1.22544.m1	0
"enzyme regulator activity"	GO:0030234	2	aten_0.1.m1.21616.m1	14
"enzyme regulator activity"	GO:0030234	2	aten_0.1.m1.6159.m1	-17
"enzyme regulator activity"	GO:0030234	2	aten_0.1.m1.7501.m1	0
"enzyme regulator activity"	GO:0030234	2	aten_0.1.m1.20781.m1	-5
"enzyme regulator activity"	GO:0030234	2	aten_0.1.m1.22206.m1	0
"enzyme regulator activity"	GO:0030234	2	aten_0.1.m1.25011.m1	5
"enzyme regulator activity"	GO:0030234	2	aten_0.1.m1.21617.m1	0
"enzyme regulator activity"	GO:0030234	2	aten_0.1.m1.18509.m1	24
"enzyme regulator activity"	GO:0030234	2	aten_0.1.m1.15672.m1	0
"enzyme regulator activity"	GO:0030234	2	aten_0.1.m1.1026.m1	0
"enzyme regulator activity"	GO:0030234	2	aten_0.1.m1.26375.m1	-6
"enzyme regulator activity"	GO:0030234	2	aten_0.1.m1.12215.m1	0
"enzyme regulator activity"	GO:0030234	2	aten_0.1.m1.16307.m1	-8
"enzyme regulator activity"	GO:0030234	2	aten_0.1.m1.32470.m1	-13
"enzyme regulator activity"	GO:0030234	2	aten_0.1.m1.15800.m1	12
"enzyme regulator activity"	GO:0030234	2	aten_0.1.m1.2896.m1	0
"enzyme regulator activity"	GO:0030234	2	aten_0.1.m1.9161.m1	-3
"enzyme regulator activity"	GO:0030234	2	aten_0.1.m1.24298.m1	24
"enzyme regulator activity"	GO:0030234	2	aten_0.1.m1.19810.m1	0
"enzyme regulator activity"	GO:0030234	2	aten_0.1.m1.5189.m1	0
"enzyme regulator activity"	GO:0030234	2	aten_0.1.m1.6193.m1	-8
"enzyme regulator activity"	GO:0030234	2	aten_0.1.m1.31728.m1	-11
"enzyme regulator activity"	GO:0030234	2	aten_0.1.m1.4446.m1	0
"enzyme regulator activity"	GO:0030234	2	aten_0.1.m1.14930.m1	-22
"enzyme regulator activity"	GO:0030234	2	aten_0.1.m1.11063.m1	10
"enzyme regulator activity"	GO:0030234	2	aten_0.1.m1.15205.m1	0
"enzyme regulator activity"	GO:0030234	2	aten_0.1.m1.12760.m1	-14
"enzyme regulator activity"	GO:0030234	2	aten_0.1.m1.4543.m1	7
"enzyme regulator activity"	GO:0030234	2	aten_0.1.m1.5799.m1	30
"enzyme regulator activity"	GO:0030234	2	aten_0.1.m1.9784.m1	0
"organic anion transmembrane transporter activity"	GO:0008514;GO:0015179;GO:0015171;GO:0046943;GO:0005342	4	aten_0.1.m1.10842.m1	0
"organic anion transmembrane transporter activity"	GO:0008514;GO:0015179;GO:0015171;GO:0046943;GO:0005342	4	aten_0.1.m1.30357.m1	0
"organic anion transmembrane transporter activity"	GO:0008514;GO:0015179;GO:0015171;GO:0046943;GO:0005342	4	aten_0.1.m1.30383.m1	0
"organic anion transmembrane transporter activity"	GO:0008514;GO:0015179;GO:0015171;GO:0046943;GO:0005342	4	aten_0.1.m1.13176.m1	-17
"organic anion transmembrane transporter activity"	GO:0008514;GO:0015179;GO:0015171;GO:0046943;GO:0005342	4	aten_0.1.m1.19582.m1	2
"organic anion transmembrane transporter activity"	GO:0008514;GO:0015179;GO:0015171;GO:0046943;GO:0005342	4	aten_0.1.m1.30404.m1	2
"organic anion transmembrane transporter activity"	GO:0008514;GO:0015179;GO:0015171;GO:0046943;GO:0005342	4	aten_0.1.m1.26691.m1	0
"organic anion transmembrane transporter activity"	GO:0008514;GO:0015179;GO:0015171;GO:0046943;GO:0005342	4	aten_0.1.m1.26450.m1	16
"organic anion transmembrane transporter activity"	GO:0008514;GO:0015179;GO:0015171;GO:0046943;GO:0005342	4	aten_0.1.m1.17784.m1	-3
"organic anion transmembrane transporter activity"	GO:0008514;GO:0015179;GO:0015171;GO:0046943;GO:0005342	4	aten_0.1.m1.23773.m1	-21
"organic anion transmembrane transporter activity"	GO:0008514;GO:0015179;GO:0015171;GO:0046943;GO:0005342	4	aten_0.1.m1.30382.m1	0
"organic anion transmembrane transporter activity"	GO:0008514;GO:0015179;GO:0015171;GO:0046943;GO:0005342	4	aten_0.1.m1.18237.m1	-17
"transferase activity, transferring alkyl or aryl (other than methyl) groups"	GO:0016765	2	aten_0.1.m1.19502.m1	0
"transferase activity, transferring alkyl or aryl (other than methyl) groups"	GO:0016765	2	aten_0.1.m1.10155.m1	0
"transferase activity, transferring alkyl or aryl (other than methyl) groups"	GO:0016765	2	aten_0.1.m1.13666.m1	6
"transferase activity, transferring alkyl or aryl (other than methyl) groups"	GO:0016765	2	aten_0.1.m1.30025.m1	0
"transferase activity, transferring alkyl or aryl (other than methyl) groups"	GO:0016765	2	aten_0.1.m1.19407.m1	0
"transferase activity, transferring alkyl or aryl (other than methyl) groups"	GO:0016765	2	aten_0.1.m1.19501.m1	0
"transferase activity, transferring alkyl or aryl (other than methyl) groups"	GO:0016765	2	aten_0.1.m1.20783.m1	-1
"transferase activity, transferring alkyl or aryl (other than methyl) groups"	GO:0016765	2	aten_0.1.m1.29807.m1	-1
"guanylyltransferase activity"	GO:0070568	2	aten_0.1.m1.5213.m1	2
"guanylyltransferase activity"	GO:0070568	2	aten_0.1.m1.15220.m1	0
"hexose transmembrane transporter activity"	GO:0005355;GO:0015149;GO:0015145;GO:0051119	4	aten_0.1.m1.15336.m1	13
"hexose transmembrane transporter activity"	GO:0005355;GO:0015149;GO:0015145;GO:0051119	4	aten_0.1.m1.8269.m1	0
"hexose transmembrane transporter activity"	GO:0005355;GO:0015149;GO:0015145;GO:0051119	4	aten_0.1.m1.15344.m1	0
"fatty-acyl-CoA binding"	GO:0000062;GO:0120227;GO:1901567;GO:1901681	2	aten_0.1.m1.30465.m1	10
"fatty-acyl-CoA binding"	GO:0000062;GO:0120227;GO:1901567;GO:1901681	2	aten_0.1.m1.7944.m1	0
"beta-galactosidase activity"	GO:0004565;GO:0015925	3	aten_0.1.m1.2444.m1	-1
"beta-galactosidase activity"	GO:0004565;GO:0015925	3	aten_0.1.m1.31053.m1	0
"beta-galactosidase activity"	GO:0004565;GO:0015925	3	aten_0.1.m1.30985.m1	0
"enzyme activator activity"	GO:0005096;GO:0008047	3	aten_0.1.m1.16903.m1	0
"enzyme activator activity"	GO:0005096;GO:0008047	3	aten_0.1.m1.2673.m1	0
"enzyme activator activity"	GO:0005096;GO:0008047	3	aten_0.1.m1.20781.m1	-5
"enzyme activator activity"	GO:0005096;GO:0008047	3	aten_0.1.m1.22206.m1	0
"enzyme activator activity"	GO:0005096;GO:0008047	3	aten_0.1.m1.32470.m1	-13
"enzyme activator activity"	GO:0005096;GO:0008047	3	aten_0.1.m1.2896.m1	0
"enzyme activator activity"	GO:0005096;GO:0008047	3	aten_0.1.m1.19810.m1	0
"enzyme activator activity"	GO:0005096;GO:0008047	3	aten_0.1.m1.5189.m1	0
"enzyme activator activity"	GO:0005096;GO:0008047	3	aten_0.1.m1.6193.m1	-8
"enzyme activator activity"	GO:0005096;GO:0008047	3	aten_0.1.m1.15205.m1	0
"enzyme activator activity"	GO:0005096;GO:0008047	3	aten_0.1.m1.4543.m1	7
"enzyme activator activity"	GO:0005096;GO:0008047	3	aten_0.1.m1.5799.m1	30
"uracil binding"	GO:0002058;GO:0002061;GO:0002054	3	aten_0.1.m1.5523.m1	2
"uracil binding"	GO:0002058;GO:0002061;GO:0002054	3	aten_0.1.m1.5512.m1	0
"cytokine activity"	GO:0005125	2	aten_0.1.m1.5592.m1	9
"cytokine activity"	GO:0005125	2	aten_0.1.m1.8486.m1	-10
"growth hormone secretagogue receptor activity"	GO:0001616	5	aten_0.1.m1.19908.m1	-14
"growth hormone secretagogue receptor activity"	GO:0001616	5	aten_0.1.m1.19967.m1	-4
"growth hormone secretagogue receptor activity"	GO:0001616	5	aten_0.1.m1.19905.m1	10
"single-stranded DNA binding"	GO:0003697	2	aten_0.1.m1.18933.m1	0
"single-stranded DNA binding"	GO:0003697	2	aten_0.1.m1.33163.m1	0
"single-stranded DNA binding"	GO:0003697	2	aten_0.1.m1.4663.m1	-1
"protein-containing complex binding"	GO:0044877;GO:0005178;GO:0050839	2	aten_0.1.m1.16881.m1	0
"protein-containing complex binding"	GO:0044877;GO:0005178;GO:0050839	2	aten_0.1.m1.10228.m1	0
"protein-containing complex binding"	GO:0044877;GO:0005178;GO:0050839	2	aten_0.1.m1.18520.m1	0
"protein-containing complex binding"	GO:0044877;GO:0005178;GO:0050839	2	aten_0.1.m1.12022.m1	0
"protein-containing complex binding"	GO:0044877;GO:0005178;GO:0050839	2	aten_0.1.m1.26585.m1	-15
"protein-containing complex binding"	GO:0044877;GO:0005178;GO:0050839	2	aten_0.1.m1.13159.m1	0
"protein-containing complex binding"	GO:0044877;GO:0005178;GO:0050839	2	aten_0.1.m1.33790.m1	-3
"protein-containing complex binding"	GO:0044877;GO:0005178;GO:0050839	2	aten_0.1.m1.4911.m1	-5
"protein-containing complex binding"	GO:0044877;GO:0005178;GO:0050839	2	aten_0.1.m1.611.m1	0
"protein-containing complex binding"	GO:0044877;GO:0005178;GO:0050839	2	aten_0.1.m1.12604.m1	0
"protein-containing complex binding"	GO:0044877;GO:0005178;GO:0050839	2	aten_0.1.m1.30214.m1	-2
"protein-containing complex binding"	GO:0044877;GO:0005178;GO:0050839	2	aten_0.1.m1.826.m1	0
"protein-containing complex binding"	GO:0044877;GO:0005178;GO:0050839	2	aten_0.1.m1.4615.m1	0
"protein-containing complex binding"	GO:0044877;GO:0005178;GO:0050839	2	aten_0.1.m1.33739.m1	0
"protein-containing complex binding"	GO:0044877;GO:0005178;GO:0050839	2	aten_0.1.m1.30056.m1	3
"protein-containing complex binding"	GO:0044877;GO:0005178;GO:0050839	2	aten_0.1.m1.29907.m1	-1
"protein-containing complex binding"	GO:0044877;GO:0005178;GO:0050839	2	aten_0.1.m1.26082.m1	6
"protein-containing complex binding"	GO:0044877;GO:0005178;GO:0050839	2	aten_0.1.m1.18982.m1	0
"protein-containing complex binding"	GO:0044877;GO:0005178;GO:0050839	2	aten_0.1.m1.8087.m1	1
"protein-containing complex binding"	GO:0044877;GO:0005178;GO:0050839	2	aten_0.1.m1.12023.m1	12
"protein-containing complex binding"	GO:0044877;GO:0005178;GO:0050839	2	aten_0.1.m1.4923.m1	3
"protein-containing complex binding"	GO:0044877;GO:0005178;GO:0050839	2	aten_0.1.m1.20254.m1	0
"protein-containing complex binding"	GO:0044877;GO:0005178;GO:0050839	2	aten_0.1.m1.12605.m1	-4
"protein-containing complex binding"	GO:0044877;GO:0005178;GO:0050839	2	aten_0.1.m1.29434.m1	1
"protein-containing complex binding"	GO:0044877;GO:0005178;GO:0050839	2	aten_0.1.m1.27227.m1	0
"cation transmembrane transporter activity"	GO:0022890;GO:0008324;GO:0046873	2	aten_0.1.m1.5237.m1	0
"cation transmembrane transporter activity"	GO:0022890;GO:0008324;GO:0046873	2	aten_0.1.m1.26187.m1	9
"cation transmembrane transporter activity"	GO:0022890;GO:0008324;GO:0046873	2	aten_0.1.m1.19863.m1	0
"cation transmembrane transporter activity"	GO:0022890;GO:0008324;GO:0046873	2	aten_0.1.m1.15385.m1	-8
"cation transmembrane transporter activity"	GO:0022890;GO:0008324;GO:0046873	2	aten_0.1.m1.21648.m1	0
"cation transmembrane transporter activity"	GO:0022890;GO:0008324;GO:0046873	2	aten_0.1.m1.28083.m1	-1
"cation transmembrane transporter activity"	GO:0022890;GO:0008324;GO:0046873	2	aten_0.1.m1.12787.m1	-8
"cation transmembrane transporter activity"	GO:0022890;GO:0008324;GO:0046873	2	aten_0.1.m1.31334.m1	-3
"cation transmembrane transporter activity"	GO:0022890;GO:0008324;GO:0046873	2	aten_0.1.m1.19001.m1	2
"cation transmembrane transporter activity"	GO:0022890;GO:0008324;GO:0046873	2	aten_0.1.m1.30357.m1	0
"cation transmembrane transporter activity"	GO:0022890;GO:0008324;GO:0046873	2	aten_0.1.m1.6454.m1	-13
"cation transmembrane transporter activity"	GO:0022890;GO:0008324;GO:0046873	2	aten_0.1.m1.19339.m1	-11
"cation transmembrane transporter activity"	GO:0022890;GO:0008324;GO:0046873	2	aten_0.1.m1.11476.m1	0
"cation transmembrane transporter activity"	GO:0022890;GO:0008324;GO:0046873	2	aten_0.1.m1.30383.m1	0
"cation transmembrane transporter activity"	GO:0022890;GO:0008324;GO:0046873	2	aten_0.1.m1.33727.m1	5
"cation transmembrane transporter activity"	GO:0022890;GO:0008324;GO:0046873	2	aten_0.1.m1.18237.m1	-17
"cation transmembrane transporter activity"	GO:0022890;GO:0008324;GO:0046873	2	aten_0.1.m1.10444.m1	0
"cation transmembrane transporter activity"	GO:0022890;GO:0008324;GO:0046873	2	aten_0.1.m1.30029.m1	2
"cation transmembrane transporter activity"	GO:0022890;GO:0008324;GO:0046873	2	aten_0.1.m1.32354.m1	0
"cation transmembrane transporter activity"	GO:0022890;GO:0008324;GO:0046873	2	aten_0.1.m1.10594.m1	4
"cation transmembrane transporter activity"	GO:0022890;GO:0008324;GO:0046873	2	aten_0.1.m1.272.m1	-3
"cation transmembrane transporter activity"	GO:0022890;GO:0008324;GO:0046873	2	aten_0.1.m1.15336.m1	13
"cation transmembrane transporter activity"	GO:0022890;GO:0008324;GO:0046873	2	aten_0.1.m1.31297.m1	-8
"cation transmembrane transporter activity"	GO:0022890;GO:0008324;GO:0046873	2	aten_0.1.m1.23035.m1	3
"cation transmembrane transporter activity"	GO:0022890;GO:0008324;GO:0046873	2	aten_0.1.m1.19748.m1	-4
"cation transmembrane transporter activity"	GO:0022890;GO:0008324;GO:0046873	2	aten_0.1.m1.11119.m1	0
"cation transmembrane transporter activity"	GO:0022890;GO:0008324;GO:0046873	2	aten_0.1.m1.2410.m1	9
"cation transmembrane transporter activity"	GO:0022890;GO:0008324;GO:0046873	2	aten_0.1.m1.10453.m1	-1
"cation transmembrane transporter activity"	GO:0022890;GO:0008324;GO:0046873	2	aten_0.1.m1.30125.m1	0
"cation transmembrane transporter activity"	GO:0022890;GO:0008324;GO:0046873	2	aten_0.1.m1.5157.m1	0
"cation transmembrane transporter activity"	GO:0022890;GO:0008324;GO:0046873	2	aten_0.1.m1.1674.m1	-21
"cation transmembrane transporter activity"	GO:0022890;GO:0008324;GO:0046873	2	aten_0.1.m1.18898.m1	0
"cation transmembrane transporter activity"	GO:0022890;GO:0008324;GO:0046873	2	aten_0.1.m1.931.m1	0
"cation transmembrane transporter activity"	GO:0022890;GO:0008324;GO:0046873	2	aten_0.1.m1.6844.m1	-3
"cation transmembrane transporter activity"	GO:0022890;GO:0008324;GO:0046873	2	aten_0.1.m1.30556.m1	2
"cation transmembrane transporter activity"	GO:0022890;GO:0008324;GO:0046873	2	aten_0.1.m1.22508.m1	-2
"cation transmembrane transporter activity"	GO:0022890;GO:0008324;GO:0046873	2	aten_0.1.m1.11941.m1	0
"cation transmembrane transporter activity"	GO:0022890;GO:0008324;GO:0046873	2	aten_0.1.m1.11152.m1	4
"cation transmembrane transporter activity"	GO:0022890;GO:0008324;GO:0046873	2	aten_0.1.m1.7.m1	0
"cation transmembrane transporter activity"	GO:0022890;GO:0008324;GO:0046873	2	aten_0.1.m1.28929.m1	0
"cation transmembrane transporter activity"	GO:0022890;GO:0008324;GO:0046873	2	aten_0.1.m1.2471.m1	0
"cation transmembrane transporter activity"	GO:0022890;GO:0008324;GO:0046873	2	aten_0.1.m1.9807.m1	9
"cation transmembrane transporter activity"	GO:0022890;GO:0008324;GO:0046873	2	aten_0.1.m1.13368.m1	25
"cation transmembrane transporter activity"	GO:0022890;GO:0008324;GO:0046873	2	aten_0.1.m1.11475.m1	-1
"cation transmembrane transporter activity"	GO:0022890;GO:0008324;GO:0046873	2	aten_0.1.m1.15272.m1	-11
"cation transmembrane transporter activity"	GO:0022890;GO:0008324;GO:0046873	2	aten_0.1.m1.16326.m1	-1
"cation transmembrane transporter activity"	GO:0022890;GO:0008324;GO:0046873	2	aten_0.1.m1.1470.m1	1
"cation transmembrane transporter activity"	GO:0022890;GO:0008324;GO:0046873	2	aten_0.1.m1.16905.m1	0
"cation transmembrane transporter activity"	GO:0022890;GO:0008324;GO:0046873	2	aten_0.1.m1.12784.m1	5
"cation transmembrane transporter activity"	GO:0022890;GO:0008324;GO:0046873	2	aten_0.1.m1.6388.m1	-3
"cation transmembrane transporter activity"	GO:0022890;GO:0008324;GO:0046873	2	aten_0.1.m1.6387.m1	0
"cation transmembrane transporter activity"	GO:0022890;GO:0008324;GO:0046873	2	aten_0.1.m1.24269.m1	0
"cation transmembrane transporter activity"	GO:0022890;GO:0008324;GO:0046873	2	aten_0.1.m1.14502.m1	-3
"cation transmembrane transporter activity"	GO:0022890;GO:0008324;GO:0046873	2	aten_0.1.m1.15514.m1	1
"cation transmembrane transporter activity"	GO:0022890;GO:0008324;GO:0046873	2	aten_0.1.m1.21015.m1	-8
"cation transmembrane transporter activity"	GO:0022890;GO:0008324;GO:0046873	2	aten_0.1.m1.15502.m1	-4
"cation transmembrane transporter activity"	GO:0022890;GO:0008324;GO:0046873	2	aten_0.1.m1.12691.m1	6
"cation transmembrane transporter activity"	GO:0022890;GO:0008324;GO:0046873	2	aten_0.1.m1.32156.m1	12
"cation transmembrane transporter activity"	GO:0022890;GO:0008324;GO:0046873	2	aten_0.1.m1.7390.m1	0
"cation transmembrane transporter activity"	GO:0022890;GO:0008324;GO:0046873	2	aten_0.1.m1.15383.m1	0
"cation transmembrane transporter activity"	GO:0022890;GO:0008324;GO:0046873	2	aten_0.1.m1.9839.m1	-4
"cation transmembrane transporter activity"	GO:0022890;GO:0008324;GO:0046873	2	aten_0.1.m1.6087.m1	0
"cation transmembrane transporter activity"	GO:0022890;GO:0008324;GO:0046873	2	aten_0.1.m1.24204.m1	0
"cation transmembrane transporter activity"	GO:0022890;GO:0008324;GO:0046873	2	aten_0.1.m1.30404.m1	2
"cation transmembrane transporter activity"	GO:0022890;GO:0008324;GO:0046873	2	aten_0.1.m1.26691.m1	0
"cation transmembrane transporter activity"	GO:0022890;GO:0008324;GO:0046873	2	aten_0.1.m1.15280.m1	-12
"cation transmembrane transporter activity"	GO:0022890;GO:0008324;GO:0046873	2	aten_0.1.m1.17479.m1	0
"cation transmembrane transporter activity"	GO:0022890;GO:0008324;GO:0046873	2	aten_0.1.m1.22182.m1	7
"cation transmembrane transporter activity"	GO:0022890;GO:0008324;GO:0046873	2	aten_0.1.m1.2877.m1	13
"cation transmembrane transporter activity"	GO:0022890;GO:0008324;GO:0046873	2	aten_0.1.m1.9812.m1	-9
"cation transmembrane transporter activity"	GO:0022890;GO:0008324;GO:0046873	2	aten_0.1.m1.29680.m1	0
"cation transmembrane transporter activity"	GO:0022890;GO:0008324;GO:0046873	2	aten_0.1.m1.19333.m1	-15
"cation transmembrane transporter activity"	GO:0022890;GO:0008324;GO:0046873	2	aten_0.1.m1.15344.m1	0
"cation transmembrane transporter activity"	GO:0022890;GO:0008324;GO:0046873	2	aten_0.1.m1.18985.m1	0
"cation transmembrane transporter activity"	GO:0022890;GO:0008324;GO:0046873	2	aten_0.1.m1.19742.m1	0
"cation transmembrane transporter activity"	GO:0022890;GO:0008324;GO:0046873	2	aten_0.1.m1.30382.m1	0
"cation transmembrane transporter activity"	GO:0022890;GO:0008324;GO:0046873	2	aten_0.1.m1.25532.m1	6
"cation transmembrane transporter activity"	GO:0022890;GO:0008324;GO:0046873	2	aten_0.1.m1.30463.m1	6
"cation transmembrane transporter activity"	GO:0022890;GO:0008324;GO:0046873	2	aten_0.1.m1.19870.m1	9
"cation transmembrane transporter activity"	GO:0022890;GO:0008324;GO:0046873	2	aten_0.1.m1.15382.m1	-7
"cation transmembrane transporter activity"	GO:0022890;GO:0008324;GO:0046873	2	aten_0.1.m1.18992.m1	0
"cation transmembrane transporter activity"	GO:0022890;GO:0008324;GO:0046873	2	aten_0.1.m1.13176.m1	-17
"cation transmembrane transporter activity"	GO:0022890;GO:0008324;GO:0046873	2	aten_0.1.m1.19582.m1	2
"cation transmembrane transporter activity"	GO:0022890;GO:0008324;GO:0046873	2	aten_0.1.m1.23773.m1	-21
"structural constituent of cytoskeleton"	GO:0005200	2	aten_0.1.m1.15363.m1	-1
"structural constituent of cytoskeleton"	GO:0005200	2	aten_0.1.m1.24814.m1	-1
"fibroblast growth factor-activated receptor activity"	GO:0005007	3	aten_0.1.m1.20921.m1	-3
"fibroblast growth factor-activated receptor activity"	GO:0005007	3	aten_0.1.m1.20923.m1	-1
"fibroblast growth factor-activated receptor activity"	GO:0005007	3	aten_0.1.m1.18072.m1	0
"fibroblast growth factor-activated receptor activity"	GO:0005007	3	aten_0.1.m1.8122.m1	0
"oxidoreductase activity, acting on a sulfur group of donors"	GO:0016667	3	aten_0.1.m1.16235.m1	0
"oxidoreductase activity, acting on a sulfur group of donors"	GO:0016667	3	aten_0.1.m1.18047.m1	0
"oxidoreductase activity, acting on a sulfur group of donors"	GO:0016667	3	aten_0.1.m1.14728.m1	4
"ribonucleoside binding"	GO:0005525;GO:0032550;GO:0032561;GO:0001883;GO:0032549;GO:0001882;GO:0019001	4	aten_0.1.m1.10932.m1	-10
"ribonucleoside binding"	GO:0005525;GO:0032550;GO:0032561;GO:0001883;GO:0032549;GO:0001882;GO:0019001	4	aten_0.1.m1.19546.m1	7
"ribonucleoside binding"	GO:0005525;GO:0032550;GO:0032561;GO:0001883;GO:0032549;GO:0001882;GO:0019001	4	aten_0.1.m1.16855.m1	0
"ribonucleoside binding"	GO:0005525;GO:0032550;GO:0032561;GO:0001883;GO:0032549;GO:0001882;GO:0019001	4	aten_0.1.m1.31421.m1	-1
"ribonucleoside binding"	GO:0005525;GO:0032550;GO:0032561;GO:0001883;GO:0032549;GO:0001882;GO:0019001	4	aten_0.1.m1.2187.m1	-12
"ribonucleoside binding"	GO:0005525;GO:0032550;GO:0032561;GO:0001883;GO:0032549;GO:0001882;GO:0019001	4	aten_0.1.m1.9383.m1	-3
"arylesterase activity"	GO:0004064	2	aten_0.1.m1.14906.m1	-8
"arylesterase activity"	GO:0004064	2	aten_0.1.m1.21761.m1	0
"group II metabotropic glutamate receptor activity"	GO:0001641	2	aten_0.1.m1.1811.m1	0
"group II metabotropic glutamate receptor activity"	GO:0001641	2	aten_0.1.m1.11104.m1	-1
"group II metabotropic glutamate receptor activity"	GO:0001641	2	aten_0.1.m1.25775.m1	-1
"translation initiation factor activity"	GO:0003743	2	aten_0.1.m1.13167.m1	10
"translation initiation factor activity"	GO:0003743	2	aten_0.1.m1.3228.m1	7
"oxidoreductase activity, acting on the CH-CH group of donors"	GO:0016627	3	aten_0.1.m1.12923.m1	0
"oxidoreductase activity, acting on the CH-CH group of donors"	GO:0016627	3	aten_0.1.m1.11975.m1	0
"lactate dehydrogenase activity"	GO:0004457	4	aten_0.1.m1.3800.m1	7
"lactate dehydrogenase activity"	GO:0004457	4	aten_0.1.m1.27781.m1	0
"gated channel activity"	GO:0022836	5	aten_0.1.m1.26187.m1	9
"gated channel activity"	GO:0022836	5	aten_0.1.m1.19863.m1	0
"gated channel activity"	GO:0022836	5	aten_0.1.m1.15385.m1	-8
"gated channel activity"	GO:0022836	5	aten_0.1.m1.21648.m1	0
"gated channel activity"	GO:0022836	5	aten_0.1.m1.28083.m1	-1
"gated channel activity"	GO:0022836	5	aten_0.1.m1.6454.m1	-13
"gated channel activity"	GO:0022836	5	aten_0.1.m1.22865.m1	2
"gated channel activity"	GO:0022836	5	aten_0.1.m1.11476.m1	0
"gated channel activity"	GO:0022836	5	aten_0.1.m1.10444.m1	0
"gated channel activity"	GO:0022836	5	aten_0.1.m1.31297.m1	-8
"gated channel activity"	GO:0022836	5	aten_0.1.m1.13958.m1	2
"gated channel activity"	GO:0022836	5	aten_0.1.m1.19748.m1	-4
"gated channel activity"	GO:0022836	5	aten_0.1.m1.2410.m1	9
"gated channel activity"	GO:0022836	5	aten_0.1.m1.10453.m1	-1
"gated channel activity"	GO:0022836	5	aten_0.1.m1.18558.m1	-14
"gated channel activity"	GO:0022836	5	aten_0.1.m1.9224.m1	-10
"gated channel activity"	GO:0022836	5	aten_0.1.m1.6844.m1	-3
"gated channel activity"	GO:0022836	5	aten_0.1.m1.26537.m1	-10
"gated channel activity"	GO:0022836	5	aten_0.1.m1.19690.m1	7
"gated channel activity"	GO:0022836	5	aten_0.1.m1.9807.m1	9
"gated channel activity"	GO:0022836	5	aten_0.1.m1.13368.m1	25
"gated channel activity"	GO:0022836	5	aten_0.1.m1.11475.m1	-1
"gated channel activity"	GO:0022836	5	aten_0.1.m1.15272.m1	-11
"gated channel activity"	GO:0022836	5	aten_0.1.m1.16326.m1	-1
"gated channel activity"	GO:0022836	5	aten_0.1.m1.6388.m1	-3
"gated channel activity"	GO:0022836	5	aten_0.1.m1.6387.m1	0
"gated channel activity"	GO:0022836	5	aten_0.1.m1.24269.m1	0
"gated channel activity"	GO:0022836	5	aten_0.1.m1.14502.m1	-3
"gated channel activity"	GO:0022836	5	aten_0.1.m1.15514.m1	1
"gated channel activity"	GO:0022836	5	aten_0.1.m1.21015.m1	-8
"gated channel activity"	GO:0022836	5	aten_0.1.m1.7390.m1	0
"gated channel activity"	GO:0022836	5	aten_0.1.m1.15383.m1	0
"gated channel activity"	GO:0022836	5	aten_0.1.m1.9839.m1	-4
"gated channel activity"	GO:0022836	5	aten_0.1.m1.19011.m1	-19
"gated channel activity"	GO:0022836	5	aten_0.1.m1.24204.m1	0
"gated channel activity"	GO:0022836	5	aten_0.1.m1.16370.m1	-5
"gated channel activity"	GO:0022836	5	aten_0.1.m1.15280.m1	-12
"gated channel activity"	GO:0022836	5	aten_0.1.m1.22182.m1	7
"gated channel activity"	GO:0022836	5	aten_0.1.m1.2877.m1	13
"gated channel activity"	GO:0022836	5	aten_0.1.m1.9812.m1	-9
"gated channel activity"	GO:0022836	5	aten_0.1.m1.29680.m1	0
"gated channel activity"	GO:0022836	5	aten_0.1.m1.19742.m1	0
"gated channel activity"	GO:0022836	5	aten_0.1.m1.32548.m1	1
"gated channel activity"	GO:0022836	5	aten_0.1.m1.15382.m1	-7
"fibroblast growth factor receptor binding"	GO:0005104;GO:0070851	5	aten_0.1.m1.6726.m1	0
"fibroblast growth factor receptor binding"	GO:0005104;GO:0070851	5	aten_0.1.m1.1204.m1	7
"sodium ion transmembrane transporter activity"	GO:0015081	2	aten_0.1.m1.31334.m1	-3
"sodium ion transmembrane transporter activity"	GO:0015081	2	aten_0.1.m1.30357.m1	0
"sodium ion transmembrane transporter activity"	GO:0015081	2	aten_0.1.m1.30383.m1	0
"sodium ion transmembrane transporter activity"	GO:0015081	2	aten_0.1.m1.33727.m1	5
"sodium ion transmembrane transporter activity"	GO:0015081	2	aten_0.1.m1.18237.m1	-17
"sodium ion transmembrane transporter activity"	GO:0015081	2	aten_0.1.m1.15336.m1	13
"sodium ion transmembrane transporter activity"	GO:0015081	2	aten_0.1.m1.19748.m1	-4
"sodium ion transmembrane transporter activity"	GO:0015081	2	aten_0.1.m1.5157.m1	0
"sodium ion transmembrane transporter activity"	GO:0015081	2	aten_0.1.m1.2471.m1	0
"sodium ion transmembrane transporter activity"	GO:0015081	2	aten_0.1.m1.16905.m1	0
"sodium ion transmembrane transporter activity"	GO:0015081	2	aten_0.1.m1.15514.m1	1
"sodium ion transmembrane transporter activity"	GO:0015081	2	aten_0.1.m1.15502.m1	-4
"sodium ion transmembrane transporter activity"	GO:0015081	2	aten_0.1.m1.30404.m1	2
"sodium ion transmembrane transporter activity"	GO:0015081	2	aten_0.1.m1.26691.m1	0
"sodium ion transmembrane transporter activity"	GO:0015081	2	aten_0.1.m1.15344.m1	0
"sodium ion transmembrane transporter activity"	GO:0015081	2	aten_0.1.m1.19742.m1	0
"sodium ion transmembrane transporter activity"	GO:0015081	2	aten_0.1.m1.30382.m1	0
"scavenger receptor activity"	GO:0005044;GO:0038024	2	aten_0.1.m1.33787.m1	-10
"scavenger receptor activity"	GO:0005044;GO:0038024	2	aten_0.1.m1.23452.m1	3
"scavenger receptor activity"	GO:0005044;GO:0038024	2	aten_0.1.m1.8048.m1	0
"scavenger receptor activity"	GO:0005044;GO:0038024	2	aten_0.1.m1.28762.m1	3
"scavenger receptor activity"	GO:0005044;GO:0038024	2	aten_0.1.m1.23384.m1	-1
"scavenger receptor activity"	GO:0005044;GO:0038024	2	aten_0.1.m1.23862.m1	0
"scavenger receptor activity"	GO:0005044;GO:0038024	2	aten_0.1.m1.867.m1	-14
"scavenger receptor activity"	GO:0005044;GO:0038024	2	aten_0.1.m1.29429.m1	-2
"scavenger receptor activity"	GO:0005044;GO:0038024	2	aten_0.1.m1.29802.m1	18
"scavenger receptor activity"	GO:0005044;GO:0038024	2	aten_0.1.m1.8858.m1	8
"scavenger receptor activity"	GO:0005044;GO:0038024	2	aten_0.1.m1.28801.m1	-15
"scavenger receptor activity"	GO:0005044;GO:0038024	2	aten_0.1.m1.22686.m1	-19
"scavenger receptor activity"	GO:0005044;GO:0038024	2	aten_0.1.m1.29291.m1	0
"scavenger receptor activity"	GO:0005044;GO:0038024	2	aten_0.1.m1.866.m1	0
"scavenger receptor activity"	GO:0005044;GO:0038024	2	aten_0.1.m1.29283.m1	4
"scavenger receptor activity"	GO:0005044;GO:0038024	2	aten_0.1.m1.32770.m1	-14
"RNA cap binding"	GO:0000339	2	aten_0.1.m1.12986.m1	-13
"RNA cap binding"	GO:0000339	2	aten_0.1.m1.4830.m1	-8
"RNA cap binding"	GO:0000339	2	aten_0.1.m1.6551.m1	-1
"RNA cap binding"	GO:0000339	2	aten_0.1.m1.4772.m1	-1
"RNA cap binding"	GO:0000339	2	aten_0.1.m1.31734.m1	0
"carbonate dehydratase activity"	GO:0004089	3	aten_0.1.m1.5887.m1	7
"carbonate dehydratase activity"	GO:0004089	3	aten_0.1.m1.14905.m1	2
"carbonate dehydratase activity"	GO:0004089	3	aten_0.1.m1.6479.m1	-4
"tryptophanase activity"	GO:0009034	4	aten_0.1.m1.13117.m1	12
"tryptophanase activity"	GO:0009034	4	aten_0.1.m1.13102.m1	0
"mannosidase activity"	GO:0004559;GO:0015923	6	aten_0.1.m1.1905.m1	6
"mannosidase activity"	GO:0004559;GO:0015923	6	aten_0.1.m1.19865.m1	-21
"mannosidase activity"	GO:0004559;GO:0015923	6	aten_0.1.m1.1906.m1	3
"mannosidase activity"	GO:0004559;GO:0015923	6	aten_0.1.m1.17369.m1	0
"mannosidase activity"	GO:0004559;GO:0015923	6	aten_0.1.m1.20004.m1	4
"GABA receptor activity"	GO:0016917	2	aten_0.1.m1.23510.m1	0
"GABA receptor activity"	GO:0016917	2	aten_0.1.m1.10261.m1	0
"GABA receptor activity"	GO:0016917	2	aten_0.1.m1.6063.m1	-4
"GABA receptor activity"	GO:0016917	2	aten_0.1.m1.3207.m1	0
"GABA receptor activity"	GO:0016917	2	aten_0.1.m1.16409.m1	-5
"GABA receptor activity"	GO:0016917	2	aten_0.1.m1.30060.m1	-19
"GABA receptor activity"	GO:0016917	2	aten_0.1.m1.27237.m1	0
"GABA receptor activity"	GO:0016917	2	aten_0.1.m1.25791.m1	0
"GABA receptor activity"	GO:0016917	2	aten_0.1.m1.23511.m1	10
"GABA receptor activity"	GO:0016917	2	aten_0.1.m1.1535.m1	7
"GABA receptor activity"	GO:0016917	2	aten_0.1.m1.29033.m1	0
"GABA receptor activity"	GO:0016917	2	aten_0.1.m1.1532.m1	-7
"GABA receptor activity"	GO:0016917	2	aten_0.1.m1.24826.m1	0
"GABA receptor activity"	GO:0016917	2	aten_0.1.m1.1294.m1	0
"GABA receptor activity"	GO:0016917	2	aten_0.1.m1.10264.m1	0
"GABA receptor activity"	GO:0016917	2	aten_0.1.m1.7575.m1	0
"GABA receptor activity"	GO:0016917	2	aten_0.1.m1.23518.m1	0
"GABA receptor activity"	GO:0016917	2	aten_0.1.m1.23521.m1	0
"GABA receptor activity"	GO:0016917	2	aten_0.1.m1.33550.m1	2
"GABA receptor activity"	GO:0016917	2	aten_0.1.m1.10260.m1	6
"GABA receptor activity"	GO:0016917	2	aten_0.1.m1.24198.m1	0
"GABA receptor activity"	GO:0016917	2	aten_0.1.m1.5482.m1	10
"GABA receptor activity"	GO:0016917	2	aten_0.1.m1.749.m1	0
"GABA receptor activity"	GO:0016917	2	aten_0.1.m1.15732.m1	11
"SNARE binding"	GO:0000149	3	aten_0.1.m1.532.m1	0
"SNARE binding"	GO:0000149	3	aten_0.1.m1.11086.m1	5
"SNARE binding"	GO:0000149	3	aten_0.1.m1.24581.m1	0
"SNARE binding"	GO:0000149	3	aten_0.1.m1.21036.m1	0
"SNARE binding"	GO:0000149	3	aten_0.1.m1.23535.m1	-1
"SNARE binding"	GO:0000149	3	aten_0.1.m1.21997.m1	4
"SNARE binding"	GO:0000149	3	aten_0.1.m1.1835.m1	-6
"SNARE binding"	GO:0000149	3	aten_0.1.m1.513.m1	6
"SNARE binding"	GO:0000149	3	aten_0.1.m1.23536.m1	12
"SNARE binding"	GO:0000149	3	aten_0.1.m1.16774.m1	-14
"SNARE binding"	GO:0000149	3	aten_0.1.m1.14066.m1	-7
"SNARE binding"	GO:0000149	3	aten_0.1.m1.17493.m1	1
"SNARE binding"	GO:0000149	3	aten_0.1.m1.2213.m1	0
"SNARE binding"	GO:0000149	3	aten_0.1.m1.2067.m1	0
"SNARE binding"	GO:0000149	3	aten_0.1.m1.12625.m1	0
"SNARE binding"	GO:0000149	3	aten_0.1.m1.11026.m1	-1
"nucleotidyltransferase activity"	GO:0016779	3	aten_0.1.m1.32510.m1	-22
"nucleotidyltransferase activity"	GO:0016779	3	aten_0.1.m1.31221.m1	-9
"nucleotidyltransferase activity"	GO:0016779	3	aten_0.1.m1.5213.m1	2
"nucleotidyltransferase activity"	GO:0016779	3	aten_0.1.m1.30498.m1	3
"nucleotidyltransferase activity"	GO:0016779	3	aten_0.1.m1.17232.m1	-10
"nucleotidyltransferase activity"	GO:0016779	3	aten_0.1.m1.32999.m1	-6
"nucleotidyltransferase activity"	GO:0016779	3	aten_0.1.m1.28586.m1	0
"nucleotidyltransferase activity"	GO:0016779	3	aten_0.1.m1.17197.m1	-1
"nucleotidyltransferase activity"	GO:0016779	3	aten_0.1.m1.15220.m1	0
"nucleotidyltransferase activity"	GO:0016779	3	aten_0.1.m1.24186.m1	0
"nucleotidyltransferase activity"	GO:0016779	3	aten_0.1.m1.9799.m1	-11
"UDP-galactose transmembrane transporter activity"	GO:0005459;GO:0015165	2	aten_0.1.m1.10307.m1	5
"UDP-galactose transmembrane transporter activity"	GO:0005459;GO:0015165	2	aten_0.1.m1.1859.m1	8
"sodium channel activity"	GO:0005272	4	aten_0.1.m1.33727.m1	5
"sodium channel activity"	GO:0005272	4	aten_0.1.m1.19748.m1	-4
"sodium channel activity"	GO:0005272	4	aten_0.1.m1.16905.m1	0
"sodium channel activity"	GO:0005272	4	aten_0.1.m1.15514.m1	1
"sodium channel activity"	GO:0005272	4	aten_0.1.m1.15502.m1	-4
"sodium channel activity"	GO:0005272	4	aten_0.1.m1.19742.m1	0
"carboxylic ester hydrolase activity"	GO:0052689	2	aten_0.1.m1.14014.m1	4
"carboxylic ester hydrolase activity"	GO:0052689	2	aten_0.1.m1.14906.m1	-8
"carboxylic ester hydrolase activity"	GO:0052689	2	aten_0.1.m1.6558.m1	-10
"carboxylic ester hydrolase activity"	GO:0052689	2	aten_0.1.m1.811.m1	-7
"carboxylic ester hydrolase activity"	GO:0052689	2	aten_0.1.m1.6555.m1	11
"carboxylic ester hydrolase activity"	GO:0052689	2	aten_0.1.m1.28618.m1	0
"carboxylic ester hydrolase activity"	GO:0052689	2	aten_0.1.m1.28617.m1	0
"carboxylic ester hydrolase activity"	GO:0052689	2	aten_0.1.m1.29814.m1	-7
"carboxylic ester hydrolase activity"	GO:0052689	2	aten_0.1.m1.21761.m1	0
"carboxylic ester hydrolase activity"	GO:0052689	2	aten_0.1.m1.4482.m1	21
"carboxylic ester hydrolase activity"	GO:0052689	2	aten_0.1.m1.9805.m1	0
"carboxylic ester hydrolase activity"	GO:0052689	2	aten_0.1.m1.9800.m1	3
"carboxylic ester hydrolase activity"	GO:0052689	2	aten_0.1.m1.11710.m1	0
"carboxylic ester hydrolase activity"	GO:0052689	2	aten_0.1.m1.7154.m1	-11
"carboxylic ester hydrolase activity"	GO:0052689	2	aten_0.1.m1.14018.m1	0
"carboxylic ester hydrolase activity"	GO:0052689	2	aten_0.1.m1.19814.m1	0
"carboxylic ester hydrolase activity"	GO:0052689	2	aten_0.1.m1.11723.m1	0
"carboxylic ester hydrolase activity"	GO:0052689	2	aten_0.1.m1.15631.m1	-2
"carboxylic ester hydrolase activity"	GO:0052689	2	aten_0.1.m1.7138.m1	1
"ErbB-2 class receptor binding"	GO:0005176	4	aten_0.1.m1.2520.m1	0
"ErbB-2 class receptor binding"	GO:0005176	4	aten_0.1.m1.5911.m1	15
"ErbB-2 class receptor binding"	GO:0005176	4	aten_0.1.m1.18800.m1	7
"ErbB-2 class receptor binding"	GO:0005176	4	aten_0.1.m1.3025.m1	6
"ErbB-2 class receptor binding"	GO:0005176	4	aten_0.1.m1.4637.m1	9
"ErbB-2 class receptor binding"	GO:0005176	4	aten_0.1.m1.4613.m1	-4
"ErbB-2 class receptor binding"	GO:0005176	4	aten_0.1.m1.5912.m1	3
"retinal binding"	GO:0005502;GO:0016918;GO:0005501;GO:0019840	3	aten_0.1.m1.6216.m1	2
"retinal binding"	GO:0005502;GO:0016918;GO:0005501;GO:0019840	3	aten_0.1.m1.12427.m1	-8
"transporter activity"	GO:0005215;GO:0015075;GO:0022857;GO:0015318	1	aten_0.1.m1.1789.m1	-6
"transporter activity"	GO:0005215;GO:0015075;GO:0022857;GO:0015318	1	aten_0.1.m1.5237.m1	0
"transporter activity"	GO:0005215;GO:0015075;GO:0022857;GO:0015318	1	aten_0.1.m1.26187.m1	9
"transporter activity"	GO:0005215;GO:0015075;GO:0022857;GO:0015318	1	aten_0.1.m1.19863.m1	0
"transporter activity"	GO:0005215;GO:0015075;GO:0022857;GO:0015318	1	aten_0.1.m1.15385.m1	-8
"transporter activity"	GO:0005215;GO:0015075;GO:0022857;GO:0015318	1	aten_0.1.m1.21648.m1	0
"transporter activity"	GO:0005215;GO:0015075;GO:0022857;GO:0015318	1	aten_0.1.m1.10842.m1	0
"transporter activity"	GO:0005215;GO:0015075;GO:0022857;GO:0015318	1	aten_0.1.m1.28083.m1	-1
"transporter activity"	GO:0005215;GO:0015075;GO:0022857;GO:0015318	1	aten_0.1.m1.29019.m1	3
"transporter activity"	GO:0005215;GO:0015075;GO:0022857;GO:0015318	1	aten_0.1.m1.12787.m1	-8
"transporter activity"	GO:0005215;GO:0015075;GO:0022857;GO:0015318	1	aten_0.1.m1.2490.m1	0
"transporter activity"	GO:0005215;GO:0015075;GO:0022857;GO:0015318	1	aten_0.1.m1.4490.m1	6
"transporter activity"	GO:0005215;GO:0015075;GO:0022857;GO:0015318	1	aten_0.1.m1.31334.m1	-3
"transporter activity"	GO:0005215;GO:0015075;GO:0022857;GO:0015318	1	aten_0.1.m1.19001.m1	2
"transporter activity"	GO:0005215;GO:0015075;GO:0022857;GO:0015318	1	aten_0.1.m1.30357.m1	0
"transporter activity"	GO:0005215;GO:0015075;GO:0022857;GO:0015318	1	aten_0.1.m1.6454.m1	-13
"transporter activity"	GO:0005215;GO:0015075;GO:0022857;GO:0015318	1	aten_0.1.m1.22865.m1	2
"transporter activity"	GO:0005215;GO:0015075;GO:0022857;GO:0015318	1	aten_0.1.m1.19339.m1	-11
"transporter activity"	GO:0005215;GO:0015075;GO:0022857;GO:0015318	1	aten_0.1.m1.11476.m1	0
"transporter activity"	GO:0005215;GO:0015075;GO:0022857;GO:0015318	1	aten_0.1.m1.30383.m1	0
"transporter activity"	GO:0005215;GO:0015075;GO:0022857;GO:0015318	1	aten_0.1.m1.2485.m1	5
"transporter activity"	GO:0005215;GO:0015075;GO:0022857;GO:0015318	1	aten_0.1.m1.12702.m1	0
"transporter activity"	GO:0005215;GO:0015075;GO:0022857;GO:0015318	1	aten_0.1.m1.24349.m1	1
"transporter activity"	GO:0005215;GO:0015075;GO:0022857;GO:0015318	1	aten_0.1.m1.10307.m1	5
"transporter activity"	GO:0005215;GO:0015075;GO:0022857;GO:0015318	1	aten_0.1.m1.277.m1	-2
"transporter activity"	GO:0005215;GO:0015075;GO:0022857;GO:0015318	1	aten_0.1.m1.33727.m1	5
"transporter activity"	GO:0005215;GO:0015075;GO:0022857;GO:0015318	1	aten_0.1.m1.18237.m1	-17
"transporter activity"	GO:0005215;GO:0015075;GO:0022857;GO:0015318	1	aten_0.1.m1.24193.m1	2
"transporter activity"	GO:0005215;GO:0015075;GO:0022857;GO:0015318	1	aten_0.1.m1.10444.m1	0
"transporter activity"	GO:0005215;GO:0015075;GO:0022857;GO:0015318	1	aten_0.1.m1.30029.m1	2
"transporter activity"	GO:0005215;GO:0015075;GO:0022857;GO:0015318	1	aten_0.1.m1.32354.m1	0
"transporter activity"	GO:0005215;GO:0015075;GO:0022857;GO:0015318	1	aten_0.1.m1.10594.m1	4
"transporter activity"	GO:0005215;GO:0015075;GO:0022857;GO:0015318	1	aten_0.1.m1.272.m1	-3
"transporter activity"	GO:0005215;GO:0015075;GO:0022857;GO:0015318	1	aten_0.1.m1.15336.m1	13
"transporter activity"	GO:0005215;GO:0015075;GO:0022857;GO:0015318	1	aten_0.1.m1.31297.m1	-8
"transporter activity"	GO:0005215;GO:0015075;GO:0022857;GO:0015318	1	aten_0.1.m1.13958.m1	2
"transporter activity"	GO:0005215;GO:0015075;GO:0022857;GO:0015318	1	aten_0.1.m1.15319.m1	4
"transporter activity"	GO:0005215;GO:0015075;GO:0022857;GO:0015318	1	aten_0.1.m1.23035.m1	3
"transporter activity"	GO:0005215;GO:0015075;GO:0022857;GO:0015318	1	aten_0.1.m1.19748.m1	-4
"transporter activity"	GO:0005215;GO:0015075;GO:0022857;GO:0015318	1	aten_0.1.m1.11119.m1	0
"transporter activity"	GO:0005215;GO:0015075;GO:0022857;GO:0015318	1	aten_0.1.m1.2410.m1	9
"transporter activity"	GO:0005215;GO:0015075;GO:0022857;GO:0015318	1	aten_0.1.m1.13176.m1	-17
"transporter activity"	GO:0005215;GO:0015075;GO:0022857;GO:0015318	1	aten_0.1.m1.10453.m1	-1
"transporter activity"	GO:0005215;GO:0015075;GO:0022857;GO:0015318	1	aten_0.1.m1.30125.m1	0
"transporter activity"	GO:0005215;GO:0015075;GO:0022857;GO:0015318	1	aten_0.1.m1.18558.m1	-14
"transporter activity"	GO:0005215;GO:0015075;GO:0022857;GO:0015318	1	aten_0.1.m1.5157.m1	0
"transporter activity"	GO:0005215;GO:0015075;GO:0022857;GO:0015318	1	aten_0.1.m1.1674.m1	-21
"transporter activity"	GO:0005215;GO:0015075;GO:0022857;GO:0015318	1	aten_0.1.m1.18898.m1	0
"transporter activity"	GO:0005215;GO:0015075;GO:0022857;GO:0015318	1	aten_0.1.m1.9224.m1	-10
"transporter activity"	GO:0005215;GO:0015075;GO:0022857;GO:0015318	1	aten_0.1.m1.21246.m1	23
"transporter activity"	GO:0005215;GO:0015075;GO:0022857;GO:0015318	1	aten_0.1.m1.5575.m1	1
"transporter activity"	GO:0005215;GO:0015075;GO:0022857;GO:0015318	1	aten_0.1.m1.931.m1	0
"transporter activity"	GO:0005215;GO:0015075;GO:0022857;GO:0015318	1	aten_0.1.m1.6844.m1	-3
"transporter activity"	GO:0005215;GO:0015075;GO:0022857;GO:0015318	1	aten_0.1.m1.30556.m1	2
"transporter activity"	GO:0005215;GO:0015075;GO:0022857;GO:0015318	1	aten_0.1.m1.3239.m1	-2
"transporter activity"	GO:0005215;GO:0015075;GO:0022857;GO:0015318	1	aten_0.1.m1.22508.m1	-2
"transporter activity"	GO:0005215;GO:0015075;GO:0022857;GO:0015318	1	aten_0.1.m1.26537.m1	-10
"transporter activity"	GO:0005215;GO:0015075;GO:0022857;GO:0015318	1	aten_0.1.m1.11941.m1	0
"transporter activity"	GO:0005215;GO:0015075;GO:0022857;GO:0015318	1	aten_0.1.m1.19582.m1	2
"transporter activity"	GO:0005215;GO:0015075;GO:0022857;GO:0015318	1	aten_0.1.m1.11152.m1	4
"transporter activity"	GO:0005215;GO:0015075;GO:0022857;GO:0015318	1	aten_0.1.m1.281.m1	12
"transporter activity"	GO:0005215;GO:0015075;GO:0022857;GO:0015318	1	aten_0.1.m1.3026.m1	0
"transporter activity"	GO:0005215;GO:0015075;GO:0022857;GO:0015318	1	aten_0.1.m1.5718.m1	-2
"transporter activity"	GO:0005215;GO:0015075;GO:0022857;GO:0015318	1	aten_0.1.m1.7.m1	0
"transporter activity"	GO:0005215;GO:0015075;GO:0022857;GO:0015318	1	aten_0.1.m1.28929.m1	0
"transporter activity"	GO:0005215;GO:0015075;GO:0022857;GO:0015318	1	aten_0.1.m1.15711.m1	0
"transporter activity"	GO:0005215;GO:0015075;GO:0022857;GO:0015318	1	aten_0.1.m1.2471.m1	0
"transporter activity"	GO:0005215;GO:0015075;GO:0022857;GO:0015318	1	aten_0.1.m1.19690.m1	7
"transporter activity"	GO:0005215;GO:0015075;GO:0022857;GO:0015318	1	aten_0.1.m1.9807.m1	9
"transporter activity"	GO:0005215;GO:0015075;GO:0022857;GO:0015318	1	aten_0.1.m1.13368.m1	25
"transporter activity"	GO:0005215;GO:0015075;GO:0022857;GO:0015318	1	aten_0.1.m1.11475.m1	-1
"transporter activity"	GO:0005215;GO:0015075;GO:0022857;GO:0015318	1	aten_0.1.m1.15272.m1	-11
"transporter activity"	GO:0005215;GO:0015075;GO:0022857;GO:0015318	1	aten_0.1.m1.16326.m1	-1
"transporter activity"	GO:0005215;GO:0015075;GO:0022857;GO:0015318	1	aten_0.1.m1.293.m1	0
"transporter activity"	GO:0005215;GO:0015075;GO:0022857;GO:0015318	1	aten_0.1.m1.1470.m1	1
"transporter activity"	GO:0005215;GO:0015075;GO:0022857;GO:0015318	1	aten_0.1.m1.16905.m1	0
"transporter activity"	GO:0005215;GO:0015075;GO:0022857;GO:0015318	1	aten_0.1.m1.2189.m1	7
"transporter activity"	GO:0005215;GO:0015075;GO:0022857;GO:0015318	1	aten_0.1.m1.25816.m1	0
"transporter activity"	GO:0005215;GO:0015075;GO:0022857;GO:0015318	1	aten_0.1.m1.12784.m1	5
"transporter activity"	GO:0005215;GO:0015075;GO:0022857;GO:0015318	1	aten_0.1.m1.6388.m1	-3
"transporter activity"	GO:0005215;GO:0015075;GO:0022857;GO:0015318	1	aten_0.1.m1.6387.m1	0
"transporter activity"	GO:0005215;GO:0015075;GO:0022857;GO:0015318	1	aten_0.1.m1.24269.m1	0
"transporter activity"	GO:0005215;GO:0015075;GO:0022857;GO:0015318	1	aten_0.1.m1.2803.m1	0
"transporter activity"	GO:0005215;GO:0015075;GO:0022857;GO:0015318	1	aten_0.1.m1.14502.m1	-3
"transporter activity"	GO:0005215;GO:0015075;GO:0022857;GO:0015318	1	aten_0.1.m1.15514.m1	1
"transporter activity"	GO:0005215;GO:0015075;GO:0022857;GO:0015318	1	aten_0.1.m1.21015.m1	-8
"transporter activity"	GO:0005215;GO:0015075;GO:0022857;GO:0015318	1	aten_0.1.m1.1859.m1	8
"transporter activity"	GO:0005215;GO:0015075;GO:0022857;GO:0015318	1	aten_0.1.m1.15502.m1	-4
"transporter activity"	GO:0005215;GO:0015075;GO:0022857;GO:0015318	1	aten_0.1.m1.12691.m1	6
"transporter activity"	GO:0005215;GO:0015075;GO:0022857;GO:0015318	1	aten_0.1.m1.1219.m1	0
"transporter activity"	GO:0005215;GO:0015075;GO:0022857;GO:0015318	1	aten_0.1.m1.32156.m1	12
"transporter activity"	GO:0005215;GO:0015075;GO:0022857;GO:0015318	1	aten_0.1.m1.291.m1	-1
"transporter activity"	GO:0005215;GO:0015075;GO:0022857;GO:0015318	1	aten_0.1.m1.7390.m1	0
"transporter activity"	GO:0005215;GO:0015075;GO:0022857;GO:0015318	1	aten_0.1.m1.15383.m1	0
"transporter activity"	GO:0005215;GO:0015075;GO:0022857;GO:0015318	1	aten_0.1.m1.9839.m1	-4
"transporter activity"	GO:0005215;GO:0015075;GO:0022857;GO:0015318	1	aten_0.1.m1.6087.m1	0
"transporter activity"	GO:0005215;GO:0015075;GO:0022857;GO:0015318	1	aten_0.1.m1.19011.m1	-19
"transporter activity"	GO:0005215;GO:0015075;GO:0022857;GO:0015318	1	aten_0.1.m1.24204.m1	0
"transporter activity"	GO:0005215;GO:0015075;GO:0022857;GO:0015318	1	aten_0.1.m1.16370.m1	-5
"transporter activity"	GO:0005215;GO:0015075;GO:0022857;GO:0015318	1	aten_0.1.m1.2858.m1	4
"transporter activity"	GO:0005215;GO:0015075;GO:0022857;GO:0015318	1	aten_0.1.m1.3079.m1	0
"transporter activity"	GO:0005215;GO:0015075;GO:0022857;GO:0015318	1	aten_0.1.m1.30404.m1	2
"transporter activity"	GO:0005215;GO:0015075;GO:0022857;GO:0015318	1	aten_0.1.m1.28104.m1	-10
"transporter activity"	GO:0005215;GO:0015075;GO:0022857;GO:0015318	1	aten_0.1.m1.26691.m1	0
"transporter activity"	GO:0005215;GO:0015075;GO:0022857;GO:0015318	1	aten_0.1.m1.15280.m1	-12
"transporter activity"	GO:0005215;GO:0015075;GO:0022857;GO:0015318	1	aten_0.1.m1.8269.m1	0
"transporter activity"	GO:0005215;GO:0015075;GO:0022857;GO:0015318	1	aten_0.1.m1.17479.m1	0
"transporter activity"	GO:0005215;GO:0015075;GO:0022857;GO:0015318	1	aten_0.1.m1.32236.m1	-8
"transporter activity"	GO:0005215;GO:0015075;GO:0022857;GO:0015318	1	aten_0.1.m1.22182.m1	7
"transporter activity"	GO:0005215;GO:0015075;GO:0022857;GO:0015318	1	aten_0.1.m1.2877.m1	13
"transporter activity"	GO:0005215;GO:0015075;GO:0022857;GO:0015318	1	aten_0.1.m1.9812.m1	-9
"transporter activity"	GO:0005215;GO:0015075;GO:0022857;GO:0015318	1	aten_0.1.m1.29680.m1	0
"transporter activity"	GO:0005215;GO:0015075;GO:0022857;GO:0015318	1	aten_0.1.m1.19333.m1	-15
"transporter activity"	GO:0005215;GO:0015075;GO:0022857;GO:0015318	1	aten_0.1.m1.15344.m1	0
"transporter activity"	GO:0005215;GO:0015075;GO:0022857;GO:0015318	1	aten_0.1.m1.26450.m1	16
"transporter activity"	GO:0005215;GO:0015075;GO:0022857;GO:0015318	1	aten_0.1.m1.17784.m1	-3
"transporter activity"	GO:0005215;GO:0015075;GO:0022857;GO:0015318	1	aten_0.1.m1.23773.m1	-21
"transporter activity"	GO:0005215;GO:0015075;GO:0022857;GO:0015318	1	aten_0.1.m1.29008.m1	6
"transporter activity"	GO:0005215;GO:0015075;GO:0022857;GO:0015318	1	aten_0.1.m1.18985.m1	0
"transporter activity"	GO:0005215;GO:0015075;GO:0022857;GO:0015318	1	aten_0.1.m1.19742.m1	0
"transporter activity"	GO:0005215;GO:0015075;GO:0022857;GO:0015318	1	aten_0.1.m1.30382.m1	0
"transporter activity"	GO:0005215;GO:0015075;GO:0022857;GO:0015318	1	aten_0.1.m1.25532.m1	6
"transporter activity"	GO:0005215;GO:0015075;GO:0022857;GO:0015318	1	aten_0.1.m1.30463.m1	6
"transporter activity"	GO:0005215;GO:0015075;GO:0022857;GO:0015318	1	aten_0.1.m1.32548.m1	1
"transporter activity"	GO:0005215;GO:0015075;GO:0022857;GO:0015318	1	aten_0.1.m1.19870.m1	9
"transporter activity"	GO:0005215;GO:0015075;GO:0022857;GO:0015318	1	aten_0.1.m1.15382.m1	-7
"transporter activity"	GO:0005215;GO:0015075;GO:0022857;GO:0015318	1	aten_0.1.m1.18992.m1	0
"phospholipid binding"	GO:0005543	3	aten_0.1.m1.9834.m1	0
"phospholipid binding"	GO:0005543	3	aten_0.1.m1.13398.m1	-14
"phospholipid binding"	GO:0005543	3	aten_0.1.m1.30427.m1	0
"phospholipid binding"	GO:0005543	3	aten_0.1.m1.6483.m1	-4
"phospholipid binding"	GO:0005543	3	aten_0.1.m1.5498.m1	0
"phospholipid binding"	GO:0005543	3	aten_0.1.m1.2062.m1	-12
"phospholipid binding"	GO:0005543	3	aten_0.1.m1.15059.m1	0
"saccharopine dehydrogenase activity"	GO:0004753;GO:0016646;GO:0016645	5	aten_0.1.m1.10138.m1	3
"saccharopine dehydrogenase activity"	GO:0004753;GO:0016646;GO:0016645	5	aten_0.1.m1.29804.m1	3
"nuclease activity"	GO:0004518	2	aten_0.1.m1.22155.m1	-3
"nuclease activity"	GO:0004518	2	aten_0.1.m1.15890.m1	-25
"nuclease activity"	GO:0004518	2	aten_0.1.m1.4759.m1	0
"nuclease activity"	GO:0004518	2	aten_0.1.m1.19486.m1	0
"nuclease activity"	GO:0004518	2	aten_0.1.m1.28038.m1	0
"nuclease activity"	GO:0004518	2	aten_0.1.m1.9204.m1	-2
"nuclease activity"	GO:0004518	2	aten_0.1.m1.20449.m1	20
"nuclease activity"	GO:0004518	2	aten_0.1.m1.17059.m1	-8
"nuclease activity"	GO:0004518	2	aten_0.1.m1.3232.m1	0
"nuclease activity"	GO:0004518	2	aten_0.1.m1.24986.m1	0
"nuclease activity"	GO:0004518	2	aten_0.1.m1.18016.m1	0
"nuclease activity"	GO:0004518	2	aten_0.1.m1.21452.m1	-1
"nuclease activity"	GO:0004518	2	aten_0.1.m1.192.m1	-1
"nuclease activity"	GO:0004518	2	aten_0.1.m1.33305.m1	7
"nuclease activity"	GO:0004518	2	aten_0.1.m1.9623.m1	1
"nuclease activity"	GO:0004518	2	aten_0.1.m1.25201.m1	4
"nuclease activity"	GO:0004518	2	aten_0.1.m1.30361.m1	-1
"nuclease activity"	GO:0004518	2	aten_0.1.m1.11351.m1	7
"nuclease activity"	GO:0004518	2	aten_0.1.m1.18510.m1	5
"nuclease activity"	GO:0004518	2	aten_0.1.m1.19277.m1	-8
"nuclease activity"	GO:0004518	2	aten_0.1.m1.8093.m1	-4
"nuclease activity"	GO:0004518	2	aten_0.1.m1.21868.m1	0
"nuclease activity"	GO:0004518	2	aten_0.1.m1.11046.m1	17
"nuclease activity"	GO:0004518	2	aten_0.1.m1.13497.m1	0
"nuclease activity"	GO:0004518	2	aten_0.1.m1.5854.m1	0
"nuclease activity"	GO:0004518	2	aten_0.1.m1.29538.m1	-6
"nuclease activity"	GO:0004518	2	aten_0.1.m1.4517.m1	0
"nuclease activity"	GO:0004518	2	aten_0.1.m1.14515.m1	0
"nuclease activity"	GO:0004518	2	aten_0.1.m1.21944.m1	0
"nuclease activity"	GO:0004518	2	aten_0.1.m1.27259.m1	0
"nuclease activity"	GO:0004518	2	aten_0.1.m1.29815.m1	0
"nuclease activity"	GO:0004518	2	aten_0.1.m1.31884.m1	-6
"dodecenoyl-CoA delta-isomerase activity"	GO:0004165	4	aten_0.1.m1.18994.m1	0
"dodecenoyl-CoA delta-isomerase activity"	GO:0004165	4	aten_0.1.m1.3834.m1	2
"catalytic activity, acting on DNA"	GO:0140097	2	aten_0.1.m1.17226.m1	0
"catalytic activity, acting on DNA"	GO:0140097	2	aten_0.1.m1.28838.m1	0
"catalytic activity, acting on DNA"	GO:0140097	2	aten_0.1.m1.32510.m1	-22
"catalytic activity, acting on DNA"	GO:0140097	2	aten_0.1.m1.4759.m1	0
"catalytic activity, acting on DNA"	GO:0140097	2	aten_0.1.m1.1781.m1	-8
"catalytic activity, acting on DNA"	GO:0140097	2	aten_0.1.m1.31221.m1	-9
"catalytic activity, acting on DNA"	GO:0140097	2	aten_0.1.m1.33031.m1	6
"catalytic activity, acting on DNA"	GO:0140097	2	aten_0.1.m1.14112.m1	-1
"catalytic activity, acting on DNA"	GO:0140097	2	aten_0.1.m1.18510.m1	5
"catalytic activity, acting on DNA"	GO:0140097	2	aten_0.1.m1.28586.m1	0
"catalytic activity, acting on DNA"	GO:0140097	2	aten_0.1.m1.17197.m1	-1
"catalytic activity, acting on DNA"	GO:0140097	2	aten_0.1.m1.5854.m1	0
"catalytic activity, acting on DNA"	GO:0140097	2	aten_0.1.m1.29538.m1	-6
"catalytic activity, acting on DNA"	GO:0140097	2	aten_0.1.m1.24186.m1	0
"catalytic activity, acting on DNA"	GO:0140097	2	aten_0.1.m1.25821.m1	0
"catalytic activity, acting on DNA"	GO:0140097	2	aten_0.1.m1.9799.m1	-11
"ubiquitin-like modifier activating enzyme activity"	GO:0004839;GO:0008641	3	aten_0.1.m1.6464.m1	-22
"ubiquitin-like modifier activating enzyme activity"	GO:0004839;GO:0008641	3	aten_0.1.m1.15660.m1	-1
"structural molecule activity"	GO:0005201;GO:0005198	2	aten_0.1.m1.1704.m1	24
"structural molecule activity"	GO:0005201;GO:0005198	2	aten_0.1.m1.3038.m1	0
"structural molecule activity"	GO:0005201;GO:0005198	2	aten_0.1.m1.24432.m1	5
"structural molecule activity"	GO:0005201;GO:0005198	2	aten_0.1.m1.11905.m1	1
"structural molecule activity"	GO:0005201;GO:0005198	2	aten_0.1.m1.23859.m1	0
"structural molecule activity"	GO:0005201;GO:0005198	2	aten_0.1.m1.29292.m1	-8
"structural molecule activity"	GO:0005201;GO:0005198	2	aten_0.1.m1.5501.m1	-1
"structural molecule activity"	GO:0005201;GO:0005198	2	aten_0.1.m1.29354.m1	-18
"structural molecule activity"	GO:0005201;GO:0005198	2	aten_0.1.m1.32767.m1	0
"structural molecule activity"	GO:0005201;GO:0005198	2	aten_0.1.m1.23453.m1	-1
"structural molecule activity"	GO:0005201;GO:0005198	2	aten_0.1.m1.6846.m1	-1
"structural molecule activity"	GO:0005201;GO:0005198	2	aten_0.1.m1.29693.m1	5
"structural molecule activity"	GO:0005201;GO:0005198	2	aten_0.1.m1.16145.m1	0
"structural molecule activity"	GO:0005201;GO:0005198	2	aten_0.1.m1.4866.m1	1
"structural molecule activity"	GO:0005201;GO:0005198	2	aten_0.1.m1.6200.m1	-7
"structural molecule activity"	GO:0005201;GO:0005198	2	aten_0.1.m1.2127.m1	5
"structural molecule activity"	GO:0005201;GO:0005198	2	aten_0.1.m1.20702.m1	6
"structural molecule activity"	GO:0005201;GO:0005198	2	aten_0.1.m1.25219.m1	0
"structural molecule activity"	GO:0005201;GO:0005198	2	aten_0.1.m1.28265.m1	0
"structural molecule activity"	GO:0005201;GO:0005198	2	aten_0.1.m1.11106.m1	-1
"structural molecule activity"	GO:0005201;GO:0005198	2	aten_0.1.m1.12107.m1	-12
"structural molecule activity"	GO:0005201;GO:0005198	2	aten_0.1.m1.4878.m1	-5
"structural molecule activity"	GO:0005201;GO:0005198	2	aten_0.1.m1.2097.m1	0
"structural molecule activity"	GO:0005201;GO:0005198	2	aten_0.1.m1.17432.m1	15
"structural molecule activity"	GO:0005201;GO:0005198	2	aten_0.1.m1.7243.m1	-5
"structural molecule activity"	GO:0005201;GO:0005198	2	aten_0.1.m1.13338.m1	3
"structural molecule activity"	GO:0005201;GO:0005198	2	aten_0.1.m1.12131.m1	0
"structural molecule activity"	GO:0005201;GO:0005198	2	aten_0.1.m1.2092.m1	-7
"structural molecule activity"	GO:0005201;GO:0005198	2	aten_0.1.m1.6840.m1	0
"structural molecule activity"	GO:0005201;GO:0005198	2	aten_0.1.m1.29320.m1	-8
"structural molecule activity"	GO:0005201;GO:0005198	2	aten_0.1.m1.27518.m1	23
"structural molecule activity"	GO:0005201;GO:0005198	2	aten_0.1.m1.17459.m1	-11
"structural molecule activity"	GO:0005201;GO:0005198	2	aten_0.1.m1.4867.m1	0
"structural molecule activity"	GO:0005201;GO:0005198	2	aten_0.1.m1.2089.m1	-6
"structural molecule activity"	GO:0005201;GO:0005198	2	aten_0.1.m1.2071.m1	-19
"structural molecule activity"	GO:0005201;GO:0005198	2	aten_0.1.m1.29315.m1	-4
"structural molecule activity"	GO:0005201;GO:0005198	2	aten_0.1.m1.32197.m1	0
"structural molecule activity"	GO:0005201;GO:0005198	2	aten_0.1.m1.17447.m1	4
"structural molecule activity"	GO:0005201;GO:0005198	2	aten_0.1.m1.5053.m1	23
"structural molecule activity"	GO:0005201;GO:0005198	2	aten_0.1.m1.19867.m1	0
"structural molecule activity"	GO:0005201;GO:0005198	2	aten_0.1.m1.16146.m1	2
"structural molecule activity"	GO:0005201;GO:0005198	2	aten_0.1.m1.22634.m1	0
"structural molecule activity"	GO:0005201;GO:0005198	2	aten_0.1.m1.25216.m1	-3
"structural molecule activity"	GO:0005201;GO:0005198	2	aten_0.1.m1.5480.m1	-7
"structural molecule activity"	GO:0005201;GO:0005198	2	aten_0.1.m1.2123.m1	9
"structural molecule activity"	GO:0005201;GO:0005198	2	aten_0.1.m1.7538.m1	0
"structural molecule activity"	GO:0005201;GO:0005198	2	aten_0.1.m1.1079.m1	7
"structural molecule activity"	GO:0005201;GO:0005198	2	aten_0.1.m1.29290.m1	3
"structural molecule activity"	GO:0005201;GO:0005198	2	aten_0.1.m1.32953.m1	-1
"structural molecule activity"	GO:0005201;GO:0005198	2	aten_0.1.m1.13483.m1	23
"structural molecule activity"	GO:0005201;GO:0005198	2	aten_0.1.m1.2096.m1	-18
"structural molecule activity"	GO:0005201;GO:0005198	2	aten_0.1.m1.7726.m1	19
"structural molecule activity"	GO:0005201;GO:0005198	2	aten_0.1.m1.13339.m1	0
"structural molecule activity"	GO:0005201;GO:0005198	2	aten_0.1.m1.4417.m1	-1
"structural molecule activity"	GO:0005201;GO:0005198	2	aten_0.1.m1.32190.m1	-24
"structural molecule activity"	GO:0005201;GO:0005198	2	aten_0.1.m1.3378.m1	-24
"structural molecule activity"	GO:0005201;GO:0005198	2	aten_0.1.m1.30691.m1	0
"structural molecule activity"	GO:0005201;GO:0005198	2	aten_0.1.m1.11020.m1	4
"structural molecule activity"	GO:0005201;GO:0005198	2	aten_0.1.m1.33826.m1	5
"structural molecule activity"	GO:0005201;GO:0005198	2	aten_0.1.m1.32725.m1	-4
"structural molecule activity"	GO:0005201;GO:0005198	2	aten_0.1.m1.8855.m1	1
"structural molecule activity"	GO:0005201;GO:0005198	2	aten_0.1.m1.10173.m1	-1
"structural molecule activity"	GO:0005201;GO:0005198	2	aten_0.1.m1.6841.m1	-10
"structural molecule activity"	GO:0005201;GO:0005198	2	aten_0.1.m1.2540.m1	24
"structural molecule activity"	GO:0005201;GO:0005198	2	aten_0.1.m1.9448.m1	8
"structural molecule activity"	GO:0005201;GO:0005198	2	aten_0.1.m1.8830.m1	0
"structural molecule activity"	GO:0005201;GO:0005198	2	aten_0.1.m1.31202.m1	0
"structural molecule activity"	GO:0005201;GO:0005198	2	aten_0.1.m1.24443.m1	-12
"structural molecule activity"	GO:0005201;GO:0005198	2	aten_0.1.m1.29350.m1	-10
"structural molecule activity"	GO:0005201;GO:0005198	2	aten_0.1.m1.4889.m1	21
"structural molecule activity"	GO:0005201;GO:0005198	2	aten_0.1.m1.19503.m1	-11
"structural molecule activity"	GO:0005201;GO:0005198	2	aten_0.1.m1.13476.m1	-10
"structural molecule activity"	GO:0005201;GO:0005198	2	aten_0.1.m1.32203.m1	13
"structural molecule activity"	GO:0005201;GO:0005198	2	aten_0.1.m1.28779.m1	2
"structural molecule activity"	GO:0005201;GO:0005198	2	aten_0.1.m1.29314.m1	0
"structural molecule activity"	GO:0005201;GO:0005198	2	aten_0.1.m1.31374.m1	0
"structural molecule activity"	GO:0005201;GO:0005198	2	aten_0.1.m1.24652.m1	0
"structural molecule activity"	GO:0005201;GO:0005198	2	aten_0.1.m1.19509.m1	0
"structural molecule activity"	GO:0005201;GO:0005198	2	aten_0.1.m1.29356.m1	-2
"structural molecule activity"	GO:0005201;GO:0005198	2	aten_0.1.m1.16681.m1	10
"structural molecule activity"	GO:0005201;GO:0005198	2	aten_0.1.m1.30100.m1	-1
"structural molecule activity"	GO:0005201;GO:0005198	2	aten_0.1.m1.32215.m1	-3
"structural molecule activity"	GO:0005201;GO:0005198	2	aten_0.1.m1.15363.m1	-1
"structural molecule activity"	GO:0005201;GO:0005198	2	aten_0.1.m1.2373.m1	0
"structural molecule activity"	GO:0005201;GO:0005198	2	aten_0.1.m1.7916.m1	0
"structural molecule activity"	GO:0005201;GO:0005198	2	aten_0.1.m1.7934.m1	0
"structural molecule activity"	GO:0005201;GO:0005198	2	aten_0.1.m1.7936.m1	11
"structural molecule activity"	GO:0005201;GO:0005198	2	aten_0.1.m1.12990.m1	0
"structural molecule activity"	GO:0005201;GO:0005198	2	aten_0.1.m1.11080.m1	-4
"structural molecule activity"	GO:0005201;GO:0005198	2	aten_0.1.m1.7908.m1	0
"structural molecule activity"	GO:0005201;GO:0005198	2	aten_0.1.m1.24814.m1	-1
"structural molecule activity"	GO:0005201;GO:0005198	2	aten_0.1.m1.14748.m1	0
"structural molecule activity"	GO:0005201;GO:0005198	2	aten_0.1.m1.4253.m1	0
"structural molecule activity"	GO:0005201;GO:0005198	2	aten_0.1.m1.10601.m1	7
"structural molecule activity"	GO:0005201;GO:0005198	2	aten_0.1.m1.2335.m1	-4
"structural molecule activity"	GO:0005201;GO:0005198	2	aten_0.1.m1.2331.m1	-4
"structural molecule activity"	GO:0005201;GO:0005198	2	aten_0.1.m1.15386.m1	0
"structural molecule activity"	GO:0005201;GO:0005198	2	aten_0.1.m1.5529.m1	0
"structural molecule activity"	GO:0005201;GO:0005198	2	aten_0.1.m1.7954.m1	-3
"structural molecule activity"	GO:0005201;GO:0005198	2	aten_0.1.m1.2324.m1	-12
"structural molecule activity"	GO:0005201;GO:0005198	2	aten_0.1.m1.1642.m1	-12
"structural molecule activity"	GO:0005201;GO:0005198	2	aten_0.1.m1.29385.m1	18
"structural molecule activity"	GO:0005201;GO:0005198	2	aten_0.1.m1.14320.m1	0
"structural molecule activity"	GO:0005201;GO:0005198	2	aten_0.1.m1.226.m1	0
"amino acid:cation symporter activity"	GO:0005314;GO:0015501;GO:0005283;GO:0140161;GO:0005343;GO:0005416;GO:0015355	6	aten_0.1.m1.30357.m1	0
"amino acid:cation symporter activity"	GO:0005314;GO:0015501;GO:0005283;GO:0140161;GO:0005343;GO:0005416;GO:0015355	6	aten_0.1.m1.30383.m1	0
"amino acid:cation symporter activity"	GO:0005314;GO:0015501;GO:0005283;GO:0140161;GO:0005343;GO:0005416;GO:0015355	6	aten_0.1.m1.30404.m1	2
"amino acid:cation symporter activity"	GO:0005314;GO:0015501;GO:0005283;GO:0140161;GO:0005343;GO:0005416;GO:0015355	6	aten_0.1.m1.26691.m1	0
"amino acid:cation symporter activity"	GO:0005314;GO:0015501;GO:0005283;GO:0140161;GO:0005343;GO:0005416;GO:0015355	6	aten_0.1.m1.30382.m1	0
"amino acid:cation symporter activity"	GO:0005314;GO:0015501;GO:0005283;GO:0140161;GO:0005343;GO:0005416;GO:0015355	6	aten_0.1.m1.18237.m1	-17
"transferase activity"	GO:0016740	2	aten_0.1.m1.14389.m1	5
"transferase activity"	GO:0016740	2	aten_0.1.m1.28186.m1	6
"transferase activity"	GO:0016740	2	aten_0.1.m1.11829.m1	0
"transferase activity"	GO:0016740	2	aten_0.1.m1.14170.m1	0
"transferase activity"	GO:0016740	2	aten_0.1.m1.8874.m1	-7
"transferase activity"	GO:0016740	2	aten_0.1.m1.17858.m1	-7
"transferase activity"	GO:0016740	2	aten_0.1.m1.7728.m1	0
"transferase activity"	GO:0016740	2	aten_0.1.m1.7537.m1	0
"transferase activity"	GO:0016740	2	aten_0.1.m1.19502.m1	0
"transferase activity"	GO:0016740	2	aten_0.1.m1.20921.m1	-3
"transferase activity"	GO:0016740	2	aten_0.1.m1.32207.m1	-14
"transferase activity"	GO:0016740	2	aten_0.1.m1.21097.m1	8
"transferase activity"	GO:0016740	2	aten_0.1.m1.16242.m1	3
"transferase activity"	GO:0016740	2	aten_0.1.m1.6310.m1	0
"transferase activity"	GO:0016740	2	aten_0.1.m1.32328.m1	0
"transferase activity"	GO:0016740	2	aten_0.1.m1.32510.m1	-22
"transferase activity"	GO:0016740	2	aten_0.1.m1.24872.m1	-21
"transferase activity"	GO:0016740	2	aten_0.1.m1.10.m1	-15
"transferase activity"	GO:0016740	2	aten_0.1.m1.4495.m1	0
"transferase activity"	GO:0016740	2	aten_0.1.m1.11765.m1	0
"transferase activity"	GO:0016740	2	aten_0.1.m1.4854.m1	4
"transferase activity"	GO:0016740	2	aten_0.1.m1.17280.m1	4
"transferase activity"	GO:0016740	2	aten_0.1.m1.11636.m1	-6
"transferase activity"	GO:0016740	2	aten_0.1.m1.18303.m1	-12
"transferase activity"	GO:0016740	2	aten_0.1.m1.19561.m1	-1
"transferase activity"	GO:0016740	2	aten_0.1.m1.19528.m1	7
"transferase activity"	GO:0016740	2	aten_0.1.m1.32895.m1	0
"transferase activity"	GO:0016740	2	aten_0.1.m1.14259.m1	15
"transferase activity"	GO:0016740	2	aten_0.1.m1.3147.m1	13
"transferase activity"	GO:0016740	2	aten_0.1.m1.24689.m1	-26
"transferase activity"	GO:0016740	2	aten_0.1.m1.11807.m1	-4
"transferase activity"	GO:0016740	2	aten_0.1.m1.28040.m1	0
"transferase activity"	GO:0016740	2	aten_0.1.m1.26394.m1	-3
"transferase activity"	GO:0016740	2	aten_0.1.m1.15966.m1	0
"transferase activity"	GO:0016740	2	aten_0.1.m1.11816.m1	3
"transferase activity"	GO:0016740	2	aten_0.1.m1.10155.m1	0
"transferase activity"	GO:0016740	2	aten_0.1.m1.7817.m1	0
"transferase activity"	GO:0016740	2	aten_0.1.m1.10800.m1	-7
"transferase activity"	GO:0016740	2	aten_0.1.m1.15569.m1	20
"transferase activity"	GO:0016740	2	aten_0.1.m1.13665.m1	-3
"transferase activity"	GO:0016740	2	aten_0.1.m1.6515.m1	3
"transferase activity"	GO:0016740	2	aten_0.1.m1.12472.m1	-3
"transferase activity"	GO:0016740	2	aten_0.1.m1.15777.m1	0
"transferase activity"	GO:0016740	2	aten_0.1.m1.10694.m1	-7
"transferase activity"	GO:0016740	2	aten_0.1.m1.16099.m1	-14
"transferase activity"	GO:0016740	2	aten_0.1.m1.21347.m1	2
"transferase activity"	GO:0016740	2	aten_0.1.m1.2077.m1	0
"transferase activity"	GO:0016740	2	aten_0.1.m1.28129.m1	4
"transferase activity"	GO:0016740	2	aten_0.1.m1.25172.m1	-5
"transferase activity"	GO:0016740	2	aten_0.1.m1.14252.m1	0
"transferase activity"	GO:0016740	2	aten_0.1.m1.28044.m1	0
"transferase activity"	GO:0016740	2	aten_0.1.m1.16053.m1	0
"transferase activity"	GO:0016740	2	aten_0.1.m1.6443.m1	0
"transferase activity"	GO:0016740	2	aten_0.1.m1.2.m1	0
"transferase activity"	GO:0016740	2	aten_0.1.m1.31097.m1	0
"transferase activity"	GO:0016740	2	aten_0.1.m1.32379.m1	2
"transferase activity"	GO:0016740	2	aten_0.1.m1.29060.m1	-7
"transferase activity"	GO:0016740	2	aten_0.1.m1.26580.m1	0
"transferase activity"	GO:0016740	2	aten_0.1.m1.32068.m1	0
"transferase activity"	GO:0016740	2	aten_0.1.m1.19540.m1	-10
"transferase activity"	GO:0016740	2	aten_0.1.m1.21210.m1	-5
"transferase activity"	GO:0016740	2	aten_0.1.m1.30180.m1	-4
"transferase activity"	GO:0016740	2	aten_0.1.m1.15379.m1	0
"transferase activity"	GO:0016740	2	aten_0.1.m1.18612.m1	0
"transferase activity"	GO:0016740	2	aten_0.1.m1.30132.m1	0
"transferase activity"	GO:0016740	2	aten_0.1.m1.17765.m1	0
"transferase activity"	GO:0016740	2	aten_0.1.m1.13666.m1	6
"transferase activity"	GO:0016740	2	aten_0.1.m1.14915.m1	10
"transferase activity"	GO:0016740	2	aten_0.1.m1.29451.m1	-3
"transferase activity"	GO:0016740	2	aten_0.1.m1.14416.m1	-7
"transferase activity"	GO:0016740	2	aten_0.1.m1.3577.m1	11
"transferase activity"	GO:0016740	2	aten_0.1.m1.17752.m1	0
"transferase activity"	GO:0016740	2	aten_0.1.m1.8151.m1	-7
"transferase activity"	GO:0016740	2	aten_0.1.m1.3629.m1	-10
"transferase activity"	GO:0016740	2	aten_0.1.m1.12921.m1	4
"transferase activity"	GO:0016740	2	aten_0.1.m1.2716.m1	0
"transferase activity"	GO:0016740	2	aten_0.1.m1.20626.m1	0
"transferase activity"	GO:0016740	2	aten_0.1.m1.1268.m1	17
"transferase activity"	GO:0016740	2	aten_0.1.m1.10040.m1	-6
"transferase activity"	GO:0016740	2	aten_0.1.m1.10782.m1	0
"transferase activity"	GO:0016740	2	aten_0.1.m1.357.m1	0
"transferase activity"	GO:0016740	2	aten_0.1.m1.6746.m1	6
"transferase activity"	GO:0016740	2	aten_0.1.m1.30025.m1	0
"transferase activity"	GO:0016740	2	aten_0.1.m1.8171.m1	-2
"transferase activity"	GO:0016740	2	aten_0.1.m1.3958.m1	0
"transferase activity"	GO:0016740	2	aten_0.1.m1.15566.m1	5
"transferase activity"	GO:0016740	2	aten_0.1.m1.12203.m1	0
"transferase activity"	GO:0016740	2	aten_0.1.m1.19938.m1	12
"transferase activity"	GO:0016740	2	aten_0.1.m1.6745.m1	0
"transferase activity"	GO:0016740	2	aten_0.1.m1.12240.m1	-2
"transferase activity"	GO:0016740	2	aten_0.1.m1.20049.m1	0
"transferase activity"	GO:0016740	2	aten_0.1.m1.21277.m1	17
"transferase activity"	GO:0016740	2	aten_0.1.m1.5339.m1	0
"transferase activity"	GO:0016740	2	aten_0.1.m1.14262.m1	13
"transferase activity"	GO:0016740	2	aten_0.1.m1.26717.m1	0
"transferase activity"	GO:0016740	2	aten_0.1.m1.7275.m1	-7
"transferase activity"	GO:0016740	2	aten_0.1.m1.19407.m1	0
"transferase activity"	GO:0016740	2	aten_0.1.m1.16422.m1	-3
"transferase activity"	GO:0016740	2	aten_0.1.m1.21173.m1	-2
"transferase activity"	GO:0016740	2	aten_0.1.m1.30179.m1	-12
"transferase activity"	GO:0016740	2	aten_0.1.m1.10088.m1	0
"transferase activity"	GO:0016740	2	aten_0.1.m1.26708.m1	4
"transferase activity"	GO:0016740	2	aten_0.1.m1.11945.m1	0
"transferase activity"	GO:0016740	2	aten_0.1.m1.31221.m1	-9
"transferase activity"	GO:0016740	2	aten_0.1.m1.8022.m1	9
"transferase activity"	GO:0016740	2	aten_0.1.m1.481.m1	2
"transferase activity"	GO:0016740	2	aten_0.1.m1.20791.m1	-1
"transferase activity"	GO:0016740	2	aten_0.1.m1.16559.m1	0
"transferase activity"	GO:0016740	2	aten_0.1.m1.16320.m1	-7
"transferase activity"	GO:0016740	2	aten_0.1.m1.5213.m1	2
"transferase activity"	GO:0016740	2	aten_0.1.m1.10746.m1	4
"transferase activity"	GO:0016740	2	aten_0.1.m1.8153.m1	-13
"transferase activity"	GO:0016740	2	aten_0.1.m1.20923.m1	-1
"transferase activity"	GO:0016740	2	aten_0.1.m1.12767.m1	-11
"transferase activity"	GO:0016740	2	aten_0.1.m1.17150.m1	-7
"transferase activity"	GO:0016740	2	aten_0.1.m1.30354.m1	10
"transferase activity"	GO:0016740	2	aten_0.1.m1.30498.m1	3
"transferase activity"	GO:0016740	2	aten_0.1.m1.32176.m1	1
"transferase activity"	GO:0016740	2	aten_0.1.m1.18464.m1	0
"transferase activity"	GO:0016740	2	aten_0.1.m1.17103.m1	-2
"transferase activity"	GO:0016740	2	aten_0.1.m1.324.m1	1
"transferase activity"	GO:0016740	2	aten_0.1.m1.3639.m1	29
"transferase activity"	GO:0016740	2	aten_0.1.m1.20704.m1	0
"transferase activity"	GO:0016740	2	aten_0.1.m1.30347.m1	-12
"transferase activity"	GO:0016740	2	aten_0.1.m1.19539.m1	15
"transferase activity"	GO:0016740	2	aten_0.1.m1.17868.m1	2
"transferase activity"	GO:0016740	2	aten_0.1.m1.12832.m1	0
"transferase activity"	GO:0016740	2	aten_0.1.m1.23106.m1	0
"transferase activity"	GO:0016740	2	aten_0.1.m1.19485.m1	0
"transferase activity"	GO:0016740	2	aten_0.1.m1.5788.m1	0
"transferase activity"	GO:0016740	2	aten_0.1.m1.3182.m1	7
"transferase activity"	GO:0016740	2	aten_0.1.m1.28756.m1	-3
"transferase activity"	GO:0016740	2	aten_0.1.m1.2604.m1	0
"transferase activity"	GO:0016740	2	aten_0.1.m1.8546.m1	-4
"transferase activity"	GO:0016740	2	aten_0.1.m1.33053.m1	7
"transferase activity"	GO:0016740	2	aten_0.1.m1.28778.m1	-17
"transferase activity"	GO:0016740	2	aten_0.1.m1.19501.m1	0
"transferase activity"	GO:0016740	2	aten_0.1.m1.9137.m1	0
"transferase activity"	GO:0016740	2	aten_0.1.m1.3086.m1	8
"transferase activity"	GO:0016740	2	aten_0.1.m1.11282.m1	-1
"transferase activity"	GO:0016740	2	aten_0.1.m1.4721.m1	7
"transferase activity"	GO:0016740	2	aten_0.1.m1.18177.m1	-4
"transferase activity"	GO:0016740	2	aten_0.1.m1.32158.m1	0
"transferase activity"	GO:0016740	2	aten_0.1.m1.9417.m1	0
"transferase activity"	GO:0016740	2	aten_0.1.m1.15392.m1	0
"transferase activity"	GO:0016740	2	aten_0.1.m1.14253.m1	0
"transferase activity"	GO:0016740	2	aten_0.1.m1.23843.m1	6
"transferase activity"	GO:0016740	2	aten_0.1.m1.7215.m1	13
"transferase activity"	GO:0016740	2	aten_0.1.m1.6715.m1	0
"transferase activity"	GO:0016740	2	aten_0.1.m1.13351.m1	-4
"transferase activity"	GO:0016740	2	aten_0.1.m1.20203.m1	0
"transferase activity"	GO:0016740	2	aten_0.1.m1.25190.m1	0
"transferase activity"	GO:0016740	2	aten_0.1.m1.3281.m1	0
"transferase activity"	GO:0016740	2	aten_0.1.m1.24847.m1	0
"transferase activity"	GO:0016740	2	aten_0.1.m1.6749.m1	0
"transferase activity"	GO:0016740	2	aten_0.1.m1.9802.m1	2
"transferase activity"	GO:0016740	2	aten_0.1.m1.30851.m1	-17
"transferase activity"	GO:0016740	2	aten_0.1.m1.17232.m1	-10
"transferase activity"	GO:0016740	2	aten_0.1.m1.3140.m1	-32
"transferase activity"	GO:0016740	2	aten_0.1.m1.6742.m1	-12
"transferase activity"	GO:0016740	2	aten_0.1.m1.32581.m1	11
"transferase activity"	GO:0016740	2	aten_0.1.m1.32999.m1	-6
"transferase activity"	GO:0016740	2	aten_0.1.m1.24399.m1	0
"transferase activity"	GO:0016740	2	aten_0.1.m1.26074.m1	-7
"transferase activity"	GO:0016740	2	aten_0.1.m1.11569.m1	-4
"transferase activity"	GO:0016740	2	aten_0.1.m1.21211.m1	3
"transferase activity"	GO:0016740	2	aten_0.1.m1.28586.m1	0
"transferase activity"	GO:0016740	2	aten_0.1.m1.2531.m1	-7
"transferase activity"	GO:0016740	2	aten_0.1.m1.15352.m1	0
"transferase activity"	GO:0016740	2	aten_0.1.m1.12047.m1	4
"transferase activity"	GO:0016740	2	aten_0.1.m1.12547.m1	0
"transferase activity"	GO:0016740	2	aten_0.1.m1.13255.m1	-1
"transferase activity"	GO:0016740	2	aten_0.1.m1.17197.m1	-1
"transferase activity"	GO:0016740	2	aten_0.1.m1.32192.m1	-18
"transferase activity"	GO:0016740	2	aten_0.1.m1.7551.m1	0
"transferase activity"	GO:0016740	2	aten_0.1.m1.11897.m1	-11
"transferase activity"	GO:0016740	2	aten_0.1.m1.27038.m1	-10
"transferase activity"	GO:0016740	2	aten_0.1.m1.709.m1	0
"transferase activity"	GO:0016740	2	aten_0.1.m1.20783.m1	-1
"transferase activity"	GO:0016740	2	aten_0.1.m1.32083.m1	0
"transferase activity"	GO:0016740	2	aten_0.1.m1.20912.m1	-2
"transferase activity"	GO:0016740	2	aten_0.1.m1.922.m1	0
"transferase activity"	GO:0016740	2	aten_0.1.m1.25247.m1	0
"transferase activity"	GO:0016740	2	aten_0.1.m1.14360.m1	2
"transferase activity"	GO:0016740	2	aten_0.1.m1.30507.m1	0
"transferase activity"	GO:0016740	2	aten_0.1.m1.17775.m1	-7
"transferase activity"	GO:0016740	2	aten_0.1.m1.15570.m1	1
"transferase activity"	GO:0016740	2	aten_0.1.m1.8539.m1	0
"transferase activity"	GO:0016740	2	aten_0.1.m1.14889.m1	-6
"transferase activity"	GO:0016740	2	aten_0.1.m1.7549.m1	0
"transferase activity"	GO:0016740	2	aten_0.1.m1.29500.m1	0
"transferase activity"	GO:0016740	2	aten_0.1.m1.1912.m1	-5
"transferase activity"	GO:0016740	2	aten_0.1.m1.7910.m1	19
"transferase activity"	GO:0016740	2	aten_0.1.m1.12352.m1	0
"transferase activity"	GO:0016740	2	aten_0.1.m1.27346.m1	-7
"transferase activity"	GO:0016740	2	aten_0.1.m1.20589.m1	0
"transferase activity"	GO:0016740	2	aten_0.1.m1.22246.m1	-1
"transferase activity"	GO:0016740	2	aten_0.1.m1.689.m1	0
"transferase activity"	GO:0016740	2	aten_0.1.m1.32301.m1	4
"transferase activity"	GO:0016740	2	aten_0.1.m1.8602.m1	-17
"transferase activity"	GO:0016740	2	aten_0.1.m1.18072.m1	0
"transferase activity"	GO:0016740	2	aten_0.1.m1.9083.m1	-1
"transferase activity"	GO:0016740	2	aten_0.1.m1.27218.m1	2
"transferase activity"	GO:0016740	2	aten_0.1.m1.25191.m1	10
"transferase activity"	GO:0016740	2	aten_0.1.m1.24720.m1	24
"transferase activity"	GO:0016740	2	aten_0.1.m1.8032.m1	0
"transferase activity"	GO:0016740	2	aten_0.1.m1.22679.m1	0
"transferase activity"	GO:0016740	2	aten_0.1.m1.6082.m1	-3
"transferase activity"	GO:0016740	2	aten_0.1.m1.11781.m1	12
"transferase activity"	GO:0016740	2	aten_0.1.m1.14109.m1	0
"transferase activity"	GO:0016740	2	aten_0.1.m1.3050.m1	3
"transferase activity"	GO:0016740	2	aten_0.1.m1.13352.m1	0
"transferase activity"	GO:0016740	2	aten_0.1.m1.15220.m1	0
"transferase activity"	GO:0016740	2	aten_0.1.m1.2463.m1	-4
"transferase activity"	GO:0016740	2	aten_0.1.m1.12726.m1	-10
"transferase activity"	GO:0016740	2	aten_0.1.m1.9203.m1	0
"transferase activity"	GO:0016740	2	aten_0.1.m1.29897.m1	0
"transferase activity"	GO:0016740	2	aten_0.1.m1.30187.m1	6
"transferase activity"	GO:0016740	2	aten_0.1.m1.23887.m1	0
"transferase activity"	GO:0016740	2	aten_0.1.m1.32744.m1	-3
"transferase activity"	GO:0016740	2	aten_0.1.m1.9139.m1	-1
"transferase activity"	GO:0016740	2	aten_0.1.m1.29284.m1	0
"transferase activity"	GO:0016740	2	aten_0.1.m1.25286.m1	-5
"transferase activity"	GO:0016740	2	aten_0.1.m1.15982.m1	4
"transferase activity"	GO:0016740	2	aten_0.1.m1.29807.m1	-1
"transferase activity"	GO:0016740	2	aten_0.1.m1.29913.m1	-4
"transferase activity"	GO:0016740	2	aten_0.1.m1.10978.m1	0
"transferase activity"	GO:0016740	2	aten_0.1.m1.31027.m1	2
"transferase activity"	GO:0016740	2	aten_0.1.m1.24683.m1	-16
"transferase activity"	GO:0016740	2	aten_0.1.m1.6753.m1	0
"transferase activity"	GO:0016740	2	aten_0.1.m1.24186.m1	0
"transferase activity"	GO:0016740	2	aten_0.1.m1.32202.m1	-1
"transferase activity"	GO:0016740	2	aten_0.1.m1.29307.m1	-1
"transferase activity"	GO:0016740	2	aten_0.1.m1.21514.m1	15
"transferase activity"	GO:0016740	2	aten_0.1.m1.10959.m1	-5
"transferase activity"	GO:0016740	2	aten_0.1.m1.1462.m1	0
"transferase activity"	GO:0016740	2	aten_0.1.m1.31586.m1	0
"transferase activity"	GO:0016740	2	aten_0.1.m1.10604.m1	-6
"transferase activity"	GO:0016740	2	aten_0.1.m1.5070.m1	-10
"transferase activity"	GO:0016740	2	aten_0.1.m1.11057.m1	-5
"transferase activity"	GO:0016740	2	aten_0.1.m1.1221.m1	0
"transferase activity"	GO:0016740	2	aten_0.1.m1.8018.m1	-3
"transferase activity"	GO:0016740	2	aten_0.1.m1.17746.m1	0
"transferase activity"	GO:0016740	2	aten_0.1.m1.9799.m1	-11
"transferase activity"	GO:0016740	2	aten_0.1.m1.8122.m1	0
"transferase activity"	GO:0016740	2	aten_0.1.m1.29855.m1	-15
"transferase activity"	GO:0016740	2	aten_0.1.m1.22532.m1	0
"transferase activity"	GO:0016740	2	aten_0.1.m1.7279.m1	0
"G protein-coupled receptor binding"	GO:0005109;GO:0001664	5	aten_0.1.m1.13900.m1	-10
"G protein-coupled receptor binding"	GO:0005109;GO:0001664	5	aten_0.1.m1.3589.m1	1
"G protein-coupled receptor binding"	GO:0005109;GO:0001664	5	aten_0.1.m1.7422.m1	-7
"G protein-coupled receptor binding"	GO:0005109;GO:0001664	5	aten_0.1.m1.15111.m1	5
"G protein-coupled receptor binding"	GO:0005109;GO:0001664	5	aten_0.1.m1.1813.m1	2
"G protein-coupled receptor binding"	GO:0005109;GO:0001664	5	aten_0.1.m1.14148.m1	8
"G protein-coupled receptor binding"	GO:0005109;GO:0001664	5	aten_0.1.m1.22510.m1	11
"G protein-coupled receptor binding"	GO:0005109;GO:0001664	5	aten_0.1.m1.14137.m1	-5
"G protein-coupled receptor binding"	GO:0005109;GO:0001664	5	aten_0.1.m1.14134.m1	0
"G protein-coupled receptor binding"	GO:0005109;GO:0001664	5	aten_0.1.m1.14144.m1	-8
"G protein-coupled receptor binding"	GO:0005109;GO:0001664	5	aten_0.1.m1.20673.m1	-5
"G protein-coupled receptor binding"	GO:0005109;GO:0001664	5	aten_0.1.m1.25817.m1	10
"G protein-coupled receptor binding"	GO:0005109;GO:0001664	5	aten_0.1.m1.14136.m1	-2
"G protein-coupled receptor binding"	GO:0005109;GO:0001664	5	aten_0.1.m1.30844.m1	10
"G protein-coupled receptor binding"	GO:0005109;GO:0001664	5	aten_0.1.m1.30833.m1	-12
"G protein-coupled receptor binding"	GO:0005109;GO:0001664	5	aten_0.1.m1.7384.m1	1
"G protein-coupled receptor binding"	GO:0005109;GO:0001664	5	aten_0.1.m1.14142.m1	-13
"G protein-coupled receptor binding"	GO:0005109;GO:0001664	5	aten_0.1.m1.33642.m1	-12
"G protein-coupled receptor binding"	GO:0005109;GO:0001664	5	aten_0.1.m1.14149.m1	-1
"G protein-coupled receptor binding"	GO:0005109;GO:0001664	5	aten_0.1.m1.30841.m1	7
"G protein-coupled receptor binding"	GO:0005109;GO:0001664	5	aten_0.1.m1.28551.m1	2
"G protein-coupled receptor binding"	GO:0005109;GO:0001664	5	aten_0.1.m1.14139.m1	-7
"G protein-coupled receptor binding"	GO:0005109;GO:0001664	5	aten_0.1.m1.20041.m1	21
"G protein-coupled receptor binding"	GO:0005109;GO:0001664	5	aten_0.1.m1.5236.m1	0
"G protein-coupled receptor binding"	GO:0005109;GO:0001664	5	aten_0.1.m1.25225.m1	-7
"G protein-coupled receptor binding"	GO:0005109;GO:0001664	5	aten_0.1.m1.27086.m1	0
"glutathione transferase activity"	GO:0004364	4	aten_0.1.m1.10155.m1	0
"glutathione transferase activity"	GO:0004364	4	aten_0.1.m1.13666.m1	6
"glutathione transferase activity"	GO:0004364	4	aten_0.1.m1.19407.m1	0
"intramolecular oxidoreductase activity, transposing C=C bonds"	GO:0016863;GO:0016860	2	aten_0.1.m1.18994.m1	0
"intramolecular oxidoreductase activity, transposing C=C bonds"	GO:0016863;GO:0016860	2	aten_0.1.m1.8827.m1	0
"intramolecular oxidoreductase activity, transposing C=C bonds"	GO:0016863;GO:0016860	2	aten_0.1.m1.3834.m1	2
"intramolecular oxidoreductase activity, transposing C=C bonds"	GO:0016863;GO:0016860	2	aten_0.1.m1.20757.m1	-2
"non-membrane spanning protein tyrosine kinase activity"	GO:0004715	3	aten_0.1.m1.28778.m1	-17
"non-membrane spanning protein tyrosine kinase activity"	GO:0004715	3	aten_0.1.m1.32301.m1	4
"voltage-gated anion channel activity"	GO:0005247;GO:0008308	3	aten_0.1.m1.22865.m1	2
"voltage-gated anion channel activity"	GO:0005247;GO:0008308	3	aten_0.1.m1.26537.m1	-10
"carbon-carbon lyase activity"	GO:0016830	3	aten_0.1.m1.5364.m1	10
"carbon-carbon lyase activity"	GO:0016830	3	aten_0.1.m1.13117.m1	12
"carbon-carbon lyase activity"	GO:0016830	3	aten_0.1.m1.33938.m1	-10
"carbon-carbon lyase activity"	GO:0016830	3	aten_0.1.m1.13102.m1	0
"carbon-carbon lyase activity"	GO:0016830	3	aten_0.1.m1.2615.m1	0
"carbon-carbon lyase activity"	GO:0016830	3	aten_0.1.m1.363.m1	0
"carbon-carbon lyase activity"	GO:0016830	3	aten_0.1.m1.18877.m1	28
"carbon-carbon lyase activity"	GO:0016830	3	aten_0.1.m1.4856.m1	7
"carbon-carbon lyase activity"	GO:0016830	3	aten_0.1.m1.2609.m1	0
"carbon-carbon lyase activity"	GO:0016830	3	aten_0.1.m1.24177.m1	8
"signaling receptor binding"	GO:0005102	3	aten_0.1.m1.13900.m1	-10
"signaling receptor binding"	GO:0005102	3	aten_0.1.m1.3589.m1	1
"signaling receptor binding"	GO:0005102	3	aten_0.1.m1.10228.m1	0
"signaling receptor binding"	GO:0005102	3	aten_0.1.m1.6700.m1	0
"signaling receptor binding"	GO:0005102	3	aten_0.1.m1.18520.m1	0
"signaling receptor binding"	GO:0005102	3	aten_0.1.m1.4507.m1	3
"signaling receptor binding"	GO:0005102	3	aten_0.1.m1.7422.m1	-7
"signaling receptor binding"	GO:0005102	3	aten_0.1.m1.647.m1	-5
"signaling receptor binding"	GO:0005102	3	aten_0.1.m1.5592.m1	9
"signaling receptor binding"	GO:0005102	3	aten_0.1.m1.26585.m1	-15
"signaling receptor binding"	GO:0005102	3	aten_0.1.m1.13159.m1	0
"signaling receptor binding"	GO:0005102	3	aten_0.1.m1.15111.m1	5
"signaling receptor binding"	GO:0005102	3	aten_0.1.m1.2520.m1	0
"signaling receptor binding"	GO:0005102	3	aten_0.1.m1.1813.m1	2
"signaling receptor binding"	GO:0005102	3	aten_0.1.m1.6726.m1	0
"signaling receptor binding"	GO:0005102	3	aten_0.1.m1.22704.m1	11
"signaling receptor binding"	GO:0005102	3	aten_0.1.m1.33790.m1	-3
"signaling receptor binding"	GO:0005102	3	aten_0.1.m1.14148.m1	8
"signaling receptor binding"	GO:0005102	3	aten_0.1.m1.3077.m1	0
"signaling receptor binding"	GO:0005102	3	aten_0.1.m1.5911.m1	15
"signaling receptor binding"	GO:0005102	3	aten_0.1.m1.15652.m1	0
"signaling receptor binding"	GO:0005102	3	aten_0.1.m1.4911.m1	-5
"signaling receptor binding"	GO:0005102	3	aten_0.1.m1.18800.m1	7
"signaling receptor binding"	GO:0005102	3	aten_0.1.m1.3025.m1	6
"signaling receptor binding"	GO:0005102	3	aten_0.1.m1.6166.m1	12
"signaling receptor binding"	GO:0005102	3	aten_0.1.m1.1227.m1	0
"signaling receptor binding"	GO:0005102	3	aten_0.1.m1.30253.m1	0
"signaling receptor binding"	GO:0005102	3	aten_0.1.m1.22510.m1	11
"signaling receptor binding"	GO:0005102	3	aten_0.1.m1.7371.m1	-10
"signaling receptor binding"	GO:0005102	3	aten_0.1.m1.1204.m1	7
"signaling receptor binding"	GO:0005102	3	aten_0.1.m1.156.m1	1
"signaling receptor binding"	GO:0005102	3	aten_0.1.m1.14137.m1	-5
"signaling receptor binding"	GO:0005102	3	aten_0.1.m1.12604.m1	0
"signaling receptor binding"	GO:0005102	3	aten_0.1.m1.11994.m1	0
"signaling receptor binding"	GO:0005102	3	aten_0.1.m1.14134.m1	0
"signaling receptor binding"	GO:0005102	3	aten_0.1.m1.14144.m1	-8
"signaling receptor binding"	GO:0005102	3	aten_0.1.m1.18514.m1	0
"signaling receptor binding"	GO:0005102	3	aten_0.1.m1.4637.m1	9
"signaling receptor binding"	GO:0005102	3	aten_0.1.m1.20673.m1	-5
"signaling receptor binding"	GO:0005102	3	aten_0.1.m1.826.m1	0
"signaling receptor binding"	GO:0005102	3	aten_0.1.m1.9813.m1	3
"signaling receptor binding"	GO:0005102	3	aten_0.1.m1.24142.m1	0
"signaling receptor binding"	GO:0005102	3	aten_0.1.m1.4615.m1	0
"signaling receptor binding"	GO:0005102	3	aten_0.1.m1.4613.m1	-4
"signaling receptor binding"	GO:0005102	3	aten_0.1.m1.33739.m1	0
"signaling receptor binding"	GO:0005102	3	aten_0.1.m1.30056.m1	3
"signaling receptor binding"	GO:0005102	3	aten_0.1.m1.25817.m1	10
"signaling receptor binding"	GO:0005102	3	aten_0.1.m1.14136.m1	-2
"signaling receptor binding"	GO:0005102	3	aten_0.1.m1.29907.m1	-1
"signaling receptor binding"	GO:0005102	3	aten_0.1.m1.26082.m1	6
"signaling receptor binding"	GO:0005102	3	aten_0.1.m1.30844.m1	10
"signaling receptor binding"	GO:0005102	3	aten_0.1.m1.9007.m1	-2
"signaling receptor binding"	GO:0005102	3	aten_0.1.m1.18982.m1	0
"signaling receptor binding"	GO:0005102	3	aten_0.1.m1.23566.m1	-7
"signaling receptor binding"	GO:0005102	3	aten_0.1.m1.8087.m1	1
"signaling receptor binding"	GO:0005102	3	aten_0.1.m1.30833.m1	-12
"signaling receptor binding"	GO:0005102	3	aten_0.1.m1.7384.m1	1
"signaling receptor binding"	GO:0005102	3	aten_0.1.m1.14142.m1	-13
"signaling receptor binding"	GO:0005102	3	aten_0.1.m1.33642.m1	-12
"signaling receptor binding"	GO:0005102	3	aten_0.1.m1.25225.m1	-7
"signaling receptor binding"	GO:0005102	3	aten_0.1.m1.14149.m1	-1
"signaling receptor binding"	GO:0005102	3	aten_0.1.m1.30841.m1	7
"signaling receptor binding"	GO:0005102	3	aten_0.1.m1.28551.m1	2
"signaling receptor binding"	GO:0005102	3	aten_0.1.m1.6153.m1	4
"signaling receptor binding"	GO:0005102	3	aten_0.1.m1.14139.m1	-7
"signaling receptor binding"	GO:0005102	3	aten_0.1.m1.19230.m1	-7
"signaling receptor binding"	GO:0005102	3	aten_0.1.m1.4923.m1	3
"signaling receptor binding"	GO:0005102	3	aten_0.1.m1.20041.m1	21
"signaling receptor binding"	GO:0005102	3	aten_0.1.m1.5912.m1	3
"signaling receptor binding"	GO:0005102	3	aten_0.1.m1.20254.m1	0
"signaling receptor binding"	GO:0005102	3	aten_0.1.m1.14324.m1	-15
"signaling receptor binding"	GO:0005102	3	aten_0.1.m1.5236.m1	0
"signaling receptor binding"	GO:0005102	3	aten_0.1.m1.12605.m1	-4
"signaling receptor binding"	GO:0005102	3	aten_0.1.m1.29434.m1	1
"signaling receptor binding"	GO:0005102	3	aten_0.1.m1.27227.m1	0
"signaling receptor binding"	GO:0005102	3	aten_0.1.m1.8486.m1	-10
"signaling receptor binding"	GO:0005102	3	aten_0.1.m1.27086.m1	0
"DNA N-glycosylase activity"	GO:0019104;GO:0016799	3	aten_0.1.m1.1781.m1	-8
"DNA N-glycosylase activity"	GO:0019104;GO:0016799	3	aten_0.1.m1.25821.m1	0
"nucleobase-containing compound kinase activity"	GO:0019205	2	aten_0.1.m1.15569.m1	20
"nucleobase-containing compound kinase activity"	GO:0019205	2	aten_0.1.m1.14416.m1	-7
"nucleobase-containing compound kinase activity"	GO:0019205	2	aten_0.1.m1.5339.m1	0
"nucleobase-containing compound kinase activity"	GO:0019205	2	aten_0.1.m1.3086.m1	8
"nucleobase-containing compound kinase activity"	GO:0019205	2	aten_0.1.m1.11282.m1	-1
"nucleobase-containing compound kinase activity"	GO:0019205	2	aten_0.1.m1.922.m1	0
"nucleobase-containing compound kinase activity"	GO:0019205	2	aten_0.1.m1.11057.m1	-5
"lipid binding"	GO:0008289	2	aten_0.1.m1.6216.m1	2
"lipid binding"	GO:0008289	2	aten_0.1.m1.1875.m1	0
"lipid binding"	GO:0008289	2	aten_0.1.m1.1995.m1	0
"lipid binding"	GO:0008289	2	aten_0.1.m1.24669.m1	-1
"lipid binding"	GO:0008289	2	aten_0.1.m1.12427.m1	-8
"lipid binding"	GO:0008289	2	aten_0.1.m1.13479.m1	17
"lipid binding"	GO:0008289	2	aten_0.1.m1.9834.m1	0
"lipid binding"	GO:0008289	2	aten_0.1.m1.8059.m1	0
"lipid binding"	GO:0008289	2	aten_0.1.m1.13398.m1	-14
"lipid binding"	GO:0008289	2	aten_0.1.m1.16875.m1	0
"lipid binding"	GO:0008289	2	aten_0.1.m1.26552.m1	-12
"lipid binding"	GO:0008289	2	aten_0.1.m1.30427.m1	0
"lipid binding"	GO:0008289	2	aten_0.1.m1.24653.m1	0
"lipid binding"	GO:0008289	2	aten_0.1.m1.6483.m1	-4
"lipid binding"	GO:0008289	2	aten_0.1.m1.5498.m1	0
"lipid binding"	GO:0008289	2	aten_0.1.m1.2062.m1	-12
"lipid binding"	GO:0008289	2	aten_0.1.m1.15059.m1	0
"lipid binding"	GO:0008289	2	aten_0.1.m1.17577.m1	4
"lipid binding"	GO:0008289	2	aten_0.1.m1.21733.m1	-2
"lipid binding"	GO:0008289	2	aten_0.1.m1.26432.m1	5
"lipid binding"	GO:0008289	2	aten_0.1.m1.30791.m1	0
"lipid binding"	GO:0008289	2	aten_0.1.m1.7440.m1	-3
"enzyme inhibitor activity"	GO:0004866;GO:0030414;GO:0061135;GO:0004857;GO:0061134	4	aten_0.1.m1.21626.m1	14
"enzyme inhibitor activity"	GO:0004866;GO:0030414;GO:0061135;GO:0004857;GO:0061134	4	aten_0.1.m1.3932.m1	-10
"enzyme inhibitor activity"	GO:0004866;GO:0030414;GO:0061135;GO:0004857;GO:0061134	4	aten_0.1.m1.21616.m1	14
"enzyme inhibitor activity"	GO:0004866;GO:0030414;GO:0061135;GO:0004857;GO:0061134	4	aten_0.1.m1.25011.m1	5
"enzyme inhibitor activity"	GO:0004866;GO:0030414;GO:0061135;GO:0004857;GO:0061134	4	aten_0.1.m1.21617.m1	0
"enzyme inhibitor activity"	GO:0004866;GO:0030414;GO:0061135;GO:0004857;GO:0061134	4	aten_0.1.m1.18509.m1	24
"enzyme inhibitor activity"	GO:0004866;GO:0030414;GO:0061135;GO:0004857;GO:0061134	4	aten_0.1.m1.15672.m1	0
"enzyme inhibitor activity"	GO:0004866;GO:0030414;GO:0061135;GO:0004857;GO:0061134	4	aten_0.1.m1.26375.m1	-6
"enzyme inhibitor activity"	GO:0004866;GO:0030414;GO:0061135;GO:0004857;GO:0061134	4	aten_0.1.m1.16307.m1	-8
"enzyme inhibitor activity"	GO:0004866;GO:0030414;GO:0061135;GO:0004857;GO:0061134	4	aten_0.1.m1.31728.m1	-11
"enzyme inhibitor activity"	GO:0004866;GO:0030414;GO:0061135;GO:0004857;GO:0061134	4	aten_0.1.m1.11063.m1	10
"enzyme inhibitor activity"	GO:0004866;GO:0030414;GO:0061135;GO:0004857;GO:0061134	4	aten_0.1.m1.12760.m1	-14
"enzyme inhibitor activity"	GO:0004866;GO:0030414;GO:0061135;GO:0004857;GO:0061134	4	aten_0.1.m1.9784.m1	0
"enzyme inhibitor activity"	GO:0004866;GO:0030414;GO:0061135;GO:0004857;GO:0061134	4	aten_0.1.m1.12215.m1	0
"enzyme inhibitor activity"	GO:0004866;GO:0030414;GO:0061135;GO:0004857;GO:0061134	4	aten_0.1.m1.14930.m1	-22
"monovalent inorganic cation transmembrane transporter activity"	GO:0015077	5	aten_0.1.m1.5237.m1	0
"monovalent inorganic cation transmembrane transporter activity"	GO:0015077	5	aten_0.1.m1.26187.m1	9
"monovalent inorganic cation transmembrane transporter activity"	GO:0015077	5	aten_0.1.m1.31334.m1	-3
"monovalent inorganic cation transmembrane transporter activity"	GO:0015077	5	aten_0.1.m1.30357.m1	0
"monovalent inorganic cation transmembrane transporter activity"	GO:0015077	5	aten_0.1.m1.6454.m1	-13
"monovalent inorganic cation transmembrane transporter activity"	GO:0015077	5	aten_0.1.m1.11476.m1	0
"monovalent inorganic cation transmembrane transporter activity"	GO:0015077	5	aten_0.1.m1.30383.m1	0
"monovalent inorganic cation transmembrane transporter activity"	GO:0015077	5	aten_0.1.m1.33727.m1	5
"monovalent inorganic cation transmembrane transporter activity"	GO:0015077	5	aten_0.1.m1.18237.m1	-17
"monovalent inorganic cation transmembrane transporter activity"	GO:0015077	5	aten_0.1.m1.10444.m1	0
"monovalent inorganic cation transmembrane transporter activity"	GO:0015077	5	aten_0.1.m1.15336.m1	13
"monovalent inorganic cation transmembrane transporter activity"	GO:0015077	5	aten_0.1.m1.31297.m1	-8
"monovalent inorganic cation transmembrane transporter activity"	GO:0015077	5	aten_0.1.m1.19748.m1	-4
"monovalent inorganic cation transmembrane transporter activity"	GO:0015077	5	aten_0.1.m1.2410.m1	9
"monovalent inorganic cation transmembrane transporter activity"	GO:0015077	5	aten_0.1.m1.5157.m1	0
"monovalent inorganic cation transmembrane transporter activity"	GO:0015077	5	aten_0.1.m1.931.m1	0
"monovalent inorganic cation transmembrane transporter activity"	GO:0015077	5	aten_0.1.m1.30556.m1	2
"monovalent inorganic cation transmembrane transporter activity"	GO:0015077	5	aten_0.1.m1.28929.m1	0
"monovalent inorganic cation transmembrane transporter activity"	GO:0015077	5	aten_0.1.m1.2471.m1	0
"monovalent inorganic cation transmembrane transporter activity"	GO:0015077	5	aten_0.1.m1.11475.m1	-1
"monovalent inorganic cation transmembrane transporter activity"	GO:0015077	5	aten_0.1.m1.16326.m1	-1
"monovalent inorganic cation transmembrane transporter activity"	GO:0015077	5	aten_0.1.m1.1470.m1	1
"monovalent inorganic cation transmembrane transporter activity"	GO:0015077	5	aten_0.1.m1.16905.m1	0
"monovalent inorganic cation transmembrane transporter activity"	GO:0015077	5	aten_0.1.m1.12784.m1	5
"monovalent inorganic cation transmembrane transporter activity"	GO:0015077	5	aten_0.1.m1.6388.m1	-3
"monovalent inorganic cation transmembrane transporter activity"	GO:0015077	5	aten_0.1.m1.14502.m1	-3
"monovalent inorganic cation transmembrane transporter activity"	GO:0015077	5	aten_0.1.m1.15514.m1	1
"monovalent inorganic cation transmembrane transporter activity"	GO:0015077	5	aten_0.1.m1.21015.m1	-8
"monovalent inorganic cation transmembrane transporter activity"	GO:0015077	5	aten_0.1.m1.15502.m1	-4
"monovalent inorganic cation transmembrane transporter activity"	GO:0015077	5	aten_0.1.m1.32156.m1	12
"monovalent inorganic cation transmembrane transporter activity"	GO:0015077	5	aten_0.1.m1.7390.m1	0
"monovalent inorganic cation transmembrane transporter activity"	GO:0015077	5	aten_0.1.m1.9839.m1	-4
"monovalent inorganic cation transmembrane transporter activity"	GO:0015077	5	aten_0.1.m1.30404.m1	2
"monovalent inorganic cation transmembrane transporter activity"	GO:0015077	5	aten_0.1.m1.26691.m1	0
"monovalent inorganic cation transmembrane transporter activity"	GO:0015077	5	aten_0.1.m1.22182.m1	7
"monovalent inorganic cation transmembrane transporter activity"	GO:0015077	5	aten_0.1.m1.2877.m1	13
"monovalent inorganic cation transmembrane transporter activity"	GO:0015077	5	aten_0.1.m1.29680.m1	0
"monovalent inorganic cation transmembrane transporter activity"	GO:0015077	5	aten_0.1.m1.15344.m1	0
"monovalent inorganic cation transmembrane transporter activity"	GO:0015077	5	aten_0.1.m1.19742.m1	0
"monovalent inorganic cation transmembrane transporter activity"	GO:0015077	5	aten_0.1.m1.30382.m1	0
